,Discharge_stage_05469000,Discharge_stage_05587450,Discharge_07032000,Discharge_072890000,Discharge_stage_ss_07022000,Discharge_stage_07381482,Discharge_stage_05466000,Discharge_stage_wt_07374000,Discharge_stage_05466500,Discharge_stage_ss_07010000,Discharge_stage_07374525,Discharge_05379500,Discharge_stage_05495500,Discharge_stage_ss_07020500,Discharge_05385000,Discharge_05388250,Discharge_05474500,Discharge_05207600,Discharge_05413500,Discharge_stage_05514840,Discharge_05385500,Discharge_05407000,Discharge_05267000,Discharge_05382000,Discharge_05422600,Discharge_05379500,Discharge_wt_05370000,Discharge_05369500,Discharge_wt_05340500,Discharge_05414000,Discharge_05288500
2013-01-01,32.1,31500.0,308000.0,526000.0,68000.0,106000.0,26.9,375000.0,45.0,57400.0,421000.0,240.0,6.05,62100.0,312.0,94.3,22600.0,862.0,89.0,6.39,105.0,3900.0,2500.0,511.0,3.37,240.0,13.0,2740.0,1820.0,41.0,3300.0
2013-01-02,30.4,34900.0,308000.0,554000.0,66900.0,105000.0,25.0,402000.0,41.0,58700.0,468000.0,228.0,5.94,61100.0,304.0,100.0,21200.0,867.0,95.0,5.48,107.0,4000.0,2500.0,497.0,3.72,228.0,13.4,2780.0,1630.0,46.0,3340.0
2013-01-03,29.0,32500.0,308000.0,569000.0,65900.0,106000.0,26.3,426000.0,38.0,61300.0,497000.0,235.0,5.84,62100.0,302.0,105.0,21000.0,874.0,96.0,5.0,107.0,4000.0,2640.0,436.0,3.72,235.0,13.5,2710.0,1610.0,45.0,3480.0
2013-01-04,28.0,29700.0,308000.0,574000.0,65600.0,121000.0,25.6,437000.0,35.8,62200.0,478000.0,232.0,5.8,64100.0,297.0,105.0,22100.0,849.0,97.0,4.66,108.0,4000.0,2570.0,444.0,3.89,232.0,13.7,2940.0,1610.0,45.0,3400.0
2013-01-05,27.0,29500.0,308000.0,576000.0,66700.0,130000.0,25.6,439000.0,35.0,61200.0,464000.0,231.0,5.69,65200.0,297.0,105.0,20800.0,845.0,98.0,4.41,111.0,4000.0,2560.0,436.0,4.2,231.0,13.7,3080.0,1750.0,45.0,3350.0
2013-01-06,26.0,29000.0,308000.0,577000.0,67000.0,134000.0,23.7,442000.0,34.0,60900.0,493000.0,233.0,5.69,64700.0,321.0,102.0,21100.0,843.0,99.0,4.55,109.0,4000.0,2530.0,416.0,3.9,233.0,13.7,3120.0,1890.0,46.0,3600.0
2013-01-07,25.0,31900.0,308000.0,574000.0,66400.0,126000.0,22.4,443000.0,33.0,60700.0,497000.0,231.0,5.62,64300.0,305.0,106.0,22400.0,843.0,100.0,4.75,105.0,4000.0,2530.0,412.0,4.1,231.0,13.6,3150.0,1690.0,48.0,3700.0
2013-01-08,26.0,33400.0,308000.0,562000.0,65700.0,125000.0,24.3,448000.0,34.2,60200.0,484000.0,227.0,5.64,64200.0,291.0,107.0,22200.0,851.0,100.0,6.19,105.0,3900.0,2540.0,408.0,4.5,227.0,13.5,3090.0,1770.0,49.0,3540.0
2013-01-09,30.0,36000.0,308000.0,546000.0,65100.0,126000.0,24.3,458000.0,35.8,62900.0,478000.0,228.0,6.03,63700.0,290.0,108.0,21800.0,847.0,105.0,5.61,110.0,3800.0,2530.0,400.0,4.05,228.0,13.1,3010.0,1850.0,49.0,3350.0
2013-01-10,44.7,38500.0,308000.0,548000.0,65000.0,107000.0,30.7,468000.0,39.0,66900.0,478000.0,227.0,10.0,66700.0,312.0,113.0,22400.0,845.0,110.0,6.02,122.0,3800.0,2510.0,404.0,31.1,227.0,13.9,2980.0,1790.0,49.0,3420.0
2013-01-11,207.0,33600.0,308000.0,560000.0,68400.0,102000.0,330.0,509000.0,90.0,68600.0,490000.0,227.0,127.0,73200.0,335.0,114.0,25500.0,847.0,120.0,36.2,146.0,3800.0,2570.0,404.0,85.1,227.0,15.8,2940.0,1800.0,58.5,3850.0
2013-01-12,486.0,31200.0,308000.0,565000.0,76100.0,97700.0,219.0,512000.0,320.0,67200.0,488000.0,233.0,172.0,76300.0,433.0,117.0,25100.0,909.0,140.0,27.2,150.0,3800.0,2500.0,404.0,44.4,233.0,15.2,3110.0,2070.0,69.9,3640.0
2013-01-13,149.0,36400.0,308000.0,564000.0,113000.0,95500.0,100.0,499000.0,420.0,69900.0,489000.0,237.0,97.0,96900.0,426.0,108.0,28600.0,903.0,120.0,43.0,133.0,3800.0,2500.0,416.0,12.2,237.0,14.4,3380.0,2100.0,59.0,3230.0
2013-01-14,167.0,40600.0,308000.0,571000.0,136000.0,92700.0,89.0,496000.0,205.0,71200.0,534000.0,237.0,75.3,101000.0,385.0,104.0,33600.0,906.0,110.0,22.4,141.0,3800.0,2510.0,424.0,9.19,237.0,13.9,3470.0,2120.0,49.0,3070.0
2013-01-15,183.0,45500.0,308000.0,596000.0,122000.0,92600.0,89.5,505000.0,196.0,74300.0,520000.0,221.0,51.8,94700.0,401.0,111.0,28900.0,920.0,105.0,11.8,122.0,3700.0,2620.0,420.0,5.23,221.0,13.8,3340.0,1990.0,49.0,3370.0
2013-01-16,113.0,47200.0,308000.0,627000.0,117000.0,96000.0,75.4,521000.0,226.0,75400.0,516000.0,228.0,30.3,96200.0,347.0,109.0,25500.0,912.0,100.0,9.56,110.0,3700.0,2560.0,385.0,5.03,228.0,13.6,3300.0,1790.0,48.0,3480.0
2013-01-17,82.7,46300.0,308000.0,664000.0,117000.0,97700.0,63.5,537000.0,199.0,73400.0,546000.0,238.0,18.0,94800.0,315.0,102.0,25800.0,909.0,99.0,8.0,110.0,3600.0,2460.0,404.0,4.89,238.0,12.9,3310.0,1810.0,46.0,3110.0
2013-01-18,68.9,40200.0,308000.0,713000.0,114000.0,99200.0,58.5,550000.0,162.0,70900.0,531000.0,231.0,15.1,88600.0,323.0,102.0,24500.0,912.0,97.0,6.94,109.0,3500.0,2420.0,420.0,3.93,231.0,13.4,3170.0,1800.0,44.0,3310.0
2013-01-19,68.4,36100.0,308000.0,766000.0,107000.0,115000.0,49.6,568000.0,145.0,66700.0,565000.0,234.0,14.8,80800.0,316.0,110.0,23600.0,912.0,94.0,6.7,115.0,3400.0,2420.0,408.0,4.63,234.0,12.8,3010.0,1810.0,42.0,3450.0
2013-01-20,46.9,41600.0,308000.0,815000.0,97700.0,141000.0,50.1,591000.0,134.0,66900.0,613000.0,240.0,14.5,73700.0,326.0,88.3,23300.0,909.0,91.0,6.08,115.0,3400.0,2470.0,416.0,12.6,240.0,12.7,2940.0,1720.0,39.0,3030.0
2013-01-21,42.5,37600.0,308000.0,855000.0,89800.0,149000.0,55.4,615000.0,95.0,68300.0,662000.0,232.0,13.0,71600.0,332.0,98.1,21900.0,906.0,90.0,5.03,113.0,3300.0,2430.0,420.0,2.58,232.0,12.4,3020.0,1580.0,39.0,2780.0
2013-01-22,40.2,33700.0,308000.0,889000.0,86000.0,158000.0,47.8,636000.0,80.0,66200.0,692000.0,212.0,9.75,71300.0,332.0,92.8,23000.0,906.0,90.0,4.65,112.0,3100.0,2450.0,404.0,2.37,212.0,12.0,2940.0,1530.0,41.0,2840.0
2013-01-23,37.8,31500.0,308000.0,917000.0,83100.0,176000.0,52.6,652000.0,70.0,60300.0,712000.0,229.0,7.99,68700.0,326.0,92.8,22700.0,909.0,90.0,4.79,111.0,3100.0,2390.0,371.0,3.04,229.0,11.8,2930.0,1440.0,41.0,3280.0
2013-01-24,36.0,32100.0,308000.0,939000.0,79200.0,187000.0,50.0,663000.0,60.0,59000.0,733000.0,235.0,7.05,63700.0,310.0,101.0,24100.0,915.0,91.0,4.64,109.0,3000.0,2330.0,412.0,3.58,235.0,11.7,2890.0,1450.0,41.0,3200.0
2013-01-25,35.3,33500.0,308000.0,955000.0,75300.0,197000.0,45.0,673000.0,60.0,58900.0,751000.0,232.0,6.54,61200.0,299.0,101.0,23300.0,897.0,91.0,4.35,108.0,3000.0,2310.0,420.0,4.03,232.0,11.8,2760.0,1480.0,41.0,3190.0
2013-01-26,36.8,45900.0,308000.0,967000.0,73100.0,205000.0,45.0,685000.0,60.0,60200.0,771000.0,233.0,6.45,62300.0,298.0,110.0,21300.0,903.0,92.0,4.19,105.0,3000.0,2260.0,413.0,3.58,233.0,11.7,2660.0,1610.0,42.0,3270.0
2013-01-27,44.3,50500.0,308000.0,973000.0,73700.0,214000.0,55.0,694000.0,68.9,63100.0,764000.0,233.0,6.81,65200.0,303.0,130.0,22100.0,900.0,93.0,5.69,108.0,3100.0,2270.0,418.0,41.0,233.0,12.7,2630.0,1600.0,42.0,3140.0
2013-01-28,100.0,48300.0,308000.0,978000.0,76000.0,219000.0,145.0,704000.0,280.0,64600.0,761000.0,242.0,9.54,68700.0,310.0,160.0,22700.0,912.0,95.0,6.86,126.0,3200.0,2430.0,413.0,38.8,242.0,13.2,2630.0,1630.0,43.0,3310.0
2013-01-29,160.0,38700.0,308000.0,973000.0,76200.0,228000.0,80.0,710000.0,390.0,69200.0,761000.0,256.0,63.8,71100.0,364.0,196.0,27500.0,909.0,1300.0,174.0,150.0,3500.0,2370.0,432.0,106.0,256.0,14.7,2730.0,1620.0,990.0,3270.0
2013-01-30,493.0,36900.0,308000.0,972000.0,84300.0,234000.0,280.0,717000.0,641.0,88300.0,819000.0,300.0,1640.0,100000.0,487.0,244.0,32900.0,906.0,610.0,368.0,210.0,4100.0,2290.0,452.0,133.0,300.0,12.7,2940.0,1720.0,200.0,3330.0
2013-01-31,462.0,34000.0,308000.0,958000.0,114000.0,235000.0,155.0,713000.0,835.0,117000.0,810000.0,301.0,425.0,130000.0,424.0,235.0,35300.0,894.0,300.0,74.1,150.0,4900.0,2370.0,552.0,35.9,301.0,12.1,3080.0,1810.0,99.0,2970.0
2013-02-01,304.0,32300.0,308000.0,930000.0,139000.0,240000.0,125.0,708000.0,385.0,112000.0,770000.0,262.0,172.0,149000.0,377.0,213.0,30100.0,897.0,230.0,36.3,118.0,4700.0,2450.0,555.0,17.8,262.0,11.9,3300.0,1760.0,90.0,2690.0
2013-02-02,370.0,58600.0,308000.0,878000.0,152000.0,239000.0,135.0,697000.0,268.0,106000.0,742000.0,228.0,96.7,148000.0,342.0,189.0,31700.0,903.0,190.0,25.5,112.0,4500.0,2300.0,462.0,11.8,228.0,12.0,3370.0,1760.0,85.0,2830.0
2013-02-03,298.0,57100.0,308000.0,820000.0,149000.0,238000.0,127.0,679000.0,347.0,116000.0,746000.0,259.0,49.3,143000.0,326.0,167.0,33000.0,912.0,170.0,23.6,110.0,4300.0,2320.0,393.0,8.71,259.0,12.0,3110.0,1710.0,76.0,2950.0
2013-02-04,207.0,54200.0,308000.0,770000.0,148000.0,229000.0,109.0,659000.0,304.0,114000.0,700000.0,248.0,33.7,143000.0,323.0,148.0,33400.0,917.0,160.0,21.8,110.0,4300.0,2350.0,467.0,7.7,248.0,12.2,3020.0,1700.0,71.0,3030.0
2013-02-05,172.0,60500.0,308000.0,745000.0,149000.0,217000.0,99.1,642000.0,270.0,110000.0,673000.0,243.0,28.3,136000.0,323.0,131.0,32800.0,909.0,150.0,20.8,113.0,4400.0,2360.0,459.0,9.21,243.0,12.2,3100.0,1700.0,67.0,3020.0
2013-02-06,155.0,66400.0,308000.0,737000.0,142000.0,208000.0,92.6,629000.0,243.0,109000.0,637000.0,237.0,24.7,129000.0,325.0,138.0,30700.0,912.0,140.0,17.4,113.0,4800.0,2340.0,459.0,9.71,237.0,12.1,3120.0,1640.0,65.0,3050.0
2013-02-07,196.0,60400.0,308000.0,738000.0,136000.0,207000.0,282.0,623000.0,305.0,104000.0,639000.0,243.0,32.4,126000.0,328.0,141.0,30800.0,917.0,140.0,17.8,115.0,5100.0,2240.0,452.0,210.0,243.0,12.0,3080.0,1720.0,62.0,3020.0
2013-02-08,915.0,57700.0,308000.0,742000.0,132000.0,208000.0,392.0,618000.0,761.0,99800.0,639000.0,236.0,85.8,120000.0,328.0,148.0,35700.0,917.0,130.0,20.4,110.0,5100.0,2200.0,442.0,82.4,236.0,11.9,3040.0,1720.0,58.0,3000.0
2013-02-09,287.0,73500.0,308000.0,753000.0,125000.0,207000.0,115.0,617000.0,768.0,98600.0,604000.0,241.0,71.6,115000.0,312.0,148.0,37600.0,917.0,130.0,19.7,114.0,5000.0,2290.0,475.0,25.0,241.0,12.0,3020.0,1710.0,58.0,3110.0
2013-02-10,226.0,85000.0,308000.0,785000.0,122000.0,209000.0,276.0,621000.0,558.0,107000.0,600000.0,278.0,111.0,114000.0,334.0,153.0,44800.0,923.0,200.0,70.6,115.0,4900.0,2390.0,462.0,175.0,278.0,13.5,2960.0,1810.0,110.0,2930.0
2013-02-11,561.0,71200.0,308000.0,822000.0,126000.0,215000.0,308.0,636000.0,994.0,115000.0,633000.0,313.0,264.0,128000.0,410.0,296.0,44500.0,944.0,1100.0,58.7,142.0,5400.0,2430.0,459.0,70.1,313.0,14.8,3170.0,1840.0,400.0,2750.0
2013-02-12,310.0,82900.0,308000.0,873000.0,135000.0,220000.0,129.0,661000.0,615.0,115000.0,671000.0,351.0,145.0,133000.0,415.0,462.0,54800.0,950.0,810.0,30.2,140.0,5600.0,2340.0,491.0,28.8,351.0,12.9,3470.0,1780.0,150.0,2930.0
2013-02-13,221.0,92900.0,308000.0,917000.0,138000.0,218000.0,108.0,676000.0,390.0,130000.0,729000.0,345.0,73.2,136000.0,361.0,364.0,62200.0,976.0,590.0,21.8,131.0,5600.0,2360.0,617.0,22.6,345.0,12.2,3710.0,1800.0,110.0,3240.0
2013-02-14,189.0,90000.0,308000.0,935000.0,143000.0,218000.0,95.8,691000.0,335.0,137000.0,726000.0,332.0,50.4,148000.0,387.0,317.0,61000.0,984.0,500.0,17.8,161.0,5500.0,2260.0,584.0,19.0,332.0,13.6,3490.0,1910.0,96.0,3380.0
2013-02-15,157.0,86300.0,308000.0,931000.0,153000.0,211000.0,84.8,703000.0,292.0,139000.0,740000.0,325.0,37.5,154000.0,482.0,288.0,54400.0,990.0,360.0,14.9,148.0,5400.0,2360.0,562.0,14.3,325.0,12.0,3200.0,1840.0,85.0,3160.0
2013-02-16,123.0,70900.0,308000.0,908000.0,156000.0,210000.0,78.8,707000.0,249.0,130000.0,779000.0,313.0,28.4,153000.0,519.0,258.0,51200.0,987.0,270.0,12.8,136.0,5400.0,2350.0,537.0,12.3,313.0,11.7,3250.0,1810.0,65.0,3100.0
2013-02-17,120.0,77900.0,308000.0,865000.0,153000.0,212000.0,76.0,702000.0,208.0,122000.0,721000.0,295.0,22.3,146000.0,487.0,253.0,44000.0,996.0,200.0,11.7,134.0,5200.0,2410.0,508.0,15.4,295.0,12.0,3170.0,1920.0,67.0,2790.0
2013-02-18,146.0,73000.0,308000.0,817000.0,145000.0,207000.0,83.7,689000.0,210.0,116000.0,701000.0,297.0,24.4,138000.0,427.0,258.0,42900.0,993.0,170.0,13.6,129.0,5100.0,2520.0,494.0,17.7,297.0,11.6,3100.0,1940.0,68.0,2960.0
2013-02-19,158.0,52700.0,308000.0,777000.0,141000.0,214000.0,100.0,673000.0,200.0,115000.0,733000.0,319.0,38.2,133000.0,379.0,213.0,40600.0,987.0,160.0,14.4,112.0,5100.0,2600.0,459.0,15.8,319.0,11.1,3130.0,1840.0,67.0,2980.0
2013-02-20,156.0,72900.0,308000.0,745000.0,135000.0,204000.0,85.0,658000.0,176.0,101000.0,666000.0,305.0,34.3,127000.0,328.0,163.0,36300.0,993.0,150.0,15.0,107.0,5000.0,2650.0,522.0,12.3,305.0,11.4,3200.0,1840.0,65.0,3020.0
2013-02-21,174.0,81700.0,308000.0,720000.0,126000.0,203000.0,100.0,646000.0,210.0,95600.0,637000.0,299.0,32.0,116000.0,306.0,169.0,30300.0,1010.0,140.0,18.6,109.0,5000.0,2640.0,491.0,7.75,299.0,11.4,3200.0,1870.0,64.0,3200.0
2013-02-22,193.0,68700.0,308000.0,709000.0,120000.0,199000.0,90.0,637000.0,246.0,92000.0,641000.0,321.0,45.3,109000.0,314.0,158.0,31400.0,1010.0,140.0,16.7,111.0,5100.0,2600.0,452.0,8.31,321.0,12.7,3130.0,1880.0,61.0,3580.0
2013-02-23,172.0,60200.0,308000.0,698000.0,115000.0,184000.0,85.0,632000.0,232.0,89300.0,648000.0,340.0,32.5,104000.0,314.0,151.0,30500.0,1010.0,130.0,14.4,107.0,5300.0,2590.0,494.0,9.0,340.0,12.1,3050.0,1880.0,57.0,3570.0
2013-02-24,150.0,60700.0,308000.0,687000.0,108000.0,181000.0,80.0,620000.0,233.0,87200.0,616000.0,334.0,32.6,100000.0,306.0,155.0,33000.0,1010.0,130.0,15.0,106.0,5600.0,2590.0,519.0,8.11,334.0,11.8,3300.0,1880.0,56.0,3380.0
2013-02-25,144.0,79200.0,308000.0,670000.0,103000.0,183000.0,75.0,613000.0,217.0,90400.0,589000.0,328.0,28.9,99300.0,304.0,149.0,35800.0,1010.0,130.0,25.1,108.0,5800.0,2520.0,505.0,8.22,328.0,11.7,3200.0,1900.0,56.0,3440.0
2013-02-26,117.0,79600.0,308000.0,651000.0,107000.0,183000.0,71.2,603000.0,211.0,105000.0,633000.0,331.0,30.3,117000.0,308.0,148.0,38700.0,1010.0,130.0,470.0,109.0,6000.0,2470.0,502.0,9.33,331.0,11.8,3200.0,1880.0,57.0,3410.0
2013-02-27,120.0,73000.0,308000.0,639000.0,132000.0,170000.0,67.9,585000.0,205.0,118000.0,587000.0,326.0,34.3,140000.0,312.0,148.0,35700.0,1020.0,130.0,237.0,110.0,6000.0,2470.0,502.0,10.9,326.0,11.6,3220.0,1910.0,57.0,3360.0
2013-02-28,109.0,62200.0,308000.0,632000.0,147000.0,160000.0,58.8,571000.0,198.0,115000.0,587000.0,331.0,36.2,148000.0,316.0,142.0,32900.0,1010.0,120.0,116.0,108.0,5700.0,2520.0,502.0,9.19,331.0,11.4,3300.0,1940.0,55.4,3340.0
2013-03-01,97.8,58700.0,308000.0,621000.0,153000.0,157000.0,52.7,561000.0,182.0,111000.0,569000.0,329.0,33.7,150000.0,316.0,129.0,32900.0,1010.0,120.0,79.3,108.0,5400.0,2490.0,508.0,8.08,329.0,11.2,3390.0,1890.0,52.7,3280.0
2013-03-02,89.7,61900.0,308000.0,604000.0,154000.0,156000.0,49.0,550000.0,167.0,113000.0,553000.0,325.0,31.6,146000.0,304.0,116.0,33300.0,1010.0,120.0,62.1,109.0,5400.0,2410.0,505.0,6.26,325.0,11.4,3390.0,1890.0,50.1,3330.0
2013-03-03,81.0,68800.0,308000.0,586000.0,148000.0,153000.0,48.6,538000.0,157.0,107000.0,535000.0,322.0,28.1,140000.0,321.0,112.0,31900.0,1000.0,120.0,49.8,107.0,5500.0,2360.0,497.0,5.84,322.0,11.5,3260.0,1890.0,49.7,3290.0
2013-03-04,92.2,80900.0,308000.0,569000.0,141000.0,162000.0,50.9,524000.0,158.0,105000.0,492000.0,326.0,34.4,131000.0,319.0,119.0,30900.0,1000.0,110.0,50.2,104.0,5600.0,2410.0,494.0,5.57,326.0,11.6,3210.0,1950.0,49.0,3290.0
2013-03-05,98.2,59000.0,308000.0,561000.0,133000.0,180000.0,51.6,507000.0,169.0,110000.0,498000.0,325.0,41.8,125000.0,299.0,116.0,32600.0,1020.0,110.0,161.0,107.0,5600.0,2440.0,494.0,7.8,325.0,14.3,3370.0,1940.0,49.0,3320.0
2013-03-06,90.4,54700.0,308000.0,562000.0,128000.0,170000.0,47.7,491000.0,160.0,105000.0,493000.0,329.0,47.0,127000.0,302.0,105.0,31400.0,1020.0,110.0,101.0,104.0,5700.0,2470.0,502.0,5.57,329.0,12.3,3440.0,1840.0,48.0,3080.0
2013-03-07,84.3,75300.0,308000.0,573000.0,128000.0,162000.0,43.9,481000.0,153.0,96800.0,463000.0,325.0,50.6,119000.0,303.0,107.0,29700.0,1010.0,110.0,66.8,106.0,5800.0,2470.0,503.0,5.43,325.0,11.6,3440.0,1950.0,47.7,3270.0
2013-03-08,81.7,80200.0,308000.0,583000.0,120000.0,162000.0,43.7,478000.0,150.0,107000.0,455000.0,321.0,47.8,115000.0,307.0,107.0,29600.0,1020.0,100.0,66.8,108.0,5900.0,2520.0,507.0,8.08,321.0,11.6,3350.0,1940.0,49.5,3100.0
2013-03-09,424.0,80000.0,308000.0,590000.0,118000.0,164000.0,195.0,477000.0,452.0,116000.0,447000.0,327.0,2670.0,122000.0,323.0,136.0,32300.0,1020.0,160.0,110.0,132.0,6400.0,2540.0,501.0,147.0,327.0,14.2,3440.0,1990.0,176.0,3540.0
2013-03-10,3730.0,121000.0,308000.0,599000.0,126000.0,161000.0,3070.0,481000.0,3710.0,160000.0,446000.0,357.0,7200.0,134000.0,665.0,1460.0,71900.0,1040.0,3000.0,545.0,491.0,7400.0,2540.0,515.0,1690.0,357.0,14.5,3660.0,2110.0,1870.0,3330.0
2013-03-11,6820.0,204000.0,308000.0,618000.0,155000.0,162000.0,2760.0,492000.0,5150.0,284000.0,485000.0,431.0,5670.0,213000.0,3020.0,4740.0,136000.0,1040.0,4000.0,345.0,2200.0,8000.0,2550.0,551.0,418.0,431.0,15.0,4010.0,2050.0,1300.0,3320.0
2013-03-12,5050.0,240000.0,308000.0,638000.0,291000.0,166000.0,766.0,501000.0,4780.0,385000.0,484000.0,481.0,1930.0,351000.0,2320.0,1790.0,163000.0,1160.0,531.0,118.0,500.0,7600.0,2520.0,670.0,119.0,481.0,12.5,3910.0,2140.0,285.0,3220.0
2013-03-13,1930.0,252000.0,308000.0,657000.0,417000.0,174000.0,369.0,505000.0,5760.0,419000.0,491000.0,485.0,570.0,417000.0,1700.0,1260.0,175000.0,1390.0,279.0,68.4,324.0,7200.0,2470.0,766.0,73.0,485.0,11.9,3710.0,2130.0,170.0,3220.0
2013-03-14,1230.0,260000.0,308000.0,671000.0,467000.0,177000.0,272.0,504000.0,2940.0,409000.0,478000.0,453.0,336.0,433000.0,1310.0,868.0,182000.0,1540.0,283.0,47.9,250.0,6800.0,2540.0,732.0,59.9,453.0,12.3,3390.0,2140.0,148.0,3810.0
2013-03-15,1030.0,263000.0,308000.0,680000.0,477000.0,173000.0,257.0,505000.0,1250.0,390000.0,476000.0,427.0,293.0,421000.0,1120.0,683.0,176000.0,1630.0,197.0,45.6,218.0,6800.0,2550.0,685.0,56.0,427.0,12.9,3220.0,2170.0,132.0,3630.0
2013-03-16,887.0,260000.0,308000.0,709000.0,463000.0,169000.0,243.0,508000.0,995.0,372000.0,486000.0,393.0,267.0,403000.0,1040.0,612.0,164000.0,1680.0,391.0,42.5,212.0,6700.0,2550.0,616.0,49.5,393.0,13.1,3220.0,2080.0,173.0,3510.0
2013-03-17,749.0,255000.0,308000.0,762000.0,447000.0,170000.0,195.0,518000.0,827.0,354000.0,487000.0,382.0,203.0,393000.0,941.0,565.0,145000.0,1680.0,339.0,146.0,195.0,6600.0,2590.0,593.0,41.3,382.0,12.0,3270.0,2050.0,168.0,3400.0
2013-03-18,684.0,249000.0,308000.0,826000.0,467000.0,171000.0,176.0,538000.0,706.0,346000.0,506000.0,374.0,149.0,411000.0,836.0,496.0,130000.0,1700.0,265.0,547.0,183.0,6500.0,2670.0,579.0,40.0,374.0,12.9,3170.0,2000.0,144.0,3350.0
2013-03-19,591.0,235000.0,308000.0,886000.0,469000.0,204000.0,146.0,563000.0,598.0,330000.0,530000.0,351.0,122.0,399000.0,761.0,427.0,119000.0,1790.0,158.0,140.0,167.0,6500.0,2710.0,563.0,29.5,351.0,12.2,3430.0,2060.0,103.0,3250.0
2013-03-20,524.0,219000.0,308000.0,924000.0,444000.0,218000.0,128.0,585000.0,516.0,317000.0,574000.0,354.0,96.4,379000.0,656.0,350.0,106000.0,1990.0,134.0,86.0,154.0,6400.0,2760.0,530.0,27.1,354.0,11.8,4030.0,1980.0,88.8,3200.0
2013-03-21,465.0,184000.0,308000.0,946000.0,428000.0,231000.0,121.0,608000.0,448.0,299000.0,571000.0,364.0,77.1,366000.0,585.0,300.0,90800.0,2150.0,147.0,58.5,150.0,6300.0,2670.0,548.0,24.6,364.0,12.0,3840.0,1930.0,86.3,3600.0
2013-03-22,453.0,125000.0,308000.0,962000.0,409000.0,246000.0,110.0,627000.0,419.0,273000.0,595000.0,374.0,67.8,340000.0,571.0,298.0,84800.0,2240.0,133.0,47.4,151.0,6000.0,2760.0,551.0,24.6,374.0,12.0,3670.0,1940.0,87.3,3680.0
2013-03-23,406.0,90400.0,308000.0,975000.0,368000.0,254000.0,102.0,641000.0,391.0,242000.0,625000.0,381.0,64.1,295000.0,566.0,289.0,84200.0,2300.0,217.0,39.0,147.0,5600.0,2720.0,567.0,26.8,381.0,11.5,3450.0,2040.0,122.0,3760.0
2013-03-24,393.0,135000.0,308000.0,991000.0,324000.0,260000.0,101.0,655000.0,368.0,228000.0,708000.0,388.0,67.6,261000.0,542.0,288.0,76600.0,2360.0,371.0,55.2,144.0,5100.0,2760.0,589.0,33.3,388.0,11.4,3300.0,2090.0,186.0,4310.0
2013-03-25,397.0,135000.0,308000.0,1010000.0,299000.0,271000.0,97.5,666000.0,360.0,223000.0,730000.0,375.0,75.9,247000.0,513.0,301.0,70500.0,2390.0,167.0,79.6,142.0,4800.0,2720.0,583.0,36.9,375.0,11.3,3180.0,2210.0,109.0,4390.0
2013-03-26,354.0,105000.0,308000.0,1030000.0,283000.0,276000.0,89.3,677000.0,341.0,196000.0,728000.0,398.0,72.2,233000.0,504.0,292.0,66000.0,2420.0,140.0,103.0,144.0,4700.0,2720.0,567.0,29.5,398.0,11.3,3090.0,2270.0,112.0,4460.0
2013-03-27,345.0,110000.0,308000.0,1040000.0,258000.0,267000.0,89.2,694000.0,324.0,177000.0,709000.0,487.0,91.2,208000.0,542.0,518.0,65700.0,2400.0,264.0,195.0,176.0,4600.0,2780.0,630.0,28.1,487.0,11.5,3020.0,2180.0,266.0,4520.0
2013-03-28,356.0,135000.0,308000.0,1040000.0,233000.0,270000.0,98.2,709000.0,319.0,185000.0,709000.0,527.0,188.0,196000.0,638.0,1280.0,61300.0,2380.0,448.0,346.0,280.0,5330.0,2790.0,766.0,26.7,527.0,11.9,3010.0,2260.0,430.0,4530.0
2013-03-29,363.0,138000.0,308000.0,1030000.0,228000.0,279000.0,102.0,719000.0,323.0,204000.0,719000.0,574.0,272.0,207000.0,805.0,2020.0,60400.0,2340.0,379.0,275.0,479.0,6210.0,2960.0,876.0,26.0,574.0,12.6,3200.0,2520.0,417.0,4810.0
2013-03-30,356.0,129000.0,308000.0,1020000.0,242000.0,285000.0,102.0,721000.0,324.0,207000.0,739000.0,785.0,243.0,224000.0,2600.0,3940.0,60600.0,2300.0,327.0,140.0,1490.0,7070.0,3080.0,1230.0,26.6,785.0,18.5,3770.0,2620.0,357.0,5600.0
2013-03-31,352.0,125000.0,308000.0,999000.0,251000.0,284000.0,102.0,720000.0,322.0,198000.0,734000.0,1460.0,178.0,222000.0,10800.0,4980.0,63600.0,2270.0,262.0,104.0,3120.0,7760.0,3200.0,1970.0,27.6,1460.0,24.9,6850.0,3600.0,295.0,6550.0
2013-04-01,322.0,114000.0,308000.0,977000.0,243000.0,276000.0,88.8,716000.0,313.0,191000.0,732000.0,1740.0,128.0,213000.0,8810.0,3550.0,72200.0,2230.0,202.0,71.6,865.0,8390.0,3380.0,2280.0,24.8,1740.0,22.8,6860.0,4350.0,198.0,6850.0
2013-04-02,282.0,116000.0,308000.0,953000.0,232000.0,263000.0,81.2,707000.0,285.0,187000.0,703000.0,1710.0,91.1,206000.0,4050.0,2370.0,81900.0,2190.0,167.0,53.2,557.0,8670.0,3510.0,3160.0,22.7,1710.0,36.6,6570.0,5140.0,155.0,7530.0
2013-04-03,265.0,136000.0,308000.0,922000.0,224000.0,257000.0,79.3,704000.0,264.0,199000.0,694000.0,1300.0,69.7,204000.0,3050.0,1670.0,93200.0,2150.0,152.0,44.0,455.0,9080.0,3820.0,3710.0,22.1,1300.0,40.1,8600.0,4910.0,136.0,8040.0
2013-04-04,256.0,142000.0,308000.0,892000.0,227000.0,247000.0,78.1,689000.0,256.0,214000.0,723000.0,1350.0,60.7,215000.0,4410.0,1450.0,99400.0,2100.0,144.0,38.0,516.0,9570.0,4270.0,4070.0,21.8,1350.0,40.0,8110.0,5230.0,127.0,9440.0
2013-04-05,256.0,125000.0,308000.0,861000.0,239000.0,234000.0,75.7,669000.0,252.0,223000.0,696000.0,1660.0,56.3,229000.0,6760.0,1520.0,112000.0,2060.0,144.0,34.6,513.0,10000.0,4490.0,4530.0,21.6,1660.0,151.0,9740.0,5480.0,126.0,10100.0
2013-04-06,248.0,138000.0,308000.0,828000.0,248000.0,228000.0,73.7,654000.0,247.0,220000.0,631000.0,2150.0,53.6,231000.0,3790.0,1440.0,118000.0,2010.0,136.0,30.4,352.0,10700.0,4790.0,5190.0,22.7,2150.0,151.0,14300.0,5690.0,120.0,11100.0
2013-04-07,247.0,152000.0,308000.0,790000.0,246000.0,225000.0,73.2,640000.0,241.0,226000.0,602000.0,2760.0,50.8,232000.0,3660.0,1200.0,120000.0,1970.0,142.0,26.8,349.0,10400.0,5110.0,6360.0,28.9,2760.0,269.0,17100.0,6090.0,122.0,12200.0
2013-04-08,302.0,152000.0,308000.0,745000.0,250000.0,216000.0,105.0,623000.0,278.0,222000.0,576000.0,2790.0,323.0,234000.0,2430.0,1020.0,119000.0,1930.0,142.0,25.0,307.0,11900.0,5660.0,7720.0,165.0,2790.0,489.0,19900.0,6140.0,130.0,13300.0
2013-04-09,481.0,157000.0,308000.0,704000.0,248000.0,200000.0,106.0,605000.0,372.0,220000.0,542000.0,3000.0,266.0,230000.0,2380.0,1000.0,117000.0,1890.0,204.0,23.0,323.0,14800.0,6260.0,10100.0,65.1,3000.0,409.0,26000.0,6650.0,203.0,14700.0
2013-04-10,400.0,166000.0,308000.0,670000.0,245000.0,198000.0,131.0,586000.0,407.0,227000.0,521000.0,3100.0,837.0,230000.0,6340.0,5020.0,123000.0,1860.0,546.0,148.0,1950.0,18100.0,6980.0,12800.0,397.0,3100.0,308.0,34600.0,7560.0,492.0,15700.0
2013-04-11,1590.0,203000.0,308000.0,645000.0,256000.0,200000.0,823.0,563000.0,1390.0,268000.0,524000.0,3210.0,4420.0,256000.0,5080.0,7220.0,138000.0,1830.0,469.0,788.0,780.0,21400.0,7280.0,16000.0,448.0,3210.0,119.0,39500.0,7120.0,427.0,16500.0
2013-04-12,1630.0,231000.0,308000.0,651000.0,298000.0,184000.0,464.0,545000.0,1910.0,347000.0,510000.0,3150.0,1790.0,320000.0,2850.0,3960.0,156000.0,1800.0,388.0,187.0,480.0,24700.0,7160.0,19700.0,180.0,3150.0,71.5,33700.0,6520.0,335.0,16400.0
2013-04-13,1080.0,239000.0,308000.0,660000.0,364000.0,168000.0,316.0,539000.0,1190.0,392000.0,487000.0,2550.0,442.0,382000.0,2230.0,2550.0,162000.0,1770.0,294.0,112.0,386.0,26700.0,7330.0,15900.0,122.0,2550.0,53.6,25400.0,6000.0,253.0,15800.0
2013-04-14,860.0,246000.0,308000.0,670000.0,418000.0,171000.0,258.0,551000.0,881.0,403000.0,502000.0,1920.0,268.0,412000.0,1940.0,2060.0,163000.0,1730.0,252.0,76.7,373.0,27300.0,7860.0,13200.0,101.0,1920.0,48.6,19800.0,5820.0,221.0,16000.0
2013-04-15,878.0,245000.0,308000.0,679000.0,440000.0,167000.0,262.0,559000.0,890.0,386000.0,508000.0,1710.0,391.0,413000.0,8990.0,6210.0,167000.0,1730.0,351.0,67.4,2210.0,28600.0,7620.0,10800.0,204.0,1710.0,107.0,17300.0,5710.0,243.0,16200.0
2013-04-16,869.0,252000.0,308000.0,692000.0,440000.0,164000.0,255.0,561000.0,881.0,376000.0,497000.0,1860.0,374.0,399000.0,5150.0,5710.0,169000.0,1700.0,306.0,658.0,647.0,32000.0,7830.0,8960.0,92.0,1860.0,131.0,19000.0,5390.0,226.0,15700.0
2013-04-17,860.0,266000.0,308000.0,709000.0,436000.0,172000.0,658.0,561000.0,934.0,405000.0,502000.0,2270.0,2150.0,401000.0,2840.0,3190.0,179000.0,1670.0,350.0,308.0,465.0,33400.0,7830.0,10400.0,633.0,2270.0,206.0,24100.0,5540.0,313.0,15700.0
2013-04-18,6270.0,277000.0,308000.0,740000.0,452000.0,182000.0,4860.0,563000.0,4970.0,434000.0,504000.0,2190.0,27000.0,429000.0,2380.0,2450.0,219000.0,1650.0,1110.0,1730.0,444.0,35200.0,8030.0,15000.0,2900.0,2190.0,225.0,28400.0,5560.0,900.0,15900.0
2013-04-19,16000.0,308000.0,308000.0,793000.0,504000.0,195000.0,4020.0,571000.0,6410.0,489000.0,550000.0,1800.0,14200.0,486000.0,2460.0,2510.0,240000.0,1630.0,692.0,501.0,432.0,36400.0,7380.0,13700.0,364.0,1800.0,270.0,30000.0,5820.0,545.0,15800.0
2013-04-20,6730.0,350000.0,308000.0,847000.0,541000.0,215000.0,1910.0,585000.0,7800.0,556000.0,523000.0,1690.0,1500.0,527000.0,2480.0,2410.0,276000.0,1610.0,494.0,186.0,388.0,34700.0,7850.0,13400.0,193.0,1690.0,117.0,30600.0,5390.0,375.0,14900.0
2013-04-21,2760.0,396000.0,308000.0,900000.0,576000.0,229000.0,1040.0,605000.0,5490.0,598000.0,544000.0,1540.0,537.0,571000.0,2130.0,2090.0,318000.0,1590.0,405.0,117.0,372.0,35400.0,8030.0,15200.0,144.0,1540.0,87.6,30200.0,5410.0,297.0,15600.0
2013-04-22,1610.0,425000.0,308000.0,948000.0,621000.0,243000.0,709.0,627000.0,4080.0,630000.0,575000.0,1340.0,352.0,612000.0,1920.0,1880.0,330000.0,1580.0,361.0,85.5,371.0,35200.0,8620.0,12300.0,117.0,1340.0,374.0,27800.0,5690.0,257.0,15800.0
2013-04-23,1330.0,442000.0,308000.0,988000.0,667000.0,262000.0,574.0,648000.0,3010.0,642000.0,592000.0,1340.0,364.0,640000.0,2000.0,1850.0,325000.0,1550.0,333.0,145.0,369.0,34700.0,8290.0,10100.0,143.0,1340.0,229.0,26500.0,6110.0,229.0,17000.0
2013-04-24,1290.0,449000.0,308000.0,1030000.0,696000.0,274000.0,423.0,669000.0,2090.0,651000.0,649000.0,1370.0,849.0,658000.0,2330.0,1900.0,298000.0,1530.0,305.0,358.0,343.0,32600.0,8370.0,9330.0,106.0,1370.0,184.0,31500.0,6520.0,208.0,16600.0
2013-04-25,1160.0,452000.0,308000.0,1060000.0,712000.0,276000.0,325.0,692000.0,1580.0,652000.0,686000.0,1240.0,450.0,666000.0,2260.0,1870.0,273000.0,1500.0,284.0,144.0,299.0,25300.0,8990.0,11000.0,90.3,1240.0,290.0,35800.0,7250.0,192.0,17100.0
2013-04-26,1040.0,449000.0,308000.0,1080000.0,715000.0,277000.0,262.0,721000.0,1250.0,641000.0,677000.0,1090.0,277.0,664000.0,1940.0,1670.0,258000.0,1480.0,267.0,95.5,296.0,23300.0,9970.0,11000.0,78.7,1090.0,260.0,34500.0,8150.0,179.0,17300.0
2013-04-27,936.0,445000.0,308000.0,1100000.0,710000.0,272000.0,225.0,747000.0,1070.0,622000.0,702000.0,972.0,215.0,653000.0,1730.0,1510.0,241000.0,1490.0,255.0,123.0,292.0,24700.0,11300.0,9850.0,71.7,972.0,286.0,32000.0,9680.0,169.0,18600.0
2013-04-28,858.0,440000.0,308000.0,1120000.0,694000.0,270000.0,206.0,770000.0,933.0,607000.0,726000.0,911.0,196.0,639000.0,1590.0,1390.0,231000.0,1580.0,247.0,280.0,278.0,24000.0,14000.0,8810.0,67.3,911.0,155.0,32400.0,12200.0,165.0,20100.0
2013-04-29,779.0,431000.0,308000.0,1140000.0,677000.0,276000.0,187.0,790000.0,810.0,600000.0,735000.0,856.0,171.0,627000.0,1480.0,1320.0,220000.0,1670.0,243.0,128.0,266.0,22700.0,15900.0,7790.0,61.7,856.0,95.6,34500.0,14800.0,162.0,23100.0
2013-04-30,710.0,421000.0,308000.0,1160000.0,664000.0,286000.0,174.0,809000.0,703.0,592000.0,748000.0,814.0,145.0,619000.0,1400.0,1260.0,213000.0,1770.0,256.0,89.1,254.0,21400.0,17200.0,6800.0,57.1,814.0,68.3,36500.0,17400.0,162.0,25300.0
2013-05-01,636.0,410000.0,308000.0,1180000.0,654000.0,302000.0,154.0,828000.0,604.0,577000.0,765000.0,957.0,119.0,607000.0,1350.0,1170.0,207000.0,1850.0,237.0,66.8,242.0,22300.0,18000.0,5930.0,49.8,957.0,53.7,37600.0,19000.0,147.0,27200.0
2013-05-02,573.0,397000.0,308000.0,1200000.0,638000.0,315000.0,143.0,845000.0,527.0,560000.0,802000.0,1160.0,97.5,592000.0,1450.0,1140.0,200000.0,1860.0,216.0,59.5,236.0,25300.0,18800.0,6030.0,55.3,1160.0,64.4,38300.0,19100.0,138.0,28100.0
2013-05-03,854.0,388000.0,308000.0,1210000.0,625000.0,323000.0,426.0,862000.0,635.0,549000.0,869000.0,1240.0,3010.0,581000.0,1860.0,1260.0,199000.0,1830.0,241.0,1510.0,259.0,26700.0,18800.0,7640.0,362.0,1240.0,84.6,37600.0,18200.0,163.0,28800.0
2013-05-04,3920.0,394000.0,308000.0,1230000.0,634000.0,325000.0,865.0,873000.0,2280.0,563000.0,862000.0,1310.0,7240.0,594000.0,2360.0,1810.0,218000.0,1810.0,395.0,1200.0,309.0,23700.0,18700.0,7460.0,331.0,1310.0,168.0,36000.0,16700.0,218.0,28900.0
2013-05-05,3630.0,400000.0,308000.0,1240000.0,639000.0,324000.0,466.0,886000.0,2440.0,563000.0,902000.0,1430.0,2910.0,596000.0,3860.0,2970.0,220000.0,1800.0,306.0,265.0,371.0,21800.0,18300.0,7850.0,224.0,1430.0,510.0,35200.0,14900.0,173.0,28700.0
2013-05-06,1870.0,398000.0,308000.0,1260000.0,641000.0,330000.0,338.0,894000.0,1680.0,560000.0,893000.0,1570.0,875.0,595000.0,6370.0,3940.0,219000.0,1760.0,275.0,180.0,427.0,22400.0,17500.0,9670.0,140.0,1570.0,303.0,39400.0,13300.0,161.0,27800.0
2013-05-07,1340.0,395000.0,308000.0,1270000.0,635000.0,343000.0,276.0,904000.0,1180.0,566000.0,882000.0,1540.0,428.0,594000.0,5560.0,3580.0,217000.0,1720.0,257.0,125.0,394.0,23300.0,17000.0,9260.0,110.0,1540.0,131.0,44600.0,11900.0,153.0,26600.0
2013-05-08,1110.0,392000.0,308000.0,1290000.0,629000.0,354000.0,236.0,911000.0,943.0,569000.0,887000.0,1150.0,275.0,594000.0,3740.0,2700.0,212000.0,1690.0,244.0,91.0,361.0,23300.0,16700.0,7120.0,92.4,1150.0,80.0,44200.0,10800.0,145.0,25200.0
2013-05-09,1050.0,384000.0,308000.0,1300000.0,624000.0,350000.0,220.0,917000.0,918.0,557000.0,881000.0,964.0,380.0,588000.0,2980.0,2220.0,212000.0,1640.0,238.0,133.0,331.0,19100.0,16300.0,5340.0,128.0,964.0,60.2,39200.0,10100.0,146.0,24400.0
2013-05-10,2240.0,376000.0,308000.0,1310000.0,615000.0,354000.0,229.0,934000.0,1340.0,541000.0,919000.0,1110.0,599.0,577000.0,2840.0,2550.0,214000.0,1560.0,272.0,150.0,327.0,17800.0,15600.0,4320.0,116.0,1110.0,56.9,37100.0,9490.0,174.0,23400.0
2013-05-11,1580.0,367000.0,308000.0,1330000.0,600000.0,358000.0,205.0,946000.0,886.0,526000.0,923000.0,1210.0,315.0,561000.0,3180.0,2510.0,214000.0,1520.0,245.0,91.3,317.0,18500.0,15100.0,4900.0,83.8,1210.0,31.5,30600.0,9030.0,150.0,22000.0
2013-05-12,1160.0,358000.0,308000.0,1340000.0,582000.0,363000.0,183.0,953000.0,735.0,511000.0,951000.0,1050.0,194.0,546000.0,2780.0,2230.0,213000.0,1470.0,224.0,64.2,295.0,18500.0,14600.0,5040.0,72.3,1050.0,21.9,29100.0,8570.0,138.0,21300.0
2013-05-13,987.0,349000.0,308000.0,1350000.0,566000.0,370000.0,173.0,959000.0,648.0,497000.0,931000.0,873.0,144.0,531000.0,2390.0,1960.0,213000.0,1430.0,216.0,52.0,279.0,17100.0,14300.0,4230.0,66.6,873.0,31.5,25800.0,7880.0,134.0,20200.0
2013-05-14,875.0,340000.0,308000.0,1360000.0,551000.0,368000.0,169.0,963000.0,596.0,481000.0,908000.0,786.0,122.0,516000.0,2120.0,1780.0,214000.0,1370.0,214.0,46.5,268.0,16000.0,14000.0,3470.0,63.4,786.0,33.2,22300.0,7270.0,133.0,19600.0
2013-05-15,776.0,333000.0,308000.0,1370000.0,534000.0,369000.0,156.0,966000.0,550.0,468000.0,914000.0,740.0,103.0,500000.0,1930.0,1630.0,217000.0,1290.0,210.0,39.5,259.0,14200.0,13600.0,2990.0,56.5,740.0,29.3,20400.0,6860.0,129.0,19200.0
2013-05-16,690.0,326000.0,308000.0,1370000.0,520000.0,374000.0,146.0,968000.0,497.0,458000.0,921000.0,702.0,87.7,486000.0,1750.0,1480.0,216000.0,1250.0,199.0,34.6,243.0,12100.0,13200.0,2610.0,51.4,702.0,29.8,14400.0,6380.0,123.0,18600.0
2013-05-17,631.0,321000.0,308000.0,1370000.0,508000.0,402000.0,139.0,969000.0,458.0,449000.0,910000.0,712.0,129.0,474000.0,1700.0,1510.0,214000.0,1210.0,194.0,32.5,243.0,11700.0,12600.0,2220.0,47.8,712.0,29.4,13400.0,5840.0,118.0,17300.0
2013-05-18,581.0,317000.0,308000.0,1380000.0,499000.0,415000.0,134.0,970000.0,430.0,440000.0,917000.0,764.0,117.0,464000.0,2360.0,1600.0,208000.0,1160.0,191.0,31.2,263.0,12900.0,13000.0,2080.0,44.5,764.0,30.0,14000.0,5740.0,116.0,17100.0
2013-05-19,554.0,312000.0,308000.0,1380000.0,488000.0,401000.0,133.0,971000.0,416.0,429000.0,918000.0,761.0,78.1,453000.0,5030.0,1710.0,203000.0,1110.0,190.0,28.7,253.0,12600.0,13500.0,2180.0,95.9,761.0,32.2,13200.0,5750.0,115.0,18600.0
2013-05-20,606.0,308000.0,308000.0,1380000.0,477000.0,402000.0,139.0,975000.0,415.0,421000.0,911000.0,1210.0,75.3,443000.0,6640.0,2270.0,194000.0,1100.0,237.0,379.0,403.0,11600.0,14500.0,2400.0,104.0,1210.0,84.0,13000.0,6360.0,164.0,20600.0
2013-05-21,738.0,315000.0,308000.0,1380000.0,468000.0,394000.0,223.0,978000.0,403.0,437000.0,915000.0,1560.0,491.0,440000.0,17000.0,5600.0,188000.0,1130.0,218.0,2320.0,423.0,11200.0,16200.0,2520.0,61.6,1560.0,99.8,24700.0,7400.0,126.0,23000.0
2013-05-22,823.0,314000.0,308000.0,1370000.0,467000.0,389000.0,184.0,991000.0,450.0,452000.0,955000.0,2280.0,226.0,451000.0,9360.0,6240.0,177000.0,1200.0,197.0,277.0,343.0,12500.0,17100.0,3870.0,53.9,2280.0,73.6,37500.0,9200.0,119.0,25700.0
2013-05-23,615.0,306000.0,308000.0,1360000.0,471000.0,381000.0,158.0,998000.0,407.0,454000.0,951000.0,2640.0,116.0,460000.0,4860.0,3330.0,169000.0,1240.0,196.0,154.0,307.0,12500.0,17900.0,5090.0,49.7,2640.0,54.5,43700.0,11100.0,117.0,27600.0
2013-05-24,525.0,296000.0,308000.0,1330000.0,473000.0,377000.0,139.0,1000000.0,363.0,443000.0,952000.0,2010.0,80.6,461000.0,3930.0,3020.0,164000.0,1250.0,184.0,97.7,283.0,12100.0,18200.0,6440.0,41.8,2010.0,42.8,43400.0,12200.0,108.0,29300.0
2013-05-25,508.0,283000.0,308000.0,1300000.0,466000.0,377000.0,145.0,1000000.0,342.0,418000.0,927000.0,1480.0,107.0,448000.0,3190.0,2580.0,162000.0,1260.0,180.0,70.6,265.0,12900.0,18400.0,9070.0,116.0,1480.0,36.3,38900.0,12400.0,108.0,30400.0
2013-05-26,743.0,270000.0,308000.0,1270000.0,451000.0,375000.0,414.0,999000.0,544.0,391000.0,880000.0,1110.0,317.0,426000.0,2760.0,2250.0,164000.0,1250.0,184.0,63.1,258.0,15500.0,18100.0,9260.0,1020.0,1110.0,29.7,30000.0,11800.0,110.0,31100.0
2013-05-27,3830.0,267000.0,308000.0,1230000.0,430000.0,379000.0,3310.0,996000.0,3240.0,372000.0,880000.0,957.0,3370.0,402000.0,2610.0,2480.0,181000.0,1240.0,203.0,61.8,274.0,15700.0,17500.0,6730.0,3070.0,957.0,28.2,23000.0,10800.0,118.0,31200.0
2013-05-28,6010.0,284000.0,308000.0,1190000.0,407000.0,369000.0,1620.0,991000.0,3130.0,383000.0,880000.0,1060.0,5640.0,392000.0,2870.0,2740.0,199000.0,1230.0,227.0,573.0,285.0,16900.0,16600.0,4600.0,346.0,1060.0,29.1,18600.0,10000.0,126.0,30500.0
2013-05-29,12200.0,302000.0,308000.0,1160000.0,404000.0,345000.0,2110.0,986000.0,3690.0,432000.0,880000.0,1140.0,6010.0,409000.0,3210.0,3110.0,222000.0,1230.0,235.0,202.0,310.0,16100.0,15800.0,3920.0,299.0,1140.0,29.0,17100.0,8850.0,124.0,29000.0
2013-05-30,13300.0,318000.0,308000.0,1130000.0,428000.0,330000.0,782.0,977000.0,3980.0,481000.0,880000.0,1310.0,2120.0,448000.0,5820.0,7580.0,231000.0,1260.0,724.0,104.0,762.0,17600.0,15000.0,4960.0,251.0,1310.0,30.0,14500.0,8430.0,163.0,27600.0
2013-05-31,7030.0,340000.0,308000.0,1100000.0,464000.0,316000.0,1430.0,963000.0,4290.0,529000.0,867000.0,1470.0,5160.0,495000.0,7760.0,7880.0,246000.0,1390.0,427.0,546.0,537.0,17500.0,14600.0,6770.0,228.0,1470.0,101.0,16200.0,8070.0,199.0,26100.0
2013-06-01,5770.0,380000.0,308000.0,1060000.0,516000.0,308000.0,816.0,947000.0,3580.0,623000.0,849000.0,1770.0,4050.0,556000.0,5700.0,6310.0,246000.0,1490.0,319.0,1400.0,498.0,17100.0,14900.0,12200.0,145.0,1770.0,61.5,22900.0,8860.0,149.0,25000.0
2013-06-02,3700.0,412000.0,308000.0,1030000.0,573000.0,304000.0,514.0,928000.0,2550.0,693000.0,861000.0,2030.0,1510.0,633000.0,6700.0,5110.0,256000.0,1560.0,277.0,255.0,467.0,18900.0,14400.0,14300.0,111.0,2030.0,53.7,25300.0,9350.0,133.0,24400.0
2013-06-03,1830.0,423000.0,308000.0,1000000.0,639000.0,295000.0,401.0,909000.0,1580.0,742000.0,837000.0,2290.0,424.0,699000.0,4320.0,4710.0,256000.0,1610.0,249.0,145.0,408.0,21500.0,14000.0,11100.0,92.1,2290.0,43.0,27900.0,9260.0,124.0,23300.0
2013-06-04,1330.0,430000.0,308000.0,971000.0,711000.0,284000.0,337.0,885000.0,1160.0,763000.0,815000.0,1960.0,261.0,750000.0,3500.0,3080.0,260000.0,1650.0,237.0,88.9,370.0,24300.0,13900.0,8480.0,80.3,1960.0,33.3,24400.0,8610.0,117.0,21900.0
2013-06-05,1110.0,424000.0,308000.0,959000.0,771000.0,275000.0,298.0,862000.0,962.0,760000.0,780000.0,1380.0,187.0,771000.0,3150.0,3060.0,261000.0,1780.0,243.0,68.3,340.0,26500.0,14300.0,6300.0,75.6,1380.0,29.4,17800.0,8340.0,123.0,22000.0
2013-06-06,981.0,428000.0,308000.0,976000.0,795000.0,257000.0,277.0,843000.0,868.0,741000.0,783000.0,1270.0,148.0,772000.0,2940.0,2840.0,264000.0,1870.0,253.0,57.3,320.0,25000.0,14600.0,5140.0,104.0,1270.0,27.7,16000.0,9100.0,129.0,22500.0
2013-06-07,860.0,423000.0,308000.0,1000000.0,789000.0,253000.0,249.0,833000.0,790.0,707000.0,772000.0,1260.0,120.0,754000.0,2720.0,2600.0,266000.0,1940.0,233.0,45.8,298.0,22900.0,14500.0,5850.0,73.5,1260.0,26.2,16300.0,10100.0,118.0,22700.0
2013-06-08,736.0,413000.0,308000.0,1030000.0,766000.0,254000.0,227.0,823000.0,715.0,667000.0,734000.0,1140.0,97.9,725000.0,2520.0,2370.0,258000.0,1990.0,219.0,38.6,286.0,21900.0,14500.0,7170.0,62.6,1140.0,25.4,20300.0,10500.0,111.0,22000.0
2013-06-09,650.0,403000.0,308000.0,1060000.0,734000.0,258000.0,213.0,820000.0,665.0,632000.0,730000.0,1020.0,83.8,692000.0,2350.0,2190.0,250000.0,2050.0,214.0,51.9,277.0,21700.0,14100.0,6700.0,63.9,1020.0,26.8,21800.0,10300.0,118.0,21900.0
2013-06-10,591.0,395000.0,308000.0,1090000.0,692000.0,253000.0,238.0,822000.0,627.0,606000.0,726000.0,993.0,82.7,660000.0,2250.0,2060.0,238000.0,2120.0,253.0,50.5,271.0,24400.0,14000.0,5360.0,56.3,993.0,27.4,17200.0,10100.0,131.0,21900.0
2013-06-11,521.0,386000.0,308000.0,1110000.0,667000.0,249000.0,197.0,825000.0,602.0,583000.0,728000.0,994.0,75.2,630000.0,2140.0,1960.0,226000.0,2160.0,218.0,32.9,260.0,26900.0,13800.0,4830.0,49.0,994.0,26.7,13600.0,11000.0,113.0,21600.0
2013-06-12,476.0,378000.0,308000.0,1130000.0,637000.0,251000.0,186.0,834000.0,526.0,564000.0,739000.0,941.0,64.9,605000.0,2050.0,2130.0,218000.0,2180.0,211.0,27.8,269.0,28100.0,13600.0,4950.0,45.6,941.0,31.0,13600.0,11500.0,113.0,21800.0
2013-06-13,427.0,370000.0,308000.0,1150000.0,610000.0,258000.0,173.0,843000.0,483.0,549000.0,766000.0,882.0,53.4,583000.0,2100.0,3210.0,215000.0,2200.0,276.0,23.6,349.0,26500.0,13100.0,4520.0,40.4,882.0,35.6,13500.0,10800.0,142.0,21800.0
2013-06-14,374.0,362000.0,308000.0,1160000.0,587000.0,265000.0,158.0,851000.0,438.0,536000.0,785000.0,818.0,46.7,565000.0,1990.0,3150.0,200000.0,2220.0,217.0,18.4,279.0,21500.0,12300.0,3840.0,35.5,818.0,34.5,13300.0,9390.0,116.0,21000.0
2013-06-15,362.0,353000.0,308000.0,1170000.0,569000.0,269000.0,156.0,859000.0,412.0,521000.0,747000.0,770.0,88.1,550000.0,1910.0,2630.0,195000.0,2230.0,204.0,24.3,261.0,19500.0,11700.0,3290.0,35.6,770.0,30.6,11300.0,8200.0,112.0,20200.0
2013-06-16,452.0,346000.0,308000.0,1180000.0,554000.0,279000.0,150.0,868000.0,408.0,506000.0,769000.0,743.0,1800.0,535000.0,1840.0,2280.0,190000.0,2250.0,203.0,40.2,254.0,17300.0,10900.0,2920.0,34.2,743.0,25.6,10000.0,7410.0,109.0,19400.0
2013-06-17,435.0,339000.0,308000.0,1190000.0,539000.0,289000.0,141.0,875000.0,381.0,494000.0,765000.0,710.0,421.0,521000.0,1750.0,2050.0,182000.0,2260.0,191.0,27.3,244.0,15800.0,9930.0,3630.0,31.4,710.0,30.5,10100.0,6630.0,105.0,18200.0
2013-06-18,345.0,334000.0,308000.0,1180000.0,527000.0,296000.0,133.0,878000.0,349.0,497000.0,791000.0,678.0,167.0,514000.0,1670.0,1860.0,178000.0,2270.0,191.0,21.7,236.0,14600.0,9340.0,3790.0,29.0,678.0,28.4,11600.0,5840.0,101.0,16600.0
2013-06-19,298.0,329000.0,308000.0,1160000.0,521000.0,301000.0,124.0,880000.0,324.0,500000.0,795000.0,648.0,102.0,512000.0,1590.0,1720.0,172000.0,2270.0,190.0,17.2,230.0,14100.0,8680.0,3410.0,26.7,648.0,25.9,11100.0,5410.0,97.1,15900.0
2013-06-20,268.0,324000.0,308000.0,1140000.0,520000.0,296000.0,120.0,879000.0,301.0,496000.0,790000.0,628.0,72.8,513000.0,1520.0,1600.0,167000.0,2280.0,186.0,14.3,225.0,11600.0,8610.0,2840.0,25.6,628.0,24.0,9430.0,5010.0,94.8,14600.0
2013-06-21,247.0,316000.0,308000.0,1120000.0,518000.0,297000.0,120.0,876000.0,287.0,479000.0,784000.0,704.0,56.1,506000.0,1600.0,2440.0,160000.0,2320.0,259.0,12.6,403.0,12800.0,12500.0,2580.0,28.0,704.0,84.8,8640.0,5280.0,119.0,15500.0
2013-06-22,234.0,306000.0,308000.0,1090000.0,509000.0,300000.0,119.0,871000.0,277.0,453000.0,776000.0,981.0,47.2,489000.0,2480.0,10100.0,160000.0,2340.0,2340.0,11.5,2270.0,17000.0,14700.0,3390.0,24.8,981.0,1080.0,16900.0,8070.0,423.0,21200.0
2013-06-23,220.0,298000.0,308000.0,1070000.0,497000.0,295000.0,111.0,866000.0,275.0,432000.0,761000.0,1280.0,43.9,469000.0,9790.0,21200.0,154000.0,2360.0,2140.0,72.8,7470.0,24100.0,16400.0,5620.0,22.4,1280.0,278.0,29300.0,12900.0,912.0,26000.0
2013-06-24,216.0,292000.0,308000.0,1050000.0,478000.0,286000.0,2080.0,859000.0,269.0,419000.0,765000.0,1330.0,65.9,454000.0,8860.0,14300.0,151000.0,2370.0,762.0,192.0,1540.0,26700.0,17400.0,7030.0,836.0,1330.0,94.2,26100.0,16600.0,418.0,30700.0
2013-06-25,276.0,285000.0,308000.0,1040000.0,464000.0,278000.0,1030.0,854000.0,1870.0,399000.0,750000.0,1230.0,45.4,439000.0,6540.0,9440.0,159000.0,2370.0,4320.0,33.3,2320.0,29800.0,17700.0,7660.0,243.0,1230.0,56.3,21300.0,18500.0,1000.0,33100.0
2013-06-26,481.0,281000.0,308000.0,1030000.0,448000.0,280000.0,427.0,848000.0,2280.0,389000.0,749000.0,985.0,36.8,425000.0,7000.0,6020.0,175000.0,2370.0,1240.0,34.1,1130.0,34400.0,17600.0,7230.0,270.0,985.0,42.4,14600.0,17500.0,530.0,35300.0
2013-06-27,409.0,281000.0,308000.0,1010000.0,438000.0,280000.0,312.0,843000.0,1390.0,380000.0,750000.0,839.0,35.7,417000.0,4690.0,4610.0,195000.0,2360.0,711.0,91.2,837.0,33500.0,17200.0,5380.0,116.0,839.0,30.7,14100.0,15500.0,384.0,36800.0
2013-06-28,270.0,281000.0,308000.0,996000.0,428000.0,281000.0,252.0,835000.0,807.0,372000.0,758000.0,766.0,30.0,406000.0,3670.0,3560.0,217000.0,2350.0,547.0,31.2,712.0,27900.0,16800.0,4310.0,82.3,766.0,21.3,13400.0,13800.0,304.0,37100.0
2013-06-29,227.0,286000.0,308000.0,974000.0,417000.0,285000.0,224.0,827000.0,620.0,373000.0,755000.0,741.0,30.4,398000.0,3130.0,3090.0,231000.0,2330.0,484.0,20.6,649.0,22200.0,16400.0,3510.0,132.0,741.0,23.2,11400.0,13300.0,293.0,37700.0
2013-06-30,222.0,294000.0,308000.0,941000.0,412000.0,286000.0,200.0,812000.0,544.0,381000.0,737000.0,734.0,42.8,396000.0,2800.0,2800.0,242000.0,2310.0,438.0,26.2,614.0,20100.0,15800.0,2910.0,97.2,734.0,24.5,10300.0,12300.0,247.0,37600.0
2013-07-01,204.0,303000.0,308000.0,904000.0,411000.0,292000.0,174.0,793000.0,464.0,390000.0,714000.0,694.0,34.8,398000.0,2550.0,2420.0,249000.0,2290.0,392.0,25.8,547.0,19100.0,14900.0,2440.0,61.6,694.0,24.8,9730.0,11000.0,214.0,35900.0
2013-07-02,159.0,312000.0,308000.0,866000.0,418000.0,290000.0,161.0,767000.0,400.0,400000.0,683000.0,662.0,28.8,407000.0,2360.0,2180.0,252000.0,2270.0,363.0,16.1,511.0,17600.0,13800.0,2110.0,51.7,662.0,25.3,9380.0,9500.0,194.0,34000.0
2013-07-03,145.0,320000.0,308000.0,833000.0,433000.0,276000.0,151.0,737000.0,364.0,412000.0,654000.0,634.0,22.2,424000.0,2170.0,1990.0,250000.0,2250.0,343.0,13.6,481.0,17800.0,13000.0,2060.0,44.3,634.0,25.9,8380.0,8470.0,183.0,31100.0
2013-07-04,135.0,326000.0,308000.0,809000.0,444000.0,263000.0,142.0,708000.0,340.0,416000.0,641000.0,613.0,19.0,433000.0,2020.0,1830.0,248000.0,2210.0,329.0,11.2,454.0,16600.0,11900.0,1690.0,39.4,613.0,25.5,7670.0,7400.0,175.0,28400.0
2013-07-05,124.0,330000.0,308000.0,789000.0,449000.0,258000.0,133.0,679000.0,320.0,416000.0,612000.0,593.0,17.5,435000.0,1880.0,1690.0,236000.0,2180.0,315.0,9.49,431.0,14300.0,10700.0,1570.0,34.9,593.0,24.3,6180.0,6620.0,166.0,25400.0
2013-07-06,113.0,333000.0,308000.0,777000.0,451000.0,248000.0,125.0,661000.0,296.0,416000.0,598000.0,574.0,16.7,435000.0,1760.0,1570.0,226000.0,2140.0,304.0,8.54,410.0,10600.0,9710.0,1420.0,31.1,574.0,24.0,5460.0,6010.0,158.0,22300.0
2013-07-07,103.0,334000.0,308000.0,771000.0,451000.0,252000.0,118.0,643000.0,269.0,412000.0,581000.0,558.0,15.9,433000.0,1660.0,1460.0,211000.0,2110.0,294.0,7.82,393.0,8860.0,9060.0,1210.0,28.5,558.0,24.3,5570.0,5310.0,152.0,20400.0
2013-07-08,99.6,332000.0,308000.0,771000.0,449000.0,246000.0,122.0,624000.0,254.0,405000.0,567000.0,546.0,14.4,428000.0,1580.0,1380.0,199000.0,2060.0,507.0,7.74,379.0,8660.0,8730.0,1140.0,51.7,546.0,23.3,6350.0,5040.0,161.0,18500.0
2013-07-09,122.0,327000.0,308000.0,783000.0,442000.0,233000.0,113.0,611000.0,255.0,396000.0,555000.0,542.0,14.6,419000.0,1530.0,1440.0,190000.0,2010.0,365.0,7.92,368.0,7700.0,8240.0,1160.0,44.9,542.0,23.3,6000.0,4790.0,164.0,17600.0
2013-07-10,99.6,321000.0,308000.0,804000.0,431000.0,237000.0,106.0,602000.0,240.0,386000.0,551000.0,538.0,14.0,407000.0,1490.0,1410.0,182000.0,1970.0,338.0,29.9,361.0,9220.0,7920.0,1060.0,37.4,538.0,21.8,5840.0,4530.0,157.0,16300.0
2013-07-11,81.6,310000.0,308000.0,833000.0,420000.0,234000.0,93.9,598000.0,218.0,377000.0,562000.0,524.0,12.2,395000.0,1450.0,1250.0,173000.0,1910.0,290.0,13.1,342.0,13600.0,7530.0,916.0,25.5,524.0,20.7,6540.0,4360.0,141.0,15500.0
2013-07-12,69.5,298000.0,308000.0,866000.0,410000.0,236000.0,88.7,602000.0,195.0,369000.0,557000.0,509.0,10.9,387000.0,1390.0,1170.0,168000.0,1870.0,276.0,8.9,330.0,13800.0,7370.0,932.0,22.8,509.0,21.2,7640.0,4090.0,135.0,14200.0
2013-07-13,62.4,286000.0,308000.0,896000.0,401000.0,227000.0,83.9,611000.0,182.0,352000.0,556000.0,502.0,9.61,376000.0,1350.0,1100.0,161000.0,1820.0,267.0,7.98,318.0,13500.0,6910.0,925.0,20.8,502.0,21.8,7270.0,3860.0,131.0,15000.0
2013-07-14,56.9,273000.0,308000.0,925000.0,385000.0,224000.0,77.2,625000.0,171.0,330000.0,551000.0,495.0,8.64,358000.0,1340.0,1070.0,154000.0,1790.0,262.0,7.39,314.0,11600.0,6880.0,965.0,19.1,495.0,22.1,5600.0,3800.0,129.0,14500.0
2013-07-15,51.4,263000.0,308000.0,953000.0,364000.0,244000.0,71.6,637000.0,160.0,313000.0,569000.0,485.0,8.1,338000.0,1310.0,1020.0,145000.0,1770.0,254.0,7.12,303.0,8720.0,8050.0,917.0,17.8,485.0,21.5,5550.0,3740.0,124.0,13700.0
2013-07-16,48.1,253000.0,308000.0,975000.0,344000.0,260000.0,67.2,644000.0,149.0,300000.0,575000.0,475.0,7.46,322000.0,1270.0,979.0,137000.0,1740.0,249.0,7.42,294.0,6390.0,8340.0,832.0,16.7,475.0,21.4,5620.0,3530.0,122.0,14000.0
2013-07-17,46.5,244000.0,308000.0,996000.0,327000.0,266000.0,62.9,651000.0,140.0,288000.0,587000.0,467.0,6.55,308000.0,1230.0,935.0,131000.0,1700.0,244.0,7.79,285.0,6040.0,8470.0,810.0,15.6,467.0,20.5,5280.0,3580.0,120.0,14100.0
2013-07-18,45.0,233000.0,308000.0,1010000.0,314000.0,262000.0,57.1,658000.0,132.0,276000.0,603000.0,457.0,6.03,295000.0,1200.0,899.0,124000.0,1660.0,240.0,6.91,278.0,6480.0,8420.0,741.0,14.8,457.0,19.7,4910.0,3180.0,117.0,13500.0
2013-07-19,43.5,221000.0,308000.0,1020000.0,300000.0,261000.0,52.1,668000.0,125.0,263000.0,608000.0,451.0,5.34,282000.0,1160.0,871.0,116000.0,1610.0,238.0,6.73,274.0,6570.0,8280.0,710.0,13.4,451.0,18.5,4940.0,3140.0,117.0,13300.0
2013-07-20,42.2,212000.0,308000.0,1020000.0,285000.0,270000.0,45.2,677000.0,117.0,247000.0,620000.0,461.0,4.15,268000.0,1120.0,836.0,110000.0,1560.0,236.0,6.55,268.0,6220.0,7610.0,686.0,12.6,461.0,17.4,4680.0,2840.0,116.0,12600.0
2013-07-21,40.6,192000.0,308000.0,1020000.0,272000.0,277000.0,41.4,684000.0,110.0,235000.0,634000.0,478.0,3.47,257000.0,1100.0,866.0,94000.0,1510.0,232.0,6.25,265.0,6420.0,7090.0,703.0,10.8,478.0,16.7,4120.0,2600.0,114.0,11400.0
2013-07-22,40.3,169000.0,308000.0,1010000.0,262000.0,278000.0,42.8,689000.0,105.0,223000.0,634000.0,538.0,4.39,245000.0,1110.0,1000.0,93900.0,1460.0,232.0,6.65,264.0,6370.0,6740.0,807.0,15.9,538.0,16.4,4120.0,2380.0,120.0,10700.0
2013-07-23,40.4,141000.0,308000.0,989000.0,247000.0,285000.0,42.9,691000.0,108.0,207000.0,645000.0,537.0,3.35,229000.0,1110.0,821.0,85200.0,1420.0,227.0,6.54,264.0,6650.0,6000.0,783.0,32.1,537.0,16.4,3980.0,2450.0,113.0,10000.0
2013-07-24,39.8,136000.0,308000.0,965000.0,231000.0,283000.0,35.5,688000.0,106.0,192000.0,650000.0,507.0,2.42,212000.0,1050.0,772.0,82500.0,1370.0,220.0,5.86,256.0,6660.0,5760.0,748.0,10.2,507.0,17.0,3720.0,2380.0,108.0,9540.0
2013-07-25,37.9,129000.0,308000.0,929000.0,215000.0,281000.0,32.2,684000.0,96.7,181000.0,652000.0,478.0,2.03,198000.0,1050.0,763.0,84100.0,1330.0,219.0,5.22,258.0,6630.0,5340.0,790.0,8.64,478.0,36.8,3460.0,2360.0,108.0,8930.0
2013-07-26,40.0,131000.0,308000.0,874000.0,203000.0,276000.0,35.9,676000.0,99.8,182000.0,636000.0,462.0,2.09,189000.0,1230.0,874.0,78500.0,1300.0,257.0,5.51,273.0,6410.0,5210.0,730.0,49.9,462.0,29.7,3300.0,2300.0,124.0,8250.0
2013-07-27,46.9,108000.0,308000.0,819000.0,198000.0,274000.0,35.2,664000.0,112.0,177000.0,624000.0,457.0,1.67,189000.0,1280.0,833.0,76800.0,1260.0,227.0,6.59,258.0,5530.0,5090.0,703.0,14.6,457.0,20.9,3570.0,2110.0,111.0,8050.0
2013-07-28,55.5,92400.0,308000.0,761000.0,195000.0,270000.0,30.0,648000.0,111.0,161000.0,619000.0,453.0,1.42,180000.0,1220.0,763.0,68900.0,1210.0,219.0,6.16,250.0,5320.0,4850.0,698.0,8.67,453.0,18.1,3540.0,2130.0,107.0,7880.0
2013-07-29,38.1,83300.0,308000.0,699000.0,182000.0,266000.0,26.4,621000.0,92.7,153000.0,585000.0,444.0,1.24,166000.0,1150.0,727.0,70600.0,1160.0,216.0,6.45,247.0,6650.0,4570.0,687.0,7.29,444.0,16.2,3390.0,2140.0,105.0,7220.0
2013-07-30,37.8,89700.0,308000.0,645000.0,172000.0,236000.0,27.3,588000.0,93.4,148000.0,558000.0,437.0,4.1,157000.0,1090.0,701.0,68400.0,1110.0,212.0,54.0,244.0,6320.0,4790.0,666.0,24.0,437.0,17.5,3360.0,2210.0,103.0,7130.0
2013-07-31,41.6,87400.0,308000.0,604000.0,165000.0,204000.0,29.0,553000.0,92.2,156000.0,530000.0,436.0,5.73,156000.0,1050.0,684.0,59400.0,1040.0,214.0,12.3,243.0,5720.0,4350.0,633.0,10.9,436.0,17.9,3470.0,2180.0,105.0,7380.0
2013-08-01,41.4,77400.0,308000.0,576000.0,166000.0,160000.0,25.5,522000.0,90.8,151000.0,515000.0,439.0,6.1,159000.0,1010.0,659.0,50800.0,945.0,211.0,8.5,241.0,5660.0,3940.0,626.0,7.91,439.0,15.7,3570.0,2110.0,102.0,6890.0
2013-08-02,36.8,70800.0,308000.0,562000.0,166000.0,153000.0,22.7,500000.0,84.2,125000.0,494000.0,453.0,4.91,150000.0,991.0,647.0,48700.0,829.0,209.0,9.46,240.0,5460.0,4250.0,626.0,6.44,453.0,14.7,3640.0,2030.0,99.6,6340.0
2013-08-03,35.2,95100.0,308000.0,549000.0,153000.0,158000.0,21.3,475000.0,76.6,128000.0,499000.0,441.0,4.53,130000.0,970.0,624.0,50200.0,744.0,205.0,15.9,235.0,5140.0,3760.0,613.0,5.95,441.0,14.7,3690.0,1930.0,98.9,6070.0
2013-08-04,34.8,94500.0,308000.0,535000.0,137000.0,157000.0,18.8,452000.0,69.8,133000.0,487000.0,424.0,4.25,133000.0,943.0,603.0,51600.0,667.0,200.0,8.46,232.0,5110.0,3590.0,590.0,4.99,424.0,15.2,3470.0,1970.0,96.1,5970.0
2013-08-05,33.1,88600.0,308000.0,510000.0,140000.0,153000.0,18.4,432000.0,65.8,129000.0,468000.0,425.0,3.73,135000.0,953.0,630.0,51100.0,616.0,234.0,7.24,240.0,6010.0,3560.0,602.0,78.4,425.0,16.7,3370.0,1890.0,108.0,6050.0
2013-08-06,32.2,79300.0,308000.0,487000.0,140000.0,151000.0,20.7,412000.0,63.5,130000.0,442000.0,426.0,3.3,131000.0,960.0,722.0,52200.0,584.0,277.0,7.11,247.0,6040.0,3200.0,610.0,12.6,426.0,18.1,3310.0,2010.0,112.0,5450.0
2013-08-07,31.8,76700.0,308000.0,469000.0,138000.0,139000.0,18.0,393000.0,65.8,136000.0,424000.0,446.0,2.8,132000.0,944.0,654.0,50800.0,556.0,218.0,6.86,239.0,5490.0,3460.0,643.0,7.96,446.0,19.3,3340.0,2290.0,103.0,5700.0
2013-08-08,31.1,76200.0,308000.0,450000.0,143000.0,139000.0,15.9,376000.0,63.6,173000.0,386000.0,451.0,2.43,143000.0,910.0,628.0,53200.0,527.0,205.0,37.5,233.0,4970.0,3210.0,639.0,6.1,451.0,18.1,3360.0,2240.0,97.5,5730.0
2013-08-09,30.1,71500.0,308000.0,433000.0,166000.0,142000.0,14.8,358000.0,58.7,257000.0,361000.0,431.0,1.99,195000.0,884.0,604.0,53100.0,484.0,201.0,18.2,230.0,4910.0,3280.0,612.0,7.52,431.0,17.0,3700.0,2150.0,95.7,5280.0
2013-08-10,29.3,65400.0,308000.0,417000.0,244000.0,128000.0,13.9,342000.0,54.5,301000.0,344000.0,412.0,1.72,272000.0,864.0,578.0,50300.0,459.0,198.0,9.94,228.0,5390.0,3030.0,581.0,5.15,412.0,14.9,3840.0,2300.0,93.2,5140.0
2013-08-11,28.3,58300.0,308000.0,405000.0,305000.0,115000.0,13.1,332000.0,51.4,291000.0,332000.0,416.0,1.45,304000.0,868.0,566.0,47100.0,435.0,195.0,7.23,232.0,5830.0,3120.0,594.0,4.09,416.0,17.0,3820.0,2270.0,92.4,5190.0
2013-08-12,27.9,49200.0,308000.0,403000.0,310000.0,117000.0,12.5,323000.0,49.1,255000.0,323000.0,422.0,1.38,287000.0,865.0,647.0,44100.0,400.0,196.0,9.66,237.0,5990.0,2780.0,604.0,3.87,422.0,16.5,3450.0,2040.0,97.0,5050.0
2013-08-13,27.2,44900.0,308000.0,418000.0,283000.0,119000.0,12.0,314000.0,46.1,218000.0,339000.0,414.0,1.34,253000.0,845.0,612.0,43700.0,335.0,195.0,7.91,228.0,6200.0,2770.0,602.0,3.83,414.0,15.1,3350.0,1890.0,93.8,4940.0
2013-08-14,26.6,49800.0,308000.0,447000.0,248000.0,118000.0,11.5,316000.0,43.6,201000.0,337000.0,406.0,1.33,219000.0,811.0,564.0,40500.0,316.0,190.0,5.96,222.0,5800.0,2470.0,586.0,3.42,406.0,16.8,3320.0,1840.0,90.3,4680.0
2013-08-15,26.2,51200.0,308000.0,488000.0,223000.0,122000.0,11.2,328000.0,40.8,186000.0,329000.0,398.0,1.16,204000.0,790.0,545.0,40500.0,312.0,189.0,5.28,218.0,4970.0,2380.0,567.0,3.37,398.0,17.0,3120.0,1740.0,90.0,4200.0
2013-08-16,24.9,47200.0,308000.0,542000.0,207000.0,130000.0,10.9,343000.0,38.4,160000.0,333000.0,391.0,1.11,185000.0,774.0,527.0,40500.0,312.0,188.0,5.13,215.0,4900.0,2350.0,549.0,3.17,391.0,17.4,2980.0,1710.0,89.8,3840.0
2013-08-17,24.4,47100.0,308000.0,596000.0,186000.0,148000.0,10.7,370000.0,36.5,139000.0,348000.0,390.0,0.95,160000.0,756.0,511.0,40300.0,313.0,186.0,5.51,212.0,4610.0,1920.0,541.0,2.97,390.0,17.6,2840.0,1710.0,88.2,3760.0
2013-08-18,23.5,47300.0,308000.0,643000.0,165000.0,167000.0,10.3,398000.0,35.0,137000.0,391000.0,389.0,0.93,143000.0,745.0,499.0,41000.0,318.0,184.0,4.77,209.0,4890.0,2220.0,533.0,2.89,389.0,17.5,2770.0,1640.0,86.9,3680.0
2013-08-19,22.9,48100.0,308000.0,676000.0,153000.0,177000.0,10.1,427000.0,32.7,135000.0,414000.0,382.0,1.0,140000.0,737.0,489.0,40700.0,323.0,184.0,3.71,208.0,4760.0,1840.0,531.0,2.91,382.0,16.9,2890.0,1610.0,86.4,3470.0
2013-08-20,22.5,55900.0,308000.0,692000.0,149000.0,190000.0,9.87,451000.0,31.1,131000.0,434000.0,376.0,0.93,136000.0,734.0,482.0,38500.0,321.0,184.0,3.65,207.0,4060.0,1660.0,509.0,2.66,376.0,17.0,2910.0,1590.0,87.8,3410.0
2013-08-21,22.0,49200.0,308000.0,694000.0,143000.0,206000.0,9.62,465000.0,29.1,131000.0,464000.0,372.0,0.94,134000.0,728.0,480.0,36900.0,333.0,183.0,3.55,206.0,4710.0,2070.0,498.0,2.56,372.0,17.8,2810.0,1620.0,87.0,3240.0
2013-08-22,21.7,44000.0,308000.0,685000.0,141000.0,200000.0,9.54,470000.0,28.0,129000.0,462000.0,367.0,0.91,132000.0,785.0,489.0,33300.0,327.0,194.0,3.62,241.0,4730.0,1990.0,494.0,2.39,367.0,20.5,2850.0,1610.0,96.8,3020.0
2013-08-23,21.2,47600.0,308000.0,664000.0,139000.0,196000.0,9.3,473000.0,27.1,124000.0,461000.0,365.0,0.89,129000.0,808.0,485.0,33900.0,311.0,204.0,4.17,226.0,5020.0,1640.0,488.0,2.33,365.0,18.2,3060.0,1560.0,103.0,2970.0
2013-08-24,20.5,49500.0,308000.0,634000.0,135000.0,191000.0,9.13,471000.0,25.3,131000.0,458000.0,362.0,0.81,126000.0,775.0,467.0,33300.0,299.0,185.0,3.97,210.0,5050.0,1600.0,483.0,2.16,362.0,16.7,3140.0,1400.0,88.9,2850.0
2013-08-25,18.9,44700.0,308000.0,598000.0,134000.0,184000.0,8.8,459000.0,25.3,127000.0,462000.0,355.0,0.74,130000.0,732.0,455.0,32900.0,289.0,181.0,3.88,206.0,4190.0,1650.0,478.0,2.01,355.0,16.6,3090.0,1560.0,85.9,2700.0
2013-08-26,18.2,52800.0,308000.0,557000.0,136000.0,170000.0,8.54,441000.0,23.6,122000.0,443000.0,351.0,0.8,126000.0,710.0,442.0,31700.0,286.0,178.0,3.78,202.0,4520.0,1540.0,469.0,1.8,351.0,16.0,3000.0,1530.0,83.1,2680.0
2013-08-27,17.8,48000.0,308000.0,514000.0,132000.0,148000.0,8.14,421000.0,22.7,117000.0,425000.0,347.0,0.84,121000.0,699.0,433.0,33000.0,300.0,178.0,3.73,201.0,4610.0,1810.0,462.0,1.73,347.0,15.4,2870.0,1570.0,82.6,2760.0
2013-08-28,17.9,41600.0,308000.0,485000.0,127000.0,130000.0,7.71,398000.0,21.5,110000.0,411000.0,346.0,0.61,116000.0,688.0,424.0,33500.0,325.0,177.0,3.48,198.0,4250.0,1720.0,460.0,1.87,346.0,14.9,3330.0,1560.0,81.7,2840.0
2013-08-29,18.6,38400.0,308000.0,465000.0,122000.0,121000.0,7.73,375000.0,20.9,102000.0,390000.0,344.0,0.53,110000.0,679.0,418.0,33100.0,365.0,176.0,3.21,195.0,4150.0,1630.0,454.0,1.94,344.0,15.4,3700.0,1990.0,82.0,2950.0
2013-08-30,18.3,37800.0,308000.0,449000.0,115000.0,118000.0,7.3,355000.0,20.3,95000.0,378000.0,342.0,0.44,102000.0,671.0,412.0,32000.0,399.0,175.0,3.28,193.0,5050.0,1760.0,452.0,1.93,342.0,14.9,4350.0,2220.0,81.4,2680.0
2013-08-31,17.8,41800.0,308000.0,436000.0,106000.0,114000.0,6.62,338000.0,19.6,96300.0,363000.0,340.0,0.35,95400.0,660.0,404.0,31200.0,410.0,176.0,4.01,191.0,6180.0,1650.0,446.0,1.94,340.0,14.1,4850.0,2120.0,85.4,2680.0
2013-09-01,17.5,51000.0,308000.0,427000.0,102000.0,108000.0,6.41,325000.0,19.4,96900.0,352000.0,341.0,0.27,95000.0,653.0,397.0,30700.0,412.0,176.0,4.6,189.0,4880.0,1760.0,494.0,1.66,341.0,13.2,5470.0,2290.0,83.6,2790.0
2013-09-02,17.0,50000.0,308000.0,415000.0,101000.0,105000.0,6.33,314000.0,18.9,101000.0,349000.0,340.0,0.2,95700.0,642.0,387.0,31300.0,386.0,172.0,5.12,185.0,4420.0,1880.0,536.0,1.28,340.0,11.1,4920.0,2220.0,80.4,2780.0
2013-09-03,17.0,38400.0,308000.0,399000.0,102000.0,102000.0,6.26,304000.0,21.5,98300.0,324000.0,339.0,0.19,98200.0,634.0,380.0,30100.0,360.0,169.0,4.28,183.0,5410.0,1750.0,536.0,1.25,339.0,39.0,4620.0,2330.0,78.8,2810.0
2013-09-04,17.7,35000.0,308000.0,382000.0,104000.0,102000.0,6.06,295000.0,18.5,92100.0,311000.0,337.0,0.2,95200.0,628.0,377.0,32400.0,340.0,169.0,3.83,181.0,5740.0,1650.0,528.0,1.27,337.0,41.7,4040.0,2200.0,78.4,2890.0
2013-09-05,20.7,37400.0,308000.0,372000.0,100000.0,95600.0,5.98,283000.0,17.9,89000.0,300000.0,337.0,0.21,89500.0,625.0,373.0,31800.0,320.0,168.0,3.91,180.0,4630.0,1920.0,518.0,1.19,337.0,12.6,3670.0,1880.0,77.9,2480.0
2013-09-06,20.2,45400.0,308000.0,371000.0,95200.0,94200.0,5.97,275000.0,17.7,88400.0,290000.0,337.0,0.24,86300.0,621.0,368.0,31500.0,305.0,166.0,3.32,179.0,4670.0,1640.0,483.0,1.43,337.0,3.52,3720.0,1770.0,76.2,2620.0
2013-09-07,24.6,50000.0,308000.0,369000.0,92300.0,92200.0,5.87,267000.0,17.3,90000.0,288000.0,333.0,0.26,85300.0,616.0,364.0,30300.0,294.0,166.0,2.77,178.0,4660.0,1640.0,441.0,1.02,333.0,4.81,3460.0,1860.0,76.1,2710.0
2013-09-08,28.9,48200.0,308000.0,363000.0,91700.0,90600.0,5.8,265000.0,17.3,92900.0,274000.0,331.0,0.19,86500.0,608.0,358.0,31100.0,280.0,165.0,4.78,176.0,4630.0,2110.0,426.0,1.04,331.0,8.43,3620.0,1680.0,75.9,2660.0
2013-09-09,54.9,45600.0,308000.0,363000.0,93100.0,88600.0,5.64,264000.0,17.1,94500.0,268000.0,329.0,0.22,89400.0,603.0,356.0,29700.0,272.0,166.0,4.85,174.0,5030.0,2120.0,423.0,0.99,329.0,12.5,3570.0,1760.0,77.8,2700.0
2013-09-10,35.5,38800.0,308000.0,361000.0,95700.0,87500.0,5.4,256000.0,16.6,92900.0,261000.0,328.0,0.21,91000.0,602.0,349.0,27300.0,263.0,165.0,5.0,172.0,3920.0,3120.0,418.0,0.89,328.0,14.2,3570.0,1800.0,76.2,3200.0
2013-09-11,30.0,33000.0,308000.0,347000.0,96500.0,87100.0,5.2,259000.0,16.5,87100.0,265000.0,329.0,0.21,89500.0,588.0,346.0,26400.0,257.0,169.0,4.31,168.0,4190.0,2030.0,412.0,0.98,329.0,15.0,3550.0,1850.0,80.3,3470.0
2013-09-12,29.1,29500.0,308000.0,331000.0,94400.0,85600.0,5.1,257000.0,16.5,85700.0,266000.0,325.0,0.49,85100.0,579.0,334.0,26300.0,252.0,170.0,4.34,165.0,4400.0,2350.0,407.0,1.28,325.0,15.0,3420.0,1810.0,79.1,3640.0
2013-09-13,28.1,34000.0,308000.0,317000.0,90400.0,82100.0,5.0,250000.0,15.4,89500.0,257000.0,324.0,0.42,83800.0,568.0,323.0,27100.0,246.0,162.0,3.84,162.0,4290.0,2520.0,408.0,0.98,324.0,14.5,3370.0,1720.0,75.5,2910.0
2013-09-14,27.3,41600.0,308000.0,308000.0,89900.0,80700.0,5.0,245000.0,15.2,92400.0,250000.0,325.0,0.3,87200.0,560.0,321.0,27400.0,244.0,161.0,2.82,161.0,4220.0,2140.0,410.0,0.76,325.0,14.5,3330.0,1770.0,75.5,3100.0
2013-09-15,27.6,42500.0,308000.0,299000.0,92800.0,78100.0,5.03,234000.0,16.1,91400.0,243000.0,355.0,0.27,89900.0,609.0,358.0,25300.0,255.0,173.0,2.45,181.0,4350.0,2600.0,450.0,22.3,355.0,18.6,3530.0,2040.0,85.9,3560.0
2013-09-16,28.1,44300.0,308000.0,290000.0,94900.0,75100.0,5.11,222000.0,16.7,87600.0,230000.0,377.0,0.27,89600.0,624.0,363.0,28100.0,255.0,178.0,3.35,180.0,4380.0,2800.0,466.0,8.3,377.0,16.6,3560.0,2010.0,85.4,3580.0
2013-09-17,30.0,53500.0,308000.0,284000.0,94300.0,73200.0,5.32,217000.0,17.1,82400.0,229000.0,370.0,0.23,85500.0,603.0,343.0,30700.0,276.0,166.0,3.41,166.0,4280.0,2230.0,473.0,3.11,370.0,15.2,3520.0,1830.0,78.4,3730.0
2013-09-18,28.5,53700.0,308000.0,274000.0,90200.0,70700.0,5.5,214000.0,17.9,86400.0,201000.0,363.0,0.25,82000.0,596.0,343.0,31700.0,278.0,167.0,9.45,166.0,4230.0,2820.0,475.0,4.4,363.0,16.2,3610.0,1880.0,79.2,3430.0
2013-09-19,27.8,43100.0,308000.0,267000.0,88000.0,68400.0,5.67,216000.0,18.5,87800.0,211000.0,360.0,6.33,84700.0,596.0,336.0,30600.0,282.0,182.0,10.4,167.0,4190.0,2720.0,471.0,6.84,360.0,18.1,3720.0,2170.0,87.9,4110.0
2013-09-20,30.5,43200.0,308000.0,265000.0,90100.0,68000.0,9.28,211000.0,20.7,88600.0,215000.0,363.0,66.5,85700.0,597.0,340.0,31800.0,277.0,350.0,18.6,167.0,4420.0,2360.0,479.0,27.9,363.0,18.8,4130.0,2420.0,128.0,4450.0
2013-09-21,33.5,48700.0,308000.0,267000.0,91300.0,72700.0,8.95,219000.0,18.3,90100.0,230000.0,362.0,9.55,86800.0,573.0,320.0,31200.0,269.0,206.0,4.39,161.0,5290.0,2600.0,537.0,1.66,362.0,17.2,4200.0,2480.0,92.1,4190.0
2013-09-22,30.1,46900.0,308000.0,268000.0,91900.0,71700.0,7.76,222000.0,18.5,93500.0,219000.0,359.0,3.05,88700.0,560.0,308.0,30800.0,281.0,179.0,3.76,157.0,4510.0,2370.0,519.0,0.59,359.0,15.8,3920.0,2520.0,83.2,3480.0
2013-09-23,28.0,44500.0,308000.0,270000.0,94100.0,69100.0,6.42,221000.0,18.6,92900.0,212000.0,355.0,1.09,91400.0,551.0,301.0,31400.0,278.0,173.0,4.08,154.0,4440.0,2320.0,464.0,0.36,355.0,15.5,3740.0,2560.0,79.0,3420.0
2013-09-24,27.2,43700.0,308000.0,271000.0,96300.0,63300.0,8.44,217000.0,19.1,92600.0,204000.0,351.0,0.67,91300.0,543.0,293.0,31700.0,274.0,169.0,4.35,155.0,4490.0,2150.0,451.0,0.26,351.0,15.2,3620.0,2300.0,77.1,3620.0
2013-09-25,22.8,40700.0,308000.0,271000.0,96300.0,58700.0,5.62,216000.0,18.3,93000.0,213000.0,349.0,0.5,90900.0,535.0,288.0,31200.0,271.0,167.0,8.67,152.0,4480.0,2180.0,446.0,0.25,349.0,15.0,3450.0,2050.0,76.0,3530.0
2013-09-26,19.1,40600.0,308000.0,270000.0,96100.0,60900.0,4.22,217000.0,17.5,90400.0,216000.0,347.0,0.3,91100.0,533.0,284.0,31500.0,273.0,166.0,6.37,150.0,4280.0,2050.0,441.0,0.15,347.0,14.8,3530.0,2020.0,75.4,3150.0
2013-09-27,17.2,44200.0,308000.0,271000.0,95900.0,66000.0,3.53,216000.0,16.6,87900.0,205000.0,344.0,0.3,89000.0,529.0,282.0,30700.0,281.0,164.0,3.98,147.0,4070.0,2040.0,466.0,0.12,344.0,14.7,3550.0,2050.0,74.2,3010.0
2013-09-28,16.4,47200.0,308000.0,270000.0,93400.0,69600.0,3.51,214000.0,18.2,86500.0,198000.0,344.0,0.4,86200.0,531.0,286.0,30900.0,300.0,164.0,3.16,147.0,3920.0,1860.0,489.0,0.12,344.0,16.0,3490.0,2020.0,75.6,3250.0
2013-09-29,15.9,46600.0,308000.0,273000.0,91200.0,67500.0,3.95,213000.0,16.9,86000.0,211000.0,353.0,0.52,85100.0,531.0,294.0,27900.0,314.0,173.0,3.79,153.0,3830.0,2110.0,462.0,0.72,353.0,16.8,3410.0,2030.0,81.7,3300.0
2013-09-30,15.7,44900.0,308000.0,281000.0,90100.0,63000.0,4.0,208000.0,15.8,82700.0,197000.0,359.0,0.47,83700.0,522.0,278.0,26400.0,308.0,167.0,3.45,146.0,4100.0,1910.0,473.0,0.26,359.0,15.5,3310.0,2020.0,77.3,2940.0
2013-10-01,16.0,46200.0,308000.0,289000.0,88400.0,66900.0,5.25,210000.0,15.4,81200.0,204000.0,356.0,0.45,80400.0,519.0,274.0,25300.0,300.0,164.0,3.37,144.0,4340.0,1950.0,470.0,0.15,356.0,14.9,3320.0,2030.0,75.5,2970.0
2013-10-02,14.4,42000.0,308000.0,287000.0,85500.0,66900.0,3.65,215000.0,14.8,80100.0,203000.0,350.0,0.48,78400.0,513.0,267.0,25600.0,295.0,161.0,3.25,143.0,4050.0,1830.0,465.0,0.12,350.0,14.2,3270.0,2000.0,73.9,2930.0
2013-10-03,15.2,37700.0,308000.0,285000.0,83800.0,68600.0,3.9,222000.0,14.8,79400.0,203000.0,369.0,2.21,77500.0,536.0,300.0,25500.0,303.0,161.0,3.7,154.0,3810.0,2440.0,482.0,3.03,369.0,24.2,3730.0,2030.0,75.4,3290.0
2013-10-04,18.0,44000.0,308000.0,283000.0,82900.0,66600.0,18.3,226000.0,15.8,79100.0,211000.0,426.0,6.45,76500.0,619.0,370.0,28400.0,318.0,175.0,3.54,198.0,4240.0,2210.0,535.0,13.8,426.0,21.6,4700.0,2160.0,88.7,3360.0
2013-10-05,27.1,48200.0,308000.0,278000.0,82200.0,65900.0,9.9,227000.0,16.6,81500.0,207000.0,514.0,3.14,76500.0,3540.0,715.0,31200.0,381.0,179.0,3.93,590.0,5950.0,2440.0,927.0,3.45,514.0,21.0,4720.0,2840.0,87.9,3880.0
2013-10-06,18.8,47800.0,308000.0,273000.0,82400.0,63700.0,6.86,225000.0,17.3,88300.0,236000.0,621.0,1.42,79100.0,2680.0,861.0,35700.0,438.0,168.0,5.72,333.0,5220.0,2560.0,1440.0,0.62,621.0,18.9,5430.0,2990.0,81.8,3740.0
2013-10-07,17.0,45600.0,308000.0,268000.0,84500.0,66200.0,4.26,216000.0,27.6,94100.0,251000.0,671.0,0.93,85100.0,1730.0,561.0,40400.0,431.0,165.0,4.21,251.0,6520.0,2950.0,1900.0,0.28,671.0,17.0,6760.0,3640.0,79.0,3800.0
2013-10-08,16.8,47000.0,308000.0,266000.0,89600.0,64000.0,3.4,213000.0,20.9,99200.0,225000.0,668.0,0.72,91200.0,1340.0,534.0,41300.0,461.0,162.0,4.19,229.0,8330.0,2800.0,1630.0,0.2,668.0,15.7,7190.0,3740.0,75.9,3960.0
2013-10-09,16.1,51700.0,308000.0,262000.0,94900.0,63600.0,3.29,206000.0,17.3,97900.0,217000.0,513.0,0.6,95300.0,1150.0,472.0,42500.0,456.0,160.0,3.88,220.0,8990.0,3340.0,1370.0,0.13,513.0,15.3,7230.0,3850.0,74.1,4100.0
2013-10-10,16.4,54500.0,308000.0,257000.0,97700.0,60700.0,3.24,207000.0,16.6,99900.0,207000.0,425.0,0.55,95400.0,1030.0,423.0,42700.0,470.0,158.0,3.27,214.0,9010.0,3430.0,1540.0,0.12,425.0,15.2,6730.0,3820.0,73.3,4520.0
2013-10-11,15.9,55700.0,308000.0,265000.0,98000.0,61000.0,3.27,206000.0,15.5,103000.0,208000.0,401.0,0.57,96800.0,956.0,396.0,43000.0,435.0,159.0,3.2,211.0,8450.0,3330.0,1220.0,0.14,401.0,15.2,6460.0,3710.0,73.3,4530.0
2013-10-12,15.1,53300.0,308000.0,286000.0,99500.0,62600.0,4.68,205000.0,13.9,107000.0,206000.0,384.0,0.58,99700.0,897.0,370.0,43400.0,417.0,159.0,3.0,209.0,7300.0,3650.0,932.0,0.19,384.0,15.1,5300.0,3680.0,73.0,4650.0
2013-10-13,14.4,42900.0,308000.0,321000.0,102000.0,65200.0,3.42,210000.0,13.4,108000.0,206000.0,374.0,0.52,104000.0,844.0,344.0,43200.0,388.0,157.0,2.77,206.0,5600.0,3630.0,933.0,0.07,374.0,14.6,4770.0,3230.0,71.6,5080.0
2013-10-14,13.7,42400.0,308000.0,349000.0,105000.0,68800.0,3.43,224000.0,13.1,103000.0,207000.0,369.0,0.44,104000.0,805.0,329.0,43900.0,366.0,155.0,2.4,205.0,5460.0,3630.0,838.0,0.07,369.0,13.7,4760.0,3020.0,71.1,5130.0
2013-10-15,14.0,52800.0,308000.0,362000.0,105000.0,78200.0,3.83,246000.0,13.3,97500.0,233000.0,385.0,0.84,99900.0,805.0,338.0,41800.0,418.0,162.0,4.44,208.0,4600.0,4260.0,717.0,0.16,385.0,19.8,5070.0,2950.0,77.3,5710.0
2013-10-16,15.1,54300.0,308000.0,355000.0,101000.0,85900.0,3.72,262000.0,13.8,95200.0,255000.0,402.0,0.92,95500.0,798.0,339.0,37000.0,412.0,168.0,2.84,214.0,5640.0,4670.0,684.0,0.15,402.0,20.1,5430.0,3460.0,79.5,6080.0
2013-10-17,16.3,56000.0,308000.0,343000.0,97200.0,85200.0,3.8,268000.0,13.7,87700.0,282000.0,406.0,0.81,91900.0,775.0,327.0,33600.0,389.0,163.0,2.23,209.0,5440.0,5630.0,755.0,0.15,406.0,17.8,6270.0,4260.0,76.9,6650.0
2013-10-18,16.6,68300.0,308000.0,329000.0,93000.0,86900.0,3.83,267000.0,13.2,84800.0,275000.0,398.0,0.67,85000.0,755.0,319.0,33000.0,376.0,161.0,2.03,205.0,5880.0,5850.0,672.0,0.18,398.0,17.9,7120.0,4880.0,75.2,7610.0
2013-10-19,16.1,63700.0,308000.0,308000.0,87200.0,88400.0,3.97,263000.0,13.5,89400.0,279000.0,390.0,0.54,82800.0,734.0,312.0,38400.0,378.0,160.0,4.02,205.0,7010.0,6230.0,717.0,0.19,390.0,16.6,7790.0,5080.0,74.1,8090.0
2013-10-20,16.0,54600.0,308000.0,289000.0,85700.0,85700.0,3.82,253000.0,13.4,90800.0,259000.0,390.0,0.55,85800.0,723.0,311.0,43100.0,391.0,160.0,2.95,205.0,6560.0,6570.0,860.0,0.22,390.0,16.6,7210.0,5050.0,74.8,8460.0
2013-10-21,15.5,57800.0,308000.0,275000.0,87900.0,75700.0,4.14,243000.0,13.1,93400.0,238000.0,392.0,0.49,87900.0,710.0,304.0,43600.0,407.0,160.0,3.08,203.0,6800.0,6840.0,801.0,0.36,392.0,16.4,7350.0,5070.0,73.9,9040.0
2013-10-22,16.1,66200.0,308000.0,260000.0,89800.0,67600.0,4.89,238000.0,14.4,100000.0,239000.0,384.0,0.56,90900.0,695.0,295.0,43100.0,450.0,158.0,2.02,194.0,5620.0,6750.0,761.0,5.28,384.0,15.5,7630.0,5120.0,71.8,9350.0
2013-10-23,16.0,58700.0,308000.0,249000.0,93400.0,70600.0,5.01,225000.0,14.8,109000.0,245000.0,387.0,0.62,97100.0,679.0,292.0,44000.0,547.0,158.0,2.17,188.0,5990.0,6970.0,729.0,3.74,387.0,15.0,6790.0,5100.0,71.9,9050.0
2013-10-24,18.4,44300.0,308000.0,242000.0,99400.0,70400.0,4.8,212000.0,14.9,110000.0,215000.0,384.0,0.47,104000.0,668.0,286.0,43500.0,608.0,158.0,1.99,186.0,5520.0,6420.0,714.0,1.51,384.0,14.9,6700.0,4920.0,71.4,9170.0
2013-10-25,20.8,40100.0,308000.0,234000.0,105000.0,70400.0,4.57,198000.0,15.3,105000.0,211000.0,381.0,0.57,105000.0,657.0,281.0,42700.0,671.0,156.0,1.48,188.0,4740.0,6530.0,707.0,0.78,381.0,14.7,6530.0,4720.0,70.2,8820.0
2013-10-26,18.2,49400.0,308000.0,230000.0,106000.0,67100.0,4.47,191000.0,17.7,94100.0,198000.0,378.0,0.58,100000.0,648.0,281.0,42300.0,726.0,156.0,1.47,188.0,5060.0,6200.0,690.0,0.79,378.0,15.4,5960.0,4600.0,71.1,8420.0
2013-10-27,18.0,64100.0,308000.0,226000.0,101000.0,63400.0,4.34,185000.0,15.3,92300.0,186000.0,375.0,0.62,91600.0,641.0,275.0,42200.0,764.0,157.0,1.57,184.0,5540.0,5960.0,620.0,0.99,375.0,14.8,5980.0,4400.0,70.7,8270.0
2013-10-28,18.2,68600.0,308000.0,224000.0,93600.0,62800.0,4.38,184000.0,14.8,95800.0,183000.0,373.0,0.57,89900.0,631.0,271.0,41900.0,800.0,156.0,1.84,185.0,4660.0,5660.0,599.0,0.93,373.0,14.5,5980.0,4240.0,70.5,8250.0
2013-10-29,19.0,62200.0,308000.0,220000.0,92400.0,63400.0,4.31,182000.0,15.1,98000.0,181000.0,371.0,0.57,92700.0,624.0,269.0,43800.0,848.0,154.0,2.04,185.0,5220.0,5220.0,661.0,0.72,371.0,14.3,5880.0,4080.0,70.0,7980.0
2013-10-30,21.5,56300.0,308000.0,220000.0,95200.0,61100.0,6.69,184000.0,20.8,98700.0,174000.0,374.0,1.85,95000.0,625.0,271.0,44700.0,862.0,157.0,2.84,187.0,4650.0,5370.0,680.0,63.5,374.0,15.4,5650.0,4100.0,72.1,7310.0
2013-10-31,33.5,59400.0,308000.0,225000.0,99800.0,61900.0,14.6,189000.0,44.1,101000.0,157000.0,377.0,11.0,96800.0,634.0,282.0,49500.0,870.0,163.0,13.0,192.0,5160.0,5320.0,697.0,89.5,377.0,16.0,6040.0,4020.0,77.6,6930.0
2013-11-01,41.0,54600.0,308000.0,237000.0,112000.0,63900.0,14.4,196000.0,44.1,110000.0,194000.0,380.0,17.7,102000.0,630.0,282.0,47100.0,903.0,163.0,7.7,191.0,5720.0,5050.0,642.0,9.21,380.0,15.8,6080.0,3840.0,76.4,7260.0
2013-11-02,35.0,52200.0,308000.0,248000.0,113000.0,57000.0,10.9,206000.0,53.5,115000.0,225000.0,378.0,7.6,107000.0,620.0,272.0,44000.0,907.0,158.0,3.47,188.0,5100.0,5090.0,612.0,2.94,378.0,15.2,6050.0,3960.0,72.7,7050.0
2013-11-03,27.6,41300.0,308000.0,255000.0,114000.0,51500.0,6.55,223000.0,46.4,111000.0,220000.0,376.0,2.75,112000.0,606.0,266.0,40800.0,909.0,153.0,1.85,179.0,6440.0,5300.0,618.0,1.55,376.0,14.8,5620.0,3670.0,70.1,6760.0
2013-11-04,22.9,60300.0,308000.0,253000.0,116000.0,49900.0,4.84,238000.0,36.9,107000.0,231000.0,374.0,1.71,109000.0,601.0,265.0,42900.0,917.0,152.0,3.12,181.0,6560.0,5050.0,593.0,1.25,374.0,15.1,5390.0,3860.0,70.2,7020.0
2013-11-05,21.5,68400.0,308000.0,253000.0,112000.0,49200.0,4.56,249000.0,30.4,112000.0,224000.0,382.0,1.21,106000.0,612.0,276.0,38200.0,927.0,156.0,6.42,204.0,5420.0,5300.0,601.0,1.6,382.0,15.5,5880.0,3770.0,73.7,6940.0
2013-11-06,23.0,55700.0,308000.0,251000.0,111000.0,45300.0,5.53,251000.0,29.7,113000.0,244000.0,447.0,6.45,110000.0,727.0,358.0,38800.0,945.0,216.0,23.3,213.0,6520.0,4830.0,708.0,62.6,447.0,17.5,6580.0,3790.0,113.0,7150.0
2013-11-07,24.0,46000.0,308000.0,258000.0,113000.0,47900.0,5.63,244000.0,25.0,109000.0,284000.0,488.0,9.04,111000.0,713.0,375.0,39100.0,938.0,192.0,8.98,209.0,7060.0,5140.0,826.0,6.24,488.0,16.1,6240.0,3810.0,92.7,6950.0
2013-11-08,28.4,42700.0,308000.0,278000.0,113000.0,52800.0,6.07,242000.0,21.9,111000.0,249000.0,494.0,7.49,109000.0,696.0,360.0,40900.0,933.0,165.0,4.45,202.0,8000.0,4810.0,1100.0,2.51,494.0,15.7,5910.0,3750.0,77.5,6650.0
2013-11-09,24.8,48100.0,308000.0,293000.0,111000.0,61700.0,5.37,235000.0,21.8,115000.0,241000.0,456.0,6.56,110000.0,696.0,360.0,42000.0,935.0,160.0,2.28,204.0,8700.0,5030.0,1100.0,1.46,456.0,16.2,6380.0,3800.0,75.3,6740.0
2013-11-10,22.8,59900.0,308000.0,306000.0,112000.0,64200.0,4.95,234000.0,20.1,117000.0,238000.0,430.0,4.07,113000.0,680.0,350.0,42800.0,932.0,157.0,2.23,196.0,7090.0,4820.0,957.0,1.42,430.0,15.3,6210.0,3810.0,72.0,6720.0
2013-11-11,22.0,56000.0,308000.0,316000.0,115000.0,61600.0,4.93,241000.0,19.8,118000.0,235000.0,420.0,2.79,115000.0,668.0,338.0,44700.0,932.0,155.0,1.98,199.0,7410.0,4840.0,1080.0,1.57,420.0,14.9,5980.0,3900.0,71.3,6550.0
2013-11-12,22.0,60500.0,308000.0,320000.0,117000.0,64100.0,6.22,251000.0,20.0,112000.0,265000.0,411.0,3.3,115000.0,646.0,319.0,49100.0,947.0,153.0,1.73,191.0,7970.0,4520.0,871.0,1.94,411.0,14.0,5950.0,3380.0,69.0,6640.0
2013-11-13,21.6,62700.0,308000.0,319000.0,116000.0,70200.0,6.1,260000.0,19.8,111000.0,262000.0,403.0,3.5,111000.0,627.0,310.0,44600.0,948.0,150.0,1.72,192.0,8000.0,3980.0,804.0,1.2,403.0,14.4,5660.0,3380.0,67.3,6010.0
2013-11-14,22.5,57600.0,308000.0,313000.0,112000.0,68300.0,6.41,266000.0,19.9,111000.0,260000.0,400.0,3.06,109000.0,626.0,306.0,44900.0,934.0,153.0,1.61,198.0,7510.0,4380.0,794.0,1.15,400.0,14.8,5530.0,3390.0,70.0,5660.0
2013-11-15,22.0,51400.0,308000.0,306000.0,111000.0,69800.0,5.04,266000.0,18.8,114000.0,263000.0,399.0,2.46,109000.0,630.0,304.0,44600.0,934.0,155.0,1.72,198.0,7300.0,4660.0,795.0,1.33,399.0,14.9,5820.0,3450.0,70.8,5630.0
2013-11-16,21.5,47700.0,308000.0,301000.0,111000.0,71800.0,4.22,264000.0,18.7,111000.0,250000.0,401.0,3.39,112000.0,643.0,309.0,44000.0,930.0,155.0,1.91,203.0,6120.0,4760.0,823.0,1.48,401.0,15.6,5440.0,3320.0,71.7,6150.0
2013-11-17,24.4,53100.0,308000.0,304000.0,119000.0,68900.0,8.0,262000.0,24.7,104000.0,245000.0,422.0,5.15,109000.0,653.0,318.0,41100.0,936.0,187.0,1.63,208.0,6560.0,4530.0,810.0,22.3,422.0,16.7,5590.0,3430.0,102.0,6700.0
2013-11-18,26.0,64500.0,308000.0,305000.0,118000.0,71600.0,9.25,259000.0,24.6,101000.0,253000.0,433.0,4.71,102000.0,641.0,309.0,42300.0,933.0,217.0,1.57,204.0,6950.0,4500.0,804.0,5.97,433.0,15.7,6510.0,3410.0,113.0,6360.0
2013-11-19,26.1,70400.0,308000.0,300000.0,109000.0,70000.0,7.73,260000.0,23.4,104000.0,255000.0,427.0,4.0,99500.0,620.0,294.0,41600.0,926.0,168.0,1.44,197.0,8720.0,4510.0,842.0,2.1,427.0,14.7,6750.0,3430.0,81.5,6000.0
2013-11-20,28.1,63900.0,308000.0,293000.0,106000.0,75700.0,6.05,257000.0,28.6,106000.0,249000.0,416.0,4.59,102000.0,615.0,291.0,39800.0,920.0,161.0,2.8,197.0,9220.0,4280.0,876.0,27.5,416.0,14.4,7550.0,3390.0,76.8,5780.0
2013-11-21,28.1,55600.0,308000.0,286000.0,107000.0,79300.0,6.87,252000.0,35.3,103000.0,248000.0,415.0,5.58,104000.0,613.0,289.0,43300.0,933.0,159.0,16.2,199.0,8980.0,4690.0,881.0,17.4,415.0,14.7,7600.0,3320.0,75.9,5780.0
2013-11-22,27.7,53300.0,308000.0,283000.0,113000.0,76700.0,6.07,245000.0,31.0,104000.0,241000.0,416.0,6.34,103000.0,606.0,283.0,45400.0,923.0,155.0,16.3,193.0,7020.0,4080.0,889.0,5.37,416.0,14.4,6550.0,3310.0,72.8,6310.0
2013-11-23,28.2,58800.0,308000.0,293000.0,111000.0,78200.0,6.9,239000.0,26.2,107000.0,246000.0,410.0,6.1,103000.0,587.0,277.0,53500.0,911.0,151.0,10.2,183.0,6790.0,2560.0,903.0,2.72,410.0,14.1,5510.0,2260.0,68.6,4960.0
2013-11-24,24.0,68600.0,308000.0,326000.0,109000.0,79200.0,6.69,242000.0,24.0,110000.0,241000.0,378.0,5.5,105000.0,531.0,263.0,51900.0,909.0,138.0,5.26,181.0,7040.0,2440.0,854.0,1.81,378.0,14.3,5360.0,1790.0,59.8,4120.0
2013-11-25,21.8,71800.0,308000.0,366000.0,110000.0,88300.0,5.86,253000.0,21.6,111000.0,235000.0,365.0,5.0,108000.0,543.0,254.0,43800.0,906.0,160.0,3.27,187.0,7170.0,3010.0,759.0,1.53,365.0,14.3,5320.0,1830.0,74.1,3860.0
2013-11-26,19.3,60900.0,308000.0,401000.0,112000.0,82800.0,5.46,279000.0,19.0,111000.0,298000.0,398.0,4.5,109000.0,623.0,246.0,39700.0,904.0,160.0,2.98,190.0,6540.0,2830.0,708.0,1.5,398.0,14.2,4240.0,2300.0,69.3,4170.0
2013-11-27,17.5,46300.0,308000.0,424000.0,113000.0,71400.0,5.51,314000.0,18.0,102000.0,340000.0,465.0,4.0,108000.0,561.0,238.0,34800.0,901.0,160.0,2.68,186.0,7160.0,3010.0,580.0,1.35,465.0,14.3,4460.0,2460.0,62.3,3830.0
2013-11-28,19.8,43400.0,308000.0,435000.0,110000.0,71100.0,5.75,342000.0,18.0,91100.0,342000.0,523.0,4.0,101000.0,590.0,291.0,28900.0,901.0,160.0,2.38,184.0,5350.0,3330.0,585.0,1.27,523.0,14.2,4560.0,2290.0,68.4,4180.0
2013-11-29,18.0,49300.0,308000.0,428000.0,102000.0,70700.0,5.65,356000.0,20.0,87000.0,354000.0,448.0,5.5,91100.0,580.0,275.0,31400.0,895.0,160.0,2.38,183.0,4950.0,3180.0,571.0,1.36,448.0,14.2,4770.0,2200.0,63.7,4280.0
2013-11-30,18.7,42200.0,308000.0,409000.0,93400.0,70000.0,4.95,368000.0,17.0,87100.0,369000.0,376.0,5.63,86500.0,590.0,363.0,31100.0,895.0,160.0,2.39,185.0,6300.0,3560.0,567.0,1.19,376.0,14.5,5230.0,2630.0,70.3,4500.0
2013-12-01,18.8,41600.0,308000.0,388000.0,89100.0,72000.0,5.41,369000.0,17.0,85300.0,382000.0,362.0,4.59,86200.0,589.0,325.0,31400.0,899.0,160.0,2.52,188.0,6260.0,3560.0,576.0,1.27,362.0,14.6,4710.0,2620.0,68.0,4770.0
2013-12-02,19.3,52400.0,308000.0,367000.0,88400.0,72700.0,5.86,361000.0,18.0,84100.0,362000.0,373.0,5.98,84900.0,581.0,297.0,31200.0,894.0,170.0,2.49,190.0,6430.0,3510.0,604.0,1.46,373.0,15.2,4400.0,2800.0,67.9,5430.0
2013-12-03,20.2,47900.0,308000.0,349000.0,87000.0,70400.0,5.93,348000.0,19.1,88500.0,368000.0,378.0,6.25,85300.0,595.0,283.0,31200.0,921.0,166.0,2.33,197.0,6710.0,3420.0,594.0,1.86,378.0,16.6,5190.0,2770.0,70.0,5500.0
2013-12-04,21.2,44200.0,308000.0,342000.0,87700.0,75100.0,5.71,333000.0,21.8,86000.0,347000.0,395.0,7.0,87900.0,602.0,262.0,35200.0,969.0,157.0,2.21,199.0,5820.0,3330.0,576.0,1.77,395.0,17.6,5380.0,2580.0,71.7,5330.0
2013-12-05,20.0,44200.0,308000.0,340000.0,89300.0,80700.0,5.4,320000.0,20.0,83900.0,328000.0,370.0,6.5,86300.0,590.0,256.0,35700.0,1000.0,154.0,2.11,193.0,5540.0,2930.0,590.0,1.73,370.0,17.0,4730.0,2280.0,70.1,3680.0
2013-12-06,18.0,49300.0,308000.0,344000.0,88400.0,87600.0,4.8,311000.0,17.5,83400.0,331000.0,404.0,6.0,84300.0,522.0,231.0,38500.0,1020.0,140.0,2.13,183.0,7120.0,2520.0,585.0,1.37,404.0,15.2,4600.0,1820.0,50.0,2950.0
2013-12-07,17.0,50900.0,308000.0,358000.0,86100.0,84900.0,4.6,304000.0,15.9,85200.0,344000.0,376.0,5.5,84200.0,473.0,222.0,36500.0,1020.0,140.0,2.1,175.0,6960.0,2470.0,558.0,0.88,376.0,14.0,4260.0,1920.0,53.0,2710.0
2013-12-08,16.0,50900.0,308000.0,378000.0,86300.0,84500.0,4.4,306000.0,15.0,83300.0,316000.0,344.0,5.0,85400.0,482.0,230.0,34800.0,1020.0,140.0,2.1,169.0,6820.0,2550.0,558.0,0.77,344.0,14.5,3860.0,2080.0,60.0,3140.0
2013-12-09,15.0,42600.0,308000.0,386000.0,87000.0,87400.0,4.3,320000.0,14.2,80200.0,332000.0,332.0,4.5,83700.0,442.0,225.0,30700.0,1020.0,130.0,2.1,168.0,6120.0,2700.0,558.0,0.88,332.0,14.7,3860.0,2070.0,58.0,3530.0
2013-12-10,15.0,34700.0,308000.0,385000.0,86400.0,93500.0,4.4,328000.0,14.2,75600.0,354000.0,313.0,4.0,80300.0,455.0,219.0,25400.0,1020.0,130.0,1.99,169.0,5320.0,2990.0,536.0,0.92,313.0,14.7,3910.0,2100.0,56.0,3820.0
2013-12-11,16.0,32700.0,308000.0,379000.0,85600.0,101000.0,4.5,330000.0,14.9,72500.0,344000.0,321.0,4.5,75900.0,484.0,216.0,25700.0,1010.0,120.0,1.9,171.0,6030.0,2980.0,511.0,0.8,321.0,14.3,3940.0,2330.0,54.0,3970.0
2013-12-12,15.0,35000.0,308000.0,377000.0,84600.0,102000.0,4.3,327000.0,14.1,69400.0,335000.0,334.0,4.0,72600.0,482.0,210.0,25100.0,1000.0,120.0,1.62,174.0,5850.0,3030.0,480.0,0.87,334.0,14.3,4090.0,2280.0,54.0,3970.0
2013-12-13,16.0,45100.0,308000.0,382000.0,82700.0,99500.0,4.5,326000.0,14.9,66200.0,329000.0,315.0,5.0,69100.0,497.0,210.0,25000.0,1030.0,120.0,3.8,173.0,5900.0,2990.0,491.0,0.97,315.0,14.3,4700.0,2370.0,53.0,4010.0
2013-12-14,15.0,51500.0,308000.0,406000.0,79800.0,102000.0,4.2,329000.0,14.1,68300.0,338000.0,324.0,4.5,66600.0,503.0,209.0,27000.0,1050.0,120.0,8.68,167.0,7150.0,3060.0,503.0,0.99,324.0,14.5,4850.0,2390.0,53.0,4040.0
2013-12-15,15.0,45700.0,308000.0,457000.0,80800.0,106000.0,4.4,334000.0,14.1,73400.0,360000.0,339.0,4.5,67900.0,450.0,209.0,30100.0,1060.0,120.0,7.58,164.0,6830.0,3120.0,515.0,0.82,339.0,14.8,4610.0,2440.0,52.0,4070.0
2013-12-16,16.0,44700.0,308000.0,528000.0,82600.0,109000.0,4.4,351000.0,14.9,71900.0,344000.0,332.0,5.0,72100.0,478.0,208.0,28700.0,1070.0,120.0,6.03,167.0,6570.0,3210.0,540.0,0.96,332.0,14.8,4460.0,2440.0,52.0,4150.0
2013-12-17,14.4,40700.0,308000.0,587000.0,84900.0,130000.0,4.2,386000.0,13.0,73600.0,372000.0,332.0,5.5,71900.0,463.0,206.0,29000.0,1080.0,120.0,5.38,166.0,6430.0,3260.0,539.0,0.89,332.0,14.6,4680.0,2440.0,52.0,4240.0
2013-12-18,14.4,41900.0,308000.0,627000.0,84000.0,160000.0,4.3,427000.0,13.0,76200.0,404000.0,332.0,6.0,73500.0,472.0,198.0,29800.0,1110.0,120.0,6.27,169.0,5900.0,3180.0,558.0,0.67,332.0,14.8,4650.0,2400.0,52.0,4250.0
2013-12-19,15.6,39100.0,308000.0,653000.0,83500.0,184000.0,4.4,463000.0,13.7,77300.0,433000.0,336.0,6.5,76100.0,529.0,196.0,32200.0,1130.0,120.0,16.9,171.0,5540.0,3070.0,545.0,1.13,336.0,14.6,4280.0,2440.0,51.0,4220.0
2013-12-20,16.9,32400.0,308000.0,668000.0,84900.0,202000.0,4.7,492000.0,15.4,76200.0,459000.0,324.0,10.0,77200.0,533.0,181.0,34800.0,1140.0,120.0,10.4,171.0,6340.0,3100.0,558.0,3.24,324.0,14.4,4310.0,2350.0,51.0,4200.0
2013-12-21,16.1,33800.0,308000.0,665000.0,112000.0,213000.0,4.2,511000.0,14.7,80800.0,477000.0,313.0,20.0,83800.0,527.0,177.0,35000.0,1160.0,110.0,101.0,171.0,6520.0,3210.0,558.0,2.2,313.0,14.4,4240.0,2480.0,50.0,4200.0
2013-12-22,15.3,41500.0,308000.0,675000.0,150000.0,215000.0,4.0,524000.0,13.8,84900.0,543000.0,322.0,14.7,99400.0,510.0,168.0,33400.0,1160.0,110.0,54.1,171.0,6660.0,3210.0,545.0,1.4,322.0,14.3,4300.0,2480.0,48.0,4210.0
2013-12-23,14.8,41000.0,308000.0,685000.0,141000.0,199000.0,4.1,533000.0,12.9,79700.0,600000.0,299.0,10.0,97600.0,491.0,155.0,34500.0,1170.0,110.0,19.0,170.0,6340.0,3120.0,536.0,1.16,299.0,14.4,4120.0,2410.0,47.0,4150.0
2013-12-24,15.7,43800.0,308000.0,704000.0,129000.0,180000.0,4.5,543000.0,13.8,75000.0,594000.0,315.0,6.5,89900.0,489.0,144.0,33000.0,1170.0,110.0,11.0,171.0,5670.0,3070.0,523.0,1.03,315.0,14.4,4260.0,2310.0,46.0,3980.0
2013-12-25,16.4,40500.0,308000.0,720000.0,120000.0,180000.0,4.7,554000.0,14.7,71500.0,598000.0,332.0,5.5,84500.0,500.0,150.0,33600.0,1170.0,110.0,8.2,171.0,5410.0,3100.0,519.0,1.23,332.0,14.9,4400.0,2270.0,50.0,4050.0
2013-12-26,17.5,51100.0,308000.0,740000.0,114000.0,176000.0,4.9,568000.0,15.4,79800.0,618000.0,341.0,5.99,80700.0,504.0,153.0,34500.0,1190.0,120.0,7.3,170.0,5900.0,3210.0,536.0,1.23,341.0,14.8,4450.0,2330.0,52.0,4040.0
2013-12-27,18.3,53700.0,308000.0,768000.0,111000.0,181000.0,5.0,585000.0,16.2,86100.0,625000.0,339.0,6.96,86500.0,510.0,157.0,35400.0,1200.0,120.0,6.41,172.0,5540.0,3280.0,556.0,1.33,339.0,14.5,4420.0,2280.0,52.0,4100.0
2013-12-28,19.1,47600.0,308000.0,800000.0,116000.0,183000.0,4.8,602000.0,16.0,86000.0,655000.0,327.0,7.5,91100.0,508.0,162.0,35100.0,1210.0,120.0,6.05,172.0,5850.0,3300.0,564.0,1.96,327.0,14.4,4320.0,2320.0,51.0,4180.0
2013-12-29,18.4,38300.0,308000.0,828000.0,118000.0,186000.0,4.7,621000.0,15.8,83900.0,665000.0,301.0,7.0,90800.0,487.0,158.0,34300.0,1210.0,120.0,5.48,169.0,5900.0,3220.0,556.0,3.19,301.0,14.0,4080.0,2390.0,51.0,4220.0
2013-12-30,17.8,31200.0,308000.0,850000.0,115000.0,206000.0,4.7,639000.0,15.1,80500.0,678000.0,320.0,6.5,88300.0,482.0,153.0,34900.0,1200.0,120.0,4.8,168.0,5670.0,3190.0,545.0,1.59,320.0,14.0,3850.0,2350.0,50.0,4210.0
2013-12-31,18.9,36800.0,308000.0,868000.0,111000.0,246000.0,4.7,652000.0,15.9,74100.0,710000.0,317.0,6.5,84000.0,484.0,149.0,32900.0,1180.0,120.0,4.7,169.0,5720.0,3150.0,521.0,1.17,317.0,14.0,3840.0,2350.0,51.0,4100.0
2014-01-01,17.8,43000.0,308000.0,884000.0,104000.0,276000.0,4.3,656000.0,15.0,75200.0,697000.0,320.0,6.0,78900.0,446.0,155.0,32700.0,1190.0,120.0,4.94,166.0,5720.0,3250.0,537.0,1.05,320.0,14.0,3900.0,2290.0,51.0,4000.0
2014-01-02,16.6,33600.0,308000.0,896000.0,99300.0,277000.0,4.1,663000.0,14.2,80500.0,750000.0,297.0,5.5,79400.0,461.0,167.0,31500.0,1190.0,110.0,5.9,168.0,5940.0,3250.0,539.0,0.91,297.0,14.0,4200.0,2260.0,50.0,4040.0
2014-01-03,15.9,33900.0,308000.0,903000.0,99200.0,281000.0,4.1,669000.0,13.5,71700.0,729000.0,284.0,4.99,82200.0,477.0,160.0,29600.0,1190.0,110.0,5.18,170.0,5900.0,3210.0,534.0,0.81,284.0,14.0,4000.0,2200.0,49.0,4000.0
2014-01-04,16.9,36500.0,308000.0,907000.0,98400.0,281000.0,4.2,673000.0,14.1,67900.0,725000.0,286.0,6.0,75700.0,470.0,163.0,28900.0,1180.0,110.0,4.78,169.0,5850.0,3280.0,501.0,0.86,286.0,13.7,3730.0,2140.0,48.0,3940.0
2014-01-05,15.8,37700.0,308000.0,909000.0,93400.0,278000.0,3.8,678000.0,13.4,70000.0,740000.0,278.0,5.5,72700.0,457.0,144.0,32200.0,1180.0,110.0,6.02,167.0,6210.0,3260.0,496.0,0.86,278.0,13.4,3600.0,2110.0,47.0,3990.0
2014-01-06,14.5,26500.0,308000.0,909000.0,91800.0,281000.0,3.6,683000.0,12.0,68900.0,791000.0,280.0,5.5,72300.0,424.0,131.0,31300.0,1170.0,110.0,5.49,166.0,6430.0,3120.0,491.0,0.79,280.0,13.4,3470.0,2170.0,47.0,3980.0
2014-01-07,14.6,43300.0,308000.0,907000.0,86800.0,291000.0,3.9,683000.0,12.0,67000.0,742000.0,276.0,5.95,69500.0,412.0,147.0,29800.0,1160.0,110.0,5.7,168.0,6080.0,3140.0,489.0,0.45,276.0,13.4,3750.0,2050.0,48.0,3930.0
2014-01-08,16.0,49800.0,308000.0,898000.0,83700.0,298000.0,4.3,681000.0,13.0,68400.0,709000.0,253.0,6.5,68200.0,410.0,160.0,29700.0,1160.0,110.0,6.29,166.0,5940.0,3060.0,491.0,0.98,253.0,13.4,4370.0,1890.0,49.0,3880.0
2014-01-09,16.9,48700.0,308000.0,884000.0,82500.0,301000.0,4.6,678000.0,14.0,75200.0,711000.0,237.0,7.5,69200.0,409.0,167.0,28500.0,1160.0,110.0,4.69,167.0,6160.0,3110.0,494.0,0.98,237.0,13.4,3950.0,1980.0,50.0,3820.0
2014-01-10,18.8,45300.0,308000.0,868000.0,81400.0,299000.0,5.1,672000.0,15.0,88200.0,694000.0,240.0,15.0,75100.0,409.0,173.0,28600.0,1160.0,120.0,125.0,165.0,6300.0,2970.0,470.0,2.32,240.0,13.6,3700.0,1890.0,53.0,3780.0
2014-01-11,255.0,45000.0,308000.0,852000.0,97400.0,292000.0,7.9,666000.0,16.5,89800.0,729000.0,247.0,500.0,91800.0,411.0,179.0,30100.0,1160.0,130.0,121.0,164.0,6310.0,3060.0,452.0,3.66,247.0,14.1,3750.0,1890.0,56.0,3730.0
2014-01-12,891.0,47700.0,308000.0,830000.0,112000.0,281000.0,36.0,658000.0,22.0,88800.0,687000.0,260.0,950.0,98500.0,417.0,181.0,31800.0,1180.0,140.0,42.2,162.0,6350.0,3000.0,436.0,5.55,260.0,14.2,3840.0,1920.0,61.0,3820.0
2014-01-13,755.0,63600.0,308000.0,804000.0,113000.0,278000.0,400.0,647000.0,300.0,88300.0,657000.0,272.0,600.0,97200.0,431.0,181.0,32200.0,1190.0,140.0,26.6,164.0,6440.0,3100.0,434.0,4.17,272.0,14.0,4200.0,1950.0,63.0,3870.0
2014-01-14,593.0,61300.0,308000.0,775000.0,111000.0,258000.0,200.0,633000.0,450.0,93300.0,655000.0,276.0,250.0,97100.0,457.0,178.0,33800.0,1190.0,140.0,18.6,169.0,6800.0,3100.0,470.0,3.06,276.0,15.6,4550.0,1950.0,63.0,3830.0
2014-01-15,300.0,56100.0,308000.0,748000.0,112000.0,223000.0,70.0,620000.0,300.0,98400.0,656000.0,278.0,150.0,99900.0,476.0,176.0,33100.0,1180.0,140.0,14.1,169.0,6350.0,3040.0,491.0,2.0,278.0,15.0,4570.0,1950.0,63.0,3880.0
2014-01-16,172.0,51700.0,308000.0,727000.0,114000.0,201000.0,30.0,607000.0,150.0,99900.0,584000.0,282.0,100.0,101000.0,470.0,174.0,32600.0,1150.0,140.0,11.7,168.0,6400.0,3030.0,491.0,2.47,282.0,14.3,4570.0,2050.0,62.0,3800.0
2014-01-17,115.0,61000.0,308000.0,713000.0,117000.0,197000.0,23.0,596000.0,100.0,100000.0,607000.0,288.0,50.0,101000.0,447.0,174.0,31200.0,1110.0,140.0,19.2,166.0,6800.0,3060.0,503.0,1.5,288.0,14.0,4500.0,2050.0,62.0,3800.0
2014-01-18,89.7,73500.0,308000.0,702000.0,116000.0,191000.0,16.0,583000.0,70.0,98300.0,560000.0,288.0,29.6,98600.0,439.0,175.0,30500.0,1090.0,140.0,24.2,166.0,6840.0,3060.0,508.0,0.83,288.0,14.3,4570.0,2050.0,62.0,3810.0
2014-01-19,59.2,71500.0,308000.0,701000.0,114000.0,187000.0,13.0,573000.0,50.0,100000.0,562000.0,282.0,20.4,96800.0,430.0,172.0,30000.0,1080.0,140.0,18.0,164.0,6890.0,3110.0,511.0,0.69,282.0,14.0,4570.0,2050.0,62.0,3900.0
2014-01-20,50.7,76800.0,308000.0,706000.0,113000.0,183000.0,13.0,567000.0,45.0,100000.0,532000.0,280.0,15.0,98400.0,414.0,173.0,30300.0,1090.0,140.0,18.3,162.0,7110.0,3090.0,513.0,0.23,280.0,13.8,4540.0,2080.0,62.0,3930.0
2014-01-21,46.3,73700.0,308000.0,717000.0,113000.0,188000.0,11.0,566000.0,40.0,103000.0,573000.0,276.0,10.5,98600.0,412.0,164.0,29700.0,1090.0,140.0,22.1,158.0,7250.0,3110.0,506.0,0.14,276.0,13.8,4630.0,2080.0,61.0,3880.0
2014-01-22,40.1,69500.0,308000.0,737000.0,112000.0,195000.0,9.5,565000.0,35.0,92800.0,546000.0,278.0,7.0,98700.0,411.0,162.0,29800.0,1080.0,140.0,30.6,155.0,6840.0,3100.0,494.0,0.24,278.0,13.6,4650.0,2050.0,60.0,3980.0
2014-01-23,35.2,54400.0,308000.0,758000.0,109000.0,201000.0,9.0,570000.0,30.0,88700.0,536000.0,276.0,5.0,90300.0,412.0,162.0,28200.0,1070.0,140.0,22.8,155.0,6490.0,3170.0,496.0,0.12,276.0,13.7,4630.0,2050.0,58.0,3960.0
2014-01-24,36.2,41100.0,308000.0,769000.0,96900.0,206000.0,10.0,579000.0,30.0,86100.0,560000.0,276.0,4.5,84400.0,415.0,169.0,24800.0,1070.0,140.0,15.1,153.0,5910.0,3220.0,496.0,0.53,276.0,13.7,4500.0,2050.0,58.0,3960.0
2014-01-25,39.6,54800.0,308000.0,769000.0,89300.0,209000.0,12.0,587000.0,35.0,88800.0,572000.0,278.0,5.5,82400.0,426.0,173.0,26300.0,1070.0,140.0,9.81,155.0,6090.0,3180.0,494.0,1.43,278.0,13.7,4440.0,2080.0,59.0,4080.0
2014-01-26,45.7,63400.0,308000.0,764000.0,86700.0,209000.0,12.0,592000.0,40.0,92800.0,551000.0,286.0,6.0,85300.0,428.0,176.0,28000.0,1070.0,140.0,7.51,156.0,6130.0,3110.0,513.0,2.29,286.0,14.0,4500.0,2110.0,60.0,4080.0
2014-01-27,43.4,58800.0,308000.0,733000.0,89000.0,209000.0,9.4,595000.0,35.0,89100.0,586000.0,280.0,5.0,88300.0,422.0,175.0,28700.0,1070.0,140.0,10.7,157.0,6350.0,3080.0,524.0,1.5,280.0,14.0,4340.0,2110.0,60.0,3990.0
2014-01-28,36.6,47400.0,308000.0,693000.0,90200.0,208000.0,9.1,587000.0,30.0,79800.0,584000.0,280.0,4.0,84900.0,417.0,171.0,28800.0,1060.0,140.0,6.44,159.0,6580.0,3080.0,526.0,1.42,280.0,13.2,4500.0,2020.0,59.0,3900.0
2014-01-29,37.1,40400.0,308000.0,654000.0,85900.0,200000.0,10.0,567000.0,30.2,78400.0,554000.0,286.0,3.0,77400.0,414.0,165.0,29000.0,1060.0,140.0,6.44,158.0,6350.0,3080.0,521.0,1.2,286.0,14.0,4460.0,2020.0,59.0,3850.0
2014-01-30,40.7,39900.0,308000.0,606000.0,79800.0,189000.0,11.0,539000.0,35.5,81100.0,518000.0,278.0,2.48,75300.0,405.0,167.0,28100.0,1060.0,140.0,7.86,156.0,6350.0,3110.0,521.0,0.93,278.0,14.7,4640.0,1970.0,60.0,3840.0
2014-01-31,40.7,47400.0,308000.0,560000.0,78400.0,170000.0,9.8,508000.0,35.8,89300.0,482000.0,280.0,2.29,79000.0,397.0,166.0,28000.0,1060.0,140.0,11.4,153.0,6620.0,3040.0,519.0,1.1,280.0,14.6,4660.0,1940.0,61.0,3880.0
2014-02-01,35.2,47200.0,308000.0,517000.0,82300.0,157000.0,8.0,480000.0,30.4,91800.0,450000.0,270.0,2.1,86100.0,378.0,169.0,27800.0,1060.0,130.0,36.3,150.0,6930.0,3020.0,521.0,0.99,270.0,14.0,4540.0,1980.0,60.0,3790.0
2014-02-02,31.4,50200.0,308000.0,474000.0,88600.0,150000.0,7.5,451000.0,25.5,85100.0,427000.0,278.0,2.0,88800.0,381.0,170.0,27900.0,1060.0,130.0,24.9,145.0,7070.0,3040.0,526.0,0.75,278.0,13.7,4450.0,2010.0,58.0,3870.0
2014-02-03,30.2,44700.0,308000.0,438000.0,89600.0,140000.0,8.0,428000.0,25.5,79400.0,444000.0,275.0,2.0,83300.0,383.0,165.0,28600.0,1060.0,130.0,17.2,141.0,7020.0,3050.0,521.0,0.61,275.0,13.4,4470.0,1950.0,56.0,3870.0
2014-02-04,30.2,42800.0,308000.0,416000.0,85600.0,114000.0,8.0,405000.0,26.0,75200.0,389000.0,266.0,3.0,78500.0,381.0,165.0,28400.0,1060.0,120.0,16.9,143.0,7290.0,3030.0,519.0,0.62,266.0,13.3,4330.0,1980.0,55.0,3860.0
2014-02-05,31.4,42500.0,308000.0,411000.0,80300.0,102000.0,7.6,387000.0,26.0,73900.0,416000.0,264.0,3.5,75800.0,375.0,164.0,28500.0,1060.0,120.0,16.7,143.0,7380.0,3000.0,516.0,0.69,264.0,13.3,4290.0,1990.0,54.0,3770.0
2014-02-06,29.4,39700.0,308000.0,423000.0,79300.0,92400.0,7.1,373000.0,24.2,75400.0,393000.0,274.0,3.0,74300.0,370.0,165.0,27600.0,1060.0,120.0,15.2,141.0,7510.0,3010.0,513.0,0.54,274.0,13.4,4270.0,1970.0,52.0,3810.0
2014-02-07,29.8,38100.0,308000.0,445000.0,81400.0,90000.0,7.4,374000.0,23.3,78100.0,381000.0,268.0,2.5,73900.0,369.0,173.0,27000.0,1040.0,120.0,13.4,139.0,7510.0,3020.0,506.0,0.32,268.0,13.4,4190.0,1950.0,51.0,3780.0
2014-02-08,30.6,38700.0,308000.0,463000.0,85500.0,93600.0,7.8,381000.0,24.7,79200.0,385000.0,274.0,3.5,76500.0,371.0,176.0,26500.0,1030.0,120.0,6.55,138.0,7470.0,3000.0,491.0,0.47,274.0,13.3,4040.0,1980.0,50.0,3700.0
2014-02-09,31.0,43000.0,308000.0,480000.0,88700.0,94400.0,7.6,392000.0,25.3,81500.0,390000.0,286.0,4.0,77700.0,373.0,176.0,26700.0,1020.0,120.0,5.71,138.0,7340.0,3020.0,501.0,1.26,286.0,13.2,3840.0,1920.0,50.0,3750.0
2014-02-10,30.2,46300.0,308000.0,503000.0,90100.0,98600.0,7.2,407000.0,24.4,82500.0,405000.0,270.0,3.5,79100.0,366.0,177.0,27700.0,1010.0,120.0,5.25,139.0,7650.0,3030.0,513.0,0.97,270.0,13.1,3650.0,1960.0,50.0,3750.0
2014-02-11,29.4,42600.0,308000.0,539000.0,91800.0,110000.0,7.3,429000.0,23.5,77000.0,418000.0,256.0,3.0,79600.0,356.0,177.0,28100.0,1000.0,120.0,4.79,139.0,7430.0,3030.0,508.0,0.83,256.0,13.2,3600.0,1890.0,50.0,3750.0
2014-02-12,31.0,43000.0,308000.0,600000.0,91100.0,130000.0,7.7,468000.0,24.4,71600.0,470000.0,249.0,3.5,75100.0,357.0,177.0,28600.0,995.0,110.0,4.68,135.0,7740.0,3010.0,521.0,1.01,249.0,13.5,3720.0,1890.0,49.0,3760.0
2014-02-13,30.6,44200.0,308000.0,659000.0,86600.0,159000.0,7.6,500000.0,25.3,69300.0,481000.0,247.0,4.0,70100.0,360.0,176.0,29100.0,991.0,110.0,5.42,133.0,8140.0,3040.0,553.0,1.77,247.0,13.6,3960.0,2020.0,49.0,3840.0
2014-02-14,30.6,46400.0,308000.0,710000.0,82100.0,185000.0,7.1,524000.0,24.4,69900.0,483000.0,251.0,3.5,69600.0,361.0,174.0,29000.0,994.0,110.0,19.3,134.0,8180.0,3010.0,501.0,1.36,251.0,13.6,4000.0,1920.0,49.0,3830.0
2014-02-15,29.4,48300.0,308000.0,739000.0,77900.0,199000.0,6.8,546000.0,23.3,72300.0,522000.0,258.0,3.0,69700.0,353.0,170.0,28800.0,993.0,110.0,12.8,135.0,8180.0,3020.0,484.0,1.16,258.0,13.5,3970.0,1950.0,48.0,3910.0
2014-02-16,28.3,50200.0,308000.0,756000.0,74300.0,205000.0,6.5,565000.0,22.1,72400.0,528000.0,258.0,3.5,71200.0,351.0,170.0,28700.0,988.0,110.0,5.34,133.0,8360.0,3030.0,470.0,1.65,258.0,13.3,4070.0,1950.0,48.0,3830.0
2014-02-17,27.5,43500.0,308000.0,754000.0,74000.0,209000.0,6.2,581000.0,21.0,73300.0,544000.0,274.0,4.0,71700.0,354.0,172.0,29000.0,986.0,110.0,13.1,131.0,8850.0,3060.0,468.0,1.83,274.0,13.8,4040.0,1920.0,48.0,3840.0
2014-02-18,27.2,42300.0,308000.0,731000.0,75000.0,212000.0,8.9,591000.0,20.0,71500.0,560000.0,327.0,4.5,73600.0,356.0,172.0,28500.0,983.0,110.0,64.6,132.0,9300.0,3050.0,474.0,3.68,327.0,14.0,4070.0,1890.0,49.0,3840.0
2014-02-19,29.0,62900.0,308000.0,690000.0,76800.0,213000.0,72.0,589000.0,20.0,71400.0,563000.0,390.0,70.0,74900.0,359.0,163.0,28900.0,981.0,110.0,95.6,133.0,9210.0,3070.0,494.0,26.9,390.0,13.6,4000.0,1920.0,52.0,3850.0
2014-02-20,2000.0,94800.0,308000.0,643000.0,78700.0,197000.0,1900.0,574000.0,1060.0,95200.0,546000.0,475.0,4500.0,76200.0,366.0,156.0,37700.0,977.0,110.0,42.0,134.0,9610.0,3100.0,542.0,615.0,475.0,15.4,4010.0,1950.0,52.0,3880.0
2014-02-21,12700.0,139000.0,308000.0,602000.0,84400.0,176000.0,885.0,567000.0,3050.0,152000.0,570000.0,523.0,6840.0,98900.0,363.0,153.0,71700.0,949.0,110.0,30.0,135.0,10400.0,3100.0,663.0,171.0,523.0,17.5,4150.0,1980.0,51.0,3880.0
2014-02-22,12100.0,200000.0,308000.0,564000.0,116000.0,162000.0,600.0,543000.0,2120.0,218000.0,523000.0,410.0,2400.0,167000.0,340.0,143.0,77200.0,954.0,110.0,19.7,136.0,10400.0,3100.0,1040.0,102.0,410.0,14.9,4230.0,1830.0,50.0,3890.0
2014-02-23,6260.0,212000.0,308000.0,535000.0,196000.0,151000.0,754.0,515000.0,2130.0,238000.0,512000.0,367.0,830.0,224000.0,331.0,140.0,80000.0,957.0,110.0,14.4,131.0,10500.0,3140.0,1360.0,86.0,367.0,13.7,4200.0,1710.0,48.0,3920.0
2014-02-24,2070.0,186000.0,308000.0,515000.0,249000.0,137000.0,679.0,489000.0,2500.0,250000.0,502000.0,344.0,247.0,248000.0,328.0,136.0,66900.0,958.0,110.0,12.1,125.0,10500.0,3170.0,1190.0,69.9,344.0,13.5,4600.0,1740.0,46.0,3980.0
2014-02-25,1130.0,115000.0,308000.0,509000.0,269000.0,124000.0,424.0,471000.0,1800.0,225000.0,480000.0,344.0,135.0,250000.0,327.0,134.0,54100.0,987.0,110.0,9.72,123.0,10400.0,3130.0,937.0,48.4,344.0,13.4,4330.0,1770.0,45.0,3990.0
2014-02-26,810.0,110000.0,308000.0,516000.0,254000.0,125000.0,326.0,464000.0,1300.0,194000.0,489000.0,341.0,100.0,222000.0,325.0,135.0,51200.0,978.0,110.0,7.92,122.0,9700.0,3090.0,762.0,47.9,341.0,13.2,4080.0,1800.0,45.0,3990.0
2014-02-27,618.0,115000.0,308000.0,552000.0,224000.0,133000.0,259.0,460000.0,1000.0,173000.0,463000.0,344.0,60.0,193000.0,324.0,149.0,43300.0,968.0,110.0,8.01,122.0,9390.0,3150.0,694.0,23.9,344.0,13.4,3890.0,1890.0,44.0,3990.0
2014-02-28,481.0,119000.0,308000.0,603000.0,199000.0,149000.0,202.0,462000.0,800.0,157000.0,436000.0,352.0,35.0,173000.0,320.0,146.0,38100.0,968.0,110.0,7.03,122.0,9390.0,3190.0,670.0,32.2,352.0,13.4,3770.0,1890.0,44.0,3990.0
2014-03-01,375.0,114000.0,308000.0,663000.0,181000.0,161000.0,159.0,476000.0,600.0,155000.0,446000.0,357.0,20.0,160000.0,317.0,164.0,37500.0,971.0,110.0,4.4,120.0,8940.0,3170.0,673.0,20.5,357.0,13.3,4160.0,1950.0,43.0,3950.0
2014-03-02,323.0,99100.0,308000.0,714000.0,173000.0,178000.0,143.0,502000.0,500.0,145000.0,457000.0,362.0,15.0,155000.0,315.0,162.0,34400.0,981.0,110.0,6.44,119.0,8900.0,3180.0,683.0,12.1,362.0,13.3,4220.0,1950.0,43.0,3970.0
2014-03-03,290.0,110000.0,308000.0,761000.0,165000.0,204000.0,129.0,530000.0,450.0,123000.0,525000.0,352.0,10.0,142000.0,333.0,162.0,35800.0,981.0,110.0,5.02,119.0,8900.0,3180.0,683.0,5.23,352.0,13.3,4310.0,1980.0,42.0,4000.0
2014-03-04,250.0,124000.0,308000.0,805000.0,148000.0,221000.0,113.0,553000.0,400.0,125000.0,538000.0,344.0,12.0,125000.0,389.0,170.0,31100.0,980.0,110.0,5.73,120.0,8940.0,3190.0,700.0,5.23,344.0,13.3,4180.0,1980.0,42.0,3970.0
2014-03-05,232.0,116000.0,308000.0,840000.0,137000.0,234000.0,98.0,578000.0,350.0,130000.0,549000.0,329.0,15.4,126000.0,402.0,172.0,29600.0,979.0,110.0,5.02,127.0,8900.0,3230.0,704.0,7.15,329.0,13.3,4000.0,1950.0,42.0,3980.0
2014-03-06,214.0,108000.0,308000.0,861000.0,138000.0,247000.0,96.0,598000.0,300.0,134000.0,601000.0,317.0,17.0,131000.0,400.0,174.0,30700.0,977.0,110.0,4.28,146.0,9190.0,3290.0,707.0,10.2,317.0,13.3,4330.0,1830.0,41.0,4030.0
2014-03-07,211.0,91000.0,308000.0,866000.0,143000.0,255000.0,139.0,614000.0,300.0,130000.0,606000.0,317.0,27.0,133000.0,408.0,183.0,29500.0,983.0,110.0,4.33,146.0,9450.0,3270.0,687.0,29.7,317.0,13.2,4100.0,1860.0,41.0,4080.0
2014-03-08,382.0,77700.0,308000.0,863000.0,143000.0,258000.0,302.0,626000.0,500.0,126000.0,609000.0,322.0,159.0,129000.0,411.0,185.0,30000.0,1010.0,110.0,5.31,149.0,9850.0,3330.0,670.0,51.2,322.0,13.3,4090.0,1860.0,40.0,4140.0
2014-03-09,794.0,69000.0,308000.0,852000.0,139000.0,256000.0,677.0,633000.0,987.0,115000.0,638000.0,324.0,230.0,125000.0,441.0,185.0,30600.0,1000.0,110.0,6.46,151.0,10300.0,3320.0,654.0,173.0,324.0,13.4,4040.0,1860.0,40.0,4230.0
2014-03-10,4190.0,78600.0,308000.0,836000.0,133000.0,249000.0,1330.0,636000.0,2470.0,113000.0,630000.0,336.0,377.0,114000.0,609.0,193.0,35800.0,986.0,110.0,6.12,156.0,10800.0,3360.0,625.0,371.0,336.0,13.9,4180.0,1950.0,40.0,4210.0
2014-03-11,6220.0,98300.0,308000.0,818000.0,124000.0,240000.0,1480.0,636000.0,3920.0,114000.0,625000.0,362.0,435.0,111000.0,682.0,202.0,57600.0,996.0,170.0,12.0,194.0,9590.0,3300.0,642.0,165.0,362.0,14.1,4280.0,2020.0,60.0,4200.0
2014-03-12,4290.0,123000.0,308000.0,799000.0,121000.0,238000.0,1000.0,632000.0,4120.0,147000.0,650000.0,349.0,519.0,116000.0,622.0,218.0,73300.0,998.0,280.0,58.4,231.0,9850.0,3380.0,638.0,76.5,349.0,14.0,4340.0,2170.0,130.0,4280.0
2014-03-13,2700.0,137000.0,308000.0,782000.0,131000.0,230000.0,350.0,622000.0,5340.0,166000.0,613000.0,387.0,783.0,148000.0,636.0,237.0,101000.0,964.0,480.0,26.8,208.0,10400.0,3390.0,702.0,36.4,387.0,13.9,4370.0,2290.0,240.0,4430.0
2014-03-14,1100.0,162000.0,308000.0,763000.0,161000.0,223000.0,577.0,612000.0,4300.0,190000.0,584000.0,479.0,396.0,170000.0,781.0,335.0,99700.0,966.0,800.0,15.9,200.0,10800.0,3450.0,752.0,40.9,479.0,14.2,4370.0,2380.0,400.0,4670.0
2014-03-15,794.0,181000.0,308000.0,740000.0,186000.0,209000.0,287.0,601000.0,1280.0,196000.0,570000.0,558.0,189.0,191000.0,1260.0,1230.0,98000.0,969.0,1400.0,11.6,200.0,11900.0,3460.0,720.0,31.3,558.0,14.6,4330.0,2380.0,580.0,4670.0
2014-03-16,429.0,182000.0,308000.0,717000.0,204000.0,207000.0,146.0,592000.0,709.0,199000.0,575000.0,601.0,106.0,201000.0,1620.0,1030.0,96900.0,965.0,700.0,9.12,202.0,11300.0,3510.0,806.0,18.9,601.0,14.4,4280.0,2470.0,231.0,4920.0
2014-03-17,278.0,178000.0,308000.0,693000.0,213000.0,196000.0,104.0,579000.0,458.0,198000.0,585000.0,616.0,63.2,204000.0,1330.0,788.0,92400.0,960.0,434.0,8.05,254.0,10700.0,3540.0,1040.0,12.4,616.0,14.8,4310.0,2550.0,150.0,4980.0
2014-03-18,230.0,159000.0,308000.0,676000.0,213000.0,172000.0,97.3,568000.0,344.0,193000.0,550000.0,653.0,49.4,202000.0,1160.0,674.0,99300.0,1000.0,318.0,7.62,221.0,10300.0,3560.0,1150.0,11.9,653.0,14.7,4420.0,2540.0,132.0,5230.0
2014-03-19,253.0,168000.0,308000.0,670000.0,209000.0,148000.0,122.0,561000.0,317.0,196000.0,531000.0,616.0,43.6,197000.0,1120.0,1140.0,98100.0,1010.0,753.0,7.57,228.0,10200.0,3660.0,1190.0,13.3,616.0,16.1,4570.0,2510.0,460.0,5140.0
2014-03-20,238.0,164000.0,308000.0,679000.0,207000.0,147000.0,104.0,559000.0,324.0,203000.0,528000.0,599.0,41.3,202000.0,1160.0,1270.0,102000.0,1040.0,485.0,11.5,264.0,10100.0,3670.0,1330.0,9.64,599.0,15.0,4670.0,2590.0,280.0,5150.0
2014-03-21,195.0,162000.0,308000.0,685000.0,212000.0,157000.0,90.6,557000.0,280.0,200000.0,529000.0,573.0,37.2,205000.0,1400.0,1360.0,96700.0,1050.0,391.0,14.1,357.0,10100.0,3570.0,1320.0,9.18,573.0,14.5,4720.0,2590.0,261.0,5210.0
2014-03-22,175.0,156000.0,308000.0,683000.0,211000.0,168000.0,83.0,554000.0,245.0,201000.0,526000.0,677.0,30.3,204000.0,2890.0,2450.0,89900.0,1060.0,545.0,9.14,845.0,10700.0,3530.0,1450.0,9.22,677.0,13.9,4690.0,2480.0,329.0,5060.0
2014-03-23,149.0,136000.0,308000.0,680000.0,207000.0,166000.0,67.7,553000.0,214.0,191000.0,533000.0,744.0,25.0,200000.0,2270.0,1650.0,88800.0,1060.0,302.0,6.67,365.0,10300.0,3560.0,1320.0,6.11,744.0,13.7,4610.0,2540.0,171.0,5400.0
2014-03-24,127.0,144000.0,308000.0,684000.0,199000.0,171000.0,60.4,552000.0,181.0,186000.0,529000.0,744.0,21.7,191000.0,1640.0,1230.0,98200.0,1060.0,254.0,5.59,239.0,10000.0,3620.0,1450.0,5.4,744.0,13.8,4570.0,2580.0,138.0,5550.0
2014-03-25,118.0,151000.0,308000.0,672000.0,194000.0,170000.0,57.9,551000.0,164.0,191000.0,549000.0,625.0,17.8,189000.0,1400.0,1000.0,97800.0,1060.0,229.0,5.12,215.0,9390.0,3600.0,1690.0,5.66,625.0,13.7,4620.0,2530.0,121.0,5390.0
2014-03-26,109.0,162000.0,308000.0,648000.0,194000.0,168000.0,51.6,548000.0,151.0,191000.0,506000.0,549.0,16.8,192000.0,1190.0,815.0,91400.0,1060.0,211.0,4.76,206.0,9290.0,3510.0,1770.0,4.7,549.0,13.8,4640.0,2430.0,106.0,5250.0
2014-03-27,108.0,154000.0,308000.0,624000.0,195000.0,166000.0,53.5,539000.0,146.0,187000.0,496000.0,744.0,19.5,191000.0,1140.0,907.0,89100.0,1060.0,212.0,5.82,234.0,8720.0,3570.0,1710.0,6.87,744.0,15.2,4760.0,2570.0,113.0,5590.0
2014-03-28,126.0,150000.0,308000.0,612000.0,194000.0,150000.0,57.5,534000.0,157.0,184000.0,483000.0,1140.0,25.9,188000.0,3450.0,5350.0,84200.0,1070.0,643.0,7.68,1630.0,8410.0,3550.0,1530.0,7.66,1140.0,16.2,4880.0,2460.0,366.0,5730.0
2014-03-29,125.0,137000.0,308000.0,619000.0,191000.0,150000.0,47.2,555000.0,161.0,183000.0,537000.0,1430.0,26.9,185000.0,4670.0,2880.0,85600.0,1070.0,330.0,6.18,732.0,9170.0,3580.0,1380.0,5.23,1430.0,16.0,5040.0,2520.0,181.0,5780.0
2014-03-30,108.0,138000.0,308000.0,628000.0,189000.0,149000.0,42.5,559000.0,145.0,176000.0,522000.0,1580.0,24.8,183000.0,4900.0,2450.0,79500.0,1090.0,262.0,5.74,502.0,11900.0,3640.0,1570.0,4.64,1580.0,24.4,5440.0,2590.0,153.0,5860.0
2014-03-31,101.0,135000.0,308000.0,625000.0,184000.0,138000.0,41.2,551000.0,137.0,172000.0,511000.0,1710.0,22.4,177000.0,7290.0,2800.0,81400.0,1100.0,271.0,4.99,649.0,12900.0,3720.0,2400.0,4.95,1710.0,114.0,6360.0,2830.0,155.0,6300.0
2014-04-01,98.3,134000.0,308000.0,616000.0,179000.0,112000.0,41.8,549000.0,131.0,175000.0,515000.0,1900.0,19.3,172000.0,7540.0,2810.0,82900.0,1170.0,270.0,5.24,488.0,11700.0,3900.0,3850.0,5.4,1900.0,471.0,8940.0,3060.0,150.0,6910.0
2014-04-02,93.3,142000.0,308000.0,603000.0,178000.0,103000.0,36.4,549000.0,123.0,188000.0,548000.0,2060.0,18.7,178000.0,4520.0,2330.0,90600.0,1160.0,238.0,653.0,350.0,10300.0,4280.0,5140.0,8.51,2060.0,244.0,9770.0,3260.0,126.0,7620.0
2014-04-03,167.0,174000.0,308000.0,587000.0,190000.0,102000.0,139.0,544000.0,135.0,223000.0,540000.0,1630.0,247.0,205000.0,2560.0,1630.0,100000.0,1170.0,224.0,1560.0,318.0,9820.0,4820.0,6780.0,51.0,1630.0,178.0,9900.0,3520.0,115.0,8760.0
2014-04-04,405.0,221000.0,308000.0,578000.0,280000.0,101000.0,150.0,536000.0,213.0,346000.0,532000.0,1010.0,387.0,307000.0,2160.0,1310.0,106000.0,1160.0,216.0,1120.0,319.0,9900.0,5600.0,6900.0,16.0,1010.0,96.3,12100.0,3300.0,112.0,8980.0
2014-04-05,235.0,214000.0,308000.0,574000.0,397000.0,99400.0,94.2,531000.0,262.0,405000.0,516000.0,825.0,134.0,408000.0,2010.0,1170.0,108000.0,1190.0,206.0,204.0,311.0,10200.0,6380.0,6330.0,10.1,825.0,53.4,11700.0,3530.0,103.0,9810.0
2014-04-06,165.0,154000.0,308000.0,582000.0,451000.0,98700.0,76.3,526000.0,187.0,352000.0,500000.0,843.0,72.6,411000.0,1900.0,1070.0,108000.0,1220.0,195.0,116.0,300.0,12900.0,7240.0,5620.0,8.51,843.0,127.0,13500.0,3920.0,97.0,11200.0
2014-04-07,139.0,127000.0,308000.0,614000.0,434000.0,98700.0,68.7,534000.0,156.0,304000.0,526000.0,870.0,51.1,367000.0,2250.0,1040.0,110000.0,1250.0,190.0,90.2,299.0,13700.0,8740.0,5410.0,9.7,870.0,479.0,14500.0,4620.0,95.5,12600.0
2014-04-08,123.0,140000.0,308000.0,657000.0,389000.0,98300.0,62.0,555000.0,143.0,272000.0,546000.0,822.0,40.1,328000.0,2250.0,1050.0,109000.0,1300.0,185.0,68.5,294.0,13800.0,10900.0,6330.0,10.8,822.0,474.0,15800.0,5930.0,92.8,15500.0
2014-04-09,109.0,140000.0,308000.0,729000.0,349000.0,118000.0,50.3,575000.0,132.0,253000.0,566000.0,745.0,33.2,295000.0,2010.0,971.0,106000.0,1330.0,180.0,50.6,286.0,14600.0,13300.0,7860.0,9.38,745.0,348.0,18800.0,7710.0,87.9,19400.0
2014-04-10,98.7,135000.0,308000.0,800000.0,322000.0,126000.0,46.8,597000.0,119.0,243000.0,560000.0,681.0,28.6,277000.0,1770.0,884.0,101000.0,1340.0,176.0,39.4,281.0,17900.0,14500.0,8810.0,8.98,681.0,381.0,24600.0,10900.0,85.9,23300.0
2014-04-11,92.1,133000.0,308000.0,859000.0,307000.0,149000.0,43.2,626000.0,112.0,230000.0,601000.0,640.0,24.9,264000.0,1610.0,806.0,103000.0,1290.0,171.0,32.1,275.0,21700.0,15700.0,9400.0,8.27,640.0,215.0,34900.0,15600.0,82.2,26800.0
2014-04-12,87.1,144000.0,308000.0,901000.0,288000.0,176000.0,36.4,654000.0,106.0,218000.0,666000.0,634.0,22.5,246000.0,1600.0,747.0,98100.0,1230.0,170.0,27.3,275.0,24900.0,16000.0,10300.0,8.12,634.0,106.0,43000.0,21400.0,82.0,28300.0
2014-04-13,90.2,140000.0,308000.0,934000.0,268000.0,199000.0,41.6,680000.0,110.0,215000.0,665000.0,702.0,22.8,232000.0,1650.0,725.0,97300.0,1160.0,333.0,34.4,273.0,30400.0,16500.0,10700.0,63.1,702.0,94.4,49600.0,27300.0,194.0,29000.0
2014-04-14,112.0,118000.0,308000.0,966000.0,260000.0,201000.0,55.2,711000.0,126.0,209000.0,692000.0,841.0,35.7,231000.0,1980.0,1090.0,104000.0,1070.0,1220.0,39.9,304.0,37000.0,17100.0,10100.0,39.6,841.0,62.5,49800.0,30900.0,659.0,30200.0
2014-04-15,114.0,121000.0,308000.0,993000.0,252000.0,204000.0,47.6,745000.0,132.0,204000.0,774000.0,894.0,37.4,221000.0,2150.0,1190.0,108000.0,981.0,553.0,28.9,298.0,42700.0,16900.0,9160.0,14.4,894.0,47.7,45100.0,32500.0,330.0,31300.0
2014-04-16,94.3,148000.0,308000.0,1010000.0,239000.0,218000.0,41.5,772000.0,120.0,206000.0,744000.0,804.0,30.5,213000.0,2000.0,1140.0,127000.0,909.0,394.0,25.2,284.0,44400.0,16500.0,9590.0,10.3,804.0,39.1,38200.0,31300.0,234.0,31600.0
2014-04-17,84.9,171000.0,308000.0,1030000.0,234000.0,229000.0,39.5,792000.0,107.0,229000.0,768000.0,692.0,24.0,222000.0,1760.0,992.0,146000.0,890.0,325.0,23.4,273.0,42500.0,15400.0,9020.0,8.83,692.0,85.7,27800.0,29100.0,188.0,31200.0
2014-04-18,81.2,197000.0,308000.0,1040000.0,249000.0,234000.0,37.2,810000.0,101.0,245000.0,802000.0,622.0,19.6,241000.0,1590.0,871.0,148000.0,871.0,282.0,22.3,267.0,40500.0,15000.0,7460.0,7.37,622.0,87.4,24300.0,26300.0,161.0,29200.0
2014-04-19,76.1,202000.0,308000.0,1040000.0,263000.0,238000.0,32.4,827000.0,96.9,254000.0,822000.0,586.0,17.4,254000.0,1480.0,787.0,154000.0,871.0,258.0,19.4,262.0,35200.0,15200.0,6010.0,6.44,586.0,50.8,19800.0,24000.0,144.0,27700.0
2014-04-20,73.7,201000.0,308000.0,1040000.0,270000.0,242000.0,30.3,840000.0,91.2,253000.0,814000.0,569.0,16.7,257000.0,1410.0,744.0,157000.0,868.0,242.0,16.4,261.0,26100.0,15000.0,5010.0,5.94,569.0,40.0,17600.0,22800.0,134.0,27200.0
2014-04-21,73.2,203000.0,308000.0,1030000.0,269000.0,244000.0,32.2,849000.0,89.7,255000.0,817000.0,573.0,16.7,257000.0,1390.0,1050.0,160000.0,881.0,234.0,19.3,264.0,22200.0,14800.0,4400.0,14.0,573.0,34.3,20300.0,23200.0,128.0,26100.0
2014-04-22,72.6,203000.0,308000.0,1020000.0,268000.0,252000.0,32.8,855000.0,87.4,257000.0,834000.0,576.0,15.8,258000.0,1390.0,1180.0,164000.0,887.0,224.0,24.5,259.0,20800.0,14200.0,4010.0,10.9,576.0,29.8,25700.0,23500.0,119.0,25100.0
2014-04-23,69.4,209000.0,308000.0,1000000.0,266000.0,259000.0,28.9,856000.0,95.0,256000.0,829000.0,560.0,13.9,258000.0,1490.0,1100.0,166000.0,900.0,212.0,21.5,253.0,20100.0,14100.0,3740.0,7.43,560.0,28.4,26600.0,24300.0,111.0,23500.0
2014-04-24,68.5,211000.0,308000.0,977000.0,263000.0,258000.0,30.5,849000.0,90.0,256000.0,806000.0,630.0,15.9,257000.0,1610.0,1110.0,169000.0,906.0,218.0,19.3,264.0,20400.0,14300.0,3690.0,14.6,630.0,30.0,26500.0,25500.0,116.0,23500.0
2014-04-25,73.6,212000.0,308000.0,950000.0,268000.0,253000.0,34.3,838000.0,89.1,259000.0,806000.0,931.0,20.8,265000.0,2010.0,1510.0,171000.0,937.0,232.0,25.2,283.0,20900.0,14400.0,4240.0,18.4,931.0,70.0,25800.0,26500.0,129.0,23900.0
2014-04-26,76.6,211000.0,308000.0,911000.0,273000.0,247000.0,25.2,818000.0,89.5,258000.0,772000.0,1010.0,21.4,266000.0,2570.0,1750.0,174000.0,931.0,211.0,18.2,273.0,22600.0,14800.0,5920.0,7.75,1010.0,54.0,26900.0,26700.0,111.0,23800.0
2014-04-27,84.0,211000.0,308000.0,864000.0,271000.0,237000.0,45.7,794000.0,91.2,257000.0,732000.0,872.0,130.0,263000.0,2240.0,1580.0,173000.0,922.0,203.0,17.4,264.0,24200.0,15200.0,7920.0,101.0,872.0,45.0,28900.0,26800.0,107.0,24800.0
2014-04-28,724.0,215000.0,308000.0,813000.0,302000.0,226000.0,330.0,767000.0,264.0,265000.0,717000.0,880.0,1700.0,276000.0,2140.0,1430.0,176000.0,909.0,256.0,393.0,267.0,22800.0,16900.0,7720.0,223.0,880.0,252.0,27500.0,27700.0,140.0,28100.0
2014-04-29,1070.0,224000.0,308000.0,772000.0,320000.0,213000.0,469.0,736000.0,818.0,288000.0,676000.0,1260.0,727.0,293000.0,2290.0,1430.0,176000.0,937.0,255.0,133.0,267.0,23600.0,18900.0,7040.0,165.0,1260.0,463.0,29200.0,29100.0,145.0,32600.0
2014-04-30,614.0,227000.0,308000.0,739000.0,326000.0,198000.0,222.0,707000.0,722.0,301000.0,687000.0,1410.0,216.0,307000.0,2640.0,1590.0,173000.0,956.0,248.0,68.4,266.0,25900.0,19000.0,7720.0,60.2,1410.0,290.0,34900.0,30100.0,142.0,36500.0
2014-05-01,376.0,226000.0,308000.0,711000.0,336000.0,178000.0,164.0,676000.0,460.0,302000.0,649000.0,1490.0,116.0,313000.0,3410.0,1860.0,171000.0,966.0,241.0,45.5,266.0,24500.0,19500.0,10600.0,41.8,1490.0,155.0,41700.0,31400.0,136.0,37500.0
2014-05-02,291.0,225000.0,308000.0,694000.0,338000.0,172000.0,134.0,655000.0,364.0,303000.0,623000.0,1360.0,79.9,314000.0,3760.0,2190.0,173000.0,966.0,231.0,33.9,263.0,24900.0,19900.0,13900.0,30.4,1360.0,126.0,45800.0,31400.0,131.0,39000.0
2014-05-03,237.0,224000.0,308000.0,702000.0,337000.0,172000.0,117.0,633000.0,303.0,300000.0,590000.0,1100.0,60.5,314000.0,3270.0,2210.0,174000.0,912.0,227.0,28.0,257.0,25600.0,19700.0,13100.0,24.8,1100.0,67.3,45700.0,30500.0,127.0,40600.0
2014-05-04,200.0,222000.0,308000.0,738000.0,332000.0,175000.0,100.0,612000.0,261.0,292000.0,562000.0,875.0,47.2,308000.0,2740.0,1780.0,174000.0,903.0,212.0,24.3,252.0,28200.0,19500.0,10800.0,19.8,875.0,48.4,40800.0,28600.0,121.0,41400.0
2014-05-05,173.0,220000.0,308000.0,775000.0,324000.0,177000.0,89.7,604000.0,226.0,285000.0,538000.0,749.0,38.1,300000.0,2390.0,1500.0,176000.0,893.0,205.0,21.4,245.0,30900.0,19100.0,8210.0,18.1,749.0,39.7,35100.0,26200.0,112.0,41300.0
2014-05-06,156.0,218000.0,308000.0,811000.0,313000.0,183000.0,80.5,610000.0,202.0,278000.0,534000.0,682.0,32.1,290000.0,2120.0,1310.0,176000.0,881.0,199.0,18.7,240.0,33500.0,18200.0,5690.0,16.6,682.0,34.2,29200.0,23500.0,107.0,39600.0
2014-05-07,145.0,218000.0,308000.0,841000.0,301000.0,194000.0,78.0,622000.0,185.0,273000.0,548000.0,644.0,28.8,281000.0,1920.0,1180.0,179000.0,851.0,195.0,16.8,236.0,32200.0,17500.0,3970.0,14.2,644.0,30.5,24200.0,21000.0,103.0,37300.0
2014-05-08,136.0,218000.0,308000.0,861000.0,293000.0,207000.0,69.5,634000.0,174.0,271000.0,558000.0,630.0,24.5,276000.0,1760.0,1080.0,180000.0,848.0,193.0,16.3,232.0,28300.0,17300.0,3030.0,13.2,630.0,35.9,21000.0,19600.0,102.0,35500.0
2014-05-09,125.0,218000.0,308000.0,881000.0,295000.0,213000.0,66.6,647000.0,161.0,270000.0,584000.0,644.0,21.6,274000.0,1650.0,1150.0,182000.0,870.0,192.0,21.8,242.0,21400.0,17700.0,2900.0,11.9,644.0,184.0,21100.0,22600.0,99.7,35000.0
2014-05-10,128.0,218000.0,308000.0,899000.0,302000.0,216000.0,59.2,664000.0,151.0,270000.0,618000.0,672.0,20.0,274000.0,1550.0,1200.0,187000.0,907.0,187.0,18.5,240.0,19200.0,18300.0,3090.0,10.5,672.0,104.0,29800.0,25300.0,96.1,34800.0
2014-05-11,127.0,227000.0,308000.0,910000.0,292000.0,218000.0,64.2,674000.0,139.0,274000.0,631000.0,639.0,20.9,271000.0,1490.0,1050.0,190000.0,936.0,189.0,131.0,230.0,20500.0,19100.0,3150.0,9.59,639.0,56.0,37800.0,27800.0,97.0,34900.0
2014-05-12,290.0,236000.0,308000.0,908000.0,289000.0,217000.0,125.0,686000.0,158.0,285000.0,640000.0,748.0,48.6,277000.0,1500.0,1140.0,195000.0,926.0,248.0,42.9,236.0,19900.0,19900.0,3340.0,84.5,748.0,263.0,40500.0,28700.0,108.0,37200.0
2014-05-13,689.0,240000.0,308000.0,898000.0,306000.0,216000.0,378.0,694000.0,387.0,297000.0,656000.0,1020.0,1900.0,291000.0,1640.0,1380.0,204000.0,882.0,324.0,45.1,243.0,21100.0,20400.0,4140.0,94.9,1020.0,176.0,39800.0,27500.0,118.0,38600.0
2014-05-14,597.0,244000.0,308000.0,886000.0,321000.0,216000.0,203.0,697000.0,676.0,298000.0,688000.0,1010.0,728.0,301000.0,1910.0,1320.0,204000.0,889.0,228.0,35.3,232.0,21200.0,20600.0,6790.0,24.6,1010.0,83.5,45100.0,26500.0,98.9,39900.0
2014-05-15,357.0,251000.0,308000.0,869000.0,338000.0,213000.0,164.0,694000.0,421.0,306000.0,698000.0,834.0,173.0,309000.0,1790.0,1310.0,203000.0,882.0,213.0,47.2,230.0,23000.0,20700.0,8970.0,52.5,834.0,52.3,47600.0,26100.0,93.8,39900.0
2014-05-16,296.0,257000.0,308000.0,844000.0,337000.0,202000.0,223.0,688000.0,373.0,312000.0,663000.0,689.0,97.4,314000.0,1640.0,1200.0,202000.0,892.0,206.0,35.5,227.0,24000.0,20500.0,7310.0,189.0,689.0,41.2,41500.0,24800.0,92.1,39400.0
2014-05-17,290.0,262000.0,308000.0,814000.0,338000.0,187000.0,192.0,681000.0,428.0,325000.0,654000.0,625.0,67.2,320000.0,1540.0,1100.0,200000.0,889.0,198.0,22.6,225.0,23900.0,20100.0,5120.0,64.3,625.0,35.2,31000.0,22400.0,89.6,38400.0
2014-05-18,241.0,264000.0,308000.0,795000.0,348000.0,177000.0,154.0,673000.0,372.0,340000.0,640000.0,589.0,50.3,335000.0,1440.0,1020.0,199000.0,904.0,192.0,16.9,222.0,23500.0,19500.0,3780.0,44.6,589.0,32.0,23100.0,19500.0,87.2,37500.0
2014-05-19,208.0,265000.0,308000.0,782000.0,363000.0,171000.0,136.0,665000.0,312.0,344000.0,628000.0,574.0,39.6,347000.0,1360.0,946.0,197000.0,901.0,189.0,14.1,222.0,21400.0,19000.0,3040.0,38.4,574.0,331.0,20700.0,17200.0,85.8,36800.0
2014-05-20,195.0,266000.0,308000.0,776000.0,370000.0,173000.0,125.0,657000.0,277.0,337000.0,620000.0,644.0,32.9,345000.0,1320.0,905.0,195000.0,914.0,192.0,12.8,221.0,17500.0,18600.0,2920.0,31.2,644.0,722.0,20600.0,16300.0,90.2,36200.0
2014-05-21,176.0,264000.0,308000.0,778000.0,364000.0,172000.0,113.0,649000.0,253.0,328000.0,605000.0,762.0,28.1,334000.0,1280.0,846.0,194000.0,926.0,185.0,11.9,217.0,17000.0,17900.0,5820.0,539.0,762.0,164.0,28800.0,16700.0,84.8,35500.0
2014-05-22,156.0,262000.0,308000.0,790000.0,353000.0,173000.0,102.0,644000.0,225.0,321000.0,596000.0,680.0,23.8,326000.0,1220.0,782.0,194000.0,954.0,177.0,11.9,215.0,16400.0,17300.0,11000.0,93.1,680.0,76.0,35700.0,17500.0,80.0,33700.0
2014-05-23,139.0,259000.0,308000.0,804000.0,345000.0,178000.0,94.0,642000.0,200.0,315000.0,599000.0,600.0,23.0,319000.0,1150.0,736.0,193000.0,1000.0,174.0,10.3,213.0,16300.0,16700.0,10300.0,61.7,600.0,51.8,34000.0,17600.0,78.1,32100.0
2014-05-24,129.0,256000.0,308000.0,817000.0,339000.0,182000.0,90.0,642000.0,186.0,310000.0,595000.0,549.0,19.2,313000.0,1110.0,694.0,195000.0,1010.0,171.0,9.45,212.0,18500.0,16200.0,7560.0,46.5,549.0,51.8,26900.0,16200.0,76.8,30700.0
2014-05-25,121.0,254000.0,308000.0,831000.0,334000.0,184000.0,84.6,644000.0,174.0,307000.0,597000.0,519.0,17.3,308000.0,1080.0,665.0,195000.0,1020.0,169.0,11.1,211.0,19200.0,15600.0,4970.0,38.5,519.0,41.7,21900.0,14300.0,76.1,29600.0
2014-05-26,124.0,253000.0,308000.0,842000.0,329000.0,192000.0,82.0,648000.0,169.0,306000.0,598000.0,501.0,15.7,306000.0,1060.0,650.0,192000.0,1030.0,169.0,24.9,210.0,19000.0,14800.0,3410.0,86.3,501.0,34.6,18800.0,12700.0,75.9,28200.0
2014-05-27,136.0,251000.0,308000.0,846000.0,324000.0,195000.0,86.8,652000.0,171.0,305000.0,607000.0,516.0,14.3,303000.0,1060.0,630.0,186000.0,1030.0,169.0,38.2,210.0,17700.0,14400.0,2780.0,56.2,516.0,34.7,16400.0,12100.0,76.3,27800.0
2014-05-28,137.0,249000.0,308000.0,853000.0,319000.0,200000.0,172.0,666000.0,164.0,305000.0,637000.0,781.0,14.9,303000.0,1090.0,613.0,181000.0,1040.0,167.0,18.5,212.0,14200.0,13900.0,3100.0,37.4,781.0,33.1,18300.0,12800.0,75.1,26000.0
2014-05-29,125.0,245000.0,308000.0,861000.0,314000.0,207000.0,137.0,677000.0,200.0,304000.0,643000.0,981.0,32.4,302000.0,1030.0,572.0,177000.0,1070.0,164.0,13.4,209.0,14300.0,13300.0,4050.0,30.8,981.0,33.0,17800.0,12100.0,72.9,24900.0
2014-05-30,108.0,240000.0,308000.0,867000.0,309000.0,206000.0,90.4,680000.0,241.0,299000.0,649000.0,812.0,58.9,300000.0,1000.0,539.0,172000.0,1110.0,161.0,11.4,207.0,13400.0,13000.0,3250.0,26.4,812.0,31.4,17900.0,11000.0,71.6,24200.0
2014-05-31,99.2,235000.0,308000.0,864000.0,304000.0,202000.0,77.5,683000.0,169.0,293000.0,657000.0,621.0,31.1,295000.0,972.0,509.0,169000.0,1160.0,158.0,11.2,205.0,14200.0,13800.0,2680.0,23.1,621.0,27.7,15600.0,10100.0,70.4,23500.0
2014-06-01,93.6,230000.0,308000.0,850000.0,297000.0,203000.0,71.0,685000.0,151.0,288000.0,652000.0,583.0,20.4,288000.0,1020.0,536.0,166000.0,1240.0,169.0,13.3,211.0,14300.0,16200.0,2460.0,21.4,583.0,958.0,13400.0,12200.0,78.5,29400.0
2014-06-02,92.7,224000.0,308000.0,828000.0,291000.0,209000.0,75.2,683000.0,144.0,281000.0,646000.0,658.0,15.3,281000.0,1040.0,558.0,160000.0,1320.0,182.0,10.2,237.0,15300.0,17300.0,2620.0,49.5,658.0,567.0,18200.0,16200.0,92.0,32700.0
2014-06-03,91.8,218000.0,308000.0,799000.0,285000.0,211000.0,70.6,675000.0,146.0,276000.0,641000.0,819.0,21.0,275000.0,1240.0,1190.0,159000.0,1380.0,178.0,8.93,224.0,16600.0,17300.0,4420.0,22.1,819.0,149.0,21100.0,19100.0,87.3,35400.0
2014-06-04,162.0,216000.0,308000.0,763000.0,280000.0,202000.0,122.0,663000.0,168.0,274000.0,622000.0,758.0,3710.0,270000.0,1370.0,1710.0,157000.0,1400.0,161.0,66.3,214.0,15200.0,17400.0,5520.0,68.4,758.0,68.9,24500.0,21700.0,75.1,37400.0
2014-06-05,326.0,229000.0,308000.0,725000.0,280000.0,192000.0,114.0,648000.0,203.0,284000.0,601000.0,628.0,1550.0,274000.0,1320.0,1140.0,152000.0,1430.0,159.0,32.8,211.0,17200.0,17200.0,5080.0,24.2,628.0,52.6,21500.0,21900.0,72.9,39200.0
2014-06-06,213.0,234000.0,308000.0,689000.0,285000.0,179000.0,96.6,631000.0,208.0,296000.0,590000.0,554.0,367.0,285000.0,1230.0,923.0,141000.0,1470.0,154.0,16.7,208.0,19000.0,17300.0,4340.0,20.0,554.0,47.4,15900.0,19800.0,70.1,40500.0
2014-06-07,177.0,228000.0,308000.0,660000.0,297000.0,167000.0,91.2,612000.0,178.0,321000.0,572000.0,523.0,620.0,299000.0,1170.0,818.0,139000.0,1490.0,153.0,122.0,206.0,19500.0,17800.0,3280.0,19.0,523.0,211.0,12900.0,18500.0,70.0,42100.0
2014-06-08,297.0,219000.0,308000.0,636000.0,320000.0,162000.0,177.0,591000.0,175.0,374000.0,552000.0,504.0,2190.0,340000.0,1110.0,759.0,139000.0,1500.0,154.0,72.0,205.0,19700.0,17900.0,2610.0,17.0,504.0,307.0,14100.0,17700.0,72.2,43800.0
2014-06-09,415.0,218000.0,308000.0,627000.0,364000.0,154000.0,144.0,566000.0,234.0,386000.0,536000.0,483.0,1220.0,375000.0,1050.0,673.0,134000.0,1510.0,152.0,30.9,204.0,17600.0,17600.0,2120.0,18.0,483.0,120.0,15600.0,16700.0,69.1,43200.0
2014-06-10,302.0,231000.0,308000.0,639000.0,392000.0,153000.0,130.0,551000.0,220.0,397000.0,532000.0,468.0,239.0,386000.0,1010.0,608.0,136000.0,1520.0,148.0,635.0,203.0,16300.0,16900.0,1820.0,19.3,468.0,71.2,15800.0,15300.0,67.0,41600.0
2014-06-11,389.0,250000.0,308000.0,675000.0,408000.0,153000.0,131.0,547000.0,208.0,429000.0,530000.0,454.0,180.0,405000.0,969.0,563.0,133000.0,1540.0,149.0,359.0,202.0,16500.0,16200.0,1610.0,24.7,454.0,52.0,15100.0,13300.0,66.8,39000.0
2014-06-12,325.0,244000.0,308000.0,716000.0,429000.0,153000.0,127.0,552000.0,204.0,436000.0,528000.0,444.0,126.0,426000.0,943.0,526.0,133000.0,1720.0,147.0,97.6,200.0,13200.0,15900.0,1500.0,17.3,444.0,33.1,13900.0,11700.0,64.7,36100.0
2014-06-13,263.0,232000.0,308000.0,756000.0,443000.0,160000.0,112.0,565000.0,198.0,421000.0,542000.0,434.0,82.1,428000.0,909.0,484.0,136000.0,1810.0,143.0,67.5,199.0,9510.0,16000.0,1350.0,14.3,434.0,26.1,10400.0,10800.0,61.5,33700.0
2014-06-14,220.0,223000.0,308000.0,783000.0,439000.0,162000.0,102.0,588000.0,177.0,399000.0,541000.0,429.0,58.5,415000.0,885.0,457.0,136000.0,1870.0,141.0,39.5,198.0,9640.0,16900.0,1190.0,12.4,429.0,27.5,9790.0,9780.0,60.1,31800.0
2014-06-15,195.0,214000.0,308000.0,801000.0,422000.0,172000.0,95.3,608000.0,162.0,377000.0,552000.0,439.0,43.2,396000.0,897.0,446.0,136000.0,1930.0,140.0,26.8,199.0,7740.0,18400.0,1180.0,11.6,439.0,731.0,11800.0,9730.0,58.4,34900.0
2014-06-16,179.0,207000.0,308000.0,820000.0,400000.0,177000.0,88.5,621000.0,154.0,349000.0,569000.0,450.0,86.0,374000.0,913.0,432.0,139000.0,1990.0,140.0,20.5,199.0,7290.0,19700.0,1220.0,11.1,450.0,421.0,15300.0,10300.0,59.3,36700.0
2014-06-17,165.0,195000.0,308000.0,838000.0,372000.0,189000.0,84.9,632000.0,146.0,322000.0,584000.0,723.0,306.0,345000.0,1270.0,581.0,136000.0,2020.0,297.0,16.7,213.0,7510.0,20600.0,1380.0,25.4,723.0,199.0,17100.0,11300.0,118.0,38200.0
2014-06-18,156.0,209000.0,308000.0,851000.0,339000.0,196000.0,82.0,640000.0,140.0,311000.0,585000.0,1060.0,106.0,319000.0,2890.0,639.0,136000.0,2020.0,203.0,13.9,213.0,8500.0,20500.0,2050.0,11.9,1060.0,280.0,18500.0,11500.0,115.0,39100.0
2014-06-19,189.0,207000.0,308000.0,848000.0,322000.0,201000.0,102.0,648000.0,139.0,316000.0,597000.0,1450.0,53.0,314000.0,5010.0,3340.0,139000.0,2030.0,550.0,11.9,221.0,11000.0,20800.0,4800.0,224.0,1450.0,435.0,21500.0,11400.0,178.0,40900.0
2014-06-20,231.0,198000.0,308000.0,835000.0,321000.0,213000.0,146.0,656000.0,201.0,311000.0,621000.0,1680.0,120.0,314000.0,6360.0,5540.0,148000.0,2050.0,427.0,10.7,225.0,16200.0,21200.0,7730.0,132.0,1680.0,389.0,21700.0,12200.0,219.0,42600.0
2014-06-21,196.0,211000.0,308000.0,815000.0,317000.0,223000.0,122.0,658000.0,261.0,316000.0,634000.0,1960.0,350.0,310000.0,5510.0,4150.0,160000.0,2050.0,250.0,11.8,218.0,19600.0,21100.0,10400.0,37.3,1960.0,179.0,19100.0,12100.0,142.0,44000.0
2014-06-22,216.0,218000.0,308000.0,789000.0,317000.0,220000.0,109.0,658000.0,217.0,334000.0,635000.0,2140.0,600.0,321000.0,3620.0,3040.0,176000.0,2050.0,227.0,138.0,214.0,17500.0,20400.0,9180.0,151.0,2140.0,102.0,15300.0,11600.0,121.0,45800.0
2014-06-23,728.0,230000.0,308000.0,752000.0,329000.0,219000.0,215.0,655000.0,236.0,344000.0,631000.0,1450.0,300.0,336000.0,3160.0,2420.0,194000.0,2040.0,239.0,25.8,213.0,13700.0,19700.0,6030.0,92.3,1450.0,69.1,12600.0,11000.0,116.0,46900.0
2014-06-24,665.0,247000.0,308000.0,713000.0,351000.0,210000.0,164.0,647000.0,348.0,364000.0,629000.0,868.0,180.0,350000.0,2910.0,2290.0,204000.0,2050.0,207.0,484.0,209.0,12900.0,18900.0,3690.0,47.9,868.0,53.8,10800.0,10400.0,102.0,46200.0
2014-06-25,408.0,256000.0,308000.0,681000.0,373000.0,213000.0,131.0,636000.0,282.0,386000.0,621000.0,739.0,87.5,369000.0,2840.0,1960.0,210000.0,2050.0,190.0,82.3,205.0,15200.0,18000.0,2720.0,35.1,739.0,131.0,9790.0,9730.0,92.5,45000.0
2014-06-26,307.0,264000.0,308000.0,648000.0,381000.0,210000.0,115.0,620000.0,240.0,399000.0,593000.0,664.0,52.9,383000.0,2370.0,1690.0,214000.0,2040.0,180.0,45.6,204.0,15600.0,17300.0,2280.0,73.5,664.0,115.0,10800.0,8700.0,87.5,43400.0
2014-06-27,267.0,271000.0,308000.0,618000.0,391000.0,194000.0,105.0,604000.0,218.0,408000.0,583000.0,742.0,37.3,394000.0,4150.0,2080.0,213000.0,2040.0,176.0,55.5,576.0,12100.0,16600.0,2290.0,39.5,742.0,72.0,12000.0,8270.0,85.1,41500.0
2014-06-28,223.0,276000.0,308000.0,596000.0,400000.0,182000.0,95.0,587000.0,213.0,412000.0,565000.0,872.0,28.7,401000.0,4320.0,3430.0,218000.0,2080.0,173.0,94.1,750.0,11600.0,16100.0,2400.0,26.3,872.0,61.6,11200.0,8040.0,84.7,39600.0
2014-06-29,290.0,281000.0,308000.0,584000.0,407000.0,177000.0,158.0,567000.0,214.0,416000.0,546000.0,980.0,24.4,407000.0,3920.0,3920.0,224000.0,2100.0,221.0,30.9,621.0,12400.0,15600.0,3640.0,63.4,980.0,381.0,15400.0,8610.0,144.0,37200.0
2014-06-30,525.0,284000.0,308000.0,581000.0,410000.0,172000.0,1290.0,548000.0,609.0,417000.0,523000.0,953.0,21.0,412000.0,3410.0,3390.0,230000.0,2100.0,238.0,25.9,502.0,14600.0,14800.0,3470.0,1050.0,953.0,145.0,20200.0,8480.0,126.0,35000.0
2014-07-01,3830.0,288000.0,308000.0,590000.0,415000.0,169000.0,4380.0,534000.0,2630.0,417000.0,523000.0,795.0,63.9,416000.0,2990.0,3190.0,240000.0,2090.0,617.0,22.2,451.0,18300.0,14400.0,3420.0,1880.0,795.0,69.8,20400.0,7970.0,285.0,31900.0
2014-07-02,4100.0,293000.0,308000.0,610000.0,421000.0,172000.0,1770.0,526000.0,2280.0,422000.0,519000.0,692.0,44.4,421000.0,2710.0,2760.0,261000.0,2090.0,328.0,17.3,414.0,19000.0,13900.0,2810.0,183.0,692.0,52.0,18200.0,7590.0,182.0,30100.0
2014-07-03,1420.0,299000.0,308000.0,631000.0,426000.0,180000.0,625.0,526000.0,2560.0,428000.0,506000.0,632.0,31.2,428000.0,2450.0,2370.0,293000.0,2100.0,261.0,13.2,388.0,17600.0,13400.0,2270.0,118.0,632.0,43.8,16200.0,7090.0,142.0,28100.0
2014-07-04,824.0,307000.0,308000.0,649000.0,434000.0,185000.0,364.0,529000.0,3040.0,430000.0,500000.0,591.0,18.9,435000.0,2220.0,2060.0,364000.0,2110.0,233.0,9.8,373.0,10700.0,13000.0,1890.0,87.2,591.0,41.0,12000.0,6510.0,117.0,26100.0
2014-07-05,590.0,314000.0,308000.0,661000.0,441000.0,188000.0,285.0,537000.0,1530.0,432000.0,506000.0,559.0,14.3,440000.0,2040.0,1830.0,378000.0,2130.0,217.0,8.56,361.0,9290.0,12500.0,1780.0,91.1,559.0,38.8,12300.0,6220.0,104.0,24700.0
2014-07-06,550.0,325000.0,308000.0,672000.0,445000.0,191000.0,249.0,545000.0,861.0,440000.0,508000.0,541.0,13.7,446000.0,1890.0,1670.0,382000.0,2170.0,211.0,8.25,353.0,9220.0,11800.0,1640.0,72.9,541.0,37.8,9630.0,5830.0,100.0,23600.0
2014-07-07,473.0,339000.0,308000.0,674000.0,454000.0,195000.0,213.0,554000.0,706.0,454000.0,512000.0,755.0,12.5,457000.0,1800.0,1550.0,377000.0,2170.0,209.0,8.16,347.0,9120.0,11600.0,1630.0,57.2,755.0,45.9,9550.0,5450.0,97.7,22200.0
2014-07-08,357.0,352000.0,308000.0,673000.0,467000.0,205000.0,182.0,560000.0,600.0,468000.0,519000.0,1100.0,853.0,471000.0,1820.0,1620.0,360000.0,2180.0,207.0,20.7,353.0,8150.0,11300.0,2170.0,47.1,1100.0,124.0,9230.0,5320.0,124.0,21000.0
2014-07-09,280.0,363000.0,308000.0,670000.0,480000.0,217000.0,159.0,561000.0,518.0,485000.0,539000.0,1180.0,162.0,485000.0,1840.0,1430.0,348000.0,2190.0,222.0,10.7,343.0,7770.0,11200.0,2720.0,39.2,1180.0,52.9,9980.0,4820.0,108.0,20500.0
2014-07-10,226.0,372000.0,308000.0,664000.0,493000.0,220000.0,143.0,559000.0,458.0,514000.0,536000.0,1060.0,53.4,502000.0,1660.0,1280.0,335000.0,2190.0,189.0,8.76,332.0,9640.0,11200.0,2320.0,34.4,1060.0,99.8,8910.0,4970.0,95.9,19800.0
2014-07-11,193.0,375000.0,308000.0,654000.0,510000.0,212000.0,131.0,557000.0,422.0,531000.0,536000.0,799.0,30.3,523000.0,1540.0,1180.0,305000.0,2210.0,183.0,8.55,326.0,11000.0,12100.0,1710.0,31.1,799.0,55.0,9060.0,5000.0,90.7,19300.0
2014-07-12,177.0,373000.0,308000.0,647000.0,527000.0,206000.0,136.0,553000.0,396.0,525000.0,541000.0,681.0,21.2,535000.0,1550.0,1130.0,280000.0,2220.0,183.0,7.07,324.0,8820.0,13500.0,1700.0,85.8,681.0,41.3,9010.0,5470.0,90.4,20900.0
2014-07-13,219.0,367000.0,308000.0,639000.0,536000.0,208000.0,489.0,548000.0,564.0,509000.0,534000.0,648.0,202.0,532000.0,1540.0,1190.0,275000.0,2220.0,185.0,6.76,367.0,7410.0,13800.0,1920.0,88.9,648.0,62.6,8670.0,5770.0,90.3,22100.0
2014-07-14,176.0,361000.0,308000.0,631000.0,537000.0,202000.0,216.0,540000.0,894.0,493000.0,525000.0,670.0,411.0,527000.0,1430.0,1120.0,252000.0,2230.0,178.0,9.92,334.0,7300.0,13800.0,1800.0,37.0,670.0,50.2,9480.0,5800.0,83.4,22400.0
2014-07-15,141.0,353000.0,308000.0,628000.0,529000.0,182000.0,162.0,537000.0,554.0,477000.0,529000.0,638.0,61.7,510000.0,1360.0,1030.0,236000.0,2230.0,171.0,8.34,322.0,8560.0,13900.0,1760.0,29.5,638.0,38.4,9810.0,5520.0,80.7,22700.0
2014-07-16,124.0,344000.0,308000.0,628000.0,515000.0,191000.0,140.0,537000.0,441.0,460000.0,526000.0,588.0,28.5,493000.0,1280.0,978.0,226000.0,2230.0,169.0,6.33,314.0,8230.0,13900.0,1770.0,26.8,588.0,35.5,8280.0,5200.0,80.6,22600.0
2014-07-17,112.0,334000.0,308000.0,628000.0,500000.0,189000.0,126.0,533000.0,379.0,446000.0,505000.0,558.0,18.2,477000.0,1230.0,919.0,210000.0,2230.0,167.0,5.6,309.0,7770.0,13100.0,1840.0,24.8,558.0,34.0,7800.0,5120.0,77.9,22500.0
2014-07-18,103.0,324000.0,308000.0,630000.0,485000.0,185000.0,114.0,539000.0,334.0,434000.0,514000.0,532.0,13.1,463000.0,1180.0,874.0,195000.0,2230.0,164.0,6.61,304.0,6750.0,12200.0,1580.0,22.7,532.0,33.2,7810.0,4910.0,75.5,20900.0
2014-07-19,94.1,313000.0,308000.0,642000.0,469000.0,185000.0,106.0,546000.0,298.0,420000.0,505000.0,513.0,10.2,449000.0,1150.0,835.0,182000.0,2230.0,162.0,5.17,298.0,6440.0,11000.0,1320.0,21.1,513.0,32.6,7120.0,4720.0,74.5,19400.0
2014-07-20,87.8,300000.0,308000.0,650000.0,453000.0,182000.0,97.5,550000.0,273.0,400000.0,517000.0,499.0,8.4,432000.0,1120.0,803.0,169000.0,2230.0,160.0,4.64,294.0,7360.0,10400.0,1210.0,19.6,499.0,32.3,6730.0,4530.0,74.1,18200.0
2014-07-21,81.1,286000.0,308000.0,651000.0,434000.0,188000.0,89.9,556000.0,251.0,378000.0,524000.0,488.0,7.28,411000.0,1100.0,774.0,154000.0,2230.0,158.0,4.4,290.0,7420.0,9510.0,1090.0,18.2,488.0,31.2,6520.0,4290.0,73.4,16900.0
2014-07-22,76.5,271000.0,308000.0,647000.0,408000.0,198000.0,83.1,559000.0,233.0,356000.0,522000.0,477.0,5.99,388000.0,1070.0,747.0,143000.0,2260.0,156.0,4.01,286.0,5860.0,9200.0,998.0,16.9,477.0,30.0,6000.0,4100.0,72.5,15200.0
2014-07-23,72.4,258000.0,308000.0,634000.0,383000.0,188000.0,78.2,559000.0,217.0,332000.0,517000.0,464.0,5.0,364000.0,1050.0,709.0,136000.0,2260.0,153.0,3.67,282.0,4670.0,8540.0,944.0,16.0,464.0,28.7,5910.0,4110.0,70.3,15400.0
2014-07-24,67.3,247000.0,308000.0,624000.0,355000.0,183000.0,70.9,558000.0,202.0,312000.0,518000.0,450.0,3.68,338000.0,1020.0,683.0,128000.0,2250.0,150.0,3.0,278.0,4610.0,8060.0,876.0,14.4,450.0,28.5,5730.0,3990.0,67.9,13200.0
2014-07-25,66.8,237000.0,308000.0,612000.0,331000.0,182000.0,73.1,553000.0,193.0,301000.0,529000.0,444.0,50.1,318000.0,1010.0,675.0,120000.0,2260.0,153.0,4.0,278.0,4550.0,8050.0,845.0,42.0,444.0,29.4,5180.0,3880.0,70.2,13000.0
2014-07-26,82.2,228000.0,308000.0,597000.0,315000.0,180000.0,73.2,542000.0,197.0,287000.0,525000.0,441.0,56.5,304000.0,1020.0,669.0,118000.0,2260.0,156.0,3.45,276.0,4610.0,7580.0,826.0,17.7,441.0,30.8,5270.0,3870.0,73.7,12800.0
2014-07-27,77.7,225000.0,308000.0,576000.0,300000.0,175000.0,65.6,530000.0,191.0,275000.0,507000.0,438.0,30.3,287000.0,998.0,658.0,110000.0,2260.0,154.0,3.33,271.0,5290.0,7230.0,794.0,13.5,438.0,29.6,5210.0,3790.0,72.7,12500.0
2014-07-28,62.4,221000.0,308000.0,553000.0,285000.0,171000.0,57.6,515000.0,172.0,269000.0,527000.0,432.0,36.9,275000.0,965.0,635.0,106000.0,2240.0,151.0,2.86,268.0,4960.0,7140.0,747.0,10.7,432.0,29.5,5010.0,3750.0,69.7,12000.0
2014-07-29,54.1,204000.0,308000.0,528000.0,275000.0,161000.0,53.2,498000.0,157.0,252000.0,503000.0,430.0,15.8,265000.0,936.0,614.0,89500.0,2230.0,149.0,3.15,265.0,5310.0,6950.0,720.0,9.52,430.0,28.8,4790.0,3690.0,67.6,10900.0
2014-07-30,49.8,150000.0,308000.0,505000.0,260000.0,150000.0,50.4,480000.0,143.0,222000.0,489000.0,433.0,9.51,243000.0,909.0,598.0,84600.0,2220.0,150.0,2.56,261.0,6030.0,6600.0,728.0,9.0,433.0,28.3,4530.0,3510.0,67.6,10700.0
2014-07-31,48.0,123000.0,308000.0,485000.0,235000.0,142000.0,47.0,459000.0,133.0,198000.0,463000.0,429.0,6.67,216000.0,890.0,583.0,78300.0,2200.0,148.0,2.27,258.0,6640.0,6370.0,715.0,8.43,429.0,28.4,4920.0,3330.0,67.9,10500.0
2014-08-01,47.0,124000.0,308000.0,467000.0,211000.0,139000.0,44.7,438000.0,129.0,186000.0,462000.0,416.0,4.72,193000.0,873.0,569.0,71700.0,2190.0,147.0,2.68,255.0,4920.0,6260.0,708.0,11.0,416.0,28.1,4970.0,3270.0,67.1,10200.0
2014-08-02,50.4,107000.0,308000.0,457000.0,195000.0,137000.0,41.6,420000.0,124.0,179000.0,463000.0,407.0,3.12,182000.0,852.0,551.0,69200.0,2180.0,147.0,2.88,252.0,4610.0,6190.0,683.0,7.61,407.0,27.4,5000.0,3260.0,65.5,9630.0
2014-08-03,53.5,96500.0,308000.0,445000.0,185000.0,135000.0,38.3,405000.0,113.0,172000.0,462000.0,402.0,2.29,173000.0,837.0,538.0,62900.0,2150.0,146.0,2.67,249.0,4640.0,5860.0,718.0,6.75,402.0,27.0,4940.0,3260.0,65.4,9350.0
2014-08-04,43.5,83200.0,308000.0,431000.0,176000.0,124000.0,36.3,392000.0,105.0,163000.0,424000.0,403.0,1.93,165000.0,827.0,533.0,61800.0,2120.0,151.0,2.46,247.0,5080.0,5750.0,813.0,8.3,403.0,27.8,4970.0,3210.0,66.9,9590.0
2014-08-05,42.9,87300.0,308000.0,416000.0,168000.0,124000.0,35.8,379000.0,99.8,156000.0,421000.0,420.0,3.5,157000.0,820.0,570.0,61000.0,2100.0,184.0,4.11,245.0,5430.0,5650.0,901.0,12.6,420.0,28.1,5100.0,2990.0,96.4,8960.0
2014-08-06,48.7,93600.0,308000.0,405000.0,161000.0,103000.0,35.9,368000.0,92.5,158000.0,415000.0,473.0,2.63,152000.0,818.0,541.0,59400.0,2070.0,158.0,3.46,240.0,5960.0,5430.0,1980.0,7.04,473.0,28.0,5000.0,3000.0,76.0,8960.0
2014-08-07,42.7,118000.0,308000.0,391000.0,158000.0,92500.0,35.0,365000.0,89.9,161000.0,393000.0,457.0,874.0,153000.0,803.0,515.0,59100.0,2050.0,152.0,310.0,236.0,5900.0,5250.0,1390.0,6.95,457.0,26.9,5020.0,2900.0,70.3,7980.0
2014-08-08,42.8,148000.0,308000.0,374000.0,161000.0,90600.0,33.1,358000.0,88.4,200000.0,390000.0,428.0,712.0,172000.0,794.0,503.0,58900.0,2020.0,148.0,76.3,232.0,5700.0,5310.0,1180.0,6.13,428.0,26.6,4830.0,2810.0,67.3,7690.0
2014-08-09,46.9,103000.0,308000.0,358000.0,187000.0,90000.0,30.4,344000.0,84.0,189000.0,391000.0,409.0,135.0,197000.0,785.0,487.0,59900.0,1980.0,147.0,29.7,229.0,5260.0,5050.0,1090.0,5.4,409.0,26.2,4340.0,2740.0,65.0,7990.0
2014-08-10,39.8,75300.0,308000.0,345000.0,199000.0,87600.0,28.5,329000.0,77.3,179000.0,382000.0,404.0,53.7,185000.0,769.0,477.0,55000.0,1950.0,144.0,16.3,227.0,4940.0,5350.0,945.0,4.78,404.0,26.2,4340.0,2740.0,64.2,8020.0
2014-08-11,37.8,63200.0,308000.0,335000.0,189000.0,89200.0,27.6,315000.0,69.9,176000.0,359000.0,395.0,292.0,177000.0,763.0,472.0,56500.0,1930.0,143.0,11.7,224.0,4730.0,6000.0,870.0,4.51,395.0,24.7,4270.0,2940.0,65.4,8650.0
2014-08-12,34.5,91800.0,308000.0,333000.0,183000.0,94400.0,25.9,303000.0,64.9,163000.0,346000.0,417.0,277.0,169000.0,754.0,465.0,49300.0,1890.0,143.0,8.75,221.0,4910.0,5200.0,855.0,4.19,417.0,24.7,5270.0,3170.0,64.9,9280.0
2014-08-13,32.8,97300.0,308000.0,341000.0,172000.0,90200.0,25.0,291000.0,61.1,159000.0,336000.0,425.0,70.0,160000.0,752.0,453.0,50300.0,1850.0,141.0,6.89,218.0,5250.0,5240.0,794.0,3.75,425.0,24.4,5650.0,3030.0,63.7,8450.0
2014-08-14,31.0,89200.0,308000.0,347000.0,165000.0,87100.0,24.6,282000.0,57.1,149000.0,313000.0,405.0,32.5,155000.0,743.0,446.0,44800.0,1820.0,139.0,5.8,215.0,4930.0,5400.0,889.0,3.38,405.0,24.5,4820.0,2800.0,62.8,7910.0
2014-08-15,29.6,93100.0,308000.0,350000.0,158000.0,88400.0,24.8,280000.0,53.6,152000.0,316000.0,390.0,20.0,147000.0,729.0,431.0,43100.0,1780.0,135.0,5.25,212.0,5270.0,5140.0,928.0,3.41,390.0,24.6,4450.0,2840.0,61.8,7820.0
2014-08-16,29.3,92800.0,308000.0,348000.0,152000.0,87200.0,24.7,282000.0,51.6,147000.0,303000.0,385.0,336.0,148000.0,721.0,426.0,40200.0,1730.0,135.0,118.0,209.0,5240.0,5200.0,860.0,3.98,385.0,24.4,4770.0,2760.0,63.3,7670.0
2014-08-17,29.1,130000.0,308000.0,347000.0,151000.0,85700.0,24.1,283000.0,51.0,174000.0,311000.0,385.0,929.0,149000.0,717.0,422.0,42800.0,1690.0,136.0,204.0,206.0,4930.0,5200.0,785.0,3.79,385.0,24.4,4290.0,2800.0,63.3,7810.0
2014-08-18,29.1,103000.0,308000.0,342000.0,160000.0,87100.0,23.2,280000.0,50.0,189000.0,300000.0,410.0,279.0,185000.0,716.0,429.0,44400.0,1650.0,133.0,40.5,204.0,5250.0,5350.0,746.0,3.42,410.0,28.2,4720.0,2850.0,63.8,8220.0
2014-08-19,28.6,89000.0,308000.0,339000.0,190000.0,90000.0,22.0,272000.0,48.5,153000.0,313000.0,603.0,101.0,181000.0,765.0,500.0,42600.0,1620.0,145.0,22.9,205.0,4710.0,5480.0,848.0,3.02,603.0,32.5,5010.0,2940.0,66.9,7940.0
2014-08-20,28.6,84600.0,308000.0,342000.0,178000.0,90300.0,22.4,265000.0,46.2,171000.0,289000.0,479.0,59.8,166000.0,730.0,422.0,44300.0,1580.0,139.0,38.7,198.0,5030.0,5670.0,1250.0,2.79,479.0,30.9,7100.0,2990.0,64.0,8000.0
2014-08-21,29.5,89100.0,308000.0,348000.0,175000.0,91600.0,21.4,261000.0,44.2,178000.0,287000.0,453.0,53.1,175000.0,735.0,454.0,47500.0,1530.0,139.0,45.1,196.0,7250.0,6070.0,1350.0,2.89,453.0,29.3,6480.0,3460.0,78.1,9120.0
2014-08-22,53.2,83900.0,308000.0,356000.0,183000.0,96500.0,64.3,257000.0,47.1,180000.0,274000.0,447.0,42.2,184000.0,827.0,496.0,50000.0,1460.0,177.0,19.0,201.0,8370.0,6670.0,1440.0,77.0,447.0,27.2,7300.0,3670.0,82.9,9320.0
2014-08-23,217.0,88400.0,308000.0,363000.0,191000.0,99200.0,83.9,257000.0,120.0,168000.0,284000.0,418.0,30.0,181000.0,771.0,498.0,54300.0,1420.0,149.0,13.4,192.0,8220.0,6580.0,1950.0,125.0,418.0,25.9,8410.0,3730.0,70.7,9760.0
2014-08-24,143.0,97700.0,308000.0,368000.0,184000.0,101000.0,53.8,261000.0,187.0,166000.0,281000.0,408.0,22.4,171000.0,739.0,495.0,57600.0,1400.0,164.0,10.1,190.0,7970.0,7440.0,1630.0,18.2,408.0,26.3,7510.0,3680.0,73.3,9850.0
2014-08-25,77.2,107000.0,308000.0,372000.0,177000.0,99400.0,27.1,267000.0,143.0,167000.0,270000.0,414.0,17.1,168000.0,748.0,460.0,62900.0,1410.0,156.0,8.08,188.0,6670.0,7650.0,1490.0,7.94,414.0,67.0,7380.0,3730.0,75.9,10300.0
2014-08-26,49.0,124000.0,308000.0,375000.0,175000.0,100000.0,24.1,280000.0,76.7,189000.0,282000.0,424.0,13.5,175000.0,711.0,450.0,62600.0,1370.0,182.0,6.85,184.0,7690.0,7770.0,1370.0,16.3,424.0,41.4,7000.0,3610.0,87.9,11000.0
2014-08-27,40.3,107000.0,308000.0,376000.0,186000.0,107000.0,23.0,282000.0,56.3,179000.0,295000.0,427.0,10.2,187000.0,680.0,413.0,64000.0,1340.0,143.0,19.7,177.0,7780.0,7490.0,1260.0,5.67,427.0,29.1,6580.0,3750.0,69.5,11000.0
2014-08-28,36.1,114000.0,308000.0,380000.0,191000.0,110000.0,25.6,278000.0,52.7,172000.0,290000.0,409.0,13.5,179000.0,671.0,398.0,64400.0,1310.0,134.0,77.4,177.0,7880.0,7380.0,1320.0,119.0,409.0,26.1,6060.0,3760.0,65.4,11000.0
2014-08-29,57.9,117000.0,308000.0,386000.0,184000.0,109000.0,30.8,281000.0,63.8,180000.0,286000.0,471.0,31.9,177000.0,756.0,407.0,64200.0,1300.0,132.0,23.7,181.0,9690.0,7200.0,1490.0,29.3,471.0,29.7,5780.0,4160.0,66.5,11100.0
2014-08-30,80.7,120000.0,308000.0,394000.0,185000.0,108000.0,26.4,288000.0,132.0,188000.0,301000.0,705.0,29.4,185000.0,1250.0,425.0,64700.0,1290.0,134.0,14.3,200.0,11300.0,7520.0,1510.0,13.8,705.0,212.0,6740.0,5180.0,96.8,11700.0
2014-08-31,55.5,121000.0,308000.0,401000.0,193000.0,109000.0,23.4,294000.0,126.0,186000.0,307000.0,953.0,17.9,192000.0,1200.0,462.0,55600.0,1260.0,132.0,10.6,192.0,8620.0,7590.0,2240.0,7.26,953.0,152.0,9840.0,5660.0,82.9,11700.0
2014-09-01,54.7,119000.0,308000.0,406000.0,196000.0,111000.0,22.0,299000.0,99.4,183000.0,308000.0,880.0,13.7,189000.0,1010.0,706.0,53000.0,1240.0,135.0,69.1,192.0,8310.0,7250.0,3660.0,23.5,880.0,152.0,14000.0,6290.0,73.0,12300.0
2014-09-02,45.3,119000.0,308000.0,410000.0,195000.0,112000.0,21.1,304000.0,70.8,230000.0,313000.0,844.0,9.71,198000.0,956.0,654.0,65900.0,1210.0,142.0,1480.0,196.0,10600.0,7110.0,3980.0,7.08,844.0,125.0,17900.0,6370.0,70.0,12600.0
2014-09-03,44.5,119000.0,308000.0,411000.0,220000.0,114000.0,20.3,308000.0,57.2,284000.0,320000.0,674.0,7.02,257000.0,960.0,660.0,75500.0,1180.0,129.0,157.0,187.0,11100.0,7460.0,3720.0,4.96,674.0,55.2,19600.0,6570.0,65.3,12400.0
2014-09-04,474.0,120000.0,308000.0,403000.0,280000.0,110000.0,22.9,308000.0,142.0,272000.0,324000.0,577.0,5.58,296000.0,887.0,616.0,74900.0,1170.0,124.0,74.0,182.0,11900.0,9810.0,2850.0,50.2,577.0,365.0,21300.0,9120.0,64.3,13300.0
2014-09-05,722.0,111000.0,308000.0,394000.0,294000.0,110000.0,23.5,310000.0,73.8,235000.0,329000.0,559.0,4.28,274000.0,833.0,550.0,80800.0,1170.0,123.0,46.1,180.0,13100.0,11100.0,3470.0,26.3,559.0,151.0,26300.0,13500.0,65.0,16100.0
2014-09-06,260.0,124000.0,308000.0,382000.0,266000.0,111000.0,21.3,306000.0,63.7,226000.0,329000.0,521.0,2.84,247000.0,779.0,504.0,84500.0,1160.0,119.0,56.3,179.0,10700.0,11100.0,4810.0,14.7,521.0,63.2,35600.0,16300.0,61.4,18300.0
2014-09-07,121.0,122000.0,308000.0,371000.0,250000.0,108000.0,20.5,298000.0,54.4,237000.0,320000.0,494.0,2.22,245000.0,737.0,469.0,83500.0,1150.0,116.0,30.9,178.0,13800.0,10400.0,5500.0,6.1,494.0,43.8,39600.0,18300.0,60.3,18800.0
2014-09-08,88.5,119000.0,308000.0,368000.0,253000.0,102000.0,19.9,290000.0,47.5,226000.0,304000.0,475.0,1.56,247000.0,709.0,443.0,79800.0,1150.0,116.0,21.4,178.0,19900.0,10300.0,4970.0,4.67,475.0,36.6,37100.0,17800.0,59.5,19100.0
2014-09-09,118.0,120000.0,308000.0,376000.0,246000.0,107000.0,205.0,284000.0,179.0,209000.0,310000.0,464.0,28.0,233000.0,693.0,428.0,87500.0,1150.0,142.0,144.0,177.0,23800.0,10100.0,3670.0,166.0,464.0,33.5,28900.0,16700.0,62.2,19400.0
2014-09-10,2990.0,144000.0,308000.0,392000.0,231000.0,104000.0,1640.0,282000.0,1400.0,242000.0,314000.0,560.0,8670.0,226000.0,812.0,422.0,123000.0,1160.0,173.0,733.0,186.0,26300.0,9920.0,2850.0,718.0,560.0,34.6,22800.0,17600.0,74.2,20500.0
2014-09-11,4860.0,206000.0,308000.0,405000.0,250000.0,109000.0,450.0,284000.0,2030.0,303000.0,303000.0,858.0,9700.0,279000.0,858.0,412.0,141000.0,1160.0,138.0,260.0,186.0,24200.0,9400.0,3100.0,102.0,858.0,43.7,23100.0,17800.0,72.5,20400.0
2014-09-12,2250.0,231000.0,308000.0,415000.0,307000.0,116000.0,210.0,290000.0,1230.0,338000.0,306000.0,730.0,1720.0,333000.0,855.0,461.0,147000.0,1150.0,125.0,90.4,181.0,20600.0,8890.0,5280.0,60.2,730.0,38.9,30300.0,16800.0,67.6,19200.0
2014-09-13,834.0,242000.0,308000.0,423000.0,349000.0,124000.0,150.0,295000.0,674.0,393000.0,321000.0,628.0,364.0,374000.0,819.0,560.0,147000.0,1150.0,127.0,54.6,180.0,16200.0,8150.0,6500.0,43.7,628.0,33.0,33500.0,15800.0,68.9,17800.0
2014-09-14,544.0,249000.0,308000.0,435000.0,393000.0,125000.0,120.0,305000.0,477.0,440000.0,314000.0,559.0,193.0,419000.0,778.0,521.0,138000.0,1150.0,123.0,37.5,179.0,17500.0,7600.0,6160.0,32.4,559.0,29.8,28000.0,14000.0,65.2,17300.0
2014-09-15,411.0,242000.0,308000.0,439000.0,435000.0,128000.0,105.0,312000.0,371.0,452000.0,317000.0,522.0,271.0,449000.0,769.0,507.0,132000.0,1160.0,121.0,28.9,182.0,21500.0,6970.0,4360.0,28.6,522.0,39.5,20800.0,11800.0,64.1,15700.0
2014-09-16,361.0,226000.0,308000.0,439000.0,455000.0,128000.0,94.5,316000.0,297.0,436000.0,336000.0,507.0,372.0,454000.0,768.0,495.0,130000.0,1200.0,121.0,24.9,181.0,24600.0,6480.0,3210.0,23.6,507.0,33.0,13900.0,9940.0,64.0,14200.0
2014-09-17,287.0,215000.0,308000.0,440000.0,454000.0,123000.0,84.8,320000.0,250.0,416000.0,325000.0,488.0,175.0,442000.0,751.0,473.0,128000.0,1190.0,119.0,22.1,179.0,19500.0,6440.0,2410.0,20.9,488.0,33.0,14100.0,8840.0,62.8,13100.0
2014-09-18,239.0,213000.0,308000.0,451000.0,440000.0,123000.0,76.6,325000.0,216.0,396000.0,329000.0,470.0,112.0,425000.0,735.0,469.0,122000.0,1190.0,118.0,19.6,178.0,15000.0,5980.0,1960.0,18.9,470.0,20.1,13500.0,7840.0,61.8,12200.0
2014-09-19,202.0,211000.0,308000.0,478000.0,421000.0,124000.0,68.4,330000.0,188.0,370000.0,333000.0,452.0,79.5,405000.0,719.0,462.0,120000.0,1220.0,116.0,18.0,177.0,12400.0,5720.0,1610.0,17.3,452.0,17.1,12000.0,6990.0,60.7,11500.0
2014-09-20,179.0,200000.0,308000.0,514000.0,396000.0,132000.0,64.5,340000.0,164.0,338000.0,354000.0,444.0,57.8,378000.0,723.0,478.0,115000.0,1220.0,119.0,20.8,178.0,12200.0,5530.0,1470.0,19.4,444.0,23.3,10200.0,6680.0,63.7,11000.0
2014-09-21,164.0,181000.0,308000.0,545000.0,367000.0,147000.0,65.5,356000.0,148.0,311000.0,374000.0,447.0,48.6,347000.0,731.0,491.0,117000.0,1220.0,131.0,20.6,182.0,11000.0,5520.0,1320.0,16.0,447.0,24.7,10500.0,6520.0,69.0,10500.0
2014-09-22,144.0,165000.0,308000.0,562000.0,338000.0,161000.0,57.7,372000.0,138.0,289000.0,404000.0,436.0,43.0,319000.0,723.0,511.0,115000.0,1200.0,126.0,14.8,179.0,9210.0,5210.0,1260.0,14.1,436.0,24.6,10000.0,6040.0,62.6,10200.0
2014-09-23,131.0,165000.0,308000.0,564000.0,315000.0,165000.0,53.8,388000.0,122.0,277000.0,389000.0,427.0,35.8,299000.0,714.0,610.0,112000.0,1200.0,117.0,12.0,178.0,8350.0,5630.0,1180.0,13.3,427.0,24.6,9210.0,5890.0,59.4,9240.0
2014-09-24,122.0,152000.0,308000.0,555000.0,300000.0,169000.0,50.1,401000.0,111.0,265000.0,390000.0,420.0,31.0,286000.0,715.0,601.0,105000.0,1220.0,116.0,10.9,178.0,10700.0,4940.0,1070.0,12.8,420.0,24.4,10100.0,5690.0,58.3,9130.0
2014-09-25,114.0,151000.0,308000.0,542000.0,287000.0,171000.0,48.1,405000.0,102.0,250000.0,406000.0,415.0,26.8,271000.0,708.0,565.0,89700.0,1220.0,115.0,10.7,177.0,9800.0,5410.0,1060.0,12.7,415.0,24.5,8840.0,5560.0,58.1,9040.0
2014-09-26,108.0,146000.0,308000.0,524000.0,272000.0,168000.0,46.7,400000.0,94.9,237000.0,409000.0,411.0,23.9,257000.0,694.0,531.0,74400.0,1230.0,115.0,10.4,177.0,7860.0,4980.0,1080.0,11.5,411.0,24.3,8710.0,5150.0,57.2,8800.0
2014-09-27,102.0,107000.0,308000.0,503000.0,258000.0,165000.0,44.6,390000.0,89.3,216000.0,412000.0,406.0,22.4,242000.0,683.0,502.0,68000.0,1220.0,114.0,11.0,175.0,8380.0,5040.0,1050.0,10.4,406.0,24.0,8960.0,4930.0,56.5,8970.0
2014-09-28,97.6,109000.0,308000.0,483000.0,239000.0,158000.0,43.4,377000.0,82.5,194000.0,447000.0,402.0,20.8,218000.0,679.0,477.0,64300.0,1200.0,113.0,11.0,176.0,8300.0,4720.0,1040.0,9.71,402.0,23.7,7570.0,4970.0,56.4,8830.0
2014-09-29,94.1,110000.0,308000.0,465000.0,217000.0,148000.0,42.6,365000.0,79.8,188000.0,448000.0,401.0,19.1,201000.0,672.0,457.0,61500.0,1190.0,113.0,10.6,176.0,7760.0,4850.0,1020.0,9.4,401.0,23.5,7880.0,4770.0,56.1,8720.0
2014-09-30,90.8,99700.0,308000.0,446000.0,206000.0,138000.0,42.3,352000.0,75.6,177000.0,429000.0,400.0,17.3,194000.0,661.0,432.0,60100.0,1180.0,112.0,11.3,176.0,8150.0,4900.0,955.0,9.0,400.0,23.1,7790.0,4860.0,55.0,7530.0
2014-10-01,89.5,109000.0,308000.0,425000.0,197000.0,129000.0,41.8,343000.0,70.1,173000.0,407000.0,404.0,20.9,182000.0,660.0,420.0,58400.0,1170.0,113.0,14.2,178.0,7940.0,4510.0,895.0,9.03,404.0,25.6,7090.0,4870.0,55.7,8090.0
2014-10-02,105.0,184000.0,294000.0,408000.0,189000.0,124000.0,45.1,331000.0,72.5,226000.0,391000.0,416.0,444.0,186000.0,676.0,427.0,57200.0,1210.0,115.0,376.0,180.0,7810.0,4780.0,893.0,10.1,416.0,27.1,7960.0,5490.0,57.6,8060.0
2014-10-03,309.0,230000.0,283000.0,394000.0,217000.0,119000.0,62.7,318000.0,140.0,297000.0,403000.0,511.0,4630.0,261000.0,769.0,526.0,60000.0,1250.0,120.0,483.0,197.0,7220.0,4620.0,1030.0,137.0,511.0,27.1,8830.0,5870.0,60.4,7830.0
2014-10-04,499.0,237000.0,273000.0,379000.0,294000.0,112000.0,60.2,304000.0,154.0,372000.0,398000.0,647.0,1910.0,333000.0,769.0,535.0,58100.0,1290.0,121.0,111.0,190.0,6690.0,4390.0,2040.0,17.1,647.0,27.8,8700.0,6270.0,59.1,7930.0
2014-10-05,322.0,208000.0,271000.0,363000.0,364000.0,105000.0,52.9,292000.0,133.0,384000.0,342000.0,605.0,472.0,388000.0,782.0,738.0,55400.0,1330.0,118.0,59.4,184.0,8110.0,4900.0,2780.0,12.6,605.0,31.4,10300.0,6830.0,58.8,7700.0
2014-10-06,253.0,102000.0,283000.0,347000.0,394000.0,103000.0,49.1,280000.0,109.0,343000.0,320000.0,551.0,241.0,385000.0,802.0,690.0,58500.0,1360.0,117.0,39.4,183.0,11800.0,4610.0,3070.0,11.7,551.0,30.4,11600.0,6850.0,58.0,7490.0
2014-10-07,206.0,129000.0,321000.0,334000.0,373000.0,97200.0,46.2,268000.0,98.5,303000.0,315000.0,503.0,159.0,346000.0,800.0,628.0,56700.0,1390.0,116.0,28.4,183.0,12500.0,4840.0,2640.0,10.7,503.0,27.4,11600.0,6770.0,57.4,7680.0
2014-10-08,169.0,136000.0,377000.0,325000.0,335000.0,92900.0,43.2,258000.0,89.9,268000.0,292000.0,474.0,113.0,307000.0,776.0,575.0,56400.0,1400.0,114.0,20.8,180.0,9360.0,5090.0,2270.0,9.67,474.0,24.9,10800.0,6360.0,55.8,8030.0
2014-10-09,159.0,135000.0,426000.0,331000.0,302000.0,90100.0,44.9,249000.0,90.6,251000.0,287000.0,454.0,85.3,275000.0,749.0,531.0,58000.0,1420.0,112.0,231.0,179.0,9060.0,4970.0,1930.0,12.1,454.0,23.5,9750.0,5970.0,54.8,8010.0
2014-10-10,199.0,120000.0,443000.0,353000.0,281000.0,88500.0,44.7,245000.0,91.3,250000.0,260000.0,443.0,69.9,266000.0,731.0,496.0,58900.0,1430.0,111.0,465.0,177.0,10200.0,5110.0,1620.0,9.54,443.0,23.1,9030.0,5890.0,54.3,7970.0
2014-10-11,179.0,109000.0,436000.0,387000.0,277000.0,92300.0,43.3,250000.0,88.2,258000.0,270000.0,437.0,60.4,267000.0,712.0,473.0,62300.0,1440.0,112.0,205.0,177.0,10600.0,5380.0,1450.0,8.77,437.0,22.9,8250.0,5840.0,54.0,7960.0
2014-10-12,164.0,127000.0,417000.0,424000.0,281000.0,99900.0,44.6,264000.0,83.1,271000.0,267000.0,433.0,53.4,276000.0,699.0,458.0,60600.0,1460.0,113.0,83.7,179.0,8900.0,4590.0,1310.0,8.86,433.0,22.8,7930.0,5440.0,55.1,7910.0
2014-10-13,306.0,136000.0,407000.0,465000.0,294000.0,114000.0,124.0,285000.0,211.0,278000.0,285000.0,435.0,1900.0,292000.0,705.0,467.0,65200.0,1490.0,126.0,474.0,182.0,7950.0,5150.0,1300.0,125.0,435.0,23.3,7820.0,5310.0,65.5,7600.0
2014-10-14,1370.0,174000.0,418000.0,500000.0,311000.0,121000.0,308.0,312000.0,786.0,294000.0,360000.0,568.0,2470.0,307000.0,838.0,595.0,85300.0,1510.0,268.0,226.0,200.0,8310.0,4780.0,1430.0,121.0,568.0,25.3,8360.0,5120.0,137.0,7480.0
2014-10-15,1530.0,209000.0,438000.0,518000.0,326000.0,130000.0,219.0,341000.0,796.0,324000.0,377000.0,743.0,1640.0,326000.0,957.0,751.0,111000.0,1530.0,207.0,122.0,207.0,11500.0,5000.0,2420.0,77.4,743.0,24.0,9790.0,4990.0,106.0,7700.0
2014-10-16,980.0,217000.0,468000.0,535000.0,352000.0,146000.0,162.0,363000.0,602.0,365000.0,390000.0,688.0,524.0,358000.0,1020.0,789.0,107000.0,1540.0,156.0,64.8,198.0,12000.0,4780.0,4650.0,52.2,688.0,23.2,10700.0,4900.0,79.1,7680.0
2014-10-17,742.0,222000.0,528000.0,552000.0,389000.0,153000.0,136.0,374000.0,457.0,400000.0,397000.0,611.0,293.0,394000.0,1070.0,859.0,103000.0,1550.0,142.0,41.6,195.0,16200.0,4870.0,5060.0,40.8,611.0,22.9,12100.0,4890.0,72.7,7310.0
2014-10-18,584.0,197000.0,587000.0,559000.0,423000.0,155000.0,114.0,387000.0,375.0,383000.0,417000.0,543.0,192.0,408000.0,1040.0,807.0,94100.0,1550.0,134.0,27.5,190.0,17300.0,3990.0,4380.0,32.4,543.0,22.4,10700.0,4700.0,68.0,7210.0
2014-10-19,482.0,147000.0,625000.0,571000.0,422000.0,159000.0,101.0,400000.0,315.0,332000.0,407000.0,507.0,141.0,382000.0,992.0,754.0,89500.0,1550.0,129.0,21.2,187.0,19600.0,4950.0,3500.0,28.2,507.0,22.2,9880.0,4500.0,65.0,6810.0
2014-10-20,434.0,157000.0,660000.0,599000.0,377000.0,160000.0,98.4,410000.0,282.0,296000.0,428000.0,492.0,114.0,338000.0,954.0,710.0,87400.0,1550.0,128.0,17.7,187.0,19500.0,4950.0,2640.0,26.8,492.0,22.3,9630.0,4480.0,64.4,6940.0
2014-10-21,384.0,160000.0,685000.0,638000.0,334000.0,169000.0,89.6,424000.0,260.0,276000.0,429000.0,478.0,100.0,305000.0,918.0,669.0,85800.0,1550.0,126.0,14.2,185.0,15100.0,4690.0,2230.0,23.6,478.0,22.1,8880.0,4450.0,62.7,7440.0
2014-10-22,338.0,152000.0,681000.0,673000.0,307000.0,188000.0,82.8,443000.0,236.0,263000.0,443000.0,468.0,85.2,284000.0,889.0,636.0,79600.0,1550.0,124.0,12.2,184.0,10400.0,4920.0,1920.0,21.2,468.0,21.9,8310.0,4260.0,60.9,7420.0
2014-10-23,313.0,138000.0,645000.0,703000.0,289000.0,210000.0,81.1,464000.0,217.0,259000.0,456000.0,476.0,73.5,275000.0,888.0,651.0,75600.0,1560.0,125.0,11.6,187.0,10800.0,4810.0,1750.0,21.1,476.0,22.1,8370.0,4280.0,63.1,7300.0
2014-10-24,299.0,116000.0,593000.0,719000.0,282000.0,228000.0,79.3,482000.0,208.0,246000.0,491000.0,512.0,66.8,267000.0,881.0,648.0,76100.0,1560.0,128.0,11.1,187.0,10500.0,4840.0,1640.0,20.3,512.0,22.2,8750.0,4150.0,65.3,7350.0
2014-10-25,285.0,136000.0,539000.0,723000.0,269000.0,234000.0,75.7,497000.0,202.0,239000.0,502000.0,536.0,63.4,254000.0,867.0,615.0,70000.0,1560.0,127.0,10.3,184.0,11000.0,4800.0,1780.0,19.6,536.0,22.2,8220.0,4190.0,63.5,7220.0
2014-10-26,260.0,134000.0,496000.0,712000.0,258000.0,233000.0,71.9,506000.0,191.0,236000.0,511000.0,513.0,59.3,250000.0,847.0,587.0,73000.0,1540.0,124.0,9.45,183.0,11200.0,4690.0,1850.0,18.2,513.0,21.4,8240.0,4260.0,61.1,7130.0
2014-10-27,253.0,133000.0,461000.0,683000.0,253000.0,226000.0,71.1,510000.0,181.0,225000.0,526000.0,487.0,55.2,242000.0,833.0,575.0,60700.0,1530.0,124.0,9.02,183.0,11600.0,4740.0,1740.0,19.5,487.0,21.6,8370.0,4130.0,61.5,7290.0
2014-10-28,244.0,112000.0,431000.0,646000.0,244000.0,215000.0,68.6,506000.0,175.0,220000.0,583000.0,475.0,49.8,235000.0,825.0,559.0,63100.0,1520.0,124.0,38.1,182.0,12300.0,4910.0,1670.0,17.4,475.0,22.2,8280.0,4040.0,60.0,7390.0
2014-10-29,217.0,93000.0,416000.0,610000.0,236000.0,204000.0,67.8,491000.0,164.0,197000.0,592000.0,467.0,47.1,222000.0,809.0,539.0,60900.0,1500.0,120.0,23.5,180.0,10600.0,4830.0,1520.0,16.0,467.0,21.3,7610.0,4070.0,57.9,7320.0
2014-10-30,204.0,99700.0,401000.0,574000.0,219000.0,185000.0,67.9,469000.0,153.0,192000.0,553000.0,461.0,46.4,205000.0,797.0,526.0,61100.0,1470.0,120.0,12.5,180.0,9310.0,4820.0,1450.0,15.2,461.0,21.3,7420.0,4100.0,57.4,7360.0
2014-10-31,196.0,89800.0,383000.0,540000.0,208000.0,168000.0,65.8,447000.0,148.0,190000.0,552000.0,456.0,42.5,201000.0,785.0,513.0,62000.0,1440.0,120.0,10.1,181.0,7540.0,4970.0,1340.0,15.1,456.0,20.8,7310.0,4180.0,56.8,7260.0
2014-11-01,183.0,103000.0,363000.0,511000.0,203000.0,155000.0,65.3,425000.0,145.0,183000.0,521000.0,452.0,38.3,194000.0,765.0,492.0,60000.0,1420.0,118.0,8.23,180.0,9150.0,4870.0,1350.0,13.5,452.0,20.9,7300.0,4060.0,55.6,7110.0
2014-11-02,178.0,102000.0,346000.0,484000.0,197000.0,144000.0,65.5,402000.0,140.0,182000.0,475000.0,449.0,36.0,190000.0,751.0,486.0,55600.0,1400.0,119.0,7.3,183.0,9730.0,4920.0,1330.0,16.3,449.0,21.1,7170.0,3960.0,56.6,7030.0
2014-11-03,183.0,86100.0,332000.0,463000.0,194000.0,135000.0,63.5,379000.0,138.0,171000.0,446000.0,447.0,36.9,186000.0,744.0,482.0,51900.0,1380.0,121.0,7.2,184.0,9000.0,4970.0,1210.0,14.5,447.0,21.5,7170.0,3990.0,58.0,7210.0
2014-11-04,187.0,78800.0,326000.0,440000.0,187000.0,127000.0,62.3,362000.0,144.0,160000.0,407000.0,450.0,36.7,175000.0,742.0,485.0,55600.0,1370.0,125.0,17.2,185.0,7590.0,5120.0,1150.0,24.9,450.0,28.3,7080.0,3960.0,61.5,7450.0
2014-11-05,180.0,79300.0,326000.0,422000.0,178000.0,118000.0,59.9,348000.0,145.0,158000.0,394000.0,452.0,36.1,168000.0,732.0,476.0,52600.0,1340.0,124.0,13.4,184.0,6960.0,5100.0,1140.0,14.0,452.0,25.9,7200.0,3970.0,58.5,7700.0
2014-11-06,176.0,73200.0,329000.0,413000.0,172000.0,109000.0,61.0,335000.0,141.0,159000.0,402000.0,457.0,36.7,164000.0,731.0,473.0,52600.0,1300.0,122.0,13.7,183.0,7720.0,5030.0,1170.0,14.9,457.0,22.8,7210.0,4050.0,58.0,7790.0
2014-11-07,171.0,79700.0,324000.0,408000.0,169000.0,112000.0,61.1,325000.0,134.0,155000.0,366000.0,463.0,35.8,164000.0,723.0,457.0,52400.0,1270.0,120.0,10.4,184.0,8340.0,5290.0,1190.0,12.7,463.0,21.7,7240.0,4150.0,56.7,7570.0
2014-11-08,164.0,73500.0,316000.0,400000.0,168000.0,120000.0,59.6,314000.0,128.0,156000.0,352000.0,461.0,34.6,161000.0,715.0,453.0,51700.0,1240.0,122.0,10.4,185.0,8710.0,5160.0,1230.0,13.3,461.0,21.1,7940.0,4260.0,57.7,7490.0
2014-11-09,169.0,72300.0,310000.0,392000.0,166000.0,119000.0,57.6,304000.0,125.0,155000.0,338000.0,456.0,33.5,161000.0,713.0,439.0,52100.0,1210.0,121.0,9.74,185.0,8550.0,5370.0,1370.0,12.4,456.0,21.0,9070.0,4230.0,56.9,7770.0
2014-11-10,162.0,74600.0,306000.0,384000.0,165000.0,113000.0,57.3,296000.0,124.0,150000.0,311000.0,454.0,33.9,160000.0,711.0,437.0,51400.0,1180.0,122.0,9.67,184.0,8690.0,5380.0,1390.0,12.8,454.0,22.0,8580.0,4410.0,57.5,8000.0
2014-11-11,163.0,68700.0,302000.0,377000.0,163000.0,108000.0,55.5,291000.0,124.0,150000.0,309000.0,465.0,35.3,155000.0,712.0,434.0,52000.0,1140.0,122.0,10.4,184.0,9250.0,5330.0,1410.0,18.4,465.0,22.7,8530.0,4420.0,56.7,8010.0
2014-11-12,153.0,66200.0,305000.0,369000.0,159000.0,107000.0,54.1,288000.0,120.0,147000.0,326000.0,465.0,33.8,154000.0,704.0,417.0,52800.0,1090.0,119.0,9.41,184.0,9380.0,5080.0,1420.0,12.2,465.0,21.0,9130.0,4460.0,55.0,8160.0
2014-11-13,137.0,63700.0,323000.0,362000.0,158000.0,108000.0,54.8,284000.0,112.0,144000.0,334000.0,461.0,32.7,151000.0,688.0,408.0,53500.0,1060.0,117.0,8.94,182.0,9750.0,4790.0,1420.0,10.5,461.0,20.6,8890.0,4350.0,54.5,8000.0
2014-11-14,120.0,66400.0,339000.0,358000.0,154000.0,112000.0,60.8,277000.0,103.0,144000.0,308000.0,454.0,31.4,149000.0,618.0,398.0,55100.0,1040.0,118.0,8.57,184.0,10900.0,4390.0,1400.0,10.4,454.0,20.3,8610.0,4000.0,54.3,7400.0
2014-11-15,115.0,81000.0,345000.0,360000.0,152000.0,115000.0,60.1,270000.0,85.7,145000.0,277000.0,441.0,30.2,147000.0,623.0,303.0,55100.0,1040.0,118.0,9.05,183.0,9520.0,4080.0,1310.0,10.9,441.0,20.5,7950.0,3210.0,52.4,6440.0
2014-11-16,120.0,78300.0,337000.0,369000.0,151000.0,118000.0,57.4,269000.0,82.0,151000.0,254000.0,445.0,31.3,151000.0,627.0,311.0,59800.0,1040.0,119.0,9.6,184.0,8780.0,3620.0,1240.0,11.4,445.0,21.1,6640.0,3370.0,55.3,6450.0
2014-11-17,115.0,63500.0,321000.0,382000.0,155000.0,114000.0,62.8,275000.0,80.0,147000.0,317000.0,442.0,29.2,153000.0,611.0,262.0,60300.0,1040.0,116.0,11.0,184.0,9310.0,3010.0,1280.0,10.0,442.0,20.4,7170.0,3110.0,49.6,5540.0
2014-11-18,110.0,69000.0,307000.0,394000.0,155000.0,109000.0,74.2,281000.0,80.0,141000.0,286000.0,442.0,26.8,149000.0,600.0,217.0,49200.0,1040.0,117.0,9.74,185.0,8910.0,2660.0,1220.0,11.0,442.0,20.3,7030.0,3260.0,55.2,5970.0
2014-11-19,120.0,65400.0,298000.0,401000.0,150000.0,109000.0,97.3,293000.0,90.0,139000.0,291000.0,445.0,26.6,145000.0,593.0,353.0,46300.0,1040.0,117.0,8.6,186.0,7670.0,3150.0,1170.0,11.5,445.0,20.4,5710.0,3580.0,56.4,5080.0
2014-11-20,115.0,57700.0,291000.0,394000.0,146000.0,111000.0,95.1,300000.0,85.0,124000.0,293000.0,442.0,25.9,140000.0,593.0,337.0,37900.0,976.0,115.0,8.06,186.0,7930.0,3770.0,1170.0,10.6,442.0,20.2,5230.0,3440.0,54.2,5860.0
2014-11-21,110.0,54100.0,287000.0,379000.0,139000.0,107000.0,88.4,303000.0,80.0,114000.0,290000.0,436.0,25.1,129000.0,561.0,421.0,28700.0,970.0,114.0,7.46,184.0,8100.0,3850.0,1150.0,9.67,436.0,19.8,5530.0,3460.0,52.3,5600.0
2014-11-22,115.0,44600.0,299000.0,365000.0,129000.0,103000.0,82.4,303000.0,85.0,105000.0,284000.0,448.0,26.1,118000.0,580.0,522.0,22900.0,926.0,133.0,7.95,184.0,8370.0,3780.0,1150.0,18.7,448.0,20.1,6550.0,3470.0,58.8,6500.0
2014-11-23,145.0,39800.0,317000.0,356000.0,118000.0,102000.0,74.4,302000.0,131.0,100000.0,282000.0,455.0,33.0,110000.0,721.0,578.0,35200.0,932.0,149.0,141.0,185.0,7800.0,4280.0,1200.0,139.0,455.0,21.7,6450.0,3900.0,69.6,7210.0
2014-11-24,229.0,65600.0,331000.0,350000.0,111000.0,99900.0,68.4,296000.0,238.0,125000.0,304000.0,526.0,57.2,108000.0,754.0,551.0,51800.0,941.0,173.0,567.0,187.0,8650.0,4630.0,1300.0,58.0,526.0,30.1,8290.0,4580.0,88.1,6840.0
2014-11-25,208.0,80700.0,334000.0,353000.0,114000.0,93800.0,62.1,289000.0,195.0,151000.0,307000.0,576.0,95.1,134000.0,714.0,451.0,57400.0,867.0,143.0,150.0,183.0,10200.0,4230.0,1800.0,25.0,576.0,36.1,9950.0,5020.0,65.8,6840.0
2014-11-26,147.0,90500.0,329000.0,366000.0,139000.0,92700.0,57.3,284000.0,144.0,147000.0,290000.0,534.0,76.1,154000.0,653.0,401.0,57200.0,867.0,127.0,86.2,181.0,10000.0,3980.0,2380.0,22.0,534.0,27.8,10600.0,5120.0,57.7,7110.0
2014-11-27,140.0,97800.0,323000.0,377000.0,155000.0,102000.0,54.8,278000.0,128.0,155000.0,310000.0,460.0,53.9,158000.0,664.0,359.0,50800.0,863.0,125.0,67.3,180.0,12000.0,3990.0,2950.0,17.0,460.0,23.7,10600.0,4890.0,57.3,6350.0
2014-11-28,179.0,100000.0,330000.0,381000.0,161000.0,103000.0,60.3,277000.0,108.0,154000.0,279000.0,421.0,41.7,164000.0,645.0,277.0,55700.0,859.0,119.0,51.3,182.0,12600.0,3700.0,4020.0,22.0,421.0,22.5,10000.0,4610.0,56.7,6280.0
2014-11-29,153.0,91700.0,343000.0,381000.0,165000.0,103000.0,56.9,282000.0,142.0,151000.0,275000.0,423.0,41.5,162000.0,669.0,351.0,53900.0,859.0,137.0,42.6,187.0,12800.0,3690.0,2800.0,21.0,423.0,22.0,8790.0,4210.0,57.3,6650.0
2014-11-30,155.0,87500.0,357000.0,377000.0,163000.0,104000.0,62.1,286000.0,159.0,150000.0,282000.0,405.0,40.7,159000.0,686.0,349.0,57000.0,870.0,135.0,36.8,182.0,13600.0,3840.0,2200.0,26.0,405.0,21.0,8690.0,4220.0,57.3,6010.0
2014-12-01,134.0,91200.0,372000.0,376000.0,161000.0,104000.0,67.5,289000.0,124.0,154000.0,286000.0,402.0,39.9,158000.0,583.0,212.0,59800.0,863.0,129.0,28.8,181.0,15700.0,3220.0,1800.0,20.9,402.0,20.0,8210.0,4170.0,43.3,5450.0
2014-12-02,140.0,91200.0,389000.0,384000.0,161000.0,105000.0,64.5,289000.0,142.0,154000.0,285000.0,402.0,34.9,160000.0,560.0,236.0,55300.0,855.0,127.0,24.4,182.0,13500.0,3410.0,1570.0,27.0,402.0,20.1,7450.0,3950.0,54.3,5960.0
2014-12-03,145.0,92100.0,397000.0,395000.0,161000.0,109000.0,70.1,291000.0,158.0,151000.0,290000.0,413.0,34.7,159000.0,555.0,308.0,53800.0,853.0,128.0,22.6,182.0,10700.0,3410.0,1500.0,21.5,413.0,20.0,6620.0,3460.0,52.0,6050.0
2014-12-04,143.0,85800.0,391000.0,407000.0,160000.0,114000.0,63.2,293000.0,154.0,147000.0,290000.0,428.0,30.8,156000.0,560.0,317.0,49800.0,849.0,129.0,20.7,181.0,10200.0,3590.0,1550.0,19.5,428.0,19.8,7240.0,3480.0,51.5,6130.0
2014-12-05,126.0,81200.0,382000.0,416000.0,157000.0,118000.0,56.2,299000.0,134.0,144000.0,281000.0,428.0,31.9,154000.0,620.0,379.0,49800.0,849.0,130.0,315.0,182.0,10200.0,3560.0,1570.0,19.3,428.0,19.7,6950.0,3720.0,54.7,6170.0
2014-12-06,125.0,87600.0,388000.0,425000.0,164000.0,124000.0,50.6,306000.0,126.0,153000.0,315000.0,420.0,37.1,175000.0,645.0,383.0,51000.0,851.0,129.0,585.0,183.0,9490.0,3630.0,1570.0,18.5,420.0,19.3,6910.0,3640.0,53.1,6130.0
2014-12-07,116.0,86900.0,394000.0,430000.0,181000.0,127000.0,48.5,313000.0,111.0,167000.0,314000.0,408.0,43.0,186000.0,612.0,375.0,50900.0,855.0,133.0,168.0,181.0,9860.0,3690.0,1570.0,17.4,408.0,19.2,6760.0,3740.0,51.5,5910.0
2014-12-08,119.0,84300.0,406000.0,437000.0,193000.0,127000.0,48.1,318000.0,117.0,169000.0,325000.0,416.0,43.8,195000.0,631.0,398.0,53100.0,855.0,142.0,103.0,185.0,10100.0,3660.0,1450.0,19.0,416.0,19.6,6610.0,3760.0,53.4,6130.0
2014-12-09,122.0,80800.0,443000.0,443000.0,198000.0,128000.0,50.1,322000.0,110.0,160000.0,329000.0,428.0,41.2,191000.0,625.0,378.0,52800.0,851.0,141.0,72.3,184.0,9930.0,3700.0,1470.0,17.9,428.0,19.4,6700.0,3790.0,52.6,5600.0
2014-12-10,115.0,82800.0,506000.0,445000.0,191000.0,130000.0,46.8,327000.0,107.0,151000.0,328000.0,458.0,39.2,179000.0,616.0,365.0,59100.0,813.0,133.0,54.8,184.0,9720.0,3640.0,1450.0,16.5,458.0,19.1,6670.0,3700.0,51.3,5800.0
2014-12-11,111.0,93800.0,572000.0,451000.0,181000.0,131000.0,46.4,330000.0,102.0,151000.0,329000.0,481.0,37.2,168000.0,611.0,353.0,58300.0,811.0,129.0,45.5,185.0,10000.0,3610.0,1370.0,16.3,481.0,19.1,6110.0,3640.0,51.3,6040.0
2014-12-12,110.0,99600.0,618000.0,473000.0,173000.0,137000.0,47.0,336000.0,98.4,157000.0,333000.0,502.0,35.3,163000.0,609.0,350.0,58300.0,809.0,126.0,37.7,186.0,9960.0,3790.0,1370.0,15.9,502.0,19.2,5870.0,3650.0,51.0,5820.0
2014-12-13,110.0,94600.0,642000.0,511000.0,172000.0,150000.0,46.3,340000.0,97.6,156000.0,336000.0,518.0,33.4,166000.0,612.0,354.0,58300.0,813.0,126.0,32.9,189.0,8780.0,3820.0,1320.0,15.9,518.0,19.6,6500.0,3750.0,50.7,6180.0
2014-12-14,112.0,92100.0,652000.0,556000.0,172000.0,159000.0,45.4,355000.0,98.3,149000.0,336000.0,529.0,33.3,163000.0,620.0,332.0,57000.0,815.0,127.0,30.5,191.0,9250.0,3700.0,1350.0,16.4,529.0,20.3,6820.0,3950.0,52.3,6470.0
2014-12-15,117.0,89800.0,649000.0,593000.0,167000.0,172000.0,45.3,386000.0,103.0,139000.0,355000.0,556.0,36.2,156000.0,637.0,321.0,56700.0,819.0,133.0,48.7,194.0,9320.0,3690.0,1400.0,22.0,556.0,22.9,6680.0,4400.0,57.2,6770.0
2014-12-16,125.0,78300.0,625000.0,622000.0,158000.0,184000.0,49.6,418000.0,116.0,140000.0,417000.0,576.0,40.8,148000.0,664.0,338.0,57400.0,828.0,151.0,55.7,194.0,10100.0,3790.0,1470.0,41.3,576.0,30.5,8270.0,4790.0,72.0,6670.0
2014-12-17,130.0,89600.0,572000.0,643000.0,152000.0,190000.0,53.2,445000.0,124.0,137000.0,428000.0,588.0,44.7,146000.0,654.0,337.0,60100.0,828.0,146.0,35.4,191.0,10300.0,3670.0,2230.0,19.4,588.0,29.8,10400.0,5160.0,67.5,6480.0
2014-12-18,125.0,92000.0,509000.0,654000.0,150000.0,196000.0,54.4,470000.0,112.0,135000.0,450000.0,513.0,45.0,145000.0,624.0,330.0,58800.0,824.0,128.0,30.5,190.0,13900.0,3560.0,3390.0,17.6,513.0,24.5,12100.0,5340.0,57.9,6930.0
2014-12-19,115.0,83700.0,454000.0,640000.0,148000.0,203000.0,53.0,489000.0,101.0,134000.0,478000.0,476.0,40.4,143000.0,607.0,308.0,58500.0,824.0,132.0,29.5,189.0,16100.0,3720.0,3900.0,17.5,476.0,21.9,12700.0,5400.0,58.8,7010.0
2014-12-20,120.0,88900.0,405000.0,613000.0,145000.0,203000.0,50.2,496000.0,107.0,139000.0,514000.0,468.0,36.6,142000.0,639.0,327.0,57500.0,823.0,128.0,28.1,190.0,16700.0,3880.0,3340.0,16.8,468.0,20.7,12000.0,5560.0,57.3,7170.0
2014-12-21,125.0,87600.0,357000.0,579000.0,145000.0,200000.0,49.2,486000.0,116.0,141000.0,525000.0,461.0,36.5,145000.0,635.0,330.0,55400.0,821.0,129.0,27.2,190.0,17000.0,3740.0,2930.0,17.2,461.0,21.3,10600.0,5520.0,57.2,7180.0
2014-12-22,139.0,92700.0,329000.0,540000.0,148000.0,185000.0,49.7,464000.0,112.0,139000.0,517000.0,464.0,39.2,146000.0,635.0,327.0,58000.0,817.0,130.0,72.9,191.0,16700.0,3870.0,2480.0,23.0,464.0,25.3,8550.0,5420.0,59.7,7260.0
2014-12-23,164.0,89400.0,323000.0,500000.0,149000.0,165000.0,56.2,443000.0,135.0,143000.0,509000.0,484.0,75.6,148000.0,660.0,344.0,64000.0,815.0,144.0,228.0,195.0,16000.0,4060.0,2260.0,51.4,484.0,42.6,8370.0,5440.0,70.7,7760.0
2014-12-24,187.0,97700.0,327000.0,464000.0,152000.0,140000.0,57.6,423000.0,154.0,149000.0,537000.0,514.0,157.0,152000.0,675.0,358.0,67000.0,813.0,159.0,93.7,195.0,15700.0,3890.0,2080.0,27.2,514.0,37.0,9210.0,5490.0,80.2,7970.0
2014-12-25,164.0,105000.0,332000.0,436000.0,158000.0,122000.0,54.4,397000.0,150.0,162000.0,461000.0,528.0,117.0,162000.0,665.0,357.0,75900.0,813.0,143.0,65.8,193.0,14300.0,4480.0,2220.0,24.4,528.0,32.6,9330.0,5630.0,70.5,7800.0
2014-12-26,152.0,105000.0,338000.0,415000.0,169000.0,123000.0,50.8,375000.0,140.0,160000.0,428000.0,517.0,86.9,173000.0,657.0,352.0,76900.0,809.0,136.0,51.7,193.0,13100.0,4260.0,2570.0,22.3,517.0,29.2,9010.0,5680.0,67.0,7820.0
2014-12-27,146.0,108000.0,344000.0,402000.0,176000.0,127000.0,49.7,353000.0,132.0,165000.0,395000.0,502.0,71.4,173000.0,659.0,348.0,77000.0,809.0,134.0,51.8,192.0,11300.0,4340.0,2530.0,23.2,502.0,27.0,9230.0,5640.0,65.6,7890.0
2014-12-28,141.0,109000.0,353000.0,398000.0,178000.0,118000.0,49.1,340000.0,126.0,167000.0,393000.0,477.0,62.0,177000.0,639.0,339.0,75900.0,809.0,126.0,51.5,191.0,10800.0,4290.0,2450.0,20.6,477.0,23.6,8730.0,5240.0,62.6,7330.0
2014-12-29,133.0,107000.0,370000.0,407000.0,181000.0,109000.0,49.6,338000.0,119.0,160000.0,382000.0,445.0,54.3,175000.0,554.0,315.0,69500.0,809.0,123.0,43.2,173.0,10600.0,3780.0,2200.0,16.7,445.0,21.0,6910.0,4680.0,61.0,7180.0
2014-12-30,100.0,96000.0,392000.0,418000.0,177000.0,102000.0,48.7,339000.0,84.0,157000.0,388000.0,411.0,46.1,170000.0,538.0,260.0,66500.0,811.0,122.0,34.8,171.0,10400.0,3470.0,2050.0,13.1,411.0,20.0,6890.0,3860.0,57.0,6430.0
2014-12-31,120.0,94200.0,414000.0,422000.0,173000.0,99000.0,48.1,340000.0,106.0,148000.0,381000.0,387.0,35.3,164000.0,501.0,252.0,49400.0,805.0,122.0,35.0,178.0,9500.0,3400.0,1800.0,12.3,387.0,20.0,6290.0,3140.0,53.0,6650.0
2015-01-01,150.0,63600.0,455000.0,429000.0,165000.0,94500.0,47.3,345000.0,140.0,135000.0,371000.0,402.0,34.1,154000.0,488.0,285.0,34500.0,807.0,122.0,28.0,184.0,8950.0,3470.0,1720.0,11.7,402.0,20.4,6000.0,3070.0,56.2,6620.0
2015-01-02,170.0,45500.0,490000.0,449000.0,156000.0,94000.0,44.7,353000.0,162.0,112000.0,371000.0,408.0,29.4,140000.0,518.0,326.0,31000.0,807.0,120.0,25.9,191.0,8620.0,3180.0,1740.0,10.5,408.0,20.2,6490.0,3430.0,55.2,6530.0
2015-01-03,160.0,57100.0,502000.0,479000.0,150000.0,92100.0,44.6,364000.0,148.0,105000.0,375000.0,406.0,39.1,123000.0,523.0,330.0,35300.0,803.0,121.0,156.0,193.0,8840.0,3170.0,1780.0,11.2,406.0,20.0,6770.0,3370.0,55.5,6470.0
2015-01-04,165.0,66100.0,502000.0,519000.0,144000.0,93400.0,44.7,398000.0,147.0,117000.0,450000.0,400.0,75.0,123000.0,497.0,319.0,39500.0,805.0,121.0,167.0,177.0,9110.0,2960.0,1660.0,10.2,400.0,20.0,6520.0,3670.0,52.5,6380.0
2015-01-05,160.0,68900.0,503000.0,565000.0,141000.0,97500.0,44.5,433000.0,135.0,127000.0,434000.0,385.0,95.0,133000.0,472.0,262.0,31900.0,807.0,121.0,73.3,162.0,8640.0,2970.0,1540.0,9.36,385.0,19.0,7030.0,3540.0,40.5,6220.0
2015-01-06,148.0,65600.0,513000.0,607000.0,148000.0,102000.0,44.0,466000.0,125.0,108000.0,458000.0,375.0,65.0,136000.0,472.0,226.0,29000.0,803.0,121.0,49.5,159.0,8740.0,3010.0,1390.0,10.5,375.0,19.2,6260.0,3580.0,53.6,5980.0
2015-01-07,140.0,62100.0,524000.0,625000.0,144000.0,114000.0,43.1,495000.0,120.0,99600.0,500000.0,375.0,40.0,122000.0,476.0,239.0,29900.0,803.0,120.0,38.3,160.0,8370.0,2880.0,1380.0,9.98,375.0,18.7,5440.0,3410.0,53.1,5650.0
2015-01-08,138.0,49200.0,540000.0,626000.0,131000.0,119000.0,41.8,516000.0,115.0,93100.0,510000.0,376.0,35.0,111000.0,505.0,247.0,31100.0,805.0,121.0,44.8,160.0,8370.0,3000.0,1370.0,8.93,376.0,19.4,6230.0,2970.0,53.1,5470.0
2015-01-09,134.0,38400.0,553000.0,626000.0,121000.0,119000.0,42.2,529000.0,115.0,88700.0,555000.0,376.0,30.0,101000.0,505.0,253.0,35800.0,807.0,121.0,36.5,159.0,8620.0,2900.0,1320.0,10.6,376.0,19.7,6520.0,3010.0,52.8,5350.0
2015-01-10,130.0,49000.0,550000.0,631000.0,112000.0,118000.0,41.6,537000.0,120.0,91700.0,537000.0,376.0,25.0,96000.0,505.0,257.0,37600.0,803.0,122.0,29.7,158.0,8700.0,2830.0,1290.0,13.6,376.0,19.2,6410.0,3120.0,53.1,5240.0
2015-01-11,135.0,61200.0,534000.0,637000.0,104000.0,116000.0,41.4,545000.0,125.0,100000.0,533000.0,376.0,25.0,98400.0,541.0,259.0,40400.0,803.0,120.0,31.0,158.0,8780.0,2880.0,1230.0,13.8,376.0,18.8,5880.0,2950.0,53.4,5190.0
2015-01-12,130.0,57800.0,518000.0,642000.0,108000.0,120000.0,41.4,552000.0,120.0,111000.0,557000.0,376.0,23.0,110000.0,527.0,251.0,42100.0,807.0,123.0,34.1,156.0,8700.0,2830.0,1220.0,12.2,376.0,18.5,6440.0,3110.0,53.7,5160.0
2015-01-13,125.0,61000.0,502000.0,638000.0,118000.0,126000.0,40.8,556000.0,115.0,105000.0,576000.0,376.0,21.0,118000.0,514.0,235.0,42500.0,809.0,121.0,37.8,152.0,8580.0,2780.0,1160.0,11.7,376.0,18.3,6960.0,2970.0,52.6,5100.0
2015-01-14,120.0,56600.0,481000.0,630000.0,123000.0,127000.0,40.6,557000.0,115.0,104000.0,566000.0,377.0,20.0,114000.0,552.0,231.0,41300.0,810.0,121.0,27.7,155.0,8490.0,2840.0,1160.0,14.4,377.0,18.8,6350.0,2950.0,52.1,5070.0
2015-01-15,130.0,64500.0,455000.0,618000.0,119000.0,126000.0,41.4,556000.0,120.0,104000.0,565000.0,389.0,22.0,112000.0,560.0,234.0,41600.0,809.0,129.0,23.0,154.0,8580.0,2760.0,1140.0,15.1,389.0,18.9,5710.0,2990.0,52.0,5030.0
2015-01-16,140.0,72800.0,427000.0,600000.0,117000.0,126000.0,41.4,549000.0,130.0,108000.0,548000.0,398.0,30.0,112000.0,566.0,240.0,41400.0,809.0,135.0,22.0,154.0,8410.0,2790.0,1120.0,13.8,398.0,19.1,6240.0,3070.0,51.5,5000.0
2015-01-17,150.0,61300.0,405000.0,577000.0,118000.0,124000.0,41.0,538000.0,140.0,108000.0,521000.0,405.0,43.0,115000.0,572.0,246.0,41200.0,809.0,140.0,21.6,154.0,8520.0,2870.0,1090.0,21.7,405.0,19.0,6540.0,3050.0,51.0,4970.0
2015-01-18,170.0,61700.0,393000.0,555000.0,121000.0,123000.0,40.7,522000.0,150.0,107000.0,511000.0,408.0,93.2,117000.0,574.0,255.0,41400.0,812.0,140.0,22.0,156.0,8580.0,2820.0,1070.0,23.2,408.0,19.4,6540.0,3140.0,50.7,5010.0
2015-01-19,200.0,69800.0,391000.0,530000.0,122000.0,118000.0,40.8,505000.0,160.0,107000.0,486000.0,407.0,140.0,116000.0,580.0,268.0,41600.0,809.0,140.0,21.7,157.0,8580.0,2730.0,1070.0,21.2,407.0,19.0,6630.0,3180.0,50.2,4990.0
2015-01-20,220.0,68200.0,391000.0,509000.0,122000.0,119000.0,41.4,486000.0,170.0,111000.0,469000.0,405.0,102.0,116000.0,592.0,303.0,45800.0,811.0,136.0,21.3,159.0,8400.0,2750.0,1090.0,19.3,405.0,18.7,6960.0,3140.0,49.9,5010.0
2015-01-21,220.0,66600.0,388000.0,490000.0,123000.0,115000.0,41.2,466000.0,170.0,111000.0,459000.0,404.0,83.9,118000.0,594.0,314.0,47100.0,809.0,133.0,20.3,161.0,8340.0,2860.0,1060.0,14.9,404.0,18.5,6300.0,3180.0,49.9,5040.0
2015-01-22,200.0,69700.0,378000.0,475000.0,124000.0,111000.0,41.2,450000.0,160.0,111000.0,422000.0,402.0,73.0,119000.0,595.0,305.0,48500.0,811.0,132.0,19.1,161.0,8070.0,2700.0,1060.0,12.1,402.0,18.2,6550.0,3140.0,49.4,4980.0
2015-01-23,170.0,70000.0,360000.0,471000.0,124000.0,107000.0,40.8,445000.0,150.0,112000.0,447000.0,400.0,59.3,118000.0,598.0,288.0,48900.0,814.0,127.0,18.4,160.0,7640.0,2850.0,1040.0,10.5,400.0,18.3,6090.0,3140.0,48.7,4860.0
2015-01-24,170.0,65200.0,336000.0,468000.0,125000.0,100000.0,41.1,435000.0,160.0,113000.0,437000.0,399.0,50.9,120000.0,603.0,291.0,47100.0,814.0,125.0,18.6,160.0,7460.0,2790.0,1030.0,12.8,399.0,18.6,5920.0,3220.0,49.3,4900.0
2015-01-25,180.0,73900.0,310000.0,461000.0,126000.0,98600.0,41.8,427000.0,150.0,113000.0,420000.0,398.0,56.1,119000.0,608.0,313.0,50200.0,814.0,125.0,20.5,161.0,7220.0,2810.0,1000.0,14.4,398.0,18.4,6670.0,3260.0,49.3,4860.0
2015-01-26,200.0,72300.0,293000.0,449000.0,126000.0,99100.0,41.4,419000.0,145.0,118000.0,422000.0,399.0,75.2,120000.0,610.0,298.0,51600.0,817.0,124.0,22.4,163.0,7100.0,2790.0,991.0,12.7,399.0,18.7,6120.0,3180.0,48.2,4840.0
2015-01-27,180.0,73100.0,290000.0,428000.0,128000.0,95900.0,40.8,409000.0,140.0,115000.0,405000.0,399.0,106.0,122000.0,607.0,309.0,50100.0,814.0,121.0,22.2,165.0,6990.0,2830.0,946.0,11.9,399.0,18.5,6720.0,3240.0,48.9,4920.0
2015-01-28,160.0,83100.0,301000.0,405000.0,129000.0,91200.0,39.9,396000.0,130.0,115000.0,375000.0,397.0,74.0,121000.0,595.0,284.0,50600.0,809.0,122.0,19.1,168.0,7100.0,2890.0,957.0,12.2,397.0,18.4,6320.0,3240.0,47.2,4810.0
2015-01-29,165.0,73900.0,311000.0,385000.0,128000.0,87500.0,40.6,380000.0,135.0,125000.0,365000.0,395.0,69.1,122000.0,571.0,290.0,48700.0,807.0,122.0,20.3,170.0,7220.0,3000.0,979.0,12.4,395.0,17.9,6100.0,3240.0,46.6,4840.0
2015-01-30,170.0,66800.0,317000.0,374000.0,130000.0,87600.0,41.7,364000.0,140.0,121000.0,370000.0,394.0,64.5,128000.0,524.0,258.0,49600.0,807.0,121.0,16.9,165.0,7160.0,2860.0,935.0,9.51,394.0,17.8,5710.0,3140.0,46.4,4650.0
2015-01-31,170.0,73400.0,320000.0,372000.0,135000.0,85400.0,42.6,349000.0,145.0,120000.0,336000.0,393.0,59.1,125000.0,506.0,240.0,48200.0,807.0,122.0,15.4,166.0,6990.0,3050.0,946.0,15.9,393.0,17.6,6100.0,3140.0,46.6,4940.0
2015-02-01,165.0,73800.0,328000.0,373000.0,133000.0,83400.0,41.8,339000.0,140.0,120000.0,333000.0,393.0,165.0,124000.0,486.0,218.0,47600.0,806.0,121.0,57.9,164.0,6810.0,2900.0,914.0,17.0,393.0,17.8,6100.0,2990.0,38.9,4810.0
2015-02-02,160.0,66800.0,338000.0,375000.0,133000.0,85900.0,40.8,332000.0,135.0,124000.0,357000.0,393.0,350.0,128000.0,435.0,195.0,42000.0,806.0,121.0,78.7,163.0,6690.0,3030.0,925.0,15.9,393.0,17.2,5580.0,2970.0,46.4,4420.0
2015-02-03,155.0,69100.0,343000.0,384000.0,136000.0,87400.0,40.9,326000.0,130.0,116000.0,331000.0,392.0,300.0,129000.0,418.0,204.0,45200.0,807.0,120.0,47.9,162.0,6790.0,2870.0,914.0,11.5,392.0,17.7,5740.0,3030.0,49.8,4400.0
2015-02-04,150.0,65700.0,342000.0,396000.0,136000.0,96200.0,40.4,322000.0,125.0,122000.0,330000.0,392.0,150.0,126000.0,414.0,207.0,47700.0,807.0,120.0,37.6,161.0,6790.0,3020.0,886.0,8.35,392.0,17.6,5920.0,2720.0,49.8,4290.0
2015-02-05,140.0,62900.0,335000.0,401000.0,135000.0,104000.0,40.2,321000.0,125.0,132000.0,340000.0,391.0,105.0,131000.0,410.0,194.0,39100.0,811.0,120.0,36.0,161.0,6890.0,2720.0,848.0,8.14,391.0,17.5,5560.0,2870.0,49.6,4270.0
2015-02-06,140.0,64400.0,335000.0,406000.0,141000.0,106000.0,40.2,320000.0,130.0,130000.0,332000.0,391.0,105.0,137000.0,411.0,215.0,41700.0,700.0,120.0,27.0,161.0,7060.0,2770.0,835.0,9.62,391.0,17.6,6000.0,2770.0,48.6,4240.0
2015-02-07,150.0,68900.0,345000.0,408000.0,146000.0,107000.0,40.2,318000.0,135.0,130000.0,312000.0,395.0,110.0,136000.0,437.0,246.0,41500.0,694.0,121.0,28.1,161.0,7060.0,2650.0,810.0,21.1,395.0,17.6,5610.0,2680.0,48.6,4220.0
2015-02-08,170.0,65200.0,371000.0,407000.0,146000.0,106000.0,40.4,319000.0,140.0,129000.0,313000.0,398.0,909.0,136000.0,531.0,255.0,45700.0,693.0,121.0,29.6,163.0,6990.0,2740.0,778.0,26.9,398.0,17.6,6020.0,2700.0,49.4,4180.0
2015-02-09,240.0,68900.0,410000.0,408000.0,146000.0,103000.0,39.1,319000.0,145.0,127000.0,323000.0,402.0,1560.0,135000.0,608.0,258.0,48500.0,689.0,119.0,26.8,164.0,6960.0,2860.0,743.0,24.0,402.0,17.3,5790.0,2740.0,47.9,4140.0
2015-02-10,280.0,85500.0,435000.0,415000.0,143000.0,99000.0,39.1,319000.0,150.0,128000.0,329000.0,403.0,652.0,132000.0,669.0,234.0,46100.0,685.0,117.0,24.8,164.0,6890.0,2730.0,733.0,19.1,403.0,17.7,5450.0,2790.0,47.7,4120.0
2015-02-11,230.0,82400.0,433000.0,434000.0,140000.0,105000.0,39.3,320000.0,140.0,130000.0,315000.0,403.0,358.0,133000.0,695.0,222.0,45200.0,702.0,117.0,25.5,162.0,6650.0,2750.0,721.0,15.2,403.0,17.5,5200.0,2710.0,46.4,4110.0
2015-02-12,190.0,72500.0,407000.0,452000.0,141000.0,118000.0,40.0,320000.0,130.0,137000.0,333000.0,400.0,188.0,135000.0,696.0,208.0,42400.0,686.0,119.0,25.0,158.0,6720.0,2640.0,710.0,12.9,400.0,17.1,5330.0,2790.0,46.5,4120.0
2015-02-13,180.0,69100.0,374000.0,470000.0,143000.0,128000.0,40.4,323000.0,120.0,132000.0,318000.0,398.0,100.0,138000.0,690.0,198.0,40800.0,688.0,118.0,21.0,159.0,6820.0,2680.0,701.0,15.1,398.0,17.3,5690.0,2800.0,46.5,4100.0
2015-02-14,160.0,66500.0,350000.0,475000.0,145000.0,137000.0,40.4,329000.0,110.0,135000.0,321000.0,396.0,70.0,137000.0,660.0,201.0,40200.0,691.0,114.0,21.0,160.0,6790.0,2590.0,685.0,14.6,396.0,17.2,4990.0,2740.0,46.7,4070.0
2015-02-15,130.0,64700.0,334000.0,467000.0,144000.0,137000.0,41.1,336000.0,100.0,135000.0,329000.0,395.0,50.0,139000.0,604.0,208.0,37200.0,727.0,114.0,21.1,158.0,6720.0,2680.0,655.0,13.9,395.0,16.7,4940.0,2780.0,47.4,4070.0
2015-02-16,140.0,63900.0,333000.0,447000.0,146000.0,134000.0,41.5,344000.0,105.0,125000.0,342000.0,393.0,55.0,137000.0,605.0,222.0,35400.0,685.0,120.0,20.9,157.0,6550.0,2600.0,670.0,16.1,393.0,17.0,5660.0,2970.0,48.9,4070.0
2015-02-17,150.0,68900.0,334000.0,429000.0,143000.0,132000.0,41.8,345000.0,110.0,116000.0,369000.0,391.0,60.0,127000.0,592.0,225.0,40000.0,682.0,120.0,20.0,156.0,6320.0,2660.0,662.0,16.0,391.0,17.3,5250.0,2830.0,47.9,4070.0
2015-02-18,140.0,55400.0,340000.0,419000.0,133000.0,124000.0,40.2,337000.0,100.0,119000.0,360000.0,389.0,40.0,122000.0,540.0,219.0,41000.0,680.0,113.0,19.0,155.0,6080.0,2630.0,655.0,14.2,389.0,17.0,5070.0,2840.0,47.9,4050.0
2015-02-19,140.0,54300.0,338000.0,412000.0,129000.0,110000.0,38.2,330000.0,90.0,111000.0,337000.0,387.0,30.0,121000.0,519.0,208.0,37400.0,655.0,115.0,19.9,154.0,6080.0,2700.0,718.0,14.3,387.0,16.0,5380.0,2700.0,49.1,4050.0
2015-02-20,150.0,54800.0,326000.0,405000.0,126000.0,103000.0,37.8,327000.0,95.0,113000.0,312000.0,385.0,32.0,115000.0,536.0,214.0,37600.0,674.0,115.0,21.0,151.0,6120.0,2530.0,673.0,17.4,385.0,17.0,5070.0,2900.0,49.9,4040.0
2015-02-21,150.0,57600.0,322000.0,402000.0,122000.0,103000.0,37.6,330000.0,100.0,118000.0,321000.0,383.0,35.0,118000.0,519.0,213.0,35200.0,677.0,124.0,22.8,150.0,6120.0,2580.0,647.0,18.6,383.0,17.1,4890.0,2630.0,49.9,4030.0
2015-02-22,140.0,54600.0,324000.0,408000.0,125000.0,105000.0,38.5,327000.0,90.0,121000.0,330000.0,382.0,30.0,122000.0,480.0,218.0,35200.0,674.0,124.0,24.0,150.0,6150.0,2560.0,632.0,16.7,382.0,16.0,4710.0,2710.0,49.6,4030.0
2015-02-23,120.0,49900.0,327000.0,423000.0,130000.0,102000.0,39.5,326000.0,80.0,106000.0,343000.0,380.0,27.0,122000.0,455.0,213.0,33400.0,669.0,114.0,22.3,152.0,6250.0,2520.0,677.0,15.5,380.0,16.0,5040.0,2650.0,49.1,4030.0
2015-02-24,130.0,50500.0,346000.0,449000.0,128000.0,97400.0,40.0,332000.0,84.5,97300.0,342000.0,378.0,28.0,110000.0,489.0,217.0,31200.0,678.0,121.0,21.0,154.0,6350.0,2560.0,657.0,17.5,378.0,16.9,5090.0,2610.0,48.4,4030.0
2015-02-25,140.0,49400.0,393000.0,466000.0,119000.0,97500.0,40.2,350000.0,90.0,100000.0,347000.0,376.0,29.0,103000.0,497.0,229.0,31000.0,685.0,128.0,21.0,155.0,6420.0,2640.0,653.0,18.4,376.0,17.2,4780.0,2610.0,48.4,4030.0
2015-02-26,130.0,44300.0,461000.0,478000.0,114000.0,97600.0,39.3,371000.0,85.0,109000.0,386000.0,373.0,27.0,104000.0,480.0,230.0,31200.0,691.0,127.0,22.6,155.0,6280.0,2520.0,646.0,17.5,373.0,16.8,4990.0,2640.0,48.1,4030.0
2015-02-27,120.0,34000.0,512000.0,492000.0,116000.0,95200.0,38.5,391000.0,80.0,97100.0,373000.0,370.0,26.0,109000.0,450.0,219.0,32200.0,686.0,127.0,25.4,155.0,6390.0,2470.0,634.0,15.9,370.0,16.0,5250.0,2640.0,48.7,4030.0
2015-02-28,130.0,42100.0,542000.0,523000.0,118000.0,94500.0,37.9,409000.0,85.0,93700.0,381000.0,367.0,27.0,100000.0,443.0,210.0,32500.0,672.0,129.0,24.4,154.0,6450.0,2550.0,620.0,16.5,367.0,17.0,4550.0,2680.0,49.1,4030.0
2015-03-01,130.0,47600.0,551000.0,561000.0,110000.0,96600.0,37.6,427000.0,90.0,98900.0,390000.0,367.0,28.0,97800.0,443.0,222.0,33100.0,672.0,135.0,21.0,153.0,6520.0,2570.0,605.0,18.8,367.0,16.6,4370.0,2590.0,50.2,4030.0
2015-03-02,125.0,46900.0,544000.0,599000.0,107000.0,102000.0,37.6,462000.0,85.0,102000.0,435000.0,367.0,29.0,102000.0,447.0,229.0,34700.0,671.0,138.0,20.0,153.0,6520.0,2700.0,597.0,18.3,367.0,17.1,4450.0,2570.0,49.4,4030.0
2015-03-03,120.0,42900.0,525000.0,632000.0,111000.0,103000.0,37.6,493000.0,90.0,101000.0,457000.0,368.0,31.0,105000.0,460.0,251.0,34600.0,673.0,140.0,30.3,153.0,6550.0,2700.0,583.0,34.2,368.0,17.6,4600.0,2590.0,49.3,4100.0
2015-03-04,110.0,38000.0,505000.0,650000.0,124000.0,109000.0,38.9,515000.0,85.0,98800.0,496000.0,369.0,30.0,107000.0,438.0,252.0,33700.0,673.0,137.0,76.7,150.0,6690.0,2720.0,588.0,31.9,369.0,17.3,5040.0,2590.0,52.6,4420.0
2015-03-05,105.0,38900.0,508000.0,658000.0,127000.0,129000.0,39.8,532000.0,80.0,94000.0,585000.0,368.0,29.0,107000.0,408.0,262.0,33600.0,673.0,137.0,40.6,144.0,6890.0,2620.0,583.0,32.2,368.0,17.0,4600.0,2610.0,54.5,4620.0
2015-03-06,100.0,46000.0,528000.0,669000.0,121000.0,122000.0,43.9,541000.0,80.0,94000.0,569000.0,365.0,28.0,101000.0,444.0,262.0,33800.0,673.0,137.0,25.7,146.0,7120.0,2470.0,583.0,34.4,365.0,16.4,4370.0,2680.0,54.5,4270.0
2015-03-07,120.0,36700.0,588000.0,679000.0,117000.0,118000.0,73.4,550000.0,89.8,97800.0,558000.0,376.0,55.0,102000.0,543.0,271.0,34700.0,723.0,150.0,24.9,149.0,7550.0,2690.0,577.0,48.3,376.0,17.0,4270.0,2630.0,57.7,4050.0
2015-03-08,280.0,38000.0,669000.0,690000.0,120000.0,118000.0,327.0,558000.0,100.0,98300.0,553000.0,447.0,401.0,108000.0,766.0,318.0,35900.0,774.0,186.0,31.6,180.0,8050.0,2600.0,620.0,67.0,447.0,17.2,4340.0,2580.0,87.6,3680.0
2015-03-09,800.0,48100.0,731000.0,706000.0,125000.0,115000.0,929.0,567000.0,1100.0,109000.0,557000.0,532.0,364.0,112000.0,1040.0,951.0,43000.0,803.0,601.0,32.9,222.0,8580.0,2540.0,693.0,127.0,532.0,19.5,4210.0,2590.0,353.0,4080.0
2015-03-10,1000.0,62400.0,786000.0,746000.0,132000.0,112000.0,631.0,582000.0,1800.0,118000.0,574000.0,596.0,287.0,123000.0,1780.0,2370.0,51100.0,796.0,1310.0,61.6,412.0,9180.0,2560.0,966.0,113.0,596.0,72.5,5450.0,2750.0,526.0,4300.0
2015-03-11,749.0,79100.0,825000.0,805000.0,146000.0,119000.0,393.0,604000.0,1600.0,136000.0,620000.0,648.0,237.0,139000.0,2470.0,2100.0,57900.0,774.0,786.0,79.6,383.0,9770.0,2870.0,1320.0,103.0,648.0,95.0,5840.0,3090.0,307.0,4020.0
2015-03-12,491.0,87900.0,856000.0,862000.0,158000.0,135000.0,303.0,630000.0,1250.0,149000.0,636000.0,699.0,178.0,155000.0,2780.0,1550.0,70400.0,746.0,419.0,50.9,234.0,10300.0,3110.0,1920.0,93.8,699.0,59.8,6370.0,3520.0,147.0,4390.0
2015-03-13,368.0,90800.0,898000.0,914000.0,185000.0,146000.0,233.0,657000.0,922.0,160000.0,677000.0,743.0,145.0,173000.0,1990.0,1240.0,77600.0,727.0,299.0,70.5,217.0,10800.0,3210.0,2970.0,85.0,743.0,51.7,9800.0,4100.0,99.6,5180.0
2015-03-14,307.0,114000.0,943000.0,959000.0,229000.0,153000.0,192.0,686000.0,742.0,186000.0,747000.0,752.0,138.0,205000.0,1780.0,977.0,87000.0,703.0,222.0,207.0,213.0,10500.0,3630.0,3540.0,69.2,752.0,47.9,12900.0,4640.0,84.2,6110.0
2015-03-15,254.0,112000.0,979000.0,999000.0,249000.0,160000.0,156.0,714000.0,611.0,191000.0,784000.0,699.0,118.0,225000.0,1620.0,848.0,89800.0,673.0,167.0,108.0,205.0,11000.0,4320.0,3900.0,54.5,699.0,40.3,12300.0,5390.0,72.3,6550.0
2015-03-16,217.0,116000.0,1020000.0,1040000.0,251000.0,165000.0,136.0,739000.0,499.0,193000.0,831000.0,675.0,94.5,225000.0,1370.0,749.0,93900.0,656.0,155.0,71.3,200.0,11000.0,4500.0,4240.0,45.9,675.0,35.0,12600.0,6100.0,66.4,7630.0
2015-03-17,201.0,127000.0,1050000.0,1080000.0,251000.0,176000.0,121.0,764000.0,435.0,199000.0,867000.0,611.0,85.2,227000.0,1200.0,647.0,99900.0,632.0,148.0,52.1,195.0,11300.0,5060.0,4380.0,36.8,611.0,30.9,16900.0,7280.0,63.0,7760.0
2015-03-18,171.0,140000.0,1080000.0,1120000.0,252000.0,183000.0,112.0,786000.0,370.0,207000.0,879000.0,556.0,70.1,229000.0,1080.0,573.0,109000.0,609.0,136.0,39.9,192.0,11100.0,5120.0,4270.0,30.1,556.0,27.4,16600.0,7170.0,57.8,8520.0
2015-03-19,160.0,140000.0,1110000.0,1140000.0,255000.0,194000.0,105.0,807000.0,329.0,213000.0,909000.0,511.0,59.9,234000.0,991.0,522.0,111000.0,578.0,133.0,36.6,189.0,10800.0,5140.0,3880.0,27.2,511.0,24.4,14200.0,6480.0,55.9,8820.0
2015-03-20,156.0,153000.0,1140000.0,1170000.0,256000.0,203000.0,98.6,830000.0,307.0,213000.0,929000.0,490.0,62.4,232000.0,933.0,491.0,89100.0,540.0,130.0,33.1,188.0,10200.0,4730.0,3300.0,25.1,490.0,22.8,14300.0,6300.0,54.6,8720.0
2015-03-21,148.0,134000.0,1150000.0,1190000.0,250000.0,229000.0,94.3,852000.0,288.0,204000.0,933000.0,481.0,64.1,228000.0,899.0,464.0,86200.0,511.0,129.0,29.0,187.0,10100.0,4970.0,2960.0,22.4,481.0,21.9,12500.0,5950.0,53.6,8340.0
2015-03-22,140.0,111000.0,1160000.0,1210000.0,240000.0,236000.0,85.5,875000.0,266.0,183000.0,971000.0,474.0,56.8,213000.0,879.0,422.0,81300.0,481.0,124.0,26.5,183.0,9900.0,4660.0,2540.0,19.8,474.0,21.6,11400.0,5420.0,52.6,7860.0
2015-03-23,135.0,111000.0,1170000.0,1230000.0,220000.0,238000.0,84.9,896000.0,248.0,175000.0,975000.0,472.0,50.3,196000.0,880.0,440.0,80700.0,450.0,136.0,25.1,186.0,9340.0,4140.0,2250.0,37.6,472.0,22.0,9420.0,5190.0,60.1,7540.0
2015-03-24,135.0,124000.0,1180000.0,1250000.0,206000.0,247000.0,84.6,918000.0,242.0,172000.0,979000.0,460.0,49.7,189000.0,854.0,416.0,80300.0,430.0,134.0,34.7,184.0,9040.0,4320.0,2150.0,22.0,460.0,20.5,9520.0,4790.0,53.0,7220.0
2015-03-25,153.0,130000.0,1180000.0,1270000.0,200000.0,252000.0,95.5,936000.0,242.0,176000.0,999000.0,476.0,94.9,188000.0,832.0,416.0,73700.0,418.0,147.0,157.0,187.0,8660.0,4150.0,2140.0,25.6,476.0,21.2,8250.0,4790.0,63.3,7020.0
2015-03-26,157.0,135000.0,1180000.0,1280000.0,223000.0,257000.0,89.1,951000.0,267.0,186000.0,1010000.0,496.0,151.0,208000.0,811.0,408.0,71800.0,406.0,160.0,660.0,185.0,7210.0,3810.0,1980.0,19.2,496.0,20.8,8640.0,4510.0,67.8,6780.0
2015-03-27,137.0,132000.0,1170000.0,1290000.0,243000.0,267000.0,84.7,966000.0,247.0,190000.0,1010000.0,490.0,115.0,219000.0,787.0,390.0,67200.0,398.0,154.0,169.0,183.0,7410.0,3670.0,1870.0,17.4,490.0,21.9,8430.0,4140.0,65.5,6510.0
2015-03-28,128.0,121000.0,1160000.0,1300000.0,235000.0,279000.0,81.0,978000.0,228.0,194000.0,1020000.0,465.0,85.5,217000.0,773.0,375.0,64600.0,389.0,144.0,88.1,183.0,7940.0,4080.0,1790.0,16.0,465.0,20.8,7050.0,4110.0,62.2,5940.0
2015-03-29,125.0,111000.0,1150000.0,1310000.0,231000.0,285000.0,80.6,987000.0,216.0,190000.0,1030000.0,452.0,71.2,220000.0,769.0,379.0,61800.0,385.0,147.0,59.4,185.0,8500.0,3540.0,1740.0,19.5,452.0,20.7,6070.0,4150.0,65.6,5910.0
2015-03-30,133.0,104000.0,1130000.0,1320000.0,227000.0,285000.0,76.9,997000.0,216.0,185000.0,1040000.0,452.0,64.9,214000.0,773.0,442.0,57500.0,414.0,170.0,44.7,189.0,6740.0,3760.0,1690.0,16.7,452.0,20.4,7080.0,3940.0,76.5,6210.0
2015-03-31,128.0,102000.0,1090000.0,1320000.0,216000.0,288000.0,73.5,1010000.0,208.0,175000.0,1050000.0,447.0,61.0,204000.0,795.0,621.0,58500.0,438.0,187.0,34.5,191.0,6620.0,3650.0,1570.0,16.2,447.0,21.9,6870.0,4020.0,103.0,6390.0
2015-04-01,120.0,103000.0,1050000.0,1320000.0,201000.0,299000.0,68.9,1010000.0,198.0,163000.0,1040000.0,444.0,53.7,191000.0,863.0,738.0,56300.0,452.0,171.0,28.2,192.0,6810.0,3450.0,1580.0,16.0,444.0,22.1,6540.0,4010.0,97.2,6270.0
2015-04-02,118.0,99800.0,969000.0,1310000.0,185000.0,299000.0,68.1,1020000.0,189.0,160000.0,1020000.0,469.0,51.6,179000.0,964.0,734.0,56600.0,443.0,161.0,26.9,196.0,7910.0,3290.0,1790.0,16.4,469.0,27.7,7030.0,4350.0,90.5,6100.0
2015-04-03,116.0,97700.0,865000.0,1290000.0,181000.0,312000.0,65.0,1020000.0,183.0,166000.0,1020000.0,533.0,51.5,183000.0,995.0,723.0,55800.0,424.0,155.0,373.0,194.0,7950.0,3550.0,2000.0,16.9,533.0,36.9,9320.0,4590.0,83.0,5350.0
2015-04-04,107.0,88200.0,767000.0,1270000.0,196000.0,315000.0,62.8,1020000.0,171.0,174000.0,1040000.0,516.0,47.6,198000.0,1090.0,791.0,56300.0,414.0,145.0,139.0,193.0,8330.0,3260.0,2300.0,17.6,516.0,29.9,10200.0,4540.0,75.9,5900.0
2015-04-05,102.0,80800.0,708000.0,1250000.0,199000.0,318000.0,59.3,1010000.0,163.0,184000.0,1000000.0,487.0,39.6,204000.0,1130.0,781.0,55200.0,401.0,140.0,71.9,191.0,8810.0,3270.0,2430.0,18.0,487.0,25.5,10600.0,4600.0,72.2,5950.0
2015-04-06,103.0,81500.0,689000.0,1210000.0,205000.0,308000.0,60.1,1000000.0,162.0,169000.0,994000.0,474.0,36.1,204000.0,1080.0,714.0,55800.0,389.0,137.0,49.7,189.0,9930.0,3250.0,2350.0,19.4,474.0,22.9,8860.0,4520.0,69.0,6030.0
2015-04-07,105.0,81600.0,702000.0,1170000.0,198000.0,313000.0,55.1,988000.0,164.0,171000.0,985000.0,477.0,36.0,196000.0,1050.0,679.0,56400.0,383.0,136.0,1170.0,189.0,8830.0,2920.0,2190.0,20.5,477.0,21.8,8410.0,4400.0,68.0,6180.0
2015-04-08,142.0,84700.0,736000.0,1120000.0,213000.0,290000.0,58.4,965000.0,163.0,196000.0,961000.0,584.0,37.6,224000.0,1260.0,728.0,56700.0,366.0,148.0,365.0,212.0,9210.0,3330.0,2250.0,21.6,584.0,22.1,9260.0,4350.0,73.1,5550.0
2015-04-09,166.0,102000.0,773000.0,1080000.0,238000.0,271000.0,56.7,939000.0,163.0,226000.0,925000.0,772.0,42.4,250000.0,1680.0,968.0,59500.0,321.0,162.0,634.0,223.0,11200.0,2630.0,2640.0,22.6,772.0,24.7,9570.0,4280.0,128.0,5540.0
2015-04-10,144.0,93700.0,811000.0,1050000.0,281000.0,257000.0,53.7,915000.0,161.0,255000.0,941000.0,1250.0,73.5,293000.0,3050.0,1940.0,61800.0,323.0,360.0,200.0,262.0,14300.0,2770.0,3860.0,21.4,1250.0,54.3,10200.0,4440.0,153.0,5500.0
2015-04-11,126.0,113000.0,846000.0,1030000.0,300000.0,248000.0,47.6,891000.0,149.0,218000.0,919000.0,1450.0,56.2,284000.0,5430.0,2620.0,64400.0,333.0,234.0,106.0,255.0,14500.0,2950.0,6020.0,14.8,1450.0,55.0,16200.0,4600.0,113.0,5370.0
2015-04-12,115.0,114000.0,882000.0,1010000.0,271000.0,239000.0,47.3,868000.0,138.0,194000.0,904000.0,1430.0,45.3,248000.0,3960.0,2610.0,70900.0,345.0,197.0,71.6,245.0,14500.0,2550.0,9190.0,14.6,1430.0,37.9,18500.0,4570.0,98.0,5380.0
2015-04-13,123.0,120000.0,917000.0,1000000.0,240000.0,238000.0,47.4,852000.0,141.0,188000.0,862000.0,1210.0,48.8,223000.0,3050.0,1940.0,83500.0,315.0,187.0,53.5,235.0,16700.0,2870.0,11900.0,30.7,1210.0,30.1,19100.0,5380.0,93.8,5830.0
2015-04-14,128.0,123000.0,955000.0,1000000.0,227000.0,234000.0,46.3,843000.0,144.0,191000.0,876000.0,861.0,68.0,218000.0,2570.0,1570.0,82600.0,332.0,174.0,40.6,226.0,19700.0,2710.0,10100.0,15.4,861.0,27.0,16500.0,6400.0,85.9,5970.0
2015-04-15,115.0,118000.0,967000.0,1000000.0,223000.0,232000.0,41.9,835000.0,133.0,189000.0,862000.0,712.0,56.1,217000.0,2230.0,1340.0,90100.0,344.0,160.0,32.4,220.0,22800.0,2700.0,7160.0,13.9,712.0,24.5,12400.0,7150.0,77.1,6110.0
2015-04-16,110.0,125000.0,975000.0,1020000.0,220000.0,224000.0,42.4,829000.0,126.0,192000.0,855000.0,634.0,44.1,212000.0,1970.0,1200.0,98800.0,310.0,154.0,27.8,217.0,24800.0,3070.0,4930.0,13.6,634.0,22.3,12400.0,7300.0,72.7,6100.0
2015-04-17,108.0,144000.0,982000.0,1050000.0,218000.0,223000.0,41.1,836000.0,123.0,216000.0,857000.0,587.0,39.0,220000.0,1770.0,1100.0,101000.0,277.0,149.0,23.6,214.0,22300.0,2890.0,3790.0,13.8,587.0,20.5,10400.0,6910.0,69.9,6030.0
2015-04-18,105.0,149000.0,988000.0,1070000.0,233000.0,225000.0,39.8,843000.0,123.0,221000.0,865000.0,556.0,38.2,237000.0,1630.0,1010.0,98400.0,278.0,143.0,20.9,211.0,18300.0,2920.0,3180.0,13.5,556.0,19.2,10000.0,6450.0,67.2,6280.0
2015-04-19,106.0,144000.0,995000.0,1100000.0,242000.0,229000.0,41.6,850000.0,122.0,214000.0,885000.0,534.0,41.7,235000.0,1540.0,945.0,102000.0,325.0,137.0,41.1,210.0,17600.0,3120.0,2770.0,20.4,534.0,21.0,8950.0,6160.0,64.4,6210.0
2015-04-20,117.0,127000.0,1010000.0,1120000.0,239000.0,229000.0,45.6,862000.0,134.0,211000.0,932000.0,637.0,129.0,229000.0,1560.0,1020.0,97700.0,340.0,163.0,86.2,220.0,15600.0,3350.0,2600.0,24.9,637.0,26.8,8840.0,6330.0,79.5,5890.0
2015-04-21,118.0,137000.0,1020000.0,1130000.0,232000.0,228000.0,44.0,877000.0,134.0,207000.0,900000.0,827.0,115.0,223000.0,1630.0,1080.0,93700.0,338.0,176.0,44.9,218.0,14000.0,3790.0,2580.0,14.0,827.0,36.6,10800.0,6840.0,81.6,6170.0
2015-04-22,101.0,124000.0,1030000.0,1150000.0,228000.0,234000.0,41.2,891000.0,121.0,208000.0,901000.0,757.0,72.1,223000.0,1800.0,1200.0,92700.0,340.0,149.0,30.5,212.0,11500.0,3820.0,2940.0,12.4,757.0,31.0,13400.0,7100.0,70.4,6890.0
2015-04-23,93.5,126000.0,1040000.0,1160000.0,228000.0,239000.0,40.1,904000.0,112.0,205000.0,941000.0,637.0,50.9,221000.0,1660.0,1160.0,91800.0,352.0,141.0,23.7,208.0,11400.0,4020.0,3080.0,11.5,637.0,25.7,13800.0,6870.0,65.7,6780.0
2015-04-24,90.1,127000.0,1040000.0,1170000.0,226000.0,245000.0,39.8,915000.0,108.0,210000.0,938000.0,565.0,40.6,219000.0,1550.0,1060.0,90400.0,362.0,139.0,21.2,207.0,11300.0,4140.0,2830.0,20.2,565.0,22.7,13800.0,6550.0,64.4,6570.0
2015-04-25,101.0,127000.0,1060000.0,1180000.0,225000.0,252000.0,224.0,925000.0,125.0,212000.0,960000.0,538.0,182.0,219000.0,1480.0,1020.0,85700.0,364.0,160.0,33.2,208.0,11200.0,3960.0,2600.0,81.1,538.0,21.3,10400.0,6290.0,71.5,6930.0
2015-04-26,165.0,109000.0,1060000.0,1200000.0,228000.0,266000.0,316.0,934000.0,327.0,211000.0,962000.0,512.0,399.0,223000.0,1430.0,954.0,83400.0,356.0,147.0,35.5,205.0,11100.0,4060.0,2400.0,24.8,512.0,20.2,10200.0,5930.0,65.7,7180.0
2015-04-27,137.0,105000.0,1050000.0,1210000.0,229000.0,271000.0,198.0,945000.0,429.0,201000.0,970000.0,493.0,186.0,217000.0,1360.0,891.0,92800.0,347.0,137.0,26.3,202.0,10000.0,3980.0,2160.0,17.1,493.0,19.2,8390.0,5700.0,61.8,6820.0
2015-04-28,117.0,119000.0,1050000.0,1220000.0,220000.0,265000.0,160.0,958000.0,314.0,200000.0,1010000.0,477.0,110.0,207000.0,1300.0,837.0,92300.0,341.0,132.0,21.7,201.0,9350.0,3400.0,2020.0,15.3,477.0,19.0,7830.0,5330.0,58.9,6950.0
2015-04-29,111.0,137000.0,1030000.0,1230000.0,214000.0,262000.0,141.0,961000.0,267.0,207000.0,1040000.0,465.0,82.0,208000.0,1250.0,795.0,88200.0,335.0,130.0,20.3,201.0,9100.0,3610.0,1920.0,14.8,465.0,18.9,7710.0,5230.0,58.1,6340.0
2015-04-30,109.0,132000.0,1000000.0,1230000.0,216000.0,263000.0,124.0,967000.0,241.0,209000.0,1010000.0,456.0,66.8,213000.0,1220.0,756.0,82600.0,330.0,127.0,22.3,200.0,8340.0,3330.0,1780.0,14.0,456.0,18.2,7420.0,4920.0,55.9,5910.0
2015-05-01,102.0,122000.0,959000.0,1220000.0,217000.0,267000.0,109.0,974000.0,217.0,200000.0,1020000.0,447.0,57.0,212000.0,1180.0,724.0,75200.0,328.0,123.0,22.4,199.0,7160.0,3570.0,1750.0,13.1,447.0,18.0,6520.0,4600.0,54.3,5880.0
2015-05-02,97.5,104000.0,889000.0,1210000.0,210000.0,266000.0,102.0,978000.0,196.0,190000.0,974000.0,440.0,48.4,202000.0,1140.0,698.0,76700.0,321.0,123.0,21.8,199.0,7140.0,3380.0,1640.0,13.0,440.0,18.5,6020.0,4510.0,54.1,5940.0
2015-05-03,98.2,87600.0,791000.0,1190000.0,199000.0,265000.0,98.6,979000.0,188.0,174000.0,978000.0,437.0,45.0,191000.0,1120.0,681.0,65500.0,303.0,121.0,17.7,198.0,5970.0,3350.0,1580.0,14.3,437.0,19.2,6310.0,4380.0,53.9,6280.0
2015-05-04,106.0,77700.0,697000.0,1170000.0,187000.0,267000.0,103.0,979000.0,191.0,159000.0,973000.0,460.0,46.8,176000.0,1170.0,731.0,63800.0,288.0,133.0,16.3,203.0,7060.0,3420.0,1590.0,79.9,460.0,21.7,6940.0,4300.0,58.7,6070.0
2015-05-05,403.0,75500.0,613000.0,1140000.0,172000.0,267000.0,877.0,977000.0,249.0,149000.0,980000.0,475.0,53.6,161000.0,1160.0,711.0,70800.0,290.0,133.0,15.7,210.0,7210.0,3440.0,1660.0,153.0,475.0,27.4,7160.0,4160.0,61.3,5730.0
2015-05-06,865.0,96300.0,541000.0,1110000.0,160000.0,125000.0,481.0,968000.0,1090.0,157000.0,972000.0,486.0,57.1,153000.0,1160.0,695.0,70700.0,291.0,135.0,15.4,210.0,6910.0,3270.0,1870.0,60.8,486.0,24.1,6740.0,4170.0,60.7,5740.0
2015-05-07,521.0,90500.0,486000.0,1060000.0,158000.0,125000.0,333.0,952000.0,730.0,163000.0,959000.0,478.0,64.8,161000.0,1170.0,688.0,84600.0,308.0,127.0,13.8,209.0,7340.0,3600.0,1820.0,63.6,478.0,24.8,7010.0,4180.0,56.9,5800.0
2015-05-08,517.0,107000.0,441000.0,994000.0,165000.0,125000.0,296.0,931000.0,593.0,166000.0,936000.0,575.0,462.0,166000.0,1260.0,758.0,85100.0,297.0,137.0,22.7,208.0,7950.0,3920.0,1790.0,43.9,575.0,45.2,8560.0,4490.0,57.9,6310.0
2015-05-09,543.0,141000.0,406000.0,923000.0,169000.0,125000.0,262.0,902000.0,535.0,189000.0,917000.0,614.0,306.0,175000.0,1560.0,683.0,78100.0,290.0,129.0,37.7,205.0,8330.0,4160.0,2010.0,32.2,614.0,40.8,10400.0,4540.0,54.8,6950.0
2015-05-10,429.0,136000.0,376000.0,850000.0,186000.0,125000.0,230.0,866000.0,471.0,212000.0,869000.0,549.0,212.0,202000.0,1570.0,721.0,79800.0,299.0,123.0,53.6,204.0,7700.0,4340.0,2190.0,41.9,549.0,30.2,11500.0,4750.0,52.7,7260.0
2015-05-11,377.0,115000.0,351000.0,784000.0,221000.0,125000.0,210.0,827000.0,433.0,220000.0,841000.0,490.0,138.0,242000.0,1470.0,786.0,75500.0,444.0,127.0,88.2,206.0,7570.0,5010.0,1910.0,45.7,490.0,27.4,10300.0,5060.0,54.1,7750.0
2015-05-12,311.0,124000.0,331000.0,728000.0,273000.0,125000.0,191.0,786000.0,391.0,231000.0,799000.0,470.0,92.0,266000.0,1410.0,772.0,75500.0,486.0,122.0,53.1,204.0,7820.0,5550.0,1800.0,27.9,470.0,26.7,9340.0,6050.0,52.7,8550.0
2015-05-13,253.0,115000.0,323000.0,691000.0,279000.0,125000.0,166.0,742000.0,354.0,247000.0,744000.0,458.0,64.4,275000.0,1350.0,714.0,71800.0,513.0,116.0,26.8,200.0,7930.0,6230.0,1870.0,23.7,458.0,25.3,8900.0,7620.0,49.6,9540.0
2015-05-14,229.0,108000.0,343000.0,683000.0,282000.0,125000.0,160.0,708000.0,319.0,234000.0,693000.0,445.0,51.4,272000.0,1290.0,678.0,73000.0,604.0,115.0,20.7,201.0,7570.0,7610.0,1820.0,46.7,445.0,24.4,9060.0,8020.0,49.6,10100.0
2015-05-15,266.0,116000.0,369000.0,690000.0,271000.0,125000.0,178.0,686000.0,329.0,233000.0,673000.0,454.0,65.1,260000.0,1270.0,679.0,74900.0,654.0,131.0,22.8,202.0,7070.0,7890.0,1760.0,43.8,454.0,27.8,8790.0,8100.0,60.6,11800.0
2015-05-16,246.0,120000.0,389000.0,698000.0,264000.0,125000.0,166.0,675000.0,340.0,239000.0,661000.0,470.0,403.0,260000.0,1290.0,667.0,74800.0,653.0,131.0,37.6,200.0,7100.0,8530.0,1680.0,26.3,470.0,35.8,8750.0,8370.0,57.8,12200.0
2015-05-17,217.0,131000.0,402000.0,703000.0,265000.0,125000.0,154.0,669000.0,317.0,252000.0,654000.0,468.0,215.0,262000.0,1350.0,718.0,70100.0,786.0,125.0,28.3,199.0,7150.0,10300.0,1550.0,24.0,468.0,31.3,8250.0,8970.0,55.4,13800.0
2015-05-18,192.0,123000.0,411000.0,716000.0,271000.0,125000.0,138.0,668000.0,292.0,261000.0,665000.0,455.0,123.0,269000.0,1390.0,731.0,66800.0,984.0,118.0,20.9,200.0,6540.0,12700.0,1480.0,27.5,455.0,26.9,9310.0,9390.0,51.6,17100.0
2015-05-19,166.0,114000.0,410000.0,727000.0,277000.0,125000.0,127.0,672000.0,261.0,288000.0,681000.0,438.0,77.0,277000.0,1340.0,697.0,67900.0,1070.0,111.0,15.8,198.0,6360.0,15500.0,1380.0,19.2,438.0,25.9,10600.0,10700.0,48.2,19900.0
2015-05-20,162.0,111000.0,412000.0,727000.0,297000.0,106000.0,124.0,680000.0,244.0,344000.0,689000.0,425.0,57.0,320000.0,1290.0,666.0,68200.0,1050.0,112.0,15.9,197.0,7010.0,17400.0,1280.0,21.6,425.0,23.7,10200.0,11700.0,48.5,22700.0
2015-05-21,168.0,103000.0,425000.0,731000.0,341000.0,102000.0,117.0,686000.0,241.0,360000.0,707000.0,415.0,53.0,360000.0,1240.0,638.0,70500.0,996.0,114.0,17.9,195.0,6830.0,18500.0,1240.0,20.1,415.0,22.1,8910.0,11300.0,49.0,25200.0
2015-05-22,156.0,120000.0,443000.0,736000.0,362000.0,102000.0,111.0,691000.0,229.0,352000.0,708000.0,407.0,47.0,365000.0,1200.0,611.0,72300.0,957.0,111.0,14.7,194.0,6430.0,18600.0,1250.0,18.1,407.0,20.6,8320.0,10500.0,48.3,27000.0
2015-05-23,142.0,117000.0,468000.0,742000.0,360000.0,99000.0,104.0,694000.0,215.0,342000.0,704000.0,399.0,38.1,358000.0,1140.0,591.0,74300.0,921.0,108.0,12.6,193.0,6540.0,18200.0,1230.0,16.6,399.0,20.1,7210.0,9460.0,46.1,27500.0
2015-05-24,139.0,121000.0,482000.0,754000.0,349000.0,98600.0,105.0,696000.0,208.0,322000.0,703000.0,402.0,39.3,342000.0,1100.0,586.0,75700.0,868.0,114.0,11.7,195.0,6750.0,17000.0,1220.0,64.8,402.0,21.1,6850.0,8600.0,52.4,27500.0
2015-05-25,160.0,129000.0,492000.0,773000.0,332000.0,101000.0,180.0,701000.0,234.0,306000.0,709000.0,434.0,501.0,324000.0,1130.0,601.0,83000.0,868.0,151.0,17.2,198.0,7110.0,16200.0,1260.0,59.9,434.0,23.9,7400.0,8150.0,73.7,27100.0
2015-05-26,242.0,137000.0,490000.0,799000.0,317000.0,108000.0,334.0,715000.0,336.0,325000.0,721000.0,506.0,696.0,319000.0,1180.0,619.0,91500.0,941.0,155.0,19.3,203.0,6730.0,16800.0,1420.0,273.0,506.0,26.7,9600.0,8100.0,93.2,26300.0
2015-05-27,694.0,140000.0,473000.0,819000.0,327000.0,115000.0,303.0,726000.0,566.0,361000.0,725000.0,962.0,620.0,347000.0,1300.0,849.0,102000.0,961.0,203.0,13.2,216.0,8360.0,17500.0,2050.0,109.0,962.0,124.0,14100.0,8760.0,115.0,26700.0
2015-05-28,434.0,142000.0,453000.0,835000.0,356000.0,119000.0,205.0,733000.0,531.0,380000.0,722000.0,1260.0,211.0,376000.0,1370.0,1030.0,107000.0,942.0,153.0,21.3,211.0,9860.0,18200.0,4210.0,68.6,1260.0,62.6,20600.0,8820.0,88.7,26700.0
2015-05-29,327.0,168000.0,443000.0,846000.0,379000.0,122000.0,188.0,740000.0,411.0,385000.0,716000.0,945.0,125.0,387000.0,1400.0,1140.0,113000.0,947.0,142.0,29.3,208.0,12300.0,18200.0,6060.0,57.5,945.0,36.7,24200.0,8590.0,82.8,27100.0
2015-05-30,295.0,190000.0,466000.0,859000.0,394000.0,123000.0,186.0,749000.0,376.0,408000.0,726000.0,1030.0,109.0,408000.0,1440.0,1100.0,116000.0,943.0,146.0,673.0,212.0,19000.0,17800.0,7010.0,64.4,1030.0,28.5,23400.0,8110.0,93.5,26700.0
2015-05-31,303.0,209000.0,498000.0,872000.0,427000.0,125000.0,180.0,758000.0,404.0,432000.0,755000.0,1250.0,156.0,438000.0,1430.0,1020.0,113000.0,906.0,136.0,180.0,208.0,23900.0,17000.0,6860.0,40.9,1250.0,25.1,20900.0,7460.0,79.2,25900.0
2015-06-01,250.0,208000.0,522000.0,890000.0,448000.0,126000.0,158.0,764000.0,373.0,433000.0,759000.0,1160.0,105.0,450000.0,1440.0,969.0,116000.0,864.0,128.0,81.1,205.0,26800.0,16200.0,6970.0,34.4,1160.0,23.9,20100.0,6880.0,71.2,24600.0
2015-06-02,220.0,191000.0,545000.0,910000.0,452000.0,126000.0,146.0,769000.0,328.0,411000.0,766000.0,858.0,77.4,442000.0,1450.0,908.0,117000.0,825.0,124.0,54.2,204.0,26600.0,15200.0,5730.0,30.8,858.0,22.5,13300.0,6490.0,67.0,23300.0
2015-06-03,201.0,182000.0,558000.0,932000.0,439000.0,125000.0,137.0,775000.0,303.0,389000.0,769000.0,664.0,63.1,422000.0,1410.0,862.0,117000.0,832.0,121.0,39.3,203.0,22600.0,14300.0,4350.0,28.5,664.0,24.3,11800.0,6040.0,65.0,21900.0
2015-06-04,189.0,193000.0,562000.0,953000.0,419000.0,125000.0,128.0,784000.0,283.0,372000.0,779000.0,613.0,54.9,402000.0,1340.0,865.0,120000.0,864.0,119.0,37.5,202.0,17600.0,13400.0,3270.0,26.1,613.0,26.7,11300.0,5840.0,63.8,21700.0
2015-06-05,172.0,201000.0,562000.0,973000.0,400000.0,127000.0,118.0,793000.0,262.0,367000.0,783000.0,603.0,63.9,387000.0,1290.0,782.0,122000.0,905.0,116.0,57.5,200.0,15800.0,12300.0,2720.0,23.7,603.0,27.5,12300.0,6020.0,61.4,19800.0
2015-06-06,157.0,191000.0,559000.0,990000.0,387000.0,132000.0,111.0,801000.0,239.0,382000.0,801000.0,563.0,76.6,384000.0,1250.0,735.0,123000.0,978.0,112.0,32.1,199.0,15700.0,11600.0,2410.0,20.8,563.0,24.6,12300.0,5390.0,59.3,18600.0
2015-06-07,182.0,195000.0,546000.0,996000.0,392000.0,133000.0,194.0,809000.0,318.0,419000.0,794000.0,813.0,151.0,402000.0,1210.0,721.0,124000.0,1180.0,114.0,23.6,199.0,15100.0,11700.0,2480.0,129.0,813.0,78.6,13400.0,5870.0,60.8,18500.0
2015-06-08,310.0,207000.0,535000.0,987000.0,416000.0,135000.0,201.0,819000.0,600.0,449000.0,805000.0,1350.0,2060.0,436000.0,1180.0,697.0,131000.0,1300.0,116.0,196.0,199.0,13900.0,11700.0,3560.0,31.8,1350.0,75.3,14000.0,6120.0,59.1,19100.0
2015-06-09,215.0,219000.0,525000.0,969000.0,451000.0,135000.0,156.0,828000.0,485.0,480000.0,851000.0,1400.0,715.0,468000.0,1180.0,658.0,130000.0,1400.0,110.0,58.5,196.0,13100.0,11000.0,5570.0,23.6,1400.0,39.8,17100.0,6040.0,55.8,18900.0
2015-06-10,179.0,217000.0,523000.0,951000.0,476000.0,136000.0,141.0,832000.0,386.0,500000.0,843000.0,1120.0,251.0,492000.0,1170.0,631.0,127000.0,1510.0,107.0,32.4,195.0,13300.0,11100.0,6340.0,21.1,1120.0,28.5,17100.0,5840.0,54.0,18100.0
2015-06-11,587.0,215000.0,538000.0,929000.0,496000.0,133000.0,277.0,832000.0,513.0,489000.0,847000.0,819.0,368.0,503000.0,1170.0,631.0,126000.0,1590.0,118.0,23.4,199.0,17200.0,10200.0,6300.0,62.0,819.0,26.7,14400.0,5610.0,58.7,17800.0
2015-06-12,1160.0,224000.0,565000.0,910000.0,502000.0,131000.0,653.0,830000.0,1930.0,454000.0,845000.0,1250.0,2360.0,493000.0,1260.0,700.0,128000.0,1640.0,214.0,23.3,215.0,21600.0,9750.0,5470.0,309.0,1250.0,26.6,13300.0,5170.0,109.0,17000.0
2015-06-13,1530.0,226000.0,590000.0,893000.0,490000.0,124000.0,663.0,822000.0,3650.0,419000.0,829000.0,1490.0,2360.0,466000.0,1310.0,668.0,132000.0,1680.0,175.0,39.9,206.0,25000.0,9160.0,5270.0,482.0,1490.0,25.7,12000.0,4690.0,85.6,16500.0
2015-06-14,3280.0,241000.0,611000.0,881000.0,465000.0,201000.0,2810.0,814000.0,4710.0,420000.0,821000.0,1410.0,945.0,443000.0,1470.0,666.0,157000.0,1720.0,147.0,230.0,201.0,22700.0,8730.0,5380.0,969.0,1410.0,28.1,11200.0,4380.0,74.2,15600.0
2015-06-15,4230.0,250000.0,609000.0,875000.0,454000.0,201000.0,1290.0,808000.0,4550.0,466000.0,815000.0,1170.0,934.0,452000.0,1520.0,697.0,172000.0,1750.0,148.0,282.0,201.0,16900.0,8080.0,5390.0,1000.0,1170.0,28.0,12100.0,4140.0,80.6,15000.0
2015-06-16,2900.0,255000.0,590000.0,873000.0,468000.0,201000.0,1220.0,804000.0,4810.0,508000.0,804000.0,964.0,6010.0,486000.0,1510.0,824.0,179000.0,1770.0,145.0,189.0,211.0,13600.0,7750.0,5010.0,428.0,964.0,24.5,10600.0,4070.0,75.5,13900.0
2015-06-17,1860.0,264000.0,577000.0,874000.0,510000.0,201000.0,637.0,797000.0,4980.0,545000.0,799000.0,874.0,1380.0,544000.0,1420.0,803.0,182000.0,1790.0,133.0,318.0,205.0,13300.0,7470.0,4560.0,233.0,874.0,24.3,10300.0,3710.0,69.0,13000.0
2015-06-18,1440.0,275000.0,577000.0,873000.0,565000.0,201000.0,910.0,792000.0,4740.0,572000.0,794000.0,772.0,1030.0,579000.0,1340.0,783.0,186000.0,1810.0,129.0,380.0,202.0,12300.0,7170.0,3750.0,141.0,772.0,23.0,9660.0,3490.0,66.5,12700.0
2015-06-19,1150.0,293000.0,614000.0,866000.0,599000.0,201000.0,538.0,789000.0,2740.0,611000.0,790000.0,692.0,421.0,617000.0,1290.0,732.0,187000.0,1820.0,125.0,858.0,200.0,12500.0,6640.0,3230.0,106.0,692.0,22.0,9130.0,3480.0,63.3,12100.0
2015-06-20,931.0,307000.0,683000.0,860000.0,667000.0,201000.0,375.0,786000.0,1620.0,643000.0,783000.0,644.0,355.0,674000.0,1360.0,696.0,183000.0,1820.0,124.0,277.0,199.0,13200.0,6720.0,2630.0,85.2,644.0,23.0,8430.0,3630.0,62.4,11700.0
2015-06-21,898.0,331000.0,751000.0,862000.0,708000.0,201000.0,444.0,783000.0,1390.0,653000.0,783000.0,619.0,3410.0,688000.0,1280.0,665.0,176000.0,1810.0,137.0,436.0,198.0,12900.0,6530.0,2150.0,71.4,619.0,22.4,9210.0,3830.0,70.3,11900.0
2015-06-22,794.0,363000.0,817000.0,881000.0,724000.0,201000.0,307.0,779000.0,1260.0,644000.0,796000.0,623.0,2450.0,692000.0,1240.0,6100.0,164000.0,1810.0,171.0,189.0,203.0,12000.0,6250.0,1900.0,63.5,623.0,147.0,8360.0,3910.0,81.6,11900.0
2015-06-23,653.0,375000.0,876000.0,915000.0,728000.0,201000.0,492.0,777000.0,1180.0,646000.0,785000.0,760.0,948.0,690000.0,1380.0,7800.0,155000.0,1800.0,219.0,98.8,236.0,11000.0,6200.0,1840.0,56.5,760.0,88.9,9470.0,3910.0,97.7,11100.0
2015-06-24,575.0,370000.0,924000.0,957000.0,728000.0,201000.0,321.0,776000.0,1200.0,647000.0,781000.0,717.0,4650.0,688000.0,1830.0,5770.0,151000.0,1790.0,156.0,64.2,217.0,9840.0,5730.0,2790.0,114.0,717.0,39.1,9240.0,3900.0,75.5,11000.0
2015-06-25,2630.0,357000.0,963000.0,1000000.0,719000.0,201000.0,358.0,779000.0,1150.0,635000.0,790000.0,619.0,4930.0,679000.0,1820.0,3260.0,161000.0,1800.0,142.0,163.0,209.0,9730.0,5920.0,2940.0,77.3,619.0,29.1,8510.0,3940.0,72.4,10600.0
2015-06-26,2060.0,371000.0,994000.0,1030000.0,706000.0,201000.0,277.0,785000.0,1070.0,632000.0,778000.0,572.0,6820.0,670000.0,1570.0,2400.0,172000.0,1800.0,141.0,728.0,206.0,9710.0,5360.0,2510.0,56.4,572.0,25.5,7980.0,3670.0,72.2,10700.0
2015-06-27,1220.0,383000.0,1020000.0,1060000.0,696000.0,201000.0,246.0,794000.0,915.0,633000.0,803000.0,515.0,7340.0,664000.0,1430.0,2040.0,165000.0,1790.0,133.0,182.0,202.0,9810.0,5300.0,2100.0,48.4,515.0,23.7,7800.0,3520.0,68.7,9710.0
2015-06-28,947.0,396000.0,1030000.0,1090000.0,689000.0,201000.0,275.0,807000.0,813.0,654000.0,817000.0,536.0,2560.0,665000.0,1350.0,1830.0,154000.0,1790.0,129.0,123.0,203.0,9400.0,5560.0,1740.0,232.0,536.0,29.9,7100.0,3370.0,65.4,9900.0
2015-06-29,800.0,405000.0,1050000.0,1110000.0,692000.0,201000.0,637.0,817000.0,963.0,675000.0,818000.0,605.0,1870.0,676000.0,1320.0,1710.0,154000.0,1780.0,131.0,83.6,205.0,8780.0,5350.0,1550.0,181.0,605.0,111.0,6080.0,3200.0,68.8,9530.0
2015-06-30,669.0,409000.0,1060000.0,1130000.0,702000.0,201000.0,922.0,830000.0,1290.0,691000.0,832000.0,728.0,1190.0,687000.0,1270.0,1630.0,148000.0,1770.0,165.0,57.7,204.0,9390.0,5430.0,1400.0,249.0,728.0,53.7,8100.0,3180.0,75.7,9560.0
2015-07-01,569.0,404000.0,1070000.0,1150000.0,712000.0,201000.0,348.0,843000.0,1460.0,690000.0,839000.0,656.0,466.0,694000.0,1250.0,1480.0,143000.0,1750.0,154.0,46.6,200.0,9150.0,5170.0,1300.0,80.6,656.0,36.2,6530.0,3340.0,65.6,9110.0
2015-07-02,495.0,393000.0,1070000.0,1170000.0,722000.0,201000.0,271.0,855000.0,945.0,671000.0,851000.0,561.0,302.0,700000.0,1180.0,1350.0,137000.0,1730.0,128.0,82.5,197.0,8280.0,4990.0,1560.0,63.6,561.0,28.6,7280.0,3490.0,62.7,8580.0
2015-07-03,436.0,374000.0,1090000.0,1180000.0,721000.0,201000.0,242.0,868000.0,790.0,664000.0,857000.0,512.0,218.0,692000.0,1120.0,1250.0,131000.0,1710.0,123.0,41.8,194.0,6680.0,4760.0,1390.0,54.0,512.0,25.1,7030.0,3290.0,61.1,8270.0
2015-07-04,389.0,341000.0,1110000.0,1200000.0,712000.0,205000.0,214.0,883000.0,693.0,655000.0,883000.0,497.0,166.0,684000.0,1060.0,1170.0,123000.0,1680.0,120.0,30.6,192.0,6260.0,4600.0,1220.0,45.6,497.0,23.8,5630.0,3120.0,59.8,8090.0
2015-07-05,342.0,316000.0,1120000.0,1220000.0,702000.0,214000.0,192.0,901000.0,626.0,635000.0,899000.0,485.0,131.0,672000.0,1020.0,1090.0,111000.0,1660.0,117.0,24.7,189.0,6440.0,4420.0,1130.0,39.8,485.0,23.0,5760.0,2870.0,58.4,7730.0
2015-07-06,391.0,300000.0,1130000.0,1230000.0,687000.0,224000.0,599.0,917000.0,806.0,602000.0,914000.0,508.0,109.0,653000.0,986.0,1040.0,107000.0,1660.0,117.0,22.2,188.0,6220.0,4580.0,1060.0,1020.0,508.0,1340.0,7930.0,3780.0,59.1,8640.0
2015-07-07,1380.0,286000.0,1150000.0,1250000.0,667000.0,228000.0,1250.0,931000.0,5120.0,564000.0,914000.0,556.0,221.0,626000.0,974.0,1040.0,118000.0,1640.0,124.0,22.4,190.0,6360.0,4480.0,1050.0,2170.0,556.0,860.0,14100.0,6190.0,60.8,8790.0
2015-07-08,797.0,284000.0,1160000.0,1260000.0,639000.0,240000.0,361.0,944000.0,4840.0,533000.0,939000.0,519.0,517.0,593000.0,943.0,970.0,148000.0,1620.0,119.0,305.0,187.0,6820.0,4310.0,1070.0,206.0,519.0,154.0,14900.0,7240.0,57.8,8270.0
2015-07-09,572.0,297000.0,1180000.0,1270000.0,612000.0,246000.0,272.0,955000.0,4330.0,542000.0,951000.0,488.0,2310.0,568000.0,909.0,923.0,128000.0,1600.0,113.0,639.0,185.0,6810.0,4000.0,1080.0,134.0,488.0,63.6,12800.0,7430.0,55.8,7820.0
2015-07-10,463.0,306000.0,1190000.0,1280000.0,591000.0,250000.0,223.0,965000.0,3340.0,587000.0,965000.0,465.0,533.0,572000.0,880.0,885.0,114000.0,1570.0,111.0,299.0,184.0,6780.0,4300.0,1090.0,98.3,465.0,44.0,12000.0,6810.0,54.4,7530.0
2015-07-11,1580.0,296000.0,1190000.0,1290000.0,599000.0,254000.0,344.0,972000.0,1780.0,615000.0,969000.0,456.0,3240.0,597000.0,861.0,853.0,113000.0,1530.0,110.0,132.0,182.0,6720.0,3870.0,1130.0,244.0,456.0,38.4,8940.0,6190.0,56.6,7400.0
2015-07-12,4850.0,296000.0,1180000.0,1300000.0,619000.0,263000.0,381.0,981000.0,1800.0,601000.0,1000000.0,449.0,13500.0,617000.0,841.0,836.0,138000.0,1480.0,113.0,76.1,184.0,6670.0,3970.0,1020.0,154.0,449.0,35.2,7740.0,5730.0,59.7,7280.0
2015-07-13,2720.0,324000.0,1160000.0,1310000.0,631000.0,265000.0,265.0,989000.0,1340.0,580000.0,1020000.0,537.0,4780.0,612000.0,884.0,826.0,116000.0,1450.0,114.0,50.2,187.0,6550.0,4470.0,1030.0,98.2,537.0,154.0,9070.0,5950.0,60.1,8460.0
2015-07-14,1250.0,335000.0,1140000.0,1310000.0,623000.0,265000.0,224.0,999000.0,1050.0,577000.0,1020000.0,602.0,1080.0,599000.0,846.0,804.0,104000.0,1400.0,119.0,36.5,180.0,5930.0,4980.0,1560.0,77.8,602.0,142.0,11800.0,6860.0,68.8,9190.0
2015-07-15,876.0,335000.0,1120000.0,1330000.0,612000.0,271000.0,191.0,1010000.0,871.0,579000.0,1020000.0,632.0,408.0,595000.0,805.0,774.0,98200.0,1350.0,111.0,27.3,178.0,5890.0,4980.0,2160.0,64.1,632.0,101.0,10700.0,7940.0,55.9,9000.0
2015-07-16,1240.0,321000.0,1100000.0,1340000.0,605000.0,277000.0,185.0,1020000.0,804.0,567000.0,1020000.0,573.0,265.0,591000.0,788.0,763.0,104000.0,1340.0,109.0,22.2,179.0,7320.0,5440.0,1870.0,215.0,573.0,67.9,9430.0,8120.0,56.6,9320.0
2015-07-17,5980.0,298000.0,1080000.0,1340000.0,597000.0,280000.0,187.0,1020000.0,910.0,532000.0,1040000.0,553.0,239.0,577000.0,820.0,755.0,122000.0,1380.0,114.0,19.6,181.0,8930.0,5020.0,1790.0,124.0,553.0,47.4,9410.0,7530.0,59.1,9530.0
2015-07-18,6270.0,284000.0,1060000.0,1350000.0,577000.0,283000.0,164.0,1030000.0,770.0,494000.0,1040000.0,634.0,172.0,549000.0,878.0,741.0,121000.0,1300.0,113.0,17.3,179.0,7100.0,5210.0,1660.0,70.6,634.0,188.0,10000.0,6910.0,58.9,11200.0
2015-07-19,2230.0,286000.0,1030000.0,1350000.0,549000.0,291000.0,151.0,1040000.0,665.0,481000.0,1030000.0,831.0,154.0,519000.0,872.0,721.0,114000.0,1250.0,108.0,17.8,176.0,7010.0,4920.0,1990.0,58.6,831.0,130.0,12000.0,6360.0,55.1,10800.0
2015-07-20,1250.0,298000.0,1010000.0,1360000.0,529000.0,301000.0,142.0,1050000.0,598.0,506000.0,1040000.0,722.0,154.0,508000.0,854.0,727.0,105000.0,1190.0,105.0,215.0,175.0,7230.0,4640.0,2640.0,52.9,722.0,69.4,12600.0,5860.0,52.8,10600.0
2015-07-21,1180.0,302000.0,987000.0,1360000.0,525000.0,308000.0,134.0,1050000.0,548.0,535000.0,1050000.0,611.0,129.0,519000.0,829.0,740.0,99400.0,1130.0,105.0,58.2,176.0,7710.0,4670.0,2380.0,48.0,611.0,60.8,10400.0,5270.0,52.3,9980.0
2015-07-22,881.0,293000.0,989000.0,1360000.0,534000.0,312000.0,124.0,1060000.0,491.0,548000.0,1060000.0,516.0,100.0,536000.0,795.0,717.0,94100.0,1070.0,102.0,30.2,172.0,6740.0,4730.0,2110.0,43.4,516.0,44.8,8580.0,4770.0,50.4,9630.0
2015-07-23,706.0,275000.0,995000.0,1360000.0,546000.0,312000.0,119.0,1060000.0,448.0,542000.0,1060000.0,477.0,81.0,544000.0,772.0,707.0,90100.0,998.0,101.0,21.2,170.0,5690.0,4320.0,1530.0,40.7,477.0,34.7,7420.0,4360.0,49.3,9270.0
2015-07-24,593.0,260000.0,1000000.0,1370000.0,550000.0,308000.0,113.0,1060000.0,415.0,518000.0,1060000.0,467.0,67.2,540000.0,770.0,704.0,90100.0,966.0,101.0,16.4,171.0,6120.0,4380.0,1280.0,38.9,467.0,31.8,6320.0,4070.0,49.5,8580.0
2015-07-25,524.0,252000.0,1010000.0,1370000.0,542000.0,310000.0,111.0,1060000.0,390.0,481000.0,1070000.0,465.0,59.4,520000.0,766.0,693.0,88400.0,934.0,104.0,15.8,172.0,6910.0,4510.0,1140.0,37.0,465.0,30.5,6640.0,3930.0,50.4,8950.0
2015-07-26,477.0,245000.0,1010000.0,1370000.0,520000.0,317000.0,165.0,1060000.0,386.0,439000.0,1060000.0,455.0,491.0,487000.0,747.0,672.0,86700.0,886.0,104.0,52.6,169.0,7050.0,4150.0,1030.0,34.4,455.0,29.0,6960.0,3920.0,49.4,9230.0
2015-07-27,429.0,252000.0,1000000.0,1370000.0,489000.0,323000.0,118.0,1060000.0,417.0,429000.0,1030000.0,444.0,693.0,454000.0,728.0,665.0,87100.0,841.0,103.0,162.0,167.0,5740.0,3600.0,931.0,32.2,444.0,28.6,6330.0,3800.0,48.3,8930.0
2015-07-28,377.0,259000.0,978000.0,1370000.0,473000.0,331000.0,112.0,1060000.0,355.0,434000.0,1030000.0,453.0,1020.0,444000.0,754.0,677.0,81600.0,803.0,104.0,151.0,172.0,5170.0,4070.0,850.0,81.8,453.0,30.1,6120.0,3770.0,48.0,8830.0
2015-07-29,364.0,260000.0,929000.0,1370000.0,461000.0,334000.0,130.0,1060000.0,341.0,435000.0,1050000.0,462.0,238.0,440000.0,843.0,767.0,77900.0,763.0,109.0,47.4,180.0,4850.0,3390.0,791.0,37.2,462.0,27.9,5740.0,3660.0,51.2,9000.0
2015-07-30,322.0,255000.0,869000.0,1350000.0,451000.0,331000.0,105.0,1060000.0,338.0,432000.0,1070000.0,440.0,123.0,436000.0,968.0,986.0,74000.0,751.0,104.0,30.4,170.0,4290.0,3570.0,741.0,29.3,440.0,24.8,5740.0,3430.0,47.0,8650.0
2015-07-31,267.0,247000.0,802000.0,1340000.0,445000.0,336000.0,94.6,1050000.0,298.0,423000.0,1080000.0,421.0,84.8,433000.0,1070.0,1100.0,83300.0,738.0,98.1,23.2,165.0,5040.0,3340.0,705.0,27.0,421.0,24.4,5590.0,3200.0,43.5,8100.0
2015-08-01,237.0,230000.0,741000.0,1320000.0,438000.0,342000.0,87.4,1050000.0,270.0,410000.0,1040000.0,409.0,68.8,423000.0,951.0,911.0,73600.0,732.0,96.9,19.0,164.0,5020.0,2870.0,674.0,25.0,409.0,24.4,5280.0,2890.0,42.8,7980.0
2015-08-02,217.0,191000.0,692000.0,1300000.0,426000.0,342000.0,82.2,1040000.0,251.0,397000.0,1030000.0,400.0,56.8,411000.0,870.0,792.0,69000.0,726.0,97.3,17.4,163.0,4880.0,3380.0,642.0,23.8,400.0,25.0,4970.0,2770.0,43.2,7420.0
2015-08-03,201.0,143000.0,658000.0,1270000.0,411000.0,338000.0,78.4,1030000.0,236.0,380000.0,1030000.0,395.0,47.7,397000.0,810.0,699.0,69000.0,716.0,96.8,15.9,161.0,3960.0,2640.0,599.0,22.3,395.0,23.2,4500.0,2720.0,42.4,6780.0
2015-08-04,181.0,145000.0,630000.0,1240000.0,394000.0,338000.0,71.7,1020000.0,220.0,364000.0,1010000.0,386.0,40.8,381000.0,757.0,625.0,66200.0,707.0,95.1,13.9,161.0,3850.0,2170.0,576.0,21.3,386.0,21.8,4940.0,2640.0,41.2,6660.0
2015-08-05,169.0,162000.0,606000.0,1200000.0,385000.0,333000.0,68.5,1000000.0,205.0,346000.0,993000.0,382.0,40.8,365000.0,722.0,570.0,69100.0,671.0,95.4,33.0,161.0,4050.0,2360.0,551.0,20.5,382.0,21.5,4820.0,2560.0,41.4,5900.0
2015-08-06,160.0,196000.0,598000.0,1150000.0,371000.0,321000.0,65.4,985000.0,196.0,339000.0,968000.0,378.0,37.0,353000.0,691.0,524.0,61700.0,643.0,95.8,62.3,160.0,4160.0,2380.0,526.0,19.8,378.0,23.4,4300.0,2520.0,41.8,5270.0
2015-08-07,149.0,160000.0,579000.0,1100000.0,357000.0,313000.0,60.3,964000.0,186.0,312000.0,950000.0,525.0,32.2,338000.0,680.0,492.0,54100.0,615.0,96.2,22.8,160.0,4650.0,2630.0,605.0,19.4,525.0,25.7,5310.0,2770.0,41.8,6330.0
2015-08-08,141.0,151000.0,560000.0,1040000.0,341000.0,307000.0,57.3,939000.0,179.0,285000.0,937000.0,890.0,29.4,312000.0,664.0,462.0,44100.0,606.0,97.0,17.6,158.0,4610.0,2930.0,929.0,19.1,890.0,23.6,7380.0,4760.0,42.6,6870.0
2015-08-09,258.0,139000.0,549000.0,994000.0,316000.0,297000.0,71.5,912000.0,203.0,263000.0,913000.0,764.0,2460.0,288000.0,650.0,432.0,50500.0,606.0,97.7,22.5,158.0,4770.0,3180.0,1110.0,207.0,764.0,25.5,6910.0,6540.0,43.5,6890.0
2015-08-10,237.0,135000.0,539000.0,937000.0,292000.0,273000.0,70.9,881000.0,210.0,252000.0,860000.0,673.0,1500.0,275000.0,635.0,410.0,54500.0,578.0,99.4,28.2,158.0,6390.0,2990.0,1190.0,41.8,673.0,26.3,7170.0,6820.0,43.7,7280.0
2015-08-11,167.0,146000.0,525000.0,883000.0,276000.0,254000.0,56.9,852000.0,203.0,241000.0,844000.0,535.0,299.0,260000.0,618.0,381.0,58800.0,553.0,96.7,16.0,157.0,6540.0,3050.0,1470.0,31.7,535.0,24.5,7320.0,6020.0,41.5,7630.0
2015-08-12,139.0,146000.0,512000.0,830000.0,263000.0,239000.0,50.6,827000.0,173.0,246000.0,799000.0,478.0,120.0,257000.0,608.0,352.0,64700.0,533.0,94.5,13.2,155.0,5450.0,2770.0,2120.0,22.9,478.0,24.4,8020.0,5090.0,39.4,7300.0
2015-08-13,125.0,143000.0,495000.0,773000.0,264000.0,230000.0,46.2,797000.0,155.0,267000.0,762000.0,451.0,72.4,267000.0,600.0,339.0,72700.0,521.0,93.9,11.8,153.0,4780.0,3060.0,1610.0,20.2,451.0,25.8,6440.0,4410.0,39.1,7190.0
2015-08-14,118.0,132000.0,469000.0,718000.0,274000.0,220000.0,44.5,761000.0,145.0,279000.0,711000.0,437.0,54.1,283000.0,600.0,335.0,71900.0,515.0,94.2,11.0,152.0,4400.0,3350.0,1260.0,18.2,437.0,25.4,5890.0,4160.0,39.4,7020.0
2015-08-15,112.0,116000.0,445000.0,671000.0,284000.0,205000.0,41.6,721000.0,138.0,259000.0,680000.0,429.0,44.9,281000.0,598.0,330.0,66700.0,498.0,94.2,10.3,152.0,4440.0,2840.0,991.0,16.9,429.0,26.0,5520.0,3450.0,39.2,6810.0
2015-08-16,105.0,108000.0,438000.0,633000.0,272000.0,186000.0,38.2,686000.0,132.0,226000.0,655000.0,420.0,36.1,255000.0,596.0,326.0,62800.0,511.0,93.3,9.71,152.0,4590.0,2890.0,836.0,15.7,420.0,25.7,5160.0,3400.0,38.3,6790.0
2015-08-17,102.0,96700.0,437000.0,598000.0,247000.0,173000.0,37.4,653000.0,126.0,205000.0,626000.0,428.0,32.4,228000.0,610.0,331.0,60800.0,516.0,93.1,9.52,152.0,4390.0,2870.0,782.0,16.0,428.0,25.1,4910.0,3220.0,38.2,6790.0
2015-08-18,260.0,94000.0,424000.0,564000.0,224000.0,154000.0,88.2,620000.0,151.0,187000.0,595000.0,452.0,32.0,208000.0,638.0,344.0,54100.0,506.0,104.0,14.8,154.0,4740.0,2780.0,771.0,131.0,452.0,84.3,5540.0,3310.0,49.7,6810.0
2015-08-19,570.0,109000.0,401000.0,540000.0,208000.0,134000.0,96.6,589000.0,257.0,195000.0,571000.0,482.0,85.3,199000.0,682.0,360.0,49900.0,540.0,143.0,50.6,159.0,4900.0,3230.0,755.0,84.3,482.0,515.0,6760.0,3870.0,127.0,7140.0
2015-08-20,301.0,92400.0,388000.0,523000.0,207000.0,135000.0,65.4,558000.0,202.0,192000.0,528000.0,492.0,54.7,206000.0,693.0,361.0,51300.0,534.0,111.0,20.1,159.0,4210.0,3440.0,1260.0,26.0,492.0,125.0,8840.0,5380.0,63.4,7130.0
2015-08-21,164.0,99300.0,372000.0,506000.0,207000.0,125000.0,46.4,528000.0,168.0,180000.0,507000.0,462.0,35.4,198000.0,687.0,336.0,53500.0,513.0,99.1,13.9,153.0,5850.0,3170.0,1480.0,18.3,462.0,59.2,8630.0,6890.0,49.5,7130.0
2015-08-22,133.0,110000.0,362000.0,494000.0,198000.0,122000.0,40.2,503000.0,138.0,183000.0,483000.0,435.0,25.8,191000.0,686.0,324.0,54500.0,496.0,96.0,481.0,151.0,6670.0,3500.0,1250.0,14.7,435.0,44.5,8540.0,7350.0,45.6,6920.0
2015-08-23,119.0,104000.0,362000.0,482000.0,197000.0,115000.0,36.7,482000.0,126.0,194000.0,475000.0,427.0,22.0,197000.0,657.0,321.0,57900.0,490.0,95.7,95.7,155.0,6760.0,3650.0,1230.0,15.0,427.0,47.0,7330.0,7680.0,44.2,7490.0
2015-08-24,108.0,96800.0,359000.0,468000.0,202000.0,112000.0,34.3,460000.0,117.0,199000.0,481000.0,417.0,19.3,202000.0,626.0,309.0,54700.0,477.0,94.9,36.2,152.0,6290.0,3380.0,1060.0,11.4,417.0,53.0,6740.0,7860.0,42.8,8090.0
2015-08-25,99.7,100000.0,343000.0,454000.0,207000.0,108000.0,32.4,444000.0,109.0,201000.0,470000.0,408.0,17.6,207000.0,607.0,303.0,56200.0,451.0,94.0,21.0,152.0,5250.0,3650.0,880.0,11.0,408.0,42.1,6630.0,8250.0,41.2,7970.0
2015-08-26,93.4,97500.0,334000.0,444000.0,209000.0,108000.0,30.6,428000.0,105.0,192000.0,457000.0,399.0,15.6,206000.0,596.0,296.0,58200.0,419.0,93.4,14.8,151.0,4810.0,3360.0,794.0,10.2,399.0,35.1,6320.0,7770.0,40.7,7580.0
2015-08-27,87.9,100000.0,336000.0,436000.0,204000.0,110000.0,29.3,411000.0,101.0,180000.0,437000.0,395.0,14.4,195000.0,583.0,292.0,57900.0,398.0,93.1,12.0,152.0,5100.0,3570.0,739.0,9.55,395.0,31.5,5880.0,6840.0,40.6,7450.0
2015-08-28,86.7,92700.0,340000.0,426000.0,195000.0,111000.0,28.9,395000.0,98.6,172000.0,413000.0,399.0,13.7,185000.0,587.0,322.0,59500.0,384.0,97.0,10.3,158.0,4760.0,3340.0,703.0,9.19,399.0,35.7,5100.0,6010.0,45.3,7300.0
2015-08-29,87.3,86200.0,340000.0,416000.0,186000.0,110000.0,29.2,381000.0,98.4,164000.0,374000.0,411.0,13.4,175000.0,690.0,423.0,57800.0,374.0,204.0,9.25,177.0,5060.0,3130.0,742.0,22.8,411.0,34.7,5430.0,5440.0,123.0,6930.0
2015-08-30,86.2,81900.0,335000.0,412000.0,178000.0,108000.0,27.7,368000.0,98.5,163000.0,362000.0,407.0,13.1,169000.0,727.0,413.0,59300.0,366.0,185.0,8.47,167.0,5160.0,3000.0,760.0,11.1,407.0,30.9,5410.0,4950.0,94.6,6470.0
2015-08-31,82.4,90300.0,319000.0,407000.0,172000.0,107000.0,25.8,360000.0,96.9,160000.0,365000.0,403.0,12.0,166000.0,694.0,417.0,58800.0,343.0,118.0,10.9,159.0,4610.0,2950.0,700.0,9.58,403.0,41.3,4790.0,4540.0,61.9,6280.0
2015-09-01,78.3,86900.0,301000.0,406000.0,170000.0,82800.0,24.1,354000.0,92.7,162000.0,361000.0,397.0,11.1,166000.0,674.0,443.0,60300.0,302.0,108.0,7.49,157.0,4680.0,2690.0,640.0,8.77,397.0,32.2,4720.0,4520.0,55.0,6190.0
2015-09-02,72.9,86000.0,282000.0,401000.0,169000.0,82800.0,22.6,350000.0,88.1,157000.0,351000.0,392.0,10.4,165000.0,665.0,425.0,64600.0,296.0,103.0,6.64,160.0,4560.0,2820.0,595.0,7.97,392.0,46.9,4780.0,4150.0,51.0,6310.0
2015-09-03,68.0,88700.0,268000.0,390000.0,165000.0,82800.0,21.7,347000.0,84.3,157000.0,345000.0,390.0,9.88,161000.0,647.0,372.0,63400.0,301.0,100.0,6.49,161.0,4340.0,2480.0,590.0,8.13,390.0,27.7,8790.0,3960.0,48.7,5680.0
2015-09-04,65.8,94200.0,261000.0,377000.0,163000.0,82800.0,21.0,341000.0,80.6,166000.0,344000.0,387.0,9.26,164000.0,641.0,349.0,62700.0,313.0,98.7,6.0,161.0,4410.0,2380.0,604.0,7.17,387.0,31.8,8620.0,4150.0,47.1,5420.0
2015-09-05,63.1,90700.0,260000.0,360000.0,167000.0,82800.0,20.3,331000.0,77.2,169000.0,348000.0,383.0,8.71,172000.0,631.0,329.0,62200.0,400.0,98.1,5.78,159.0,5240.0,2570.0,556.0,6.88,383.0,28.8,7890.0,4140.0,45.9,5260.0
2015-09-06,60.5,83200.0,259000.0,343000.0,173000.0,82800.0,19.0,319000.0,74.3,166000.0,325000.0,385.0,8.24,173000.0,618.0,314.0,60800.0,456.0,97.7,5.49,160.0,5350.0,3350.0,544.0,7.14,385.0,28.3,6930.0,4150.0,45.7,5430.0
2015-09-07,58.8,83500.0,260000.0,329000.0,171000.0,82800.0,18.6,308000.0,72.9,162000.0,310000.0,470.0,7.35,169000.0,616.0,318.0,56900.0,469.0,99.7,5.3,162.0,5130.0,3300.0,739.0,8.65,470.0,27.7,6910.0,4380.0,47.9,5800.0
2015-09-08,58.8,88900.0,265000.0,319000.0,168000.0,82800.0,19.7,298000.0,73.5,158000.0,303000.0,1130.0,12.8,165000.0,738.0,349.0,57100.0,459.0,99.6,5.13,183.0,5400.0,4040.0,3760.0,54.5,1130.0,28.2,9690.0,4810.0,46.5,6450.0
2015-09-09,63.2,83900.0,270000.0,315000.0,165000.0,82800.0,20.0,287000.0,74.7,156000.0,291000.0,1090.0,21.5,165000.0,909.0,324.0,59700.0,449.0,98.0,5.86,180.0,5640.0,4600.0,6860.0,11.3,1090.0,28.4,13600.0,5200.0,45.5,6220.0
2015-09-10,61.3,85000.0,270000.0,316000.0,170000.0,82800.0,19.0,275000.0,74.0,153000.0,293000.0,803.0,16.7,165000.0,848.0,348.0,63400.0,450.0,106.0,5.62,172.0,11800.0,5120.0,9710.0,33.4,803.0,29.5,12400.0,5300.0,50.9,6760.0
2015-09-11,65.7,91900.0,261000.0,324000.0,166000.0,83000.0,18.8,271000.0,71.7,162000.0,279000.0,721.0,14.9,164000.0,836.0,381.0,64900.0,466.0,112.0,6.68,168.0,16400.0,4500.0,6900.0,14.6,721.0,26.6,9470.0,4820.0,49.1,7410.0
2015-09-12,71.4,95500.0,255000.0,333000.0,167000.0,85100.0,18.7,271000.0,67.9,179000.0,294000.0,561.0,10.8,175000.0,804.0,409.0,66000.0,508.0,100.0,7.0,164.0,12900.0,4940.0,4090.0,8.7,561.0,25.6,7800.0,4600.0,44.6,7040.0
2015-09-13,68.4,96600.0,255000.0,328000.0,181000.0,86900.0,18.0,274000.0,65.8,194000.0,284000.0,495.0,8.56,192000.0,757.0,387.0,63800.0,550.0,97.1,6.01,163.0,11700.0,4710.0,2860.0,7.15,495.0,25.0,7130.0,4530.0,43.4,6750.0
2015-09-14,66.6,96900.0,263000.0,316000.0,199000.0,90700.0,16.8,277000.0,65.1,200000.0,275000.0,469.0,8.01,206000.0,726.0,366.0,64600.0,590.0,96.9,5.38,161.0,10300.0,4220.0,2260.0,7.19,469.0,25.0,6430.0,4300.0,43.1,6820.0
2015-09-15,63.5,95100.0,270000.0,306000.0,211000.0,89100.0,16.1,272000.0,60.0,189000.0,273000.0,453.0,7.04,206000.0,701.0,347.0,70100.0,621.0,96.8,5.09,161.0,7900.0,4040.0,1780.0,6.72,453.0,24.9,5840.0,3890.0,42.6,6420.0
2015-09-16,61.7,94700.0,274000.0,303000.0,207000.0,79300.0,15.8,267000.0,57.4,174000.0,264000.0,437.0,6.42,193000.0,676.0,329.0,72900.0,644.0,95.8,4.59,159.0,7490.0,3530.0,1480.0,6.33,437.0,24.4,5330.0,3970.0,41.4,5920.0
2015-09-17,62.9,101000.0,277000.0,306000.0,192000.0,84300.0,15.5,268000.0,55.4,171000.0,259000.0,437.0,6.87,180000.0,662.0,321.0,70600.0,662.0,96.4,4.37,160.0,7350.0,3790.0,1350.0,36.5,437.0,51.7,5900.0,3960.0,43.2,5730.0
2015-09-18,86.9,96000.0,286000.0,312000.0,182000.0,84900.0,20.8,265000.0,58.2,166000.0,264000.0,769.0,6.5,175000.0,749.0,310.0,68800.0,672.0,104.0,4.19,164.0,7000.0,2910.0,1320.0,153.0,769.0,105.0,7480.0,3910.0,53.9,5980.0
2015-09-19,301.0,95200.0,291000.0,318000.0,177000.0,81500.0,122.0,265000.0,103.0,162000.0,273000.0,646.0,6.61,170000.0,706.0,303.0,72600.0,673.0,116.0,5.06,163.0,7890.0,3630.0,1220.0,356.0,646.0,48.6,11300.0,4200.0,61.0,5520.0
2015-09-20,145.0,112000.0,286000.0,323000.0,171000.0,86500.0,43.3,267000.0,137.0,168000.0,264000.0,551.0,6.71,167000.0,663.0,292.0,88900.0,674.0,109.0,4.84,160.0,7820.0,2910.0,1140.0,45.8,551.0,37.9,12200.0,3380.0,54.4,5100.0
2015-09-21,90.1,120000.0,277000.0,328000.0,171000.0,92200.0,27.8,270000.0,105.0,182000.0,272000.0,478.0,6.65,176000.0,636.0,287.0,86600.0,684.0,98.6,4.29,159.0,7480.0,3250.0,1050.0,31.0,478.0,31.8,10600.0,3590.0,46.6,5020.0
2015-09-22,79.6,132000.0,268000.0,329000.0,180000.0,93500.0,24.6,275000.0,79.8,187000.0,283000.0,454.0,5.34,185000.0,623.0,285.0,69500.0,707.0,97.1,4.17,159.0,7470.0,3010.0,1010.0,24.6,454.0,28.3,8380.0,3530.0,44.8,5040.0
2015-09-23,73.9,112000.0,256000.0,327000.0,187000.0,93400.0,21.4,277000.0,70.5,180000.0,271000.0,440.0,6.32,189000.0,616.0,282.0,66400.0,736.0,96.5,4.09,159.0,6860.0,3140.0,968.0,21.5,440.0,27.2,7360.0,3410.0,43.7,5210.0
2015-09-24,70.0,98800.0,245000.0,324000.0,186000.0,93500.0,20.5,280000.0,66.1,169000.0,268000.0,431.0,5.56,180000.0,607.0,276.0,65000.0,766.0,95.9,3.87,159.0,5400.0,3240.0,914.0,19.5,431.0,52.5,6840.0,3650.0,42.7,5460.0
2015-09-25,67.4,92400.0,248000.0,319000.0,177000.0,93500.0,19.4,280000.0,61.2,162000.0,268000.0,426.0,4.18,172000.0,596.0,269.0,63400.0,766.0,95.4,3.61,159.0,5560.0,2760.0,862.0,17.8,426.0,57.9,6440.0,5150.0,42.1,5120.0
2015-09-26,64.4,96200.0,254000.0,310000.0,169000.0,96300.0,18.6,276000.0,58.8,159000.0,261000.0,422.0,3.27,165000.0,586.0,264.0,58900.0,764.0,94.9,3.28,159.0,5650.0,3140.0,791.0,16.5,422.0,40.0,6680.0,6450.0,42.2,4740.0
2015-09-27,63.6,84400.0,256000.0,300000.0,163000.0,92900.0,18.6,273000.0,56.8,154000.0,260000.0,415.0,4.09,162000.0,582.0,260.0,55700.0,765.0,95.4,3.31,159.0,5510.0,3080.0,777.0,16.0,415.0,31.9,6630.0,6380.0,42.0,4490.0
2015-09-28,64.3,69700.0,253000.0,293000.0,159000.0,89700.0,18.3,271000.0,55.8,143000.0,246000.0,411.0,4.17,155000.0,579.0,260.0,51700.0,766.0,95.4,3.17,160.0,5490.0,3410.0,761.0,15.8,411.0,30.1,6450.0,5740.0,41.9,4760.0
2015-09-29,63.5,67200.0,248000.0,291000.0,151000.0,86500.0,17.6,267000.0,55.5,140000.0,256000.0,410.0,4.16,146000.0,580.0,258.0,52200.0,760.0,121.0,4.25,161.0,5740.0,3180.0,732.0,32.1,410.0,27.7,6540.0,5030.0,63.5,5140.0
2015-09-30,61.3,63700.0,245000.0,290000.0,144000.0,81100.0,16.6,260000.0,55.0,160000.0,262000.0,404.0,5.26,149000.0,564.0,245.0,52100.0,759.0,141.0,5.05,158.0,6700.0,3150.0,720.0,18.9,404.0,25.7,6160.0,4570.0,65.3,5430.0
2015-10-01,53.7,64400.0,243000.0,293000.0,152000.0,84900.0,16.2,256000.0,52.9,166000.0,274000.0,397.0,4.22,164000.0,554.0,241.0,51000.0,772.0,105.0,4.14,158.0,7640.0,3150.0,737.0,15.2,397.0,25.0,5720.0,4060.0,49.6,4790.0
2015-10-02,50.7,64500.0,242000.0,295000.0,166000.0,90900.0,16.0,252000.0,51.1,158000.0,277000.0,393.0,3.52,168000.0,550.0,238.0,52200.0,796.0,98.4,3.14,159.0,8150.0,3090.0,690.0,14.2,393.0,24.5,5300.0,3820.0,45.9,4600.0
2015-10-03,49.2,61100.0,249000.0,291000.0,169000.0,92800.0,14.0,248000.0,48.3,149000.0,285000.0,389.0,2.46,159000.0,548.0,235.0,50800.0,815.0,97.4,3.02,159.0,6810.0,3210.0,670.0,13.8,389.0,24.3,4880.0,3600.0,44.6,4670.0
2015-10-04,49.2,62200.0,276000.0,285000.0,161000.0,90400.0,16.4,241000.0,47.2,139000.0,279000.0,388.0,2.13,150000.0,545.0,232.0,50300.0,831.0,97.2,3.11,160.0,5410.0,2780.0,657.0,14.3,388.0,24.0,4700.0,3450.0,43.8,4650.0
2015-10-05,50.4,57600.0,316000.0,282000.0,153000.0,87700.0,16.6,237000.0,47.1,135000.0,254000.0,391.0,2.61,142000.0,546.0,235.0,48100.0,845.0,97.4,3.09,161.0,5330.0,3190.0,653.0,13.4,391.0,24.0,4620.0,3270.0,44.2,4640.0
2015-10-06,50.8,56300.0,340000.0,285000.0,145000.0,84500.0,16.6,233000.0,47.8,134000.0,223000.0,393.0,2.96,137000.0,547.0,234.0,46500.0,878.0,97.9,3.12,161.0,5330.0,3030.0,653.0,13.6,393.0,23.9,4690.0,3220.0,44.5,4590.0
2015-10-07,51.1,54600.0,338000.0,299000.0,140000.0,86400.0,16.1,232000.0,48.6,131000.0,225000.0,394.0,3.7,136000.0,550.0,232.0,41400.0,936.0,97.7,2.97,160.0,5310.0,2960.0,619.0,13.5,394.0,23.6,4750.0,3140.0,44.0,4530.0
2015-10-08,50.3,55600.0,312000.0,323000.0,139000.0,86100.0,15.1,236000.0,48.0,127000.0,220000.0,401.0,3.94,133000.0,551.0,228.0,39300.0,989.0,97.1,3.05,160.0,5310.0,3130.0,630.0,12.9,401.0,25.7,4970.0,3340.0,43.1,4740.0
2015-10-09,48.4,58100.0,283000.0,344000.0,134000.0,89800.0,15.7,250000.0,46.2,119000.0,231000.0,421.0,4.28,128000.0,547.0,223.0,35800.0,1010.0,96.1,2.96,160.0,5570.0,3250.0,658.0,12.9,421.0,23.7,5620.0,3980.0,42.2,4680.0
2015-10-10,48.0,58900.0,270000.0,354000.0,127000.0,98300.0,15.1,266000.0,44.5,115000.0,253000.0,421.0,3.2,121000.0,536.0,218.0,36800.0,1030.0,95.7,2.99,159.0,5550.0,2670.0,683.0,12.2,421.0,24.2,7320.0,4390.0,41.8,4900.0
2015-10-11,48.7,54500.0,264000.0,350000.0,122000.0,101000.0,14.3,279000.0,44.1,110000.0,263000.0,412.0,2.72,117000.0,537.0,221.0,39100.0,1050.0,96.1,2.92,161.0,6490.0,2900.0,692.0,12.4,412.0,24.3,7140.0,4450.0,42.9,4840.0
2015-10-12,46.9,58100.0,257000.0,335000.0,116000.0,97200.0,14.3,284000.0,43.9,109000.0,267000.0,404.0,2.48,112000.0,535.0,218.0,41100.0,1060.0,96.9,3.07,159.0,6820.0,3210.0,734.0,12.4,404.0,25.4,6430.0,4300.0,42.4,4540.0
2015-10-13,42.9,62800.0,246000.0,322000.0,113000.0,95300.0,14.6,283000.0,43.6,112000.0,272000.0,400.0,2.14,111000.0,528.0,210.0,43500.0,1070.0,95.1,3.07,159.0,5340.0,2770.0,818.0,11.8,400.0,24.6,6760.0,4180.0,40.6,4720.0
2015-10-14,44.4,56000.0,236000.0,311000.0,112000.0,78700.0,14.8,278000.0,42.7,113000.0,271000.0,397.0,1.87,113000.0,528.0,208.0,43100.0,1060.0,95.5,3.12,154.0,5070.0,3300.0,806.0,11.7,397.0,23.0,6900.0,3990.0,40.9,5050.0
2015-10-15,43.8,55700.0,227000.0,302000.0,113000.0,89200.0,14.3,270000.0,41.9,110000.0,259000.0,389.0,2.08,114000.0,530.0,208.0,42300.0,1070.0,95.5,3.11,158.0,6180.0,2880.0,735.0,11.4,389.0,22.5,6260.0,3820.0,40.7,4220.0
2015-10-16,42.3,54000.0,219000.0,292000.0,114000.0,87400.0,14.5,260000.0,40.6,109000.0,254000.0,389.0,2.56,112000.0,528.0,203.0,39800.0,1070.0,94.4,2.85,158.0,5640.0,3300.0,649.0,11.4,389.0,22.2,6040.0,3700.0,39.7,4480.0
2015-10-17,41.9,53600.0,220000.0,284000.0,112000.0,85100.0,14.6,252000.0,40.5,104000.0,246000.0,401.0,2.63,110000.0,528.0,198.0,39800.0,1070.0,94.0,2.79,158.0,5740.0,2860.0,647.0,12.6,401.0,21.7,6020.0,3470.0,40.1,4450.0
2015-10-18,41.7,57500.0,225000.0,274000.0,109000.0,81700.0,14.4,250000.0,40.8,99400.0,249000.0,401.0,2.95,105000.0,531.0,199.0,39400.0,1080.0,94.5,3.1,159.0,5140.0,2780.0,647.0,12.0,401.0,21.7,5890.0,3400.0,40.4,4290.0
2015-10-19,42.9,56500.0,223000.0,266000.0,105000.0,77400.0,13.2,243000.0,40.5,98300.0,237000.0,398.0,3.63,101000.0,537.0,203.0,38700.0,1070.0,95.6,3.5,160.0,5210.0,2830.0,645.0,11.5,398.0,22.2,5540.0,3380.0,41.2,4400.0
2015-10-20,41.5,59400.0,220000.0,260000.0,102000.0,75900.0,14.1,241000.0,41.1,98700.0,231000.0,400.0,4.2,99900.0,542.0,203.0,39900.0,1090.0,96.5,3.22,161.0,4490.0,3160.0,640.0,47.6,400.0,22.5,5690.0,3330.0,42.6,4420.0
2015-10-21,42.1,57800.0,205000.0,258000.0,101000.0,75800.0,15.8,233000.0,42.6,99100.0,223000.0,400.0,4.91,101000.0,541.0,201.0,39000.0,1090.0,96.4,3.19,160.0,5370.0,2670.0,627.0,42.1,400.0,22.3,5720.0,3280.0,42.9,4500.0
2015-10-22,41.7,57400.0,191000.0,257000.0,101000.0,70100.0,16.0,228000.0,41.9,99400.0,216000.0,399.0,5.41,101000.0,539.0,198.0,40200.0,1060.0,96.1,3.06,160.0,5670.0,2760.0,628.0,14.4,399.0,21.6,5630.0,3140.0,42.4,4320.0
2015-10-23,43.7,63600.0,184000.0,252000.0,102000.0,66400.0,14.4,227000.0,44.7,103000.0,211000.0,401.0,7.13,101000.0,541.0,200.0,39300.0,1050.0,97.1,3.14,160.0,5780.0,2870.0,619.0,34.5,401.0,22.5,5870.0,3160.0,43.9,4600.0
2015-10-24,54.6,55200.0,180000.0,246000.0,102000.0,67300.0,15.4,228000.0,47.3,105000.0,206000.0,407.0,7.71,104000.0,551.0,212.0,38900.0,1050.0,102.0,3.15,163.0,6530.0,3330.0,617.0,20.8,407.0,24.9,5990.0,3850.0,51.2,4860.0
2015-10-25,54.6,58000.0,181000.0,243000.0,105000.0,70700.0,16.8,241000.0,47.7,102000.0,205000.0,411.0,7.77,105000.0,547.0,206.0,35500.0,1030.0,104.0,4.2,160.0,6230.0,2970.0,645.0,12.7,411.0,23.1,6500.0,4650.0,49.0,4910.0
2015-10-26,50.0,53300.0,187000.0,250000.0,105000.0,66800.0,15.3,286000.0,47.0,98900.0,256000.0,413.0,7.02,104000.0,544.0,200.0,35700.0,1020.0,97.7,3.32,159.0,6150.0,3430.0,626.0,12.2,413.0,23.5,6810.0,4980.0,45.3,5360.0
2015-10-27,47.8,58300.0,194000.0,255000.0,104000.0,64400.0,16.1,294000.0,49.2,96400.0,278000.0,415.0,7.71,99800.0,545.0,203.0,40800.0,1010.0,100.0,19.3,160.0,5970.0,3420.0,620.0,51.3,415.0,23.0,7010.0,5080.0,48.8,5690.0
2015-10-28,72.0,54700.0,199000.0,252000.0,101000.0,53300.0,20.4,288000.0,70.2,104000.0,278000.0,504.0,10.2,99700.0,608.0,253.0,45800.0,1040.0,180.0,13.6,174.0,6860.0,3530.0,744.0,147.0,504.0,26.0,8300.0,5490.0,97.8,6000.0
2015-10-29,80.6,58000.0,203000.0,252000.0,102000.0,52700.0,18.8,277000.0,72.8,110000.0,270000.0,656.0,13.1,105000.0,598.0,247.0,47100.0,1080.0,183.0,5.73,170.0,7030.0,3930.0,1080.0,41.0,656.0,32.3,10200.0,6210.0,92.1,6460.0
2015-10-30,66.0,67600.0,210000.0,250000.0,106000.0,54400.0,17.5,265000.0,70.2,111000.0,257000.0,664.0,10.2,111000.0,590.0,225.0,51500.0,1080.0,123.0,3.25,164.0,7190.0,4360.0,1470.0,28.9,664.0,44.8,12900.0,6900.0,65.3,7210.0
2015-10-31,66.8,68500.0,234000.0,251000.0,111000.0,55600.0,20.3,264000.0,63.6,117000.0,250000.0,599.0,13.2,115000.0,593.0,225.0,56700.0,1070.0,119.0,11.8,163.0,7650.0,5380.0,1810.0,80.4,599.0,43.7,13800.0,7340.0,66.3,7650.0
2015-11-01,105.0,75200.0,267000.0,260000.0,116000.0,58400.0,32.9,275000.0,62.1,124000.0,247000.0,579.0,18.1,120000.0,577.0,225.0,67100.0,1070.0,138.0,14.1,163.0,8330.0,5320.0,2020.0,44.5,579.0,80.5,14000.0,7690.0,74.3,8770.0
2015-11-02,101.0,73000.0,282000.0,270000.0,121000.0,54000.0,23.1,276000.0,68.8,127000.0,279000.0,553.0,15.3,127000.0,568.0,218.0,61300.0,1060.0,121.0,5.57,161.0,9550.0,5550.0,2090.0,34.2,553.0,49.6,14100.0,7790.0,65.5,9530.0
2015-11-03,79.0,77700.0,286000.0,283000.0,127000.0,45100.0,21.1,277000.0,72.6,130000.0,271000.0,514.0,10.9,130000.0,563.0,210.0,69900.0,1060.0,111.0,3.43,160.0,9790.0,5340.0,2400.0,30.3,514.0,35.9,14600.0,7660.0,60.2,9090.0
2015-11-04,70.8,85400.0,293000.0,294000.0,130000.0,40800.0,19.1,285000.0,62.0,138000.0,277000.0,484.0,10.3,134000.0,562.0,205.0,70400.0,1060.0,103.0,3.14,159.0,8990.0,5500.0,2270.0,29.0,484.0,30.5,14100.0,7390.0,57.6,8570.0
2015-11-05,68.6,83800.0,303000.0,306000.0,138000.0,41900.0,17.6,294000.0,58.7,148000.0,279000.0,468.0,10.2,143000.0,563.0,205.0,70600.0,1080.0,102.0,29.4,159.0,8970.0,5480.0,1970.0,29.5,468.0,28.4,11900.0,6950.0,56.3,8680.0
2015-11-06,73.4,78500.0,308000.0,315000.0,149000.0,48300.0,19.2,299000.0,58.2,148000.0,291000.0,457.0,9.91,151000.0,558.0,203.0,70000.0,1120.0,105.0,43.1,159.0,9320.0,5500.0,1670.0,43.9,457.0,27.9,10700.0,6580.0,58.9,8760.0
2015-11-07,73.6,78300.0,298000.0,326000.0,154000.0,55200.0,18.7,303000.0,58.8,143000.0,286000.0,447.0,8.07,150000.0,551.0,194.0,69800.0,1120.0,103.0,10.3,157.0,8820.0,5520.0,1580.0,28.9,447.0,27.9,9600.0,6290.0,55.1,8630.0
2015-11-08,72.2,79500.0,286000.0,349000.0,151000.0,55100.0,17.9,316000.0,60.3,141000.0,296000.0,439.0,7.14,146000.0,550.0,191.0,66900.0,1110.0,99.1,6.39,156.0,6650.0,5210.0,1440.0,26.2,439.0,26.3,8950.0,5950.0,51.9,8310.0
2015-11-09,67.0,77000.0,284000.0,362000.0,148000.0,49600.0,18.4,336000.0,57.4,139000.0,334000.0,433.0,6.8,144000.0,552.0,191.0,71900.0,1110.0,98.4,6.18,157.0,6710.0,5300.0,1290.0,25.8,433.0,25.0,9330.0,5630.0,51.5,8090.0
2015-11-10,67.9,79300.0,294000.0,357000.0,145000.0,46800.0,19.2,350000.0,55.0,135000.0,342000.0,431.0,7.15,142000.0,549.0,190.0,69300.0,1100.0,99.6,5.76,157.0,6440.0,5200.0,1250.0,24.6,431.0,24.5,8290.0,5390.0,51.5,7740.0
2015-11-11,68.6,83000.0,303000.0,347000.0,143000.0,47900.0,20.1,354000.0,55.0,137000.0,347000.0,432.0,8.96,140000.0,555.0,196.0,66800.0,1100.0,101.0,5.18,159.0,6400.0,4730.0,1230.0,61.9,432.0,25.9,8050.0,5130.0,53.2,8010.0
2015-11-12,98.8,62900.0,300000.0,341000.0,140000.0,47100.0,47.0,349000.0,57.7,141000.0,353000.0,463.0,18.0,141000.0,580.0,219.0,63700.0,1090.0,132.0,5.07,164.0,7530.0,4750.0,1240.0,120.0,463.0,509.0,10900.0,5620.0,65.6,7850.0
2015-11-13,112.0,66500.0,288000.0,344000.0,142000.0,47300.0,32.1,343000.0,63.7,133000.0,338000.0,473.0,16.3,141000.0,595.0,208.0,67000.0,1080.0,129.0,4.33,161.0,7300.0,3720.0,1310.0,55.1,473.0,267.0,18600.0,5960.0,62.4,7610.0
2015-11-14,86.0,71300.0,283000.0,345000.0,140000.0,47500.0,25.5,339000.0,85.2,129000.0,320000.0,457.0,10.9,135000.0,610.0,201.0,64300.0,1070.0,109.0,4.08,158.0,9690.0,4450.0,1500.0,43.8,457.0,92.4,24600.0,6340.0,56.5,7290.0
2015-11-15,74.0,69400.0,284000.0,341000.0,136000.0,47000.0,23.8,336000.0,69.9,130000.0,324000.0,442.0,8.58,133000.0,603.0,203.0,65100.0,1070.0,105.0,4.04,158.0,6470.0,4550.0,1790.0,38.2,442.0,51.7,27300.0,6600.0,54.9,6970.0
2015-11-16,70.9,83400.0,287000.0,333000.0,133000.0,46300.0,23.2,333000.0,64.2,131000.0,313000.0,439.0,9.37,133000.0,612.0,206.0,63500.0,1090.0,104.0,24.6,159.0,7110.0,4640.0,1790.0,35.0,439.0,44.8,24100.0,6600.0,53.4,7210.0
2015-11-17,150.0,97800.0,299000.0,326000.0,139000.0,46200.0,51.0,333000.0,91.7,146000.0,308000.0,454.0,948.0,141000.0,633.0,218.0,62900.0,1160.0,109.0,639.0,160.0,8550.0,4910.0,1750.0,625.0,454.0,107.0,17200.0,7200.0,59.5,8450.0
2015-11-18,1490.0,99800.0,339000.0,347000.0,176000.0,47800.0,273.0,352000.0,737.0,211000.0,354000.0,495.0,2570.0,183000.0,658.0,235.0,77800.0,1240.0,153.0,757.0,159.0,9550.0,5940.0,1670.0,629.0,495.0,228.0,16900.0,9150.0,86.4,9780.0
2015-11-19,993.0,116000.0,357000.0,385000.0,237000.0,50300.0,169.0,363000.0,706.0,295000.0,353000.0,537.0,1120.0,264000.0,668.0,232.0,97000.0,1350.0,161.0,120.0,157.0,10700.0,7400.0,1830.0,174.0,537.0,160.0,19300.0,12000.0,88.9,11900.0
2015-11-20,577.0,121000.0,383000.0,440000.0,306000.0,50600.0,116.0,378000.0,473.0,303000.0,358000.0,538.0,271.0,323000.0,673.0,231.0,103000.0,1430.0,130.0,59.0,154.0,10500.0,8820.0,2930.0,118.0,538.0,99.2,20900.0,14500.0,77.1,13800.0
2015-11-21,485.0,131000.0,450000.0,489000.0,335000.0,52300.0,106.0,397000.0,368.0,299000.0,393000.0,500.0,157.0,327000.0,734.0,276.0,106000.0,1420.0,130.0,91.7,155.0,9610.0,9810.0,3170.0,115.0,500.0,61.2,21600.0,15600.0,77.7,15700.0
2015-11-22,430.0,135000.0,600000.0,510000.0,333000.0,59900.0,95.5,423000.0,316.0,288000.0,432000.0,475.0,156.0,321000.0,746.0,300.0,104000.0,1390.0,118.0,67.8,154.0,10800.0,9050.0,2700.0,88.6,475.0,45.8,20400.0,14700.0,68.8,16100.0
2015-11-23,373.0,124000.0,618000.0,530000.0,313000.0,66900.0,88.5,440000.0,280.0,264000.0,435000.0,460.0,133.0,295000.0,721.0,297.0,103000.0,1400.0,117.0,43.2,154.0,11500.0,9510.0,2310.0,84.7,460.0,37.3,16200.0,12500.0,67.6,16000.0
2015-11-24,344.0,128000.0,608000.0,560000.0,284000.0,73100.0,84.1,453000.0,263.0,247000.0,456000.0,453.0,110.0,269000.0,705.0,288.0,98600.0,1400.0,117.0,32.6,153.0,12600.0,9650.0,1840.0,80.5,453.0,34.0,14500.0,10800.0,65.4,16700.0
2015-11-25,403.0,132000.0,594000.0,601000.0,263000.0,79600.0,103.0,472000.0,265.0,242000.0,471000.0,450.0,97.4,255000.0,704.0,287.0,103000.0,1400.0,115.0,26.9,153.0,10700.0,9190.0,1730.0,121.0,450.0,33.3,12300.0,9720.0,64.9,16500.0
2015-11-26,718.0,126000.0,575000.0,640000.0,253000.0,84300.0,256.0,492000.0,433.0,238000.0,497000.0,462.0,79.9,249000.0,707.0,296.0,103000.0,1390.0,132.0,23.7,156.0,9790.0,9370.0,1550.0,789.0,462.0,33.3,11300.0,8630.0,81.6,16200.0
2015-11-27,1480.0,136000.0,549000.0,669000.0,248000.0,87100.0,456.0,514000.0,1540.0,241000.0,511000.0,514.0,807.0,247000.0,737.0,326.0,128000.0,1370.0,345.0,343.0,161.0,9310.0,8790.0,1500.0,1330.0,514.0,32.8,12300.0,8100.0,223.0,15800.0
2015-11-28,1500.0,204000.0,529000.0,676000.0,273000.0,104000.0,300.0,534000.0,1360.0,286000.0,534000.0,539.0,1150.0,278000.0,722.0,310.0,157000.0,1360.0,248.0,300.0,157.0,9510.0,7340.0,1700.0,300.0,539.0,32.2,11300.0,7370.0,180.0,14600.0
2015-11-29,1090.0,228000.0,535000.0,679000.0,322000.0,117000.0,220.0,542000.0,949.0,373000.0,546000.0,501.0,438.0,346000.0,731.0,344.0,168000.0,1370.0,188.0,113.0,156.0,9450.0,7620.0,1940.0,207.0,501.0,31.0,9970.0,6500.0,141.0,12300.0
2015-11-30,931.0,243000.0,552000.0,693000.0,391000.0,118000.0,187.0,547000.0,799.0,419000.0,545000.0,475.0,755.0,412000.0,768.0,406.0,172000.0,1350.0,172.0,79.0,157.0,9510.0,7000.0,1840.0,281.0,475.0,30.4,10100.0,6750.0,128.0,12800.0
2015-12-01,943.0,249000.0,596000.0,727000.0,440000.0,116000.0,224.0,554000.0,845.0,427000.0,551000.0,498.0,1250.0,440000.0,795.0,416.0,172000.0,1340.0,200.0,73.0,163.0,9420.0,7860.0,1690.0,301.0,498.0,31.2,9900.0,6470.0,144.0,12300.0
2015-12-02,854.0,253000.0,663000.0,767000.0,455000.0,114000.0,197.0,569000.0,804.0,431000.0,593000.0,526.0,567.0,446000.0,822.0,405.0,168000.0,1330.0,193.0,58.5,162.0,8890.0,7570.0,1780.0,189.0,526.0,31.7,10200.0,6210.0,130.0,12400.0
2015-12-03,719.0,257000.0,739000.0,801000.0,460000.0,105000.0,163.0,592000.0,702.0,431000.0,598000.0,520.0,288.0,447000.0,809.0,408.0,157000.0,1330.0,170.0,41.4,159.0,9220.0,7150.0,2090.0,148.0,520.0,32.8,10900.0,6040.0,116.0,12400.0
2015-12-04,618.0,256000.0,814000.0,829000.0,457000.0,112000.0,146.0,617000.0,613.0,424000.0,624000.0,499.0,191.0,444000.0,796.0,416.0,147000.0,1320.0,159.0,32.6,156.0,9260.0,7050.0,2170.0,127.0,499.0,31.9,10100.0,5900.0,108.0,11400.0
2015-12-05,558.0,250000.0,875000.0,859000.0,453000.0,116000.0,136.0,637000.0,556.0,411000.0,653000.0,485.0,146.0,435000.0,773.0,399.0,140000.0,1310.0,151.0,27.3,155.0,9180.0,6690.0,2190.0,114.0,485.0,31.4,11000.0,5660.0,102.0,10900.0
2015-12-06,517.0,239000.0,917000.0,896000.0,444000.0,127000.0,131.0,658000.0,521.0,387000.0,665000.0,474.0,123.0,419000.0,753.0,381.0,131000.0,1300.0,147.0,24.2,155.0,9110.0,6960.0,2070.0,106.0,474.0,35.3,10400.0,5720.0,98.8,10700.0
2015-12-07,479.0,227000.0,941000.0,932000.0,419000.0,133000.0,124.0,679000.0,493.0,353000.0,711000.0,472.0,110.0,391000.0,740.0,367.0,123000.0,1290.0,144.0,23.4,155.0,9610.0,6970.0,1890.0,97.3,472.0,42.1,10200.0,5790.0,95.9,10600.0
2015-12-08,452.0,217000.0,950000.0,967000.0,383000.0,154000.0,120.0,700000.0,468.0,321000.0,721000.0,470.0,98.2,357000.0,749.0,357.0,117000.0,1290.0,140.0,23.9,155.0,8940.0,6520.0,1750.0,92.8,470.0,42.0,10400.0,5870.0,93.5,11300.0
2015-12-09,428.0,198000.0,948000.0,1000000.0,349000.0,165000.0,113.0,720000.0,447.0,307000.0,742000.0,468.0,91.6,328000.0,784.0,352.0,110000.0,1290.0,138.0,19.8,155.0,8980.0,6750.0,1690.0,86.1,468.0,39.9,10100.0,5860.0,91.2,10900.0
2015-12-10,390.0,171000.0,926000.0,1030000.0,329000.0,176000.0,106.0,742000.0,419.0,292000.0,760000.0,464.0,83.5,312000.0,812.0,352.0,106000.0,1300.0,135.0,18.8,156.0,8220.0,6420.0,1680.0,81.1,464.0,37.6,10200.0,5850.0,87.8,10700.0
2015-12-11,359.0,154000.0,880000.0,1050000.0,314000.0,185000.0,102.0,759000.0,390.0,277000.0,780000.0,473.0,75.0,296000.0,807.0,345.0,101000.0,1320.0,132.0,16.8,155.0,7970.0,7050.0,1690.0,74.9,473.0,37.1,10500.0,6100.0,84.6,11000.0
2015-12-12,326.0,143000.0,815000.0,1060000.0,296000.0,187000.0,95.9,777000.0,363.0,266000.0,792000.0,475.0,66.3,281000.0,788.0,334.0,96900.0,1350.0,129.0,16.2,154.0,9050.0,7150.0,1750.0,71.7,475.0,37.9,11000.0,6940.0,81.9,11000.0
2015-12-13,335.0,126000.0,750000.0,1060000.0,282000.0,188000.0,109.0,795000.0,368.0,257000.0,800000.0,503.0,154.0,270000.0,821.0,401.0,99900.0,1360.0,155.0,54.3,164.0,10300.0,7250.0,1880.0,278.0,503.0,38.0,12100.0,7830.0,109.0,11600.0
2015-12-14,1800.0,168000.0,699000.0,1050000.0,273000.0,192000.0,782.0,812000.0,1380.0,265000.0,872000.0,856.0,3560.0,265000.0,989.0,663.0,117000.0,1370.0,792.0,507.0,198.0,14600.0,7650.0,2630.0,742.0,856.0,143.0,13200.0,8120.0,477.0,11700.0
2015-12-15,1880.0,224000.0,652000.0,1030000.0,284000.0,196000.0,419.0,818000.0,1690.0,341000.0,857000.0,1460.0,2070.0,300000.0,1130.0,1030.0,143000.0,1370.0,591.0,142.0,216.0,16200.0,7580.0,4730.0,209.0,1460.0,233.0,19400.0,8370.0,383.0,12500.0
2015-12-16,1240.0,245000.0,619000.0,1020000.0,348000.0,187000.0,290.0,819000.0,1110.0,420000.0,865000.0,1580.0,529.0,381000.0,2140.0,1500.0,154000.0,1380.0,360.0,117.0,195.0,21300.0,7740.0,10000.0,149.0,1580.0,147.0,30400.0,8500.0,272.0,12800.0
2015-12-17,974.0,255000.0,600000.0,1010000.0,424000.0,178000.0,229.0,816000.0,882.0,473000.0,902000.0,1420.0,294.0,442000.0,2120.0,1470.0,172000.0,1400.0,290.0,79.3,184.0,25400.0,7550.0,19800.0,115.0,1420.0,109.0,35600.0,8530.0,221.0,12800.0
2015-12-18,778.0,253000.0,608000.0,1000000.0,472000.0,169000.0,189.0,809000.0,748.0,499000.0,890000.0,1000.0,191.0,481000.0,1780.0,1190.0,180000.0,1420.0,249.0,53.7,178.0,30800.0,6370.0,15000.0,97.1,1000.0,81.0,33500.0,7770.0,190.0,11700.0
2015-12-19,649.0,251000.0,642000.0,989000.0,501000.0,155000.0,164.0,803000.0,662.0,509000.0,848000.0,761.0,140.0,503000.0,1510.0,998.0,182000.0,1450.0,214.0,40.5,170.0,37600.0,5010.0,11100.0,82.6,761.0,58.7,26200.0,5380.0,147.0,9540.0
2015-12-20,583.0,256000.0,683000.0,967000.0,514000.0,135000.0,157.0,797000.0,603.0,506000.0,845000.0,677.0,111.0,513000.0,1330.0,898.0,182000.0,1450.0,214.0,33.8,173.0,37700.0,4960.0,7220.0,79.6,677.0,48.4,17100.0,4910.0,136.0,9090.0
2015-12-21,633.0,273000.0,719000.0,951000.0,520000.0,127000.0,212.0,789000.0,689.0,487000.0,811000.0,625.0,223.0,510000.0,1300.0,816.0,183000.0,1460.0,206.0,45.3,170.0,34700.0,5080.0,4610.0,383.0,625.0,41.8,15200.0,5470.0,143.0,8970.0
2015-12-22,691.0,279000.0,752000.0,953000.0,515000.0,128000.0,229.0,784000.0,824.0,460000.0,796000.0,615.0,566.0,493000.0,1210.0,749.0,183000.0,1450.0,196.0,44.2,168.0,27700.0,5720.0,3660.0,183.0,615.0,38.3,15100.0,6210.0,133.0,9020.0
2015-12-23,751.0,281000.0,780000.0,960000.0,498000.0,156000.0,422.0,782000.0,924.0,446000.0,774000.0,629.0,1680.0,475000.0,1140.0,713.0,189000.0,1440.0,189.0,557.0,170.0,21100.0,6390.0,3190.0,531.0,629.0,36.5,16000.0,6290.0,131.0,9890.0
2015-12-24,1490.0,288000.0,805000.0,981000.0,499000.0,157000.0,610.0,776000.0,1460.0,446000.0,774000.0,753.0,2100.0,473000.0,1130.0,705.0,200000.0,1440.0,207.0,201.0,175.0,21000.0,6360.0,3060.0,276.0,753.0,39.9,15400.0,6060.0,136.0,10200.0
2015-12-25,1050.0,292000.0,844000.0,996000.0,493000.0,162000.0,326.0,772000.0,1230.0,443000.0,766000.0,765.0,615.0,468000.0,1080.0,673.0,207000.0,1430.0,189.0,99.0,169.0,18700.0,6430.0,3860.0,156.0,765.0,41.8,15900.0,5310.0,135.0,10200.0
2015-12-26,854.0,300000.0,884000.0,1020000.0,491000.0,174000.0,267.0,774000.0,931.0,456000.0,761000.0,681.0,340.0,470000.0,1060.0,651.0,208000.0,1420.0,177.0,1920.0,167.0,18400.0,6550.0,4380.0,128.0,681.0,39.4,15000.0,5210.0,128.0,10100.0
2015-12-27,840.0,329000.0,925000.0,1050000.0,518000.0,178000.0,244.0,784000.0,840.0,552000.0,760000.0,627.0,4880.0,525000.0,1030.0,632.0,209000.0,1410.0,174.0,5350.0,166.0,19400.0,5520.0,3970.0,110.0,627.0,36.9,15600.0,5160.0,125.0,9370.0
2015-12-28,1340.0,360000.0,996000.0,1080000.0,597000.0,174000.0,554.0,796000.0,822.0,653000.0,828000.0,600.0,6910.0,629000.0,1000.0,596.0,210000.0,1410.0,172.0,4160.0,165.0,20700.0,5060.0,3620.0,168.0,600.0,34.9,13300.0,4550.0,113.0,7600.0
2015-12-29,4100.0,389000.0,1070000.0,1120000.0,735000.0,173000.0,1790.0,806000.0,1690.0,743000.0,830000.0,589.0,5910.0,754000.0,951.0,560.0,200000.0,1410.0,173.0,727.0,164.0,19600.0,5030.0,3090.0,189.0,589.0,34.4,11400.0,3820.0,109.0,7540.0
2015-12-30,3520.0,406000.0,1120000.0,1160000.0,831000.0,176000.0,645.0,821000.0,2220.0,795000.0,860000.0,587.0,1290.0,822000.0,872.0,521.0,190000.0,1400.0,169.0,274.0,163.0,17100.0,5050.0,2560.0,131.0,587.0,33.0,9920.0,3670.0,106.0,7570.0
2015-12-31,1800.0,391000.0,1180000.0,1220000.0,904000.0,175000.0,441.0,837000.0,1790.0,825000.0,883000.0,578.0,498.0,893000.0,937.0,491.0,181000.0,1400.0,159.0,164.0,162.0,16000.0,5150.0,2320.0,109.0,578.0,31.8,10100.0,4450.0,101.0,7660.0
2016-01-01,1370.0,374000.0,1260000.0,1290000.0,971000.0,193000.0,346.0,861000.0,1250.0,826000.0,914000.0,585.0,358.0,940000.0,914.0,493.0,169000.0,1390.0,158.0,112.0,161.0,13800.0,5100.0,2310.0,97.0,585.0,30.9,9800.0,4530.0,99.2,7670.0
2016-01-02,1180.0,385000.0,1340000.0,1350000.0,1030000.0,210000.0,296.0,887000.0,1030.0,781000.0,937000.0,563.0,284.0,938000.0,844.0,484.0,156000.0,1380.0,161.0,83.5,162.0,11700.0,5070.0,2210.0,89.6,563.0,30.2,9750.0,4430.0,96.2,7670.0
2016-01-03,1040.0,399000.0,1420000.0,1410000.0,1010000.0,218000.0,257.0,918000.0,912.0,699000.0,979000.0,553.0,233.0,877000.0,874.0,484.0,138000.0,1380.0,164.0,66.6,163.0,12600.0,5080.0,2110.0,81.4,553.0,29.5,9270.0,4130.0,93.7,7580.0
2016-01-04,898.0,379000.0,1500000.0,1480000.0,905000.0,237000.0,225.0,953000.0,811.0,622000.0,1020000.0,548.0,193.0,790000.0,876.0,471.0,118000.0,1370.0,164.0,55.4,159.0,12100.0,4940.0,2020.0,75.3,548.0,29.2,8720.0,4050.0,91.5,7440.0
2016-01-05,807.0,355000.0,1570000.0,1550000.0,802000.0,268000.0,207.0,991000.0,734.0,566000.0,995000.0,547.0,159.0,706000.0,838.0,683.0,115000.0,1370.0,164.0,48.8,168.0,10900.0,4690.0,1930.0,71.7,547.0,28.5,9140.0,4100.0,82.4,7400.0
2016-01-06,760.0,332000.0,1610000.0,1620000.0,731000.0,304000.0,199.0,1030000.0,694.0,518000.0,985000.0,542.0,153.0,634000.0,872.0,732.0,108000.0,1350.0,164.0,42.3,163.0,10400.0,5060.0,1820.0,70.5,542.0,28.4,9340.0,4130.0,83.7,7330.0
2016-01-07,725.0,313000.0,1630000.0,1670000.0,677000.0,338000.0,194.0,1070000.0,670.0,483000.0,1040000.0,539.0,150.0,579000.0,851.0,637.0,100000.0,1330.0,165.0,39.6,159.0,10300.0,5240.0,1710.0,81.1,539.0,28.7,8490.0,4240.0,89.9,8390.0
2016-01-08,729.0,298000.0,1640000.0,1710000.0,636000.0,375000.0,287.0,1110000.0,731.0,458000.0,1080000.0,539.0,179.0,537000.0,862.0,493.0,98400.0,1290.0,162.0,37.8,163.0,10000.0,5140.0,1620.0,105.0,539.0,29.3,9180.0,4580.0,96.2,8520.0
2016-01-09,859.0,288000.0,1630000.0,1760000.0,590000.0,396000.0,486.0,1150000.0,1170.0,442000.0,1150000.0,539.0,331.0,502000.0,844.0,473.0,104000.0,1190.0,154.0,49.4,161.0,9860.0,4600.0,1550.0,110.0,539.0,28.8,9880.0,4480.0,93.0,7170.0
2016-01-10,757.0,286000.0,1610000.0,1800000.0,551000.0,418000.0,307.0,1190000.0,1190.0,450000.0,1140000.0,538.0,210.0,480000.0,718.0,522.0,98600.0,1060.0,153.0,45.8,157.0,9860.0,4280.0,1480.0,96.1,538.0,28.0,8510.0,4180.0,83.1,6250.0
2016-01-11,650.0,289000.0,1580000.0,1840000.0,532000.0,414000.0,255.0,1220000.0,850.0,470000.0,1140000.0,537.0,150.0,480000.0,694.0,546.0,95800.0,1030.0,150.0,32.2,154.0,9210.0,4300.0,1440.0,89.1,537.0,28.0,7210.0,3440.0,81.8,5890.0
2016-01-12,620.0,286000.0,1530000.0,1880000.0,535000.0,420000.0,220.0,1250000.0,750.0,474000.0,1180000.0,536.0,120.0,489000.0,691.0,424.0,85100.0,1020.0,145.0,29.8,156.0,8520.0,4320.0,1400.0,89.3,536.0,27.7,5970.0,2680.0,80.9,5980.0
2016-01-13,600.0,271000.0,1490000.0,1900000.0,535000.0,433000.0,193.0,1270000.0,700.0,456000.0,1170000.0,536.0,110.0,487000.0,691.0,350.0,61700.0,1020.0,140.0,27.3,154.0,8410.0,4630.0,1330.0,86.8,536.0,27.5,5970.0,2520.0,80.1,6200.0
2016-01-14,610.0,249000.0,1450000.0,1900000.0,525000.0,446000.0,172.0,1290000.0,750.0,423000.0,1190000.0,532.0,121.0,469000.0,693.0,386.0,57900.0,1040.0,139.0,26.8,155.0,8370.0,4840.0,1280.0,84.5,532.0,27.2,5970.0,2910.0,88.5,6470.0
2016-01-15,550.0,228000.0,1410000.0,1880000.0,498000.0,458000.0,159.0,1310000.0,650.0,383000.0,1220000.0,531.0,152.0,438000.0,686.0,396.0,69600.0,1040.0,135.0,30.2,157.0,8230.0,4790.0,1230.0,85.9,531.0,27.0,6050.0,3350.0,94.1,6430.0
2016-01-16,500.0,230000.0,1370000.0,1850000.0,461000.0,464000.0,145.0,1330000.0,600.0,368000.0,1210000.0,529.0,110.0,407000.0,675.0,394.0,72200.0,1030.0,121.0,31.2,155.0,8150.0,4740.0,1220.0,71.1,529.0,26.7,7500.0,3430.0,74.6,6170.0
2016-01-17,470.0,225000.0,1330000.0,1830000.0,437000.0,473000.0,137.0,1330000.0,550.0,354000.0,1260000.0,526.0,80.0,390000.0,663.0,382.0,69200.0,1030.0,104.0,25.3,152.0,8070.0,4540.0,1170.0,34.9,526.0,26.0,7420.0,3510.0,64.6,5910.0
2016-01-18,450.0,212000.0,1270000.0,1790000.0,410000.0,479000.0,128.0,1330000.0,510.0,333000.0,1200000.0,526.0,70.0,373000.0,651.0,368.0,60300.0,1020.0,98.5,21.1,151.0,8030.0,4480.0,1120.0,42.1,526.0,25.0,7040.0,3490.0,72.5,5880.0
2016-01-19,500.0,142000.0,1200000.0,1760000.0,382000.0,472000.0,121.0,1330000.0,530.0,292000.0,1160000.0,525.0,75.0,344000.0,644.0,356.0,59300.0,1040.0,94.8,19.3,154.0,7990.0,4650.0,1070.0,46.0,525.0,25.0,7120.0,3320.0,72.0,5940.0
2016-01-20,430.0,151000.0,1110000.0,1720000.0,340000.0,459000.0,115.0,1330000.0,480.0,269000.0,1160000.0,520.0,70.0,302000.0,641.0,332.0,54700.0,1030.0,93.5,20.4,156.0,7990.0,4680.0,1030.0,50.0,520.0,24.7,6430.0,3320.0,71.2,6180.0
2016-01-21,440.0,217000.0,1020000.0,1680000.0,312000.0,449000.0,113.0,1330000.0,490.0,294000.0,1210000.0,520.0,75.0,297000.0,639.0,324.0,57800.0,1030.0,93.5,19.7,158.0,7960.0,4570.0,1010.0,48.6,520.0,24.6,5970.0,3270.0,69.5,6200.0
2016-01-22,450.0,188000.0,926000.0,1640000.0,322000.0,435000.0,111.0,1330000.0,500.0,294000.0,1330000.0,520.0,80.0,315000.0,639.0,300.0,59100.0,1030.0,93.4,19.1,158.0,7990.0,4510.0,1010.0,45.6,520.0,24.7,6120.0,3270.0,67.8,6090.0
2016-01-23,390.0,145000.0,828000.0,1600000.0,320000.0,414000.0,111.0,1320000.0,450.0,268000.0,1280000.0,517.0,75.0,300000.0,644.0,302.0,59500.0,1040.0,93.7,18.4,158.0,7990.0,4470.0,993.0,47.0,517.0,25.0,6510.0,3270.0,66.5,6150.0
2016-01-24,400.0,146000.0,755000.0,1540000.0,300000.0,395000.0,111.0,1310000.0,460.0,259000.0,1160000.0,514.0,78.6,281000.0,646.0,293.0,66100.0,1050.0,94.2,18.3,158.0,8070.0,4460.0,971.0,57.4,514.0,24.8,6810.0,3270.0,64.8,6280.0
2016-01-25,410.0,141000.0,701000.0,1470000.0,287000.0,367000.0,109.0,1290000.0,480.0,251000.0,1140000.0,510.0,80.4,273000.0,651.0,291.0,68200.0,1040.0,94.4,18.6,156.0,7990.0,4410.0,960.0,61.2,510.0,24.7,7190.0,3320.0,64.4,6220.0
2016-01-26,388.0,156000.0,653000.0,1400000.0,280000.0,333000.0,107.0,1270000.0,410.0,254000.0,1170000.0,510.0,89.5,268000.0,651.0,318.0,72300.0,1040.0,94.4,19.0,154.0,8100.0,4330.0,960.0,58.4,510.0,24.8,5890.0,3380.0,64.4,6260.0
2016-01-27,354.0,165000.0,624000.0,1330000.0,280000.0,303000.0,105.0,1240000.0,380.0,253000.0,1250000.0,512.0,88.8,269000.0,660.0,318.0,73100.0,1040.0,94.6,17.8,154.0,8180.0,4280.0,937.0,58.0,512.0,24.9,5970.0,3430.0,67.0,6220.0
2016-01-28,355.0,165000.0,616000.0,1260000.0,280000.0,272000.0,111.0,1210000.0,390.0,254000.0,1220000.0,509.0,83.7,269000.0,666.0,313.0,76500.0,1040.0,94.7,17.1,155.0,8260.0,4050.0,937.0,56.5,509.0,24.6,6740.0,3400.0,67.0,6050.0
2016-01-29,350.0,163000.0,610000.0,1190000.0,281000.0,255000.0,108.0,1170000.0,380.0,254000.0,1100000.0,507.0,91.4,270000.0,666.0,282.0,76600.0,1040.0,94.6,16.5,155.0,8580.0,4140.0,948.0,53.3,507.0,25.1,7190.0,3430.0,69.2,5820.0
2016-01-30,341.0,160000.0,604000.0,1110000.0,280000.0,243000.0,108.0,1120000.0,399.0,249000.0,1060000.0,502.0,91.5,268000.0,666.0,290.0,78700.0,1030.0,94.1,16.7,156.0,9060.0,4140.0,948.0,53.8,502.0,24.7,6890.0,3390.0,70.9,6030.0
2016-01-31,341.0,150000.0,609000.0,1050000.0,278000.0,223000.0,108.0,1070000.0,381.0,246000.0,1040000.0,499.0,99.9,264000.0,671.0,300.0,81400.0,956.0,93.6,16.4,158.0,9940.0,4180.0,941.0,54.1,499.0,24.9,6660.0,3310.0,73.0,5850.0
2016-02-01,327.0,145000.0,623000.0,999000.0,275000.0,205000.0,103.0,1030000.0,355.0,241000.0,984000.0,502.0,110.0,259000.0,682.0,297.0,84300.0,928.0,93.6,14.6,157.0,8740.0,4120.0,919.0,56.5,502.0,25.1,6810.0,3690.0,72.0,5780.0
2016-02-02,493.0,158000.0,639000.0,946000.0,270000.0,190000.0,155.0,995000.0,509.0,234000.0,959000.0,499.0,130.0,254000.0,691.0,281.0,89900.0,919.0,93.7,14.7,159.0,8470.0,4140.0,908.0,244.0,499.0,26.9,6200.0,3450.0,64.4,5750.0
2016-02-03,708.0,157000.0,664000.0,911000.0,265000.0,176000.0,254.0,974000.0,899.0,241000.0,1070000.0,497.0,381.0,251000.0,697.0,255.0,89600.0,915.0,93.7,19.3,162.0,8290.0,4280.0,908.0,140.0,497.0,27.3,6890.0,3490.0,63.6,5720.0
2016-02-04,437.0,169000.0,669000.0,889000.0,268000.0,169000.0,136.0,943000.0,629.0,256000.0,1070000.0,493.0,205.0,260000.0,704.0,235.0,83800.0,911.0,93.7,15.3,156.0,8310.0,4240.0,897.0,52.8,493.0,26.5,6580.0,3490.0,64.8,5820.0
2016-02-05,374.0,166000.0,680000.0,869000.0,281000.0,164000.0,120.0,907000.0,450.0,273000.0,954000.0,493.0,132.0,276000.0,710.0,250.0,93300.0,905.0,93.6,13.7,157.0,8630.0,4150.0,886.0,43.8,493.0,26.0,5970.0,3470.0,64.4,5790.0
2016-02-06,345.0,149000.0,710000.0,853000.0,300000.0,156000.0,113.0,868000.0,396.0,283000.0,909000.0,493.0,114.0,292000.0,710.0,282.0,91100.0,905.0,93.6,14.0,160.0,8800.0,4260.0,883.0,41.5,493.0,25.5,6050.0,3410.0,65.1,5790.0
2016-02-07,340.0,145000.0,760000.0,841000.0,312000.0,153000.0,111.0,832000.0,378.0,273000.0,890000.0,494.0,107.0,295000.0,702.0,290.0,85000.0,922.0,93.7,14.3,161.0,8730.0,4260.0,883.0,42.1,494.0,25.3,6200.0,3400.0,69.4,5900.0
2016-02-08,333.0,130000.0,815000.0,835000.0,308000.0,152000.0,109.0,802000.0,371.0,253000.0,930000.0,491.0,106.0,281000.0,684.0,272.0,79700.0,885.0,94.1,15.0,156.0,8600.0,4150.0,884.0,41.5,491.0,25.2,6280.0,3500.0,65.1,5520.0
2016-02-09,283.0,127000.0,858000.0,838000.0,289000.0,159000.0,106.0,775000.0,324.0,232000.0,895000.0,519.0,87.3,259000.0,668.0,234.0,66000.0,861.0,94.4,13.5,154.0,8500.0,4040.0,893.0,30.4,519.0,25.0,6350.0,3410.0,63.1,5070.0
2016-02-10,250.0,106000.0,882000.0,848000.0,271000.0,162000.0,104.0,755000.0,246.0,218000.0,836000.0,491.0,62.0,243000.0,650.0,200.0,56300.0,896.0,94.7,11.9,152.0,8500.0,4030.0,893.0,33.3,491.0,24.9,6660.0,3380.0,61.1,5110.0
2016-02-11,230.0,97000.0,893000.0,862000.0,255000.0,156000.0,102.0,746000.0,240.0,193000.0,811000.0,491.0,63.0,222000.0,656.0,208.0,61500.0,901.0,95.5,11.6,151.0,8500.0,3970.0,893.0,28.8,491.0,24.8,5510.0,3210.0,62.7,5110.0
2016-02-12,240.0,104000.0,894000.0,879000.0,233000.0,167000.0,99.1,745000.0,260.0,198000.0,818000.0,491.0,64.0,209000.0,670.0,221.0,57700.0,901.0,96.6,11.5,151.0,8550.0,3840.0,893.0,28.1,491.0,24.3,5130.0,3040.0,60.0,5100.0
2016-02-13,220.0,96800.0,880000.0,892000.0,226000.0,186000.0,96.6,748000.0,240.0,188000.0,808000.0,491.0,63.0,209000.0,674.0,221.0,56900.0,907.0,98.2,10.8,151.0,8390.0,3730.0,903.0,25.7,491.0,24.1,5360.0,3190.0,58.0,4920.0
2016-02-14,230.0,103000.0,854000.0,903000.0,219000.0,192000.0,94.4,750000.0,245.0,174000.0,766000.0,499.0,61.7,199000.0,677.0,252.0,52700.0,909.0,99.6,11.1,152.0,8450.0,3670.0,884.0,27.4,499.0,23.7,5280.0,3040.0,56.0,5100.0
2016-02-15,240.0,93200.0,816000.0,914000.0,207000.0,192000.0,93.3,762000.0,260.0,172000.0,800000.0,510.0,60.8,189000.0,684.0,277.0,48900.0,915.0,109.0,11.7,155.0,8420.0,3610.0,865.0,29.0,510.0,23.7,5360.0,2860.0,52.6,5250.0
2016-02-16,260.0,86100.0,761000.0,922000.0,200000.0,200000.0,93.2,778000.0,280.0,164000.0,804000.0,527.0,66.9,185000.0,698.0,308.0,46900.0,940.0,116.0,12.8,164.0,8390.0,3530.0,874.0,28.2,527.0,23.5,5660.0,2890.0,50.6,5260.0
2016-02-17,245.0,93500.0,697000.0,920000.0,194000.0,206000.0,92.0,786000.0,270.0,162000.0,852000.0,579.0,75.3,178000.0,711.0,326.0,55000.0,1010.0,123.0,12.6,165.0,8560.0,3450.0,864.0,28.3,579.0,23.6,5970.0,2950.0,56.0,4760.0
2016-02-18,266.0,109000.0,642000.0,906000.0,188000.0,209000.0,91.3,787000.0,297.0,173000.0,805000.0,662.0,87.0,179000.0,723.0,328.0,61900.0,1010.0,133.0,12.3,168.0,8760.0,3490.0,886.0,37.6,662.0,23.4,5820.0,2930.0,79.0,4520.0
2016-02-19,370.0,107000.0,601000.0,878000.0,193000.0,209000.0,89.9,786000.0,477.0,189000.0,735000.0,852.0,106.0,191000.0,741.0,353.0,76700.0,1030.0,314.0,14.3,171.0,9170.0,3550.0,947.0,51.5,852.0,24.2,5510.0,3060.0,200.0,5010.0
2016-02-20,354.0,103000.0,585000.0,844000.0,208000.0,208000.0,88.9,777000.0,474.0,193000.0,735000.0,1050.0,109.0,204000.0,766.0,508.0,74600.0,1040.0,994.0,11.6,177.0,9030.0,3640.0,1060.0,34.6,1050.0,25.8,7040.0,3060.0,371.0,5520.0
2016-02-21,293.0,120000.0,617000.0,809000.0,220000.0,206000.0,88.8,759000.0,348.0,206000.0,735000.0,1330.0,86.2,215000.0,794.0,764.0,75500.0,1050.0,515.0,11.0,188.0,9380.0,3720.0,1470.0,28.3,1330.0,29.6,5740.0,3250.0,291.0,5750.0
2016-02-22,267.0,109000.0,668000.0,775000.0,235000.0,204000.0,83.8,732000.0,297.0,204000.0,735000.0,1390.0,73.6,226000.0,884.0,1060.0,94000.0,1060.0,392.0,10.5,198.0,9780.0,3820.0,1800.0,25.7,1390.0,36.4,6580.0,3260.0,200.0,6060.0
2016-02-23,256.0,141000.0,717000.0,749000.0,238000.0,200000.0,83.7,709000.0,275.0,215000.0,735000.0,1360.0,66.5,222000.0,1010.0,884.0,101000.0,1060.0,294.0,10.2,194.0,9910.0,3940.0,2140.0,24.6,1360.0,39.5,7190.0,3300.0,184.0,6380.0
2016-02-24,252.0,169000.0,777000.0,750000.0,265000.0,188000.0,83.0,691000.0,266.0,237000.0,772000.0,1180.0,64.9,242000.0,1190.0,862.0,107000.0,1080.0,262.0,17.9,192.0,10200.0,4040.0,2190.0,24.3,1180.0,39.1,7730.0,3370.0,167.0,6390.0
2016-02-25,248.0,176000.0,805000.0,766000.0,297000.0,184000.0,80.4,673000.0,258.0,252000.0,699000.0,642.0,63.1,268000.0,1190.0,870.0,103000.0,1100.0,240.0,14.8,192.0,10400.0,4060.0,2150.0,23.1,642.0,37.2,7880.0,3300.0,148.0,6450.0
2016-02-26,234.0,178000.0,832000.0,793000.0,308000.0,184000.0,78.9,668000.0,244.0,264000.0,690000.0,592.0,58.9,279000.0,1170.0,850.0,98900.0,1100.0,215.0,11.8,190.0,10600.0,4130.0,2070.0,21.7,592.0,36.1,8270.0,3320.0,132.0,6830.0
2016-02-27,232.0,169000.0,869000.0,822000.0,314000.0,184000.0,76.7,669000.0,233.0,262000.0,677000.0,580.0,53.8,285000.0,1150.0,831.0,100000.0,1100.0,205.0,11.1,189.0,10300.0,4110.0,1960.0,21.9,580.0,36.0,8590.0,3400.0,126.0,7080.0
2016-02-28,236.0,157000.0,908000.0,846000.0,316000.0,181000.0,75.7,676000.0,237.0,258000.0,671000.0,657.0,52.9,281000.0,1160.0,880.0,101000.0,1070.0,226.0,11.9,194.0,10000.0,4080.0,1890.0,23.0,657.0,70.0,8450.0,3660.0,143.0,7340.0
2016-02-29,236.0,139000.0,941000.0,872000.0,312000.0,175000.0,74.6,689000.0,241.0,244000.0,691000.0,707.0,57.3,273000.0,1390.0,1060.0,99900.0,919.0,229.0,11.3,205.0,9960.0,3870.0,2270.0,22.2,707.0,84.3,8570.0,3580.0,143.0,6960.0
2016-03-01,224.0,128000.0,965000.0,896000.0,299000.0,179000.0,74.0,702000.0,235.0,233000.0,712000.0,653.0,58.5,258000.0,1710.0,1320.0,108000.0,940.0,216.0,11.0,205.0,10100.0,3970.0,2820.0,21.6,653.0,62.4,8320.0,3590.0,133.0,7100.0
2016-03-02,212.0,155000.0,979000.0,920000.0,284000.0,186000.0,75.7,716000.0,212.0,233000.0,724000.0,587.0,54.3,249000.0,1570.0,1280.0,108000.0,935.0,188.0,9.98,196.0,9700.0,4040.0,2660.0,19.6,587.0,51.0,7710.0,3560.0,113.0,7260.0
2016-03-03,220.0,169000.0,985000.0,943000.0,281000.0,188000.0,77.5,724000.0,211.0,237000.0,732000.0,543.0,52.3,250000.0,1400.0,1140.0,108000.0,933.0,199.0,10.5,196.0,9320.0,3880.0,2300.0,23.3,543.0,43.5,7530.0,3450.0,120.0,7600.0
2016-03-04,220.0,161000.0,988000.0,966000.0,283000.0,188000.0,71.9,737000.0,216.0,234000.0,743000.0,526.0,52.9,252000.0,1320.0,1030.0,103000.0,904.0,188.0,11.7,192.0,9310.0,3720.0,2190.0,20.9,526.0,38.6,8850.0,3340.0,111.0,7210.0
2016-03-05,212.0,144000.0,988000.0,987000.0,280000.0,185000.0,71.2,749000.0,209.0,229000.0,750000.0,521.0,50.6,246000.0,1230.0,940.0,104000.0,869.0,185.0,12.1,191.0,9650.0,3610.0,1980.0,20.6,521.0,35.2,8250.0,3320.0,111.0,6980.0
2016-03-06,207.0,134000.0,987000.0,1000000.0,270000.0,188000.0,67.5,763000.0,205.0,221000.0,757000.0,528.0,46.6,238000.0,1160.0,868.0,105000.0,892.0,184.0,11.1,189.0,10200.0,3660.0,1820.0,19.7,528.0,33.4,7620.0,3380.0,111.0,6710.0
2016-03-07,210.0,142000.0,979000.0,1020000.0,260000.0,192000.0,66.6,776000.0,203.0,220000.0,750000.0,579.0,48.2,232000.0,1130.0,843.0,97700.0,918.0,203.0,11.7,190.0,10900.0,3740.0,1730.0,20.5,579.0,105.0,7390.0,3780.0,125.0,7220.0
2016-03-08,213.0,140000.0,963000.0,1020000.0,253000.0,193000.0,61.5,788000.0,211.0,218000.0,726000.0,702.0,48.1,230000.0,1260.0,944.0,94000.0,923.0,210.0,18.3,199.0,11200.0,4220.0,2050.0,21.1,702.0,335.0,8170.0,4320.0,134.0,7070.0
2016-03-09,226.0,114000.0,953000.0,1040000.0,248000.0,188000.0,68.8,802000.0,222.0,214000.0,731000.0,821.0,56.2,226000.0,1770.0,1360.0,92800.0,898.0,225.0,26.2,209.0,11200.0,4980.0,3790.0,36.6,821.0,238.0,14500.0,5220.0,149.0,7990.0
2016-03-10,231.0,108000.0,961000.0,1080000.0,246000.0,178000.0,67.6,824000.0,223.0,220000.0,756000.0,783.0,60.1,226000.0,1900.0,1560.0,93800.0,855.0,214.0,26.3,206.0,12700.0,5370.0,5540.0,21.8,783.0,116.0,20800.0,6470.0,142.0,9090.0
2016-03-11,208.0,124000.0,935000.0,1120000.0,251000.0,171000.0,66.7,868000.0,209.0,215000.0,822000.0,666.0,54.0,229000.0,1650.0,1350.0,94400.0,877.0,201.0,22.7,200.0,13300.0,5770.0,7260.0,20.4,666.0,73.8,22700.0,7850.0,132.0,9320.0
2016-03-12,202.0,128000.0,913000.0,1160000.0,247000.0,161000.0,67.9,907000.0,200.0,207000.0,866000.0,605.0,50.5,223000.0,1490.0,1190.0,97200.0,884.0,196.0,20.4,197.0,14800.0,5860.0,7650.0,22.4,605.0,57.2,22800.0,8000.0,128.0,10200.0
2016-03-13,243.0,136000.0,911000.0,1190000.0,242000.0,155000.0,90.2,944000.0,217.0,207000.0,899000.0,583.0,51.7,218000.0,1400.0,1100.0,96600.0,866.0,203.0,19.8,195.0,15300.0,6560.0,6390.0,45.7,583.0,51.4,21900.0,8390.0,130.0,10500.0
2016-03-14,462.0,145000.0,902000.0,1210000.0,242000.0,152000.0,189.0,972000.0,281.0,210000.0,935000.0,573.0,56.2,223000.0,1330.0,1050.0,103000.0,858.0,205.0,20.8,196.0,15400.0,6530.0,5010.0,28.2,573.0,47.1,22100.0,8980.0,128.0,10900.0
2016-03-15,610.0,153000.0,881000.0,1220000.0,245000.0,149000.0,247.0,995000.0,424.0,216000.0,938000.0,812.0,61.4,227000.0,1320.0,1030.0,110000.0,871.0,206.0,21.8,200.0,15600.0,7660.0,4330.0,150.0,812.0,51.1,21600.0,9370.0,184.0,11700.0
2016-03-16,1740.0,159000.0,856000.0,1220000.0,249000.0,149000.0,752.0,1020000.0,711.0,225000.0,966000.0,1480.0,98.6,234000.0,1470.0,1110.0,115000.0,934.0,496.0,21.3,218.0,17000.0,7840.0,4270.0,206.0,1480.0,345.0,24400.0,11900.0,782.0,12500.0
2016-03-17,1360.0,155000.0,838000.0,1220000.0,257000.0,152000.0,374.0,1040000.0,1190.0,232000.0,965000.0,1630.0,94.3,241000.0,1940.0,1460.0,128000.0,969.0,382.0,14.5,224.0,18600.0,9150.0,6050.0,95.3,1630.0,221.0,38200.0,17000.0,404.0,13500.0
2016-03-18,959.0,175000.0,826000.0,1220000.0,262000.0,153000.0,273.0,1060000.0,825.0,240000.0,978000.0,1680.0,65.1,246000.0,2350.0,1830.0,139000.0,968.0,310.0,12.1,222.0,22900.0,10300.0,20300.0,71.5,1680.0,110.0,50100.0,23600.0,294.0,14300.0
2016-03-19,763.0,193000.0,814000.0,1210000.0,268000.0,155000.0,225.0,1090000.0,677.0,252000.0,1070000.0,1280.0,50.7,255000.0,2050.0,1600.0,143000.0,950.0,273.0,12.6,218.0,27600.0,11700.0,23000.0,60.4,1280.0,72.2,60800.0,26200.0,240.0,15800.0
2016-03-20,650.0,204000.0,798000.0,1210000.0,278000.0,157000.0,194.0,1100000.0,592.0,263000.0,1120000.0,963.0,46.6,266000.0,1830.0,1400.0,145000.0,920.0,253.0,14.1,214.0,37400.0,11900.0,15700.0,53.1,963.0,52.1,57200.0,25300.0,209.0,17200.0
2016-03-21,568.0,207000.0,784000.0,1200000.0,288000.0,162000.0,173.0,1110000.0,532.0,271000.0,1080000.0,815.0,45.5,277000.0,1670.0,1270.0,142000.0,887.0,235.0,15.2,209.0,46000.0,11600.0,11200.0,47.8,815.0,44.6,39100.0,22700.0,187.0,17400.0
2016-03-22,528.0,209000.0,779000.0,1180000.0,295000.0,165000.0,160.0,1110000.0,494.0,270000.0,1020000.0,736.0,45.0,283000.0,1560.0,1190.0,141000.0,858.0,228.0,15.5,207.0,48900.0,11600.0,7550.0,45.7,736.0,42.8,28000.0,20300.0,178.0,17400.0
2016-03-23,485.0,208000.0,779000.0,1160000.0,296000.0,165000.0,148.0,1100000.0,472.0,264000.0,1020000.0,702.0,44.8,280000.0,1460.0,1120.0,144000.0,826.0,224.0,15.0,206.0,43400.0,11100.0,5090.0,42.9,702.0,41.0,20500.0,18200.0,172.0,16900.0
2016-03-24,528.0,196000.0,777000.0,1140000.0,291000.0,163000.0,231.0,1090000.0,499.0,259000.0,1030000.0,704.0,46.1,273000.0,1460.0,1130.0,146000.0,778.0,292.0,55.7,214.0,34000.0,11000.0,4010.0,162.0,704.0,39.5,18700.0,16400.0,234.0,16200.0
2016-03-25,746.0,200000.0,757000.0,1130000.0,284000.0,163000.0,273.0,1090000.0,844.0,255000.0,1070000.0,703.0,50.1,267000.0,1390.0,1060.0,151000.0,765.0,283.0,40.3,207.0,28300.0,11000.0,3510.0,87.0,703.0,39.0,17000.0,14300.0,203.0,15700.0
2016-03-26,652.0,208000.0,708000.0,1110000.0,277000.0,164000.0,257.0,1090000.0,865.0,253000.0,998000.0,745.0,51.2,264000.0,1340.0,1050.0,165000.0,739.0,254.0,25.2,205.0,26100.0,11100.0,3180.0,67.4,745.0,46.7,14800.0,12200.0,188.0,15600.0
2016-03-27,613.0,212000.0,642000.0,1090000.0,273000.0,166000.0,237.0,1080000.0,802.0,255000.0,990000.0,894.0,46.8,263000.0,1360.0,1120.0,176000.0,712.0,245.0,22.4,211.0,23700.0,10900.0,3370.0,87.0,894.0,55.2,15200.0,11400.0,180.0,15800.0
2016-03-28,617.0,219000.0,578000.0,1070000.0,273000.0,169000.0,219.0,1070000.0,781.0,263000.0,1000000.0,995.0,49.6,266000.0,1720.0,1330.0,184000.0,696.0,237.0,21.8,220.0,18600.0,10700.0,4590.0,66.4,995.0,66.9,14200.0,11200.0,175.0,15800.0
2016-03-29,561.0,226000.0,528000.0,1040000.0,279000.0,170000.0,197.0,1060000.0,712.0,274000.0,964000.0,879.0,51.6,277000.0,2060.0,1360.0,190000.0,683.0,225.0,17.8,222.0,16800.0,10300.0,5890.0,58.4,879.0,58.3,16900.0,11000.0,165.0,14900.0
2016-03-30,538.0,231000.0,499000.0,999000.0,289000.0,168000.0,191.0,1040000.0,660.0,284000.0,943000.0,840.0,47.9,287000.0,1940.0,1310.0,191000.0,700.0,223.0,82.3,227.0,21400.0,10700.0,6260.0,60.3,840.0,64.2,17100.0,10900.0,166.0,14700.0
2016-03-31,624.0,240000.0,516000.0,967000.0,318000.0,162000.0,195.0,1030000.0,678.0,303000.0,936000.0,1120.0,143.0,306000.0,2020.0,1580.0,192000.0,715.0,340.0,383.0,243.0,26000.0,10800.0,5540.0,85.5,1120.0,115.0,17000.0,11100.0,285.0,15600.0
2016-04-01,706.0,243000.0,550000.0,933000.0,335000.0,158000.0,174.0,1010000.0,663.0,317000.0,966000.0,1350.0,226.0,325000.0,2780.0,1940.0,188000.0,704.0,320.0,119.0,251.0,28200.0,10900.0,6210.0,52.2,1350.0,87.4,17500.0,11700.0,247.0,15700.0
2016-04-02,695.0,244000.0,600000.0,906000.0,345000.0,158000.0,163.0,990000.0,596.0,320000.0,1010000.0,1360.0,116.0,334000.0,3240.0,2070.0,180000.0,684.0,282.0,67.6,246.0,26300.0,11000.0,8470.0,45.8,1360.0,60.9,19500.0,11900.0,226.0,15800.0
2016-04-03,621.0,243000.0,644000.0,890000.0,348000.0,144000.0,154.0,958000.0,552.0,317000.0,928000.0,1170.0,80.5,334000.0,2740.0,1930.0,169000.0,672.0,266.0,43.6,244.0,26000.0,10700.0,10200.0,41.7,1170.0,52.7,19200.0,11300.0,210.0,16100.0
2016-04-04,567.0,242000.0,683000.0,882000.0,346000.0,126000.0,152.0,929000.0,517.0,311000.0,906000.0,944.0,67.3,330000.0,2360.0,1720.0,169000.0,649.0,254.0,32.2,237.0,26000.0,10600.0,8470.0,39.5,944.0,48.8,16300.0,10400.0,197.0,15800.0
2016-04-05,492.0,237000.0,711000.0,880000.0,338000.0,125000.0,135.0,901000.0,475.0,304000.0,873000.0,832.0,59.7,323000.0,2100.0,1540.0,164000.0,630.0,238.0,24.6,231.0,25500.0,10100.0,6040.0,36.5,832.0,45.8,14500.0,9550.0,184.0,15400.0
2016-04-06,502.0,233000.0,711000.0,881000.0,328000.0,134000.0,149.0,878000.0,462.0,297000.0,853000.0,793.0,57.1,314000.0,1930.0,1450.0,161000.0,615.0,259.0,28.6,230.0,24200.0,9920.0,4530.0,53.2,793.0,43.6,14200.0,9050.0,207.0,15000.0
2016-04-07,514.0,229000.0,693000.0,890000.0,321000.0,137000.0,140.0,861000.0,481.0,294000.0,840000.0,796.0,60.5,308000.0,1820.0,1360.0,162000.0,604.0,254.0,31.3,226.0,23600.0,9330.0,3870.0,37.9,796.0,42.6,14100.0,8540.0,192.0,14900.0
2016-04-08,438.0,227000.0,668000.0,900000.0,315000.0,139000.0,125.0,849000.0,444.0,290000.0,861000.0,763.0,56.2,303000.0,1680.0,1270.0,165000.0,589.0,231.0,27.4,220.0,18200.0,9180.0,3820.0,34.8,763.0,40.5,13900.0,8340.0,176.0,14200.0
2016-04-09,394.0,227000.0,646000.0,903000.0,308000.0,138000.0,120.0,839000.0,404.0,286000.0,803000.0,719.0,46.9,299000.0,1570.0,1180.0,160000.0,569.0,220.0,20.1,215.0,17600.0,8740.0,3790.0,31.6,719.0,38.3,14500.0,8200.0,165.0,13400.0
2016-04-10,380.0,228000.0,622000.0,893000.0,302000.0,140000.0,121.0,832000.0,384.0,285000.0,787000.0,682.0,46.0,296000.0,1480.0,1120.0,164000.0,541.0,216.0,23.9,212.0,16600.0,8470.0,3440.0,34.6,682.0,37.1,13600.0,8010.0,164.0,12900.0
2016-04-11,378.0,234000.0,590000.0,882000.0,305000.0,149000.0,115.0,828000.0,380.0,296000.0,792000.0,663.0,48.3,302000.0,1400.0,1060.0,165000.0,497.0,214.0,451.0,209.0,16400.0,8250.0,2980.0,32.3,663.0,35.7,12300.0,7550.0,160.0,12400.0
2016-04-12,341.0,235000.0,559000.0,881000.0,321000.0,154000.0,108.0,824000.0,355.0,300000.0,824000.0,641.0,48.2,316000.0,1340.0,1010.0,162000.0,471.0,204.0,170.0,205.0,15900.0,8160.0,2730.0,28.9,641.0,34.5,12600.0,7010.0,152.0,12200.0
2016-04-13,321.0,232000.0,538000.0,861000.0,325000.0,160000.0,106.0,821000.0,330.0,298000.0,821000.0,621.0,43.0,318000.0,1270.0,959.0,158000.0,428.0,199.0,85.3,202.0,15500.0,7740.0,2560.0,28.0,621.0,72.8,11600.0,6530.0,149.0,12000.0
2016-04-14,319.0,229000.0,542000.0,840000.0,326000.0,146000.0,104.0,813000.0,321.0,295000.0,791000.0,610.0,40.0,318000.0,1220.0,922.0,153000.0,424.0,197.0,57.3,200.0,14600.0,6900.0,2320.0,27.4,610.0,51.5,10900.0,6110.0,147.0,10800.0
2016-04-15,310.0,225000.0,569000.0,820000.0,324000.0,137000.0,102.0,808000.0,311.0,286000.0,765000.0,600.0,40.3,313000.0,1180.0,893.0,144000.0,431.0,193.0,42.8,199.0,13700.0,6660.0,2190.0,26.7,600.0,38.6,11200.0,5960.0,144.0,10100.0
2016-04-16,299.0,220000.0,600000.0,800000.0,315000.0,128000.0,99.2,798000.0,301.0,276000.0,744000.0,589.0,41.7,302000.0,1140.0,863.0,134000.0,433.0,189.0,33.5,195.0,13200.0,6500.0,2090.0,25.8,589.0,32.8,10500.0,5790.0,140.0,10100.0
2016-04-17,284.0,213000.0,616000.0,782000.0,303000.0,112000.0,95.2,787000.0,287.0,265000.0,718000.0,580.0,42.7,289000.0,1100.0,832.0,127000.0,433.0,184.0,28.0,192.0,12600.0,6040.0,1860.0,24.8,580.0,29.4,9780.0,5430.0,137.0,9810.0
2016-04-18,274.0,190000.0,620000.0,774000.0,289000.0,105000.0,94.4,775000.0,275.0,250000.0,715000.0,571.0,41.3,275000.0,1070.0,806.0,121000.0,434.0,182.0,24.2,191.0,12200.0,6320.0,1780.0,24.7,571.0,27.7,9670.0,5470.0,133.0,9640.0
2016-04-19,305.0,181000.0,620000.0,773000.0,273000.0,98700.0,107.0,756000.0,297.0,236000.0,701000.0,574.0,63.7,258000.0,1050.0,794.0,119000.0,430.0,183.0,23.2,192.0,10800.0,5540.0,1650.0,80.3,574.0,26.9,9490.0,5610.0,133.0,9670.0
2016-04-20,444.0,178000.0,618000.0,775000.0,258000.0,89800.0,107.0,744000.0,329.0,229000.0,701000.0,574.0,191.0,246000.0,1040.0,787.0,116000.0,408.0,184.0,30.1,191.0,11000.0,5950.0,1540.0,32.7,574.0,57.8,8510.0,5650.0,137.0,8890.0
2016-04-21,385.0,154000.0,615000.0,784000.0,259000.0,89800.0,107.0,745000.0,336.0,226000.0,704000.0,580.0,153.0,243000.0,1040.0,792.0,104000.0,413.0,186.0,28.5,191.0,10600.0,6090.0,1480.0,43.4,580.0,45.5,8470.0,5690.0,136.0,9230.0
2016-04-22,467.0,140000.0,589000.0,792000.0,251000.0,86300.0,110.0,747000.0,352.0,219000.0,721000.0,573.0,201.0,236000.0,1020.0,774.0,96500.0,420.0,183.0,22.4,187.0,10500.0,6190.0,1440.0,32.6,573.0,33.5,8410.0,5590.0,132.0,9630.0
2016-04-23,441.0,125000.0,553000.0,798000.0,242000.0,82300.0,101.0,745000.0,332.0,210000.0,711000.0,594.0,142.0,228000.0,996.0,751.0,96500.0,423.0,178.0,18.2,183.0,10200.0,5930.0,1340.0,26.7,594.0,31.0,8500.0,5430.0,128.0,9440.0
2016-04-24,383.0,121000.0,522000.0,796000.0,231000.0,77600.0,99.1,747000.0,305.0,200000.0,714000.0,618.0,89.1,218000.0,971.0,734.0,95800.0,514.0,176.0,16.5,182.0,9630.0,6940.0,1410.0,25.5,618.0,31.5,8680.0,5750.0,126.0,9520.0
2016-04-25,364.0,121000.0,492000.0,785000.0,221000.0,73800.0,97.8,747000.0,297.0,203000.0,708000.0,581.0,69.2,211000.0,956.0,723.0,90200.0,689.0,178.0,15.7,182.0,9000.0,8410.0,1410.0,25.2,581.0,129.0,13000.0,8290.0,127.0,11000.0
2016-04-26,344.0,101000.0,465000.0,758000.0,219000.0,70300.0,93.5,746000.0,288.0,222000.0,703000.0,571.0,63.3,217000.0,929.0,706.0,92800.0,827.0,175.0,276.0,180.0,9520.0,11200.0,1480.0,24.7,571.0,86.2,22300.0,13100.0,124.0,12700.0
2016-04-27,333.0,97100.0,445000.0,727000.0,234000.0,66400.0,90.2,743000.0,277.0,236000.0,708000.0,554.0,67.8,239000.0,905.0,690.0,87400.0,920.0,173.0,220.0,183.0,10400.0,13600.0,2670.0,33.0,554.0,51.0,30300.0,18100.0,121.0,15700.0
2016-04-28,436.0,95300.0,434000.0,695000.0,255000.0,62000.0,107.0,736000.0,326.0,239000.0,711000.0,576.0,729.0,250000.0,915.0,697.0,85300.0,982.0,177.0,96.1,187.0,12300.0,14700.0,3230.0,49.0,576.0,44.1,33100.0,20600.0,121.0,18600.0
2016-04-29,445.0,102000.0,439000.0,659000.0,259000.0,58700.0,97.6,725000.0,382.0,243000.0,688000.0,661.0,334.0,250000.0,908.0,679.0,89700.0,1000.0,174.0,55.4,185.0,12900.0,14900.0,3150.0,25.7,661.0,88.9,27800.0,20000.0,119.0,20700.0
2016-04-30,437.0,123000.0,473000.0,627000.0,268000.0,54700.0,130.0,707000.0,370.0,319000.0,675000.0,726.0,250.0,282000.0,896.0,674.0,89900.0,996.0,176.0,658.0,185.0,13000.0,15000.0,2960.0,111.0,726.0,67.1,23200.0,17800.0,124.0,21100.0
2016-05-01,756.0,136000.0,509000.0,612000.0,338000.0,52600.0,216.0,695000.0,616.0,384000.0,681000.0,671.0,607.0,370000.0,937.0,707.0,96600.0,999.0,206.0,354.0,200.0,15100.0,14600.0,2710.0,137.0,671.0,45.4,19800.0,15600.0,141.0,21600.0
2016-05-02,724.0,142000.0,552000.0,625000.0,407000.0,52600.0,249.0,681000.0,732.0,374000.0,666000.0,617.0,308.0,402000.0,970.0,713.0,106000.0,998.0,183.0,128.0,194.0,13500.0,14000.0,2280.0,126.0,617.0,37.7,16300.0,13500.0,124.0,21300.0
2016-05-03,666.0,175000.0,604000.0,657000.0,414000.0,54700.0,209.0,670000.0,724.0,358000.0,662000.0,588.0,201.0,391000.0,1070.0,772.0,119000.0,1000.0,173.0,83.4,186.0,10600.0,13200.0,1900.0,79.6,588.0,33.8,13500.0,11700.0,117.0,20100.0
2016-05-04,612.0,193000.0,654000.0,699000.0,401000.0,55700.0,202.0,668000.0,653.0,371000.0,660000.0,568.0,148.0,385000.0,1120.0,810.0,128000.0,1020.0,177.0,59.2,185.0,10000.0,12500.0,1750.0,76.0,568.0,32.4,12500.0,10000.0,119.0,19200.0
2016-05-05,551.0,205000.0,689000.0,743000.0,405000.0,56000.0,175.0,670000.0,615.0,380000.0,669000.0,542.0,113.0,393000.0,1080.0,790.0,130000.0,1060.0,167.0,43.9,181.0,9890.0,11700.0,1550.0,57.6,542.0,31.1,12300.0,8840.0,113.0,18200.0
2016-05-06,489.0,211000.0,704000.0,783000.0,410000.0,56700.0,160.0,682000.0,543.0,377000.0,668000.0,528.0,87.4,395000.0,1040.0,758.0,133000.0,1090.0,163.0,35.6,180.0,10100.0,10800.0,1400.0,50.9,528.0,30.5,11100.0,8000.0,109.0,16800.0
2016-05-07,453.0,213000.0,717000.0,817000.0,409000.0,58900.0,154.0,697000.0,503.0,369000.0,669000.0,515.0,74.5,389000.0,1010.0,728.0,135000.0,1100.0,161.0,28.5,177.0,9480.0,10300.0,1360.0,46.6,515.0,29.5,10100.0,7270.0,108.0,15200.0
2016-05-08,421.0,214000.0,735000.0,842000.0,401000.0,61700.0,144.0,715000.0,477.0,359000.0,688000.0,504.0,73.0,380000.0,970.0,696.0,136000.0,1110.0,158.0,22.2,176.0,9680.0,9350.0,1310.0,43.1,504.0,28.3,9230.0,6680.0,106.0,14900.0
2016-05-09,416.0,213000.0,751000.0,860000.0,388000.0,64800.0,138.0,738000.0,469.0,353000.0,697000.0,496.0,118.0,371000.0,951.0,683.0,134000.0,1120.0,161.0,21.6,177.0,9630.0,8640.0,1230.0,80.1,496.0,28.2,8430.0,6140.0,108.0,13600.0
2016-05-10,1030.0,214000.0,761000.0,873000.0,386000.0,67800.0,311.0,762000.0,803.0,357000.0,718000.0,507.0,481.0,372000.0,974.0,708.0,135000.0,1120.0,226.0,31.2,190.0,9360.0,7970.0,1190.0,89.3,507.0,28.8,8180.0,5940.0,156.0,12900.0
2016-05-11,1290.0,214000.0,761000.0,884000.0,391000.0,71400.0,383.0,777000.0,1090.0,367000.0,729000.0,511.0,407.0,379000.0,1000.0,682.0,143000.0,1130.0,206.0,161.0,186.0,9790.0,7780.0,1130.0,57.5,511.0,29.2,8230.0,5590.0,132.0,12200.0
2016-05-12,1120.0,220000.0,756000.0,889000.0,421000.0,75200.0,272.0,788000.0,939.0,389000.0,746000.0,530.0,206.0,415000.0,1040.0,677.0,146000.0,1150.0,180.0,357.0,183.0,9790.0,7410.0,1200.0,75.5,530.0,30.2,8120.0,5350.0,130.0,12100.0
2016-05-13,950.0,229000.0,751000.0,895000.0,460000.0,78400.0,230.0,800000.0,760.0,396000.0,762000.0,541.0,141.0,432000.0,1070.0,664.0,142000.0,1140.0,174.0,73.8,180.0,10600.0,6810.0,1280.0,76.0,541.0,30.3,8750.0,5600.0,121.0,12000.0
2016-05-14,1010.0,227000.0,766000.0,900000.0,461000.0,86200.0,267.0,801000.0,738.0,397000.0,762000.0,535.0,181.0,427000.0,1090.0,665.0,136000.0,1140.0,177.0,40.8,180.0,9700.0,6600.0,1470.0,59.6,535.0,29.6,9720.0,5430.0,122.0,11400.0
2016-05-15,919.0,224000.0,793000.0,904000.0,460000.0,95700.0,230.0,810000.0,722.0,401000.0,759000.0,520.0,147.0,428000.0,1110.0,649.0,132000.0,1140.0,168.0,26.0,178.0,9660.0,6180.0,1410.0,43.3,520.0,28.7,9180.0,5550.0,115.0,11300.0
2016-05-16,774.0,219000.0,817000.0,909000.0,458000.0,103000.0,204.0,811000.0,655.0,390000.0,752000.0,502.0,99.1,421000.0,1130.0,638.0,125000.0,1130.0,164.0,24.0,175.0,9590.0,5850.0,1370.0,39.8,502.0,28.3,8180.0,4760.0,112.0,10600.0
2016-05-17,685.0,216000.0,831000.0,913000.0,446000.0,111000.0,188.0,820000.0,607.0,375000.0,769000.0,487.0,90.5,410000.0,1080.0,624.0,116000.0,1120.0,164.0,158.0,173.0,9450.0,5600.0,1370.0,37.7,487.0,27.9,7940.0,4400.0,110.0,10400.0
2016-05-18,618.0,213000.0,837000.0,913000.0,439000.0,119000.0,173.0,819000.0,566.0,367000.0,800000.0,475.0,88.7,404000.0,1040.0,604.0,109000.0,1110.0,160.0,177.0,171.0,9450.0,5210.0,1350.0,35.3,475.0,27.1,7790.0,3830.0,108.0,10100.0
2016-05-19,558.0,185000.0,832000.0,913000.0,426000.0,129000.0,162.0,817000.0,528.0,349000.0,779000.0,466.0,77.3,390000.0,996.0,588.0,101000.0,1090.0,157.0,73.3,169.0,7940.0,5050.0,1270.0,32.5,466.0,26.8,7380.0,3630.0,107.0,9410.0
2016-05-20,512.0,169000.0,817000.0,919000.0,402000.0,143000.0,153.0,816000.0,499.0,328000.0,775000.0,460.0,71.3,370000.0,970.0,571.0,98800.0,1080.0,155.0,49.2,168.0,6930.0,4920.0,1110.0,31.1,460.0,28.0,7010.0,3480.0,107.0,9160.0
2016-05-21,470.0,182000.0,788000.0,927000.0,381000.0,154000.0,144.0,809000.0,473.0,316000.0,786000.0,454.0,62.1,349000.0,942.0,555.0,95600.0,1080.0,154.0,36.2,167.0,6650.0,4400.0,1010.0,29.6,454.0,28.6,6640.0,3940.0,106.0,8980.0
2016-05-22,428.0,157000.0,751000.0,931000.0,352000.0,163000.0,136.0,805000.0,446.0,306000.0,765000.0,449.0,75.5,333000.0,918.0,544.0,93500.0,1070.0,153.0,28.7,166.0,7510.0,4580.0,926.0,28.3,449.0,27.9,6140.0,3750.0,104.0,8440.0
2016-05-23,403.0,135000.0,704000.0,929000.0,335000.0,175000.0,130.0,803000.0,419.0,290000.0,765000.0,443.0,46.8,315000.0,893.0,531.0,88200.0,1070.0,151.0,23.8,164.0,7090.0,4000.0,892.0,27.1,443.0,28.2,5950.0,3660.0,103.0,7920.0
2016-05-24,381.0,122000.0,660000.0,920000.0,316000.0,190000.0,123.0,800000.0,396.0,278000.0,748000.0,442.0,38.7,299000.0,883.0,522.0,87100.0,1070.0,150.0,20.7,164.0,5430.0,4270.0,848.0,29.1,442.0,28.0,6050.0,3660.0,103.0,8750.0
2016-05-25,357.0,117000.0,640000.0,905000.0,303000.0,204000.0,118.0,792000.0,374.0,272000.0,758000.0,445.0,37.6,289000.0,876.0,523.0,81400.0,1060.0,151.0,18.7,164.0,6320.0,4640.0,819.0,34.7,445.0,26.7,6130.0,4070.0,102.0,8550.0
2016-05-26,349.0,115000.0,632000.0,887000.0,299000.0,202000.0,118.0,784000.0,358.0,273000.0,750000.0,495.0,66.3,284000.0,968.0,554.0,76000.0,1060.0,153.0,37.0,178.0,6940.0,4520.0,784.0,89.4,495.0,27.2,6740.0,4720.0,101.0,9190.0
2016-05-27,402.0,116000.0,635000.0,867000.0,314000.0,151000.0,119.0,774000.0,357.0,274000.0,724000.0,573.0,285.0,292000.0,1090.0,548.0,78300.0,1030.0,160.0,135.0,174.0,6820.0,4440.0,1180.0,78.1,573.0,27.4,10400.0,5130.0,106.0,9600.0
2016-05-28,438.0,134000.0,638000.0,858000.0,329000.0,151000.0,116.0,762000.0,409.0,308000.0,725000.0,573.0,476.0,307000.0,1340.0,576.0,78700.0,1030.0,182.0,72.3,174.0,6570.0,4970.0,2690.0,101.0,573.0,28.9,14600.0,5420.0,126.0,9860.0
2016-05-29,402.0,131000.0,643000.0,855000.0,349000.0,151000.0,109.0,751000.0,363.0,364000.0,713000.0,555.0,451.0,350000.0,1550.0,657.0,83800.0,1010.0,184.0,40.0,177.0,8630.0,4790.0,2520.0,58.8,555.0,30.6,15200.0,5590.0,119.0,10000.0
2016-05-30,366.0,139000.0,651000.0,858000.0,392000.0,151000.0,108.0,741000.0,368.0,398000.0,696000.0,543.0,157.0,395000.0,1550.0,664.0,87100.0,984.0,159.0,30.3,168.0,9460.0,4860.0,2500.0,51.2,543.0,29.9,18500.0,5610.0,104.0,10200.0
2016-05-31,332.0,160000.0,648000.0,862000.0,429000.0,151000.0,106.0,732000.0,337.0,416000.0,695000.0,524.0,91.5,419000.0,1520.0,687.0,85400.0,979.0,159.0,24.2,164.0,9280.0,4940.0,2500.0,67.7,524.0,30.3,17700.0,5570.0,105.0,10500.0
2016-06-01,518.0,133000.0,639000.0,858000.0,450000.0,151000.0,138.0,725000.0,450.0,417000.0,687000.0,621.0,295.0,428000.0,1470.0,736.0,81100.0,993.0,223.0,46.6,180.0,9320.0,5000.0,2730.0,239.0,621.0,31.7,19800.0,5340.0,205.0,10300.0
2016-06-02,634.0,122000.0,628000.0,858000.0,455000.0,151000.0,121.0,721000.0,459.0,404000.0,681000.0,633.0,332.0,426000.0,1400.0,721.0,91200.0,979.0,194.0,82.8,171.0,10300.0,5020.0,3040.0,118.0,633.0,28.9,24600.0,5090.0,142.0,10300.0
2016-06-03,472.0,129000.0,614000.0,857000.0,444000.0,151000.0,110.0,723000.0,385.0,378000.0,676000.0,583.0,91.3,411000.0,1330.0,736.0,99400.0,956.0,167.0,43.9,164.0,10800.0,5170.0,3180.0,85.6,583.0,27.7,25500.0,4980.0,121.0,10300.0
2016-06-04,407.0,149000.0,612000.0,854000.0,419000.0,151000.0,107.0,728000.0,343.0,359000.0,679000.0,657.0,59.0,391000.0,1340.0,782.0,99900.0,952.0,182.0,34.2,179.0,9120.0,5260.0,2560.0,73.4,657.0,69.8,24800.0,4960.0,127.0,10400.0
2016-06-05,373.0,148000.0,599000.0,848000.0,400000.0,151000.0,102.0,730000.0,322.0,343000.0,678000.0,808.0,45.8,377000.0,1380.0,783.0,104000.0,937.0,185.0,24.4,176.0,9590.0,5870.0,3750.0,63.0,808.0,70.4,25700.0,4990.0,122.0,10500.0
2016-06-06,333.0,151000.0,572000.0,843000.0,376000.0,151000.0,95.8,728000.0,300.0,326000.0,685000.0,711.0,39.5,357000.0,1450.0,774.0,95800.0,918.0,168.0,18.4,167.0,9420.0,5860.0,5360.0,54.0,711.0,41.6,27100.0,5130.0,111.0,10300.0
2016-06-07,298.0,157000.0,548000.0,839000.0,356000.0,151000.0,90.9,729000.0,274.0,320000.0,677000.0,641.0,33.8,342000.0,1440.0,812.0,108000.0,897.0,161.0,14.2,164.0,11600.0,5720.0,6060.0,51.5,641.0,33.8,27700.0,5130.0,106.0,10500.0
2016-06-08,278.0,146000.0,526000.0,831000.0,345000.0,151000.0,88.2,728000.0,255.0,320000.0,670000.0,561.0,30.0,336000.0,1380.0,814.0,101000.0,877.0,157.0,11.9,161.0,15100.0,5200.0,4770.0,48.1,561.0,29.5,26400.0,4930.0,103.0,9910.0
2016-06-09,267.0,143000.0,511000.0,816000.0,340000.0,151000.0,91.9,725000.0,249.0,314000.0,670000.0,535.0,26.9,332000.0,1380.0,804.0,99900.0,851.0,162.0,10.4,187.0,15700.0,4860.0,3340.0,107.0,535.0,27.8,22800.0,4890.0,131.0,9550.0
2016-06-10,260.0,145000.0,501000.0,794000.0,331000.0,148000.0,89.0,720000.0,267.0,299000.0,670000.0,516.0,23.8,320000.0,1600.0,787.0,101000.0,813.0,237.0,9.72,241.0,13400.0,4710.0,2400.0,55.2,516.0,26.8,16900.0,4610.0,187.0,9260.0
2016-06-11,240.0,148000.0,489000.0,766000.0,318000.0,145000.0,83.4,711000.0,245.0,292000.0,668000.0,584.0,20.8,306000.0,1940.0,811.0,110000.0,789.0,207.0,9.86,215.0,10000.0,4180.0,2080.0,46.2,584.0,26.2,13800.0,4370.0,140.0,8770.0
2016-06-12,231.0,157000.0,477000.0,741000.0,308000.0,143000.0,80.8,697000.0,226.0,292000.0,658000.0,740.0,19.2,301000.0,1990.0,873.0,111000.0,784.0,192.0,8.14,203.0,10200.0,4150.0,1900.0,87.3,740.0,25.3,13100.0,3970.0,125.0,8070.0
2016-06-13,219.0,163000.0,459000.0,721000.0,306000.0,139000.0,78.1,679000.0,212.0,289000.0,644000.0,696.0,19.6,300000.0,1880.0,973.0,112000.0,823.0,180.0,7.75,234.0,10600.0,3730.0,1840.0,45.6,696.0,691.0,12500.0,3740.0,119.0,8370.0
2016-06-14,223.0,177000.0,429000.0,699000.0,302000.0,129000.0,85.5,662000.0,207.0,285000.0,633000.0,1040.0,32.5,295000.0,1900.0,988.0,113000.0,819.0,206.0,10.9,231.0,11000.0,3900.0,2030.0,61.0,1040.0,215.0,12400.0,3690.0,140.0,8380.0
2016-06-15,239.0,181000.0,399000.0,677000.0,298000.0,122000.0,674.0,648000.0,239.0,286000.0,619000.0,1100.0,23.2,292000.0,2620.0,1450.0,114000.0,877.0,1240.0,8.76,975.0,13100.0,3950.0,2950.0,143.0,1100.0,271.0,14700.0,4170.0,595.0,8780.0
2016-06-16,231.0,178000.0,379000.0,651000.0,298000.0,118000.0,272.0,632000.0,753.0,286000.0,603000.0,1280.0,18.3,293000.0,2370.0,3030.0,124000.0,893.0,369.0,7.04,391.0,15100.0,4320.0,4330.0,27.9,1280.0,130.0,15600.0,4120.0,278.0,9370.0
2016-06-17,203.0,185000.0,370000.0,623000.0,297000.0,110000.0,185.0,616000.0,485.0,288000.0,596000.0,1110.0,15.0,293000.0,2120.0,2490.0,137000.0,891.0,260.0,6.41,305.0,13800.0,4380.0,5490.0,23.2,1110.0,62.5,16000.0,4120.0,207.0,9930.0
2016-06-18,186.0,192000.0,364000.0,599000.0,299000.0,101000.0,148.0,600000.0,370.0,292000.0,587000.0,894.0,13.1,295000.0,1920.0,1780.0,146000.0,902.0,228.0,5.35,268.0,13200.0,4800.0,4610.0,20.7,894.0,42.8,15100.0,4020.0,173.0,10200.0
2016-06-19,175.0,196000.0,355000.0,575000.0,302000.0,89200.0,128.0,583000.0,310.0,301000.0,559000.0,717.0,11.7,302000.0,1750.0,1490.0,147000.0,888.0,209.0,4.7,248.0,11900.0,4880.0,2940.0,19.3,717.0,35.5,12900.0,3860.0,154.0,10400.0
2016-06-20,170.0,197000.0,352000.0,559000.0,309000.0,80800.0,117.0,568000.0,276.0,300000.0,538000.0,633.0,11.1,307000.0,1640.0,1300.0,144000.0,863.0,197.0,4.48,239.0,10400.0,5780.0,2280.0,19.0,633.0,27.2,11500.0,3870.0,143.0,11100.0
2016-06-21,168.0,186000.0,354000.0,548000.0,310000.0,78900.0,108.0,555000.0,253.0,293000.0,520000.0,584.0,10.3,303000.0,1530.0,1160.0,133000.0,834.0,185.0,4.52,225.0,10000.0,5450.0,1810.0,17.4,584.0,23.1,10800.0,3960.0,135.0,12400.0
2016-06-22,2400.0,172000.0,362000.0,539000.0,304000.0,80400.0,333.0,540000.0,679.0,286000.0,517000.0,550.0,9.18,295000.0,1440.0,1070.0,133000.0,815.0,188.0,4.44,219.0,9640.0,5770.0,1390.0,396.0,550.0,25.0,9630.0,4890.0,136.0,12100.0
2016-06-23,2540.0,157000.0,366000.0,528000.0,298000.0,82300.0,248.0,523000.0,744.0,283000.0,501000.0,532.0,9.84,290000.0,1370.0,1010.0,136000.0,812.0,186.0,4.22,216.0,8250.0,5710.0,1250.0,80.7,532.0,35.3,9520.0,4610.0,133.0,11900.0
2016-06-24,1110.0,169000.0,356000.0,522000.0,294000.0,80000.0,160.0,507000.0,559.0,294000.0,488000.0,517.0,7.59,288000.0,1390.0,962.0,137000.0,795.0,176.0,3.92,211.0,7150.0,5180.0,1300.0,49.4,517.0,37.3,9810.0,4150.0,125.0,12000.0
2016-06-25,725.0,202000.0,345000.0,524000.0,302000.0,75800.0,131.0,494000.0,429.0,313000.0,478000.0,507.0,6.85,306000.0,1420.0,900.0,137000.0,782.0,170.0,15.2,206.0,6490.0,4840.0,1780.0,39.6,507.0,30.0,9940.0,3820.0,121.0,11400.0
2016-06-26,564.0,195000.0,346000.0,523000.0,318000.0,78900.0,117.0,485000.0,365.0,301000.0,461000.0,533.0,6.27,314000.0,1340.0,903.0,127000.0,776.0,827.0,10.0,216.0,6250.0,4770.0,1560.0,167.0,533.0,26.1,10000.0,4150.0,199.0,11300.0
2016-06-27,463.0,166000.0,368000.0,519000.0,313000.0,82200.0,105.0,472000.0,325.0,279000.0,460000.0,529.0,5.72,298000.0,1300.0,855.0,118000.0,760.0,352.0,6.44,204.0,7320.0,4940.0,1330.0,61.7,529.0,25.1,12100.0,5700.0,156.0,11000.0
2016-06-28,387.0,151000.0,406000.0,516000.0,293000.0,81000.0,95.4,463000.0,290.0,262000.0,463000.0,501.0,4.55,277000.0,1270.0,784.0,117000.0,746.0,222.0,5.26,195.0,7670.0,4950.0,1410.0,42.2,501.0,25.4,18000.0,7820.0,130.0,10700.0
2016-06-29,341.0,172000.0,434000.0,513000.0,274000.0,81700.0,89.2,458000.0,261.0,246000.0,451000.0,484.0,3.31,261000.0,1210.0,739.0,111000.0,730.0,202.0,4.32,192.0,9100.0,5060.0,1530.0,34.9,484.0,25.8,18400.0,8090.0,125.0,10200.0
2016-06-30,335.0,148000.0,465000.0,516000.0,257000.0,85900.0,86.8,452000.0,260.0,238000.0,444000.0,486.0,3.26,249000.0,1150.0,705.0,110000.0,726.0,192.0,13.2,193.0,9900.0,5030.0,1620.0,32.3,486.0,26.3,14800.0,7150.0,124.0,9760.0
2016-07-01,347.0,119000.0,482000.0,532000.0,247000.0,90200.0,82.1,444000.0,255.0,233000.0,440000.0,499.0,9.52,241000.0,1110.0,680.0,106000.0,715.0,208.0,11.5,197.0,9200.0,4990.0,1520.0,30.0,499.0,26.7,10400.0,6500.0,131.0,9590.0
2016-07-02,284.0,111000.0,476000.0,553000.0,240000.0,92900.0,75.6,440000.0,227.0,220000.0,433000.0,480.0,24.8,234000.0,1050.0,651.0,97900.0,685.0,185.0,8.04,190.0,8630.0,4820.0,1500.0,26.9,480.0,26.5,9690.0,5740.0,117.0,9280.0
2016-07-03,258.0,133000.0,447000.0,570000.0,231000.0,105000.0,72.3,444000.0,211.0,219000.0,432000.0,471.0,14.2,222000.0,998.0,627.0,97200.0,643.0,176.0,63.5,185.0,8500.0,4620.0,1390.0,25.8,471.0,26.2,9130.0,5100.0,113.0,8530.0
2016-07-04,250.0,133000.0,408000.0,581000.0,232000.0,119000.0,69.1,449000.0,206.0,244000.0,446000.0,455.0,13.0,234000.0,948.0,605.0,95300.0,601.0,172.0,30.8,184.0,8820.0,4530.0,1140.0,24.6,455.0,25.9,7210.0,4700.0,111.0,7830.0
2016-07-05,236.0,91200.0,368000.0,585000.0,256000.0,124000.0,64.3,454000.0,199.0,300000.0,445000.0,451.0,15.5,275000.0,916.0,592.0,97000.0,579.0,172.0,20.7,183.0,7010.0,4330.0,1000.0,23.8,451.0,27.8,6440.0,4010.0,112.0,7710.0
2016-07-06,378.0,82600.0,353000.0,577000.0,301000.0,122000.0,1010.0,460000.0,244.0,297000.0,438000.0,531.0,11.4,312000.0,937.0,650.0,94700.0,592.0,234.0,80.0,192.0,7980.0,4120.0,1010.0,771.0,531.0,38.5,8000.0,4050.0,171.0,7650.0
2016-07-07,796.0,114000.0,384000.0,557000.0,318000.0,126000.0,332.0,463000.0,1100.0,290000.0,446000.0,683.0,10.0,309000.0,991.0,747.0,103000.0,576.0,217.0,68.9,208.0,7830.0,3620.0,1080.0,86.9,683.0,31.0,8160.0,3660.0,146.0,7050.0
2016-07-08,729.0,130000.0,442000.0,534000.0,316000.0,116000.0,197.0,458000.0,623.0,295000.0,444000.0,585.0,15.7,310000.0,1100.0,803.0,111000.0,648.0,218.0,46.9,214.0,7380.0,3630.0,1040.0,54.9,585.0,28.3,6850.0,3630.0,143.0,6850.0
2016-07-09,410.0,140000.0,525000.0,517000.0,317000.0,111000.0,144.0,446000.0,439.0,298000.0,443000.0,532.0,20.1,309000.0,1100.0,730.0,108000.0,627.0,177.0,23.6,191.0,6580.0,3300.0,1030.0,40.0,532.0,26.6,7000.0,3710.0,118.0,6770.0
2016-07-10,391.0,144000.0,587000.0,522000.0,316000.0,112000.0,124.0,436000.0,371.0,290000.0,443000.0,504.0,13.7,309000.0,1060.0,692.0,93500.0,595.0,171.0,15.8,185.0,6460.0,4200.0,1040.0,49.7,504.0,26.5,6770.0,4020.0,113.0,6650.0
2016-07-11,704.0,118000.0,616000.0,552000.0,308000.0,121000.0,116.0,427000.0,349.0,259000.0,423000.0,485.0,11.2,291000.0,1010.0,682.0,79400.0,611.0,173.0,12.7,185.0,5940.0,6390.0,1020.0,36.0,485.0,26.6,6470.0,4020.0,114.0,7070.0
2016-07-12,438.0,89100.0,626000.0,602000.0,282000.0,132000.0,103.0,428000.0,322.0,226000.0,421000.0,485.0,8.38,258000.0,987.0,667.0,76600.0,675.0,171.0,10.7,183.0,5950.0,13100.0,889.0,69.6,485.0,28.0,6960.0,10300.0,112.0,11900.0
2016-07-13,597.0,75900.0,617000.0,643000.0,251000.0,143000.0,416.0,444000.0,363.0,212000.0,426000.0,528.0,18.1,230000.0,971.0,654.0,74800.0,646.0,165.0,420.0,179.0,5460.0,17500.0,796.0,99.7,528.0,26.7,10700.0,28800.0,109.0,18600.0
2016-07-14,1210.0,82400.0,589000.0,673000.0,230000.0,149000.0,760.0,472000.0,966.0,210000.0,447000.0,467.0,20.4,219000.0,927.0,634.0,74600.0,646.0,162.0,157.0,176.0,5570.0,19800.0,1060.0,43.9,467.0,25.7,13400.0,45000.0,107.0,23100.0
2016-07-15,664.0,85800.0,557000.0,695000.0,223000.0,158000.0,224.0,500000.0,945.0,231000.0,472000.0,450.0,13.8,220000.0,894.0,605.0,78800.0,627.0,156.0,52.2,173.0,5840.0,20600.0,2030.0,29.1,450.0,25.8,13000.0,51500.0,104.0,26100.0
2016-07-16,438.0,87900.0,521000.0,703000.0,234000.0,171000.0,161.0,520000.0,491.0,260000.0,469000.0,442.0,11.2,248000.0,863.0,575.0,74100.0,598.0,153.0,29.5,171.0,6020.0,20700.0,1870.0,25.4,442.0,25.0,12800.0,45700.0,103.0,27900.0
2016-07-17,444.0,90900.0,481000.0,696000.0,259000.0,178000.0,156.0,529000.0,393.0,248000.0,489000.0,480.0,8.15,261000.0,997.0,1270.0,71300.0,574.0,183.0,20.6,203.0,6160.0,20800.0,1670.0,91.1,480.0,25.1,10900.0,37800.0,126.0,29200.0
2016-07-18,839.0,73100.0,449000.0,679000.0,257000.0,176000.0,147.0,534000.0,390.0,225000.0,503000.0,538.0,6.62,247000.0,1260.0,1480.0,74100.0,546.0,182.0,16.2,229.0,6500.0,20400.0,1480.0,30.8,538.0,24.4,9480.0,32300.0,118.0,30300.0
2016-07-19,706.0,75300.0,440000.0,650000.0,238000.0,162000.0,122.0,532000.0,351.0,202000.0,510000.0,499.0,6.55,224000.0,1300.0,1440.0,80300.0,507.0,157.0,23.6,191.0,5940.0,19900.0,1230.0,25.0,499.0,23.6,8270.0,28000.0,104.0,30700.0
2016-07-20,1170.0,98700.0,442000.0,611000.0,217000.0,159000.0,130.0,522000.0,303.0,216000.0,520000.0,463.0,75.7,211000.0,1220.0,1320.0,86800.0,508.0,210.0,87.1,183.0,6000.0,19200.0,983.0,425.0,463.0,23.7,8830.0,24000.0,197.0,29700.0
2016-07-21,1080.0,130000.0,425000.0,581000.0,218000.0,146000.0,114.0,513000.0,342.0,227000.0,497000.0,457.0,37.2,230000.0,1120.0,1140.0,100000.0,549.0,310.0,29.7,180.0,6310.0,18800.0,896.0,116.0,457.0,24.6,8420.0,20000.0,169.0,28600.0
2016-07-22,1880.0,141000.0,396000.0,558000.0,231000.0,140000.0,702.0,496000.0,1100.0,229000.0,492000.0,509.0,30.1,232000.0,1060.0,1010.0,108000.0,546.0,1200.0,22.7,177.0,7340.0,18000.0,943.0,228.0,509.0,24.4,9250.0,16400.0,679.0,27600.0
2016-07-23,2110.0,143000.0,369000.0,540000.0,237000.0,133000.0,292.0,477000.0,1320.0,259000.0,468000.0,537.0,74.7,245000.0,1130.0,1040.0,129000.0,531.0,1300.0,18.5,229.0,8440.0,17700.0,1500.0,81.7,537.0,24.7,8300.0,13500.0,1040.0,27100.0
2016-07-24,1290.0,166000.0,353000.0,524000.0,260000.0,125000.0,204.0,461000.0,737.0,292000.0,455000.0,532.0,35.8,279000.0,1540.0,3830.0,132000.0,522.0,6020.0,14.1,597.0,10900.0,17300.0,1520.0,60.0,532.0,26.9,7220.0,11700.0,1250.0,27200.0
2016-07-25,897.0,202000.0,347000.0,506000.0,292000.0,120000.0,161.0,447000.0,542.0,304000.0,437000.0,521.0,18.4,304000.0,1620.0,2810.0,136000.0,506.0,861.0,109.0,306.0,12200.0,16200.0,1410.0,46.0,521.0,25.1,7150.0,10700.0,477.0,25300.0
2016-07-26,698.0,194000.0,349000.0,481000.0,310000.0,109000.0,138.0,435000.0,434.0,303000.0,440000.0,490.0,11.8,313000.0,1650.0,2040.0,137000.0,488.0,554.0,29.0,256.0,9450.0,15200.0,1350.0,38.1,490.0,33.8,7300.0,9440.0,332.0,23300.0
2016-07-27,574.0,173000.0,365000.0,460000.0,311000.0,100000.0,123.0,421000.0,369.0,289000.0,433000.0,457.0,11.1,306000.0,1440.0,1680.0,139000.0,497.0,449.0,18.2,232.0,6100.0,14100.0,1150.0,33.2,457.0,30.7,6650.0,8900.0,269.0,21900.0
2016-07-28,512.0,173000.0,396000.0,453000.0,299000.0,99300.0,121.0,402000.0,332.0,277000.0,407000.0,470.0,58.3,291000.0,1290.0,1450.0,142000.0,499.0,394.0,13.7,219.0,5780.0,13300.0,1060.0,29.9,470.0,35.1,7000.0,9870.0,363.0,20900.0
2016-07-29,426.0,188000.0,417000.0,452000.0,287000.0,92400.0,109.0,387000.0,338.0,272000.0,398000.0,480.0,20.5,282000.0,1210.0,1360.0,142000.0,475.0,418.0,11.5,216.0,6030.0,12300.0,1560.0,27.3,480.0,30.2,9220.0,9360.0,354.0,20200.0
2016-07-30,375.0,188000.0,434000.0,459000.0,282000.0,87100.0,104.0,381000.0,289.0,267000.0,400000.0,535.0,18.9,277000.0,1130.0,1500.0,142000.0,462.0,356.0,10.1,208.0,6870.0,11400.0,3400.0,32.9,535.0,25.8,8680.0,8470.0,260.0,18700.0
2016-07-31,336.0,178000.0,441000.0,474000.0,277000.0,87600.0,105.0,383000.0,269.0,261000.0,407000.0,514.0,10.6,271000.0,1070.0,1370.0,142000.0,458.0,327.0,9.23,200.0,8440.0,10600.0,3590.0,25.2,514.0,24.2,9230.0,7830.0,224.0,17900.0
2016-08-01,304.0,183000.0,454000.0,491000.0,272000.0,91900.0,93.3,387000.0,254.0,256000.0,390000.0,482.0,6.96,266000.0,1020.0,1230.0,140000.0,453.0,307.0,33.6,194.0,9050.0,9580.0,3050.0,25.5,482.0,23.4,7930.0,7220.0,202.0,17000.0
2016-08-02,280.0,191000.0,470000.0,499000.0,269000.0,95600.0,87.0,395000.0,235.0,259000.0,394000.0,458.0,5.85,262000.0,990.0,1110.0,135000.0,521.0,294.0,35.9,190.0,8480.0,8880.0,2440.0,30.3,458.0,23.2,7340.0,6760.0,189.0,15600.0
2016-08-03,263.0,207000.0,475000.0,507000.0,271000.0,97600.0,81.0,404000.0,223.0,332000.0,408000.0,443.0,5.07,289000.0,968.0,1010.0,130000.0,571.0,283.0,196.0,188.0,6700.0,8210.0,1840.0,21.7,443.0,23.1,6830.0,6330.0,181.0,14500.0
2016-08-04,254.0,196000.0,475000.0,520000.0,330000.0,99300.0,75.5,410000.0,216.0,363000.0,408000.0,483.0,2.9,360000.0,955.0,972.0,123000.0,696.0,279.0,48.6,193.0,6880.0,7370.0,1460.0,40.2,483.0,25.2,6790.0,5640.0,177.0,14400.0
2016-08-05,438.0,171000.0,471000.0,534000.0,369000.0,108000.0,109.0,418000.0,356.0,346000.0,417000.0,824.0,556.0,366000.0,1190.0,1370.0,130000.0,768.0,634.0,447.0,246.0,7810.0,7490.0,1660.0,105.0,824.0,25.4,7990.0,5230.0,321.0,13100.0
2016-08-06,376.0,205000.0,482000.0,539000.0,360000.0,118000.0,82.9,424000.0,259.0,333000.0,424000.0,798.0,174.0,353000.0,1420.0,1300.0,131000.0,802.0,324.0,108.0,209.0,8320.0,7510.0,1740.0,30.2,798.0,23.7,7670.0,4950.0,197.0,12500.0
2016-08-07,252.0,210000.0,504000.0,546000.0,343000.0,122000.0,72.2,427000.0,215.0,317000.0,433000.0,704.0,42.9,338000.0,1210.0,1280.0,125000.0,823.0,288.0,51.9,191.0,8300.0,7810.0,1640.0,23.3,704.0,22.2,7030.0,4560.0,176.0,12400.0
2016-08-08,222.0,185000.0,509000.0,553000.0,326000.0,116000.0,67.5,432000.0,187.0,295000.0,441000.0,595.0,23.7,318000.0,1060.0,1190.0,119000.0,837.0,275.0,33.8,187.0,7480.0,7700.0,1510.0,20.7,595.0,21.1,6330.0,4790.0,168.0,12100.0
2016-08-09,207.0,126000.0,498000.0,565000.0,308000.0,116000.0,63.0,438000.0,173.0,272000.0,424000.0,513.0,16.4,298000.0,984.0,1030.0,110000.0,843.0,266.0,24.3,184.0,7450.0,6920.0,1340.0,20.0,513.0,21.8,5720.0,4550.0,160.0,11500.0
2016-08-10,197.0,97500.0,483000.0,576000.0,285000.0,120000.0,58.1,445000.0,163.0,241000.0,442000.0,482.0,11.8,270000.0,935.0,940.0,104000.0,861.0,259.0,19.3,182.0,6340.0,7170.0,1190.0,20.4,482.0,22.5,5550.0,4330.0,155.0,11000.0
2016-08-11,208.0,121000.0,455000.0,585000.0,256000.0,126000.0,55.7,455000.0,160.0,215000.0,452000.0,729.0,8.92,238000.0,938.0,892.0,97700.0,873.0,262.0,16.3,185.0,6390.0,8520.0,1110.0,234.0,729.0,47.8,6830.0,5160.0,158.0,13000.0
2016-08-12,519.0,111000.0,420000.0,591000.0,234000.0,132000.0,379.0,490000.0,855.0,206000.0,466000.0,1410.0,7.94,218000.0,991.0,896.0,99000.0,872.0,385.0,16.0,195.0,6570.0,9660.0,2000.0,1920.0,1410.0,95.7,11400.0,6150.0,234.0,14800.0
2016-08-13,650.0,122000.0,399000.0,583000.0,225000.0,144000.0,221.0,569000.0,845.0,213000.0,531000.0,3130.0,6.92,213000.0,1030.0,870.0,123000.0,879.0,300.0,24.4,203.0,7590.0,10300.0,3740.0,283.0,3130.0,51.4,11800.0,6190.0,194.0,15600.0
2016-08-14,365.0,140000.0,382000.0,571000.0,237000.0,149000.0,126.0,541000.0,548.0,229000.0,566000.0,3820.0,4.9,227000.0,1010.0,847.0,126000.0,874.0,271.0,25.0,192.0,8590.0,9930.0,5640.0,143.0,3820.0,35.2,13000.0,6170.0,165.0,16500.0
2016-08-15,296.0,183000.0,358000.0,555000.0,284000.0,138000.0,101.0,501000.0,368.0,267000.0,542000.0,2410.0,2.95,300000.0,939.0,796.0,121000.0,861.0,258.0,131.0,184.0,8290.0,9510.0,7460.0,98.5,2410.0,30.2,11800.0,5940.0,153.0,17100.0
2016-08-16,257.0,188000.0,344000.0,538000.0,359000.0,124000.0,90.5,479000.0,304.0,259000.0,546000.0,1370.0,2.66,338000.0,891.0,758.0,111000.0,852.0,254.0,59.8,185.0,9790.0,9350.0,8260.0,77.2,1370.0,39.7,9560.0,5660.0,150.0,17600.0
2016-08-17,226.0,168000.0,369000.0,521000.0,347000.0,108000.0,79.3,469000.0,266.0,240000.0,523000.0,946.0,2.23,306000.0,869.0,957.0,106000.0,842.0,265.0,32.2,187.0,8460.0,8780.0,6480.0,62.9,946.0,32.9,8140.0,5950.0,152.0,17700.0
2016-08-18,206.0,139000.0,437000.0,514000.0,315000.0,93800.0,104.0,464000.0,237.0,234000.0,510000.0,878.0,1.87,282000.0,857.0,1300.0,103000.0,836.0,262.0,21.4,209.0,9980.0,8560.0,4940.0,54.3,878.0,25.9,9060.0,6010.0,149.0,17700.0
2016-08-19,189.0,155000.0,499000.0,513000.0,299000.0,85400.0,83.5,461000.0,244.0,234000.0,502000.0,1040.0,1.38,269000.0,1120.0,1020.0,104000.0,842.0,553.0,16.2,213.0,8220.0,8930.0,4300.0,48.1,1040.0,77.8,9870.0,6160.0,282.0,19100.0
2016-08-20,203.0,142000.0,527000.0,523000.0,289000.0,82800.0,76.0,461000.0,304.0,225000.0,495000.0,1410.0,1.42,257000.0,1110.0,1120.0,107000.0,844.0,434.0,14.3,210.0,9230.0,8450.0,3870.0,208.0,1410.0,356.0,9140.0,6650.0,214.0,20600.0
2016-08-21,195.0,135000.0,540000.0,547000.0,272000.0,86800.0,68.0,463000.0,240.0,216000.0,506000.0,1710.0,1.82,242000.0,1170.0,1170.0,121000.0,848.0,322.0,11.7,208.0,12400.0,8050.0,3660.0,52.2,1710.0,224.0,11200.0,6460.0,176.0,19800.0
2016-08-22,167.0,142000.0,539000.0,576000.0,257000.0,91300.0,57.6,467000.0,206.0,211000.0,498000.0,2440.0,1.63,231000.0,1120.0,1160.0,122000.0,841.0,286.0,9.99,198.0,11800.0,7530.0,3950.0,41.7,2440.0,118.0,14500.0,6620.0,158.0,19400.0
2016-08-23,152.0,165000.0,517000.0,602000.0,245000.0,97000.0,53.3,476000.0,179.0,213000.0,483000.0,2060.0,1.24,225000.0,1080.0,1150.0,117000.0,836.0,272.0,9.45,197.0,10500.0,7340.0,4490.0,37.5,2060.0,113.0,18800.0,6160.0,150.0,18700.0
2016-08-24,179.0,167000.0,494000.0,615000.0,239000.0,108000.0,378.0,489000.0,196.0,213000.0,483000.0,1220.0,1.07,224000.0,1590.0,25200.0,116000.0,834.0,434.0,9.97,1110.0,11900.0,6980.0,3950.0,553.0,1220.0,74.0,17800.0,5740.0,345.0,18700.0
2016-08-25,385.0,153000.0,486000.0,619000.0,238000.0,117000.0,483.0,500000.0,906.0,214000.0,480000.0,1020.0,25.4,224000.0,3180.0,26400.0,121000.0,829.0,456.0,10.3,572.0,13300.0,6400.0,3430.0,589.0,1020.0,42.6,10900.0,5590.0,257.0,17900.0
2016-08-26,270.0,116000.0,484000.0,612000.0,237000.0,115000.0,200.0,510000.0,761.0,216000.0,490000.0,894.0,94.0,226000.0,2730.0,13200.0,132000.0,823.0,317.0,8.35,308.0,12800.0,6020.0,3380.0,127.0,894.0,33.6,10400.0,5440.0,201.0,16500.0
2016-08-27,533.0,150000.0,483000.0,600000.0,237000.0,116000.0,312.0,515000.0,517.0,221000.0,497000.0,796.0,3000.0,226000.0,2160.0,5310.0,130000.0,818.0,400.0,8.45,261.0,13600.0,5750.0,3080.0,110.0,796.0,30.7,9290.0,5080.0,347.0,15600.0
2016-08-28,873.0,201000.0,480000.0,590000.0,240000.0,116000.0,246.0,514000.0,600.0,248000.0,500000.0,740.0,551.0,238000.0,1820.0,3790.0,138000.0,819.0,427.0,55.1,236.0,14100.0,5410.0,2580.0,74.6,740.0,30.0,8090.0,4840.0,320.0,14700.0
2016-08-29,973.0,160000.0,460000.0,584000.0,265000.0,110000.0,216.0,510000.0,676.0,268000.0,499000.0,706.0,232.0,263000.0,1610.0,3140.0,145000.0,846.0,343.0,17.4,218.0,12700.0,5310.0,2210.0,209.0,706.0,28.7,7790.0,4760.0,251.0,13500.0
2016-08-30,1720.0,138000.0,434000.0,575000.0,291000.0,111000.0,657.0,505000.0,1400.0,312000.0,493000.0,680.0,176.0,293000.0,1450.0,2750.0,156000.0,850.0,323.0,53.5,206.0,11600.0,5220.0,1950.0,332.0,680.0,27.5,7390.0,5050.0,227.0,13600.0
2016-08-31,2060.0,179000.0,417000.0,565000.0,327000.0,113000.0,285.0,499000.0,1440.0,320000.0,502000.0,653.0,130.0,327000.0,1330.0,2450.0,169000.0,835.0,308.0,52.1,197.0,10300.0,5590.0,1690.0,158.0,653.0,25.1,6560.0,5550.0,207.0,13500.0
2016-09-01,1100.0,210000.0,406000.0,551000.0,342000.0,121000.0,190.0,491000.0,964.0,307000.0,491000.0,627.0,63.8,325000.0,1230.0,2190.0,175000.0,823.0,292.0,21.5,189.0,10500.0,5340.0,1490.0,99.6,627.0,34.4,6370.0,5590.0,191.0,13100.0
2016-09-02,654.0,218000.0,417000.0,535000.0,333000.0,120000.0,150.0,479000.0,626.0,302000.0,486000.0,604.0,37.4,315000.0,1150.0,1990.0,175000.0,809.0,282.0,13.4,183.0,9280.0,5280.0,1380.0,79.0,604.0,31.0,6410.0,5530.0,180.0,12800.0
2016-09-03,499.0,222000.0,444000.0,518000.0,326000.0,115000.0,127.0,465000.0,500.0,311000.0,484000.0,587.0,26.2,315000.0,1080.0,1830.0,168000.0,783.0,275.0,10.2,179.0,8920.0,4990.0,1280.0,66.0,587.0,26.8,6410.0,5160.0,173.0,13000.0
2016-09-04,407.0,222000.0,457000.0,500000.0,331000.0,108000.0,113.0,448000.0,426.0,323000.0,461000.0,574.0,21.2,326000.0,1030.0,1700.0,156000.0,774.0,271.0,8.42,176.0,8340.0,5150.0,1140.0,57.8,574.0,25.3,6360.0,5020.0,170.0,13200.0
2016-09-05,352.0,217000.0,458000.0,494000.0,341000.0,101000.0,102.0,435000.0,376.0,314000.0,457000.0,564.0,18.3,330000.0,997.0,1580.0,142000.0,805.0,267.0,7.37,176.0,7020.0,4940.0,1070.0,51.4,564.0,26.5,6500.0,5300.0,165.0,14400.0
2016-09-06,304.0,205000.0,453000.0,500000.0,336000.0,106000.0,92.0,425000.0,335.0,293000.0,441000.0,560.0,15.8,316000.0,1000.0,1510.0,132000.0,863.0,263.0,6.64,177.0,6640.0,5530.0,1030.0,45.6,560.0,79.8,7340.0,7010.0,161.0,15400.0
2016-09-07,294.0,158000.0,445000.0,506000.0,317000.0,108000.0,87.1,417000.0,315.0,270000.0,420000.0,795.0,13.7,294000.0,1640.0,8570.0,118000.0,890.0,279.0,6.0,1410.0,7650.0,5270.0,1350.0,143.0,795.0,199.0,13200.0,8290.0,204.0,15700.0
2016-09-08,1650.0,137000.0,435000.0,512000.0,292000.0,107000.0,137.0,414000.0,717.0,248000.0,415000.0,1120.0,372.0,270000.0,2670.0,9420.0,120000.0,1020.0,313.0,12.3,838.0,13000.0,5910.0,2620.0,620.0,1120.0,75.0,18800.0,8660.0,222.0,15400.0
2016-09-09,1760.0,138000.0,422000.0,515000.0,273000.0,110000.0,109.0,416000.0,569.0,246000.0,415000.0,1040.0,368.0,257000.0,2810.0,8140.0,118000.0,1080.0,296.0,262.0,593.0,19100.0,6520.0,4000.0,142.0,1040.0,46.2,22400.0,10500.0,177.0,15000.0
2016-09-10,829.0,186000.0,405000.0,517000.0,275000.0,117000.0,94.6,418000.0,425.0,290000.0,426000.0,1150.0,235.0,286000.0,3280.0,12000.0,121000.0,1120.0,441.0,1150.0,891.0,18900.0,7620.0,4300.0,96.2,1150.0,35.9,21100.0,11200.0,202.0,15500.0
2016-09-11,589.0,214000.0,384000.0,514000.0,326000.0,119000.0,84.6,418000.0,355.0,369000.0,423000.0,1060.0,224.0,352000.0,3600.0,6910.0,123000.0,1150.0,312.0,118.0,482.0,15300.0,7790.0,4700.0,75.7,1060.0,31.2,13800.0,9790.0,176.0,16000.0
2016-09-12,472.0,177000.0,369000.0,509000.0,389000.0,116000.0,79.8,419000.0,311.0,351000.0,417000.0,903.0,72.7,386000.0,2980.0,4910.0,121000.0,1180.0,286.0,54.0,389.0,15300.0,8120.0,5420.0,65.6,903.0,29.3,11500.0,8470.0,165.0,15900.0
2016-09-13,400.0,159000.0,377000.0,498000.0,387000.0,118000.0,75.1,419000.0,286.0,313000.0,414000.0,803.0,38.2,357000.0,2500.0,3950.0,132000.0,1220.0,284.0,31.3,364.0,14800.0,8430.0,4880.0,58.3,803.0,28.2,11900.0,7600.0,164.0,15900.0
2016-09-14,353.0,166000.0,420000.0,485000.0,351000.0,114000.0,71.3,414000.0,267.0,298000.0,407000.0,713.0,26.5,328000.0,2200.0,3400.0,138000.0,1240.0,289.0,20.6,323.0,15000.0,7950.0,3810.0,53.6,713.0,27.0,10100.0,6860.0,161.0,16300.0
2016-09-15,321.0,178000.0,457000.0,479000.0,327000.0,107000.0,68.6,407000.0,251.0,283000.0,402000.0,664.0,20.9,307000.0,2000.0,2980.0,142000.0,1250.0,268.0,26.6,288.0,14700.0,7820.0,3250.0,48.5,664.0,27.2,8240.0,6290.0,155.0,15400.0
2016-09-16,302.0,204000.0,451000.0,484000.0,308000.0,107000.0,65.3,401000.0,238.0,281000.0,400000.0,674.0,50.6,294000.0,2060.0,4480.0,145000.0,1270.0,412.0,171.0,375.0,15300.0,8180.0,2740.0,68.0,674.0,42.9,8890.0,5890.0,177.0,15300.0
2016-09-17,290.0,219000.0,434000.0,496000.0,326000.0,115000.0,64.6,397000.0,229.0,351000.0,396000.0,662.0,195.0,341000.0,2460.0,4350.0,146000.0,1290.0,363.0,385.0,340.0,14600.0,7620.0,2390.0,47.1,662.0,48.1,8000.0,5710.0,170.0,15200.0
2016-09-18,271.0,220000.0,424000.0,513000.0,387000.0,118000.0,60.9,395000.0,217.0,402000.0,391000.0,636.0,74.1,400000.0,2700.0,3830.0,148000.0,1310.0,304.0,75.3,302.0,13700.0,7800.0,2110.0,40.5,636.0,37.8,8330.0,5660.0,157.0,14700.0
2016-09-19,249.0,216000.0,413000.0,524000.0,428000.0,118000.0,55.9,401000.0,205.0,368000.0,400000.0,615.0,35.5,409000.0,2400.0,3310.0,149000.0,1330.0,303.0,40.2,280.0,11000.0,7110.0,1910.0,37.8,615.0,32.3,8020.0,5660.0,156.0,14100.0
2016-09-20,234.0,217000.0,419000.0,525000.0,412000.0,123000.0,52.8,410000.0,194.0,337000.0,404000.0,631.0,23.2,380000.0,2140.0,2920.0,155000.0,1350.0,368.0,25.6,269.0,10700.0,7110.0,1690.0,35.8,631.0,29.2,7640.0,5660.0,220.0,13300.0
2016-09-21,223.0,219000.0,448000.0,524000.0,379000.0,128000.0,127.0,416000.0,185.0,330000.0,404000.0,1040.0,17.1,356000.0,2190.0,2710.0,155000.0,1370.0,342.0,18.8,606.0,11500.0,6980.0,3180.0,34.6,1040.0,28.9,7470.0,5480.0,200.0,13300.0
2016-09-22,218.0,221000.0,466000.0,521000.0,362000.0,131000.0,224.0,417000.0,207.0,343000.0,405000.0,1610.0,13.3,353000.0,9030.0,12200.0,155000.0,1380.0,400.0,15.1,4040.0,16400.0,6540.0,5410.0,33.8,1610.0,372.0,18300.0,5480.0,239.0,15100.0
2016-09-23,214.0,221000.0,468000.0,523000.0,366000.0,125000.0,111.0,415000.0,348.0,337000.0,403000.0,1700.0,10.4,355000.0,16100.0,11000.0,155000.0,1380.0,588.0,12.9,3350.0,22000.0,6440.0,14000.0,71.2,1700.0,218.0,31100.0,5660.0,227.0,14800.0
2016-09-24,206.0,221000.0,459000.0,535000.0,361000.0,125000.0,90.9,417000.0,244.0,328000.0,410000.0,1790.0,9.03,345000.0,18700.0,9420.0,155000.0,1380.0,417.0,11.3,1190.0,25000.0,6180.0,30400.0,37.5,1790.0,75.0,39500.0,5980.0,205.0,14500.0
2016-09-25,200.0,220000.0,452000.0,546000.0,350000.0,131000.0,80.4,420000.0,214.0,322000.0,409000.0,1810.0,7.82,335000.0,7600.0,5550.0,154000.0,1390.0,373.0,10.4,860.0,25800.0,6320.0,22300.0,34.0,1810.0,47.0,36900.0,6160.0,194.0,15000.0
2016-09-26,189.0,218000.0,442000.0,553000.0,340000.0,132000.0,72.4,424000.0,193.0,311000.0,414000.0,1340.0,7.45,326000.0,4720.0,4240.0,158000.0,1390.0,350.0,11.2,687.0,27400.0,6700.0,14200.0,30.4,1340.0,42.8,19700.0,6160.0,183.0,15000.0
2016-09-27,184.0,217000.0,432000.0,553000.0,328000.0,133000.0,69.5,431000.0,178.0,299000.0,417000.0,959.0,5.43,313000.0,3800.0,3600.0,169000.0,1400.0,330.0,11.4,574.0,27400.0,6330.0,9820.0,29.4,959.0,38.8,15300.0,6160.0,173.0,15400.0
2016-09-28,181.0,215000.0,424000.0,543000.0,314000.0,135000.0,68.5,435000.0,171.0,291000.0,423000.0,858.0,3.88,301000.0,3200.0,3170.0,186000.0,1400.0,320.0,9.15,513.0,26000.0,6600.0,6090.0,28.2,858.0,36.6,13900.0,6070.0,169.0,15200.0
2016-09-29,176.0,216000.0,409000.0,531000.0,305000.0,134000.0,64.4,434000.0,174.0,312000.0,440000.0,821.0,2.93,299000.0,2780.0,2840.0,190000.0,1400.0,307.0,7.3,475.0,25500.0,6230.0,4260.0,27.7,821.0,50.7,12000.0,5890.0,164.0,15200.0
2016-09-30,171.0,222000.0,392000.0,525000.0,319000.0,132000.0,63.3,428000.0,195.0,335000.0,429000.0,776.0,2.17,329000.0,2500.0,2590.0,209000.0,1400.0,298.0,7.1,456.0,24300.0,6600.0,3340.0,26.8,776.0,39.1,11100.0,5660.0,159.0,15200.0
2016-10-01,174.0,228000.0,373000.0,519000.0,340000.0,131000.0,62.8,421000.0,223.0,324000.0,421000.0,743.0,2.97,335000.0,2290.0,2410.0,224000.0,1410.0,298.0,7.1,427.0,20300.0,6540.0,2760.0,30.2,743.0,31.8,10800.0,5710.0,160.0,15400.0
2016-10-02,177.0,234000.0,362000.0,507000.0,336000.0,130000.0,59.4,414000.0,244.0,319000.0,408000.0,723.0,2.44,327000.0,2130.0,2250.0,233000.0,1410.0,295.0,7.2,397.0,18500.0,6270.0,2450.0,27.4,723.0,29.4,10000.0,5750.0,159.0,15400.0
2016-10-03,170.0,240000.0,367000.0,491000.0,331000.0,125000.0,56.3,407000.0,231.0,321000.0,398000.0,709.0,2.27,325000.0,1990.0,2110.0,238000.0,1420.0,288.0,9.0,373.0,16700.0,6180.0,2210.0,26.7,709.0,28.4,9260.0,5610.0,156.0,15000.0
2016-10-04,162.0,246000.0,386000.0,478000.0,331000.0,121000.0,54.3,400000.0,199.0,323000.0,385000.0,689.0,2.62,327000.0,1870.0,1990.0,236000.0,1420.0,285.0,14.2,357.0,14500.0,5950.0,2000.0,25.7,689.0,28.0,9550.0,5410.0,154.0,14500.0
2016-10-05,150.0,250000.0,403000.0,468000.0,333000.0,112000.0,51.1,392000.0,168.0,324000.0,377000.0,671.0,2.96,330000.0,1770.0,1890.0,229000.0,1440.0,286.0,8.62,350.0,13800.0,6040.0,1820.0,25.6,671.0,27.9,9150.0,5500.0,154.0,14900.0
2016-10-06,375.0,253000.0,412000.0,462000.0,337000.0,109000.0,167.0,386000.0,161.0,326000.0,379000.0,659.0,15.3,333000.0,1680.0,1790.0,223000.0,1460.0,285.0,7.8,342.0,11500.0,5990.0,1760.0,47.4,659.0,27.3,8000.0,5530.0,152.0,14400.0
2016-10-07,443.0,255000.0,418000.0,464000.0,340000.0,109000.0,174.0,379000.0,328.0,327000.0,395000.0,654.0,52.3,336000.0,1620.0,1720.0,211000.0,1490.0,278.0,11.7,338.0,12100.0,6120.0,1720.0,231.0,654.0,30.3,8820.0,5290.0,151.0,14800.0
2016-10-08,289.0,257000.0,413000.0,469000.0,341000.0,106000.0,117.0,373000.0,325.0,331000.0,405000.0,657.0,49.7,339000.0,1590.0,1620.0,200000.0,1490.0,269.0,7.16,330.0,11100.0,5870.0,1680.0,59.9,657.0,35.3,9870.0,5590.0,146.0,14900.0
2016-10-09,236.0,258000.0,400000.0,479000.0,347000.0,110000.0,101.0,373000.0,239.0,338000.0,373000.0,652.0,28.6,346000.0,1560.0,1550.0,188000.0,1470.0,267.0,6.9,326.0,10700.0,5740.0,1730.0,44.3,652.0,37.8,9630.0,5930.0,144.0,14300.0
2016-10-10,210.0,255000.0,392000.0,488000.0,356000.0,119000.0,91.9,372000.0,209.0,346000.0,364000.0,635.0,17.7,356000.0,1550.0,1490.0,172000.0,1450.0,264.0,6.9,323.0,9420.0,5870.0,1710.0,37.2,635.0,33.6,10500.0,5920.0,142.0,13600.0
2016-10-11,198.0,249000.0,390000.0,495000.0,364000.0,118000.0,85.8,375000.0,192.0,341000.0,362000.0,628.0,12.2,360000.0,1520.0,1450.0,162000.0,1450.0,267.0,7.07,326.0,9270.0,6120.0,1710.0,33.2,628.0,30.3,9990.0,5840.0,143.0,14200.0
2016-10-12,190.0,241000.0,394000.0,494000.0,363000.0,118000.0,83.8,383000.0,180.0,327000.0,362000.0,634.0,14.5,353000.0,1500.0,1410.0,154000.0,1430.0,267.0,7.11,324.0,8410.0,6080.0,1610.0,30.4,634.0,28.8,9120.0,5670.0,144.0,14500.0
2016-10-13,190.0,231000.0,408000.0,487000.0,352000.0,119000.0,81.1,389000.0,172.0,319000.0,379000.0,635.0,56.0,341000.0,1480.0,1360.0,146000.0,1390.0,263.0,7.5,318.0,10100.0,5930.0,1550.0,27.5,635.0,27.3,8880.0,5410.0,144.0,14400.0
2016-10-14,182.0,220000.0,424000.0,484000.0,341000.0,116000.0,78.6,389000.0,167.0,307000.0,375000.0,634.0,30.3,331000.0,1440.0,1310.0,142000.0,1350.0,260.0,6.92,315.0,9960.0,6200.0,1510.0,25.7,634.0,26.8,8020.0,5050.0,140.0,13700.0
2016-10-15,172.0,211000.0,425000.0,488000.0,328000.0,110000.0,74.5,389000.0,160.0,293000.0,372000.0,621.0,23.4,316000.0,1430.0,1280.0,135000.0,1330.0,262.0,6.85,319.0,9160.0,5850.0,1440.0,24.3,621.0,27.0,8010.0,4810.0,141.0,14300.0
2016-10-16,167.0,168000.0,412000.0,497000.0,313000.0,113000.0,72.9,391000.0,157.0,281000.0,377000.0,617.0,17.6,302000.0,1410.0,1250.0,131000.0,1310.0,266.0,6.96,319.0,8460.0,6150.0,1420.0,35.7,617.0,26.7,8260.0,4620.0,146.0,13900.0
2016-10-17,163.0,139000.0,395000.0,506000.0,300000.0,120000.0,68.7,394000.0,154.0,263000.0,371000.0,614.0,13.4,287000.0,1400.0,1230.0,128000.0,1290.0,264.0,7.04,320.0,9300.0,5880.0,1400.0,22.8,614.0,33.0,8200.0,4850.0,146.0,14000.0
2016-10-18,158.0,149000.0,378000.0,508000.0,283000.0,121000.0,68.9,399000.0,144.0,244000.0,382000.0,614.0,10.8,266000.0,1390.0,1200.0,128000.0,1270.0,265.0,6.84,321.0,8640.0,5680.0,1360.0,21.9,614.0,49.5,11300.0,5030.0,144.0,13600.0
2016-10-19,150.0,167000.0,363000.0,507000.0,265000.0,124000.0,67.0,404000.0,137.0,239000.0,389000.0,610.0,7.95,251000.0,1360.0,1160.0,127000.0,1250.0,254.0,26.2,312.0,9580.0,5700.0,1300.0,20.3,610.0,34.9,17800.0,5630.0,139.0,12800.0
2016-10-20,145.0,171000.0,350000.0,497000.0,259000.0,123000.0,66.3,406000.0,129.0,257000.0,398000.0,600.0,6.32,265000.0,1330.0,1120.0,124000.0,1270.0,250.0,155.0,308.0,10000.0,5740.0,1310.0,19.7,600.0,29.1,25900.0,5990.0,134.0,13000.0
2016-10-21,142.0,148000.0,337000.0,486000.0,281000.0,120000.0,66.4,406000.0,126.0,251000.0,419000.0,587.0,5.55,280000.0,1300.0,1080.0,119000.0,1250.0,248.0,28.4,306.0,11300.0,5740.0,1440.0,19.4,587.0,29.5,21200.0,5900.0,130.0,12600.0
2016-10-22,140.0,131000.0,323000.0,478000.0,278000.0,120000.0,66.1,401000.0,124.0,239000.0,399000.0,580.0,4.89,265000.0,1290.0,1060.0,118000.0,1250.0,250.0,15.8,307.0,12200.0,5490.0,1530.0,19.4,580.0,28.5,14200.0,5790.0,131.0,12300.0
2016-10-23,138.0,129000.0,323000.0,466000.0,263000.0,119000.0,64.4,392000.0,122.0,229000.0,388000.0,578.0,3.62,251000.0,1270.0,1050.0,116000.0,1240.0,251.0,11.8,305.0,13100.0,5450.0,1420.0,19.2,578.0,28.2,13000.0,5580.0,131.0,11700.0
2016-10-24,132.0,128000.0,339000.0,448000.0,252000.0,115000.0,60.5,381000.0,120.0,221000.0,371000.0,571.0,2.6,243000.0,1250.0,1020.0,114000.0,1230.0,247.0,9.85,299.0,13300.0,5080.0,1290.0,18.1,571.0,27.2,12100.0,5340.0,128.0,11200.0
2016-10-25,129.0,127000.0,358000.0,428000.0,243000.0,102000.0,57.5,371000.0,115.0,207000.0,371000.0,570.0,2.1,232000.0,1230.0,996.0,111000.0,1220.0,243.0,8.82,292.0,12800.0,5100.0,1290.0,18.1,570.0,26.7,8830.0,5220.0,126.0,11100.0
2016-10-26,138.0,120000.0,388000.0,416000.0,230000.0,95100.0,68.6,364000.0,118.0,201000.0,356000.0,868.0,2.83,218000.0,1580.0,1920.0,114000.0,1220.0,433.0,8.29,484.0,12300.0,5320.0,1530.0,90.4,868.0,34.1,10000.0,5140.0,259.0,11300.0
2016-10-27,155.0,116000.0,411000.0,419000.0,219000.0,96000.0,74.0,353000.0,137.0,201000.0,345000.0,1140.0,2.9,211000.0,3120.0,2810.0,113000.0,1210.0,417.0,8.25,471.0,14900.0,5440.0,2130.0,30.7,1140.0,54.1,10900.0,5110.0,206.0,11200.0
2016-10-28,151.0,124000.0,418000.0,426000.0,215000.0,98100.0,65.3,346000.0,153.0,201000.0,335000.0,1020.0,3.21,210000.0,3700.0,3680.0,120000.0,1210.0,302.0,7.56,385.0,15000.0,5830.0,3390.0,23.5,1020.0,42.3,10000.0,5220.0,170.0,11300.0
2016-10-29,139.0,116000.0,414000.0,438000.0,214000.0,97300.0,62.1,343000.0,134.0,204000.0,337000.0,913.0,3.9,210000.0,2910.0,2910.0,125000.0,1210.0,290.0,7.43,370.0,15400.0,5820.0,3310.0,22.4,913.0,35.2,10900.0,5390.0,163.0,12100.0
2016-10-30,134.0,121000.0,391000.0,452000.0,215000.0,96700.0,60.7,344000.0,128.0,204000.0,337000.0,838.0,3.4,212000.0,2540.0,2350.0,128000.0,1200.0,278.0,7.22,354.0,15200.0,5830.0,3060.0,27.7,838.0,32.1,10500.0,5350.0,154.0,12200.0
2016-10-31,131.0,142000.0,364000.0,466000.0,216000.0,98900.0,59.5,349000.0,121.0,205000.0,338000.0,768.0,3.48,212000.0,2300.0,2070.0,129000.0,1200.0,269.0,7.17,345.0,12700.0,5660.0,2870.0,20.6,768.0,31.0,9440.0,5120.0,148.0,12000.0
2016-11-01,132.0,149000.0,348000.0,470000.0,216000.0,98400.0,59.3,356000.0,116.0,207000.0,345000.0,725.0,5.88,214000.0,2120.0,1900.0,129000.0,1200.0,269.0,6.83,343.0,11800.0,5570.0,2560.0,20.8,725.0,30.0,8660.0,5040.0,148.0,12200.0
2016-11-02,134.0,155000.0,337000.0,459000.0,218000.0,99500.0,59.3,363000.0,118.0,210000.0,353000.0,692.0,7.13,216000.0,1990.0,1760.0,136000.0,1200.0,264.0,73.1,333.0,13100.0,5630.0,2260.0,32.9,692.0,28.6,8390.0,5010.0,144.0,12200.0
2016-11-03,330.0,173000.0,327000.0,448000.0,221000.0,96300.0,69.5,363000.0,131.0,228000.0,358000.0,667.0,6.5,226000.0,1860.0,1640.0,139000.0,1200.0,258.0,751.0,327.0,12900.0,5530.0,2060.0,23.4,667.0,27.4,8560.0,4930.0,140.0,12000.0
2016-11-04,289.0,187000.0,321000.0,430000.0,235000.0,90500.0,69.6,360000.0,131.0,233000.0,356000.0,645.0,55.2,241000.0,1760.0,1530.0,137000.0,1190.0,252.0,102.0,320.0,12700.0,5420.0,1890.0,19.9,645.0,26.9,8190.0,4840.0,136.0,11800.0
2016-11-05,225.0,190000.0,318000.0,410000.0,244000.0,88600.0,67.1,352000.0,129.0,236000.0,351000.0,631.0,27.8,247000.0,1680.0,1460.0,134000.0,1180.0,250.0,50.9,317.0,12000.0,5270.0,1710.0,19.7,631.0,27.0,7530.0,4760.0,135.0,11500.0
2016-11-06,204.0,182000.0,317000.0,393000.0,248000.0,89400.0,67.7,342000.0,121.0,231000.0,338000.0,622.0,18.3,247000.0,1620.0,1400.0,135000.0,1170.0,247.0,32.1,315.0,11400.0,5280.0,1590.0,19.2,622.0,26.9,7450.0,4710.0,134.0,11200.0
2016-11-07,191.0,169000.0,321000.0,381000.0,245000.0,89500.0,67.2,327000.0,120.0,226000.0,323000.0,614.0,14.0,242000.0,1570.0,1340.0,128000.0,1170.0,245.0,23.6,312.0,10400.0,5310.0,1490.0,19.1,614.0,26.5,7670.0,4510.0,132.0,11300.0
2016-11-08,183.0,158000.0,328000.0,374000.0,240000.0,83400.0,65.1,318000.0,117.0,222000.0,309000.0,605.0,11.9,237000.0,1520.0,1290.0,120000.0,1160.0,245.0,22.8,309.0,9360.0,5260.0,1410.0,18.8,605.0,26.7,6710.0,4450.0,132.0,10900.0
2016-11-09,174.0,146000.0,333000.0,367000.0,235000.0,85200.0,65.5,314000.0,117.0,215000.0,301000.0,599.0,10.6,232000.0,1470.0,1230.0,116000.0,1150.0,241.0,21.6,304.0,8990.0,5310.0,1330.0,18.0,599.0,26.4,6320.0,4230.0,129.0,10800.0
2016-11-10,171.0,135000.0,335000.0,369000.0,228000.0,85300.0,65.3,305000.0,114.0,206000.0,307000.0,593.0,10.9,222000.0,1430.0,1200.0,110000.0,1150.0,241.0,20.3,304.0,8800.0,4930.0,1270.0,18.3,593.0,26.1,6960.0,4290.0,130.0,10700.0
2016-11-11,165.0,113000.0,332000.0,373000.0,219000.0,78700.0,65.2,296000.0,113.0,196000.0,305000.0,589.0,12.6,214000.0,1390.0,1170.0,111000.0,1140.0,241.0,16.5,302.0,9200.0,5270.0,1220.0,17.9,589.0,25.8,7050.0,4270.0,129.0,10300.0
2016-11-12,159.0,126000.0,323000.0,374000.0,209000.0,81600.0,62.3,294000.0,113.0,187000.0,305000.0,585.0,10.9,202000.0,1360.0,1130.0,106000.0,1130.0,236.0,11.7,296.0,9190.0,4810.0,1060.0,17.0,585.0,25.6,6800.0,4010.0,126.0,10100.0
2016-11-13,156.0,124000.0,311000.0,375000.0,198000.0,88300.0,63.3,293000.0,108.0,184000.0,304000.0,579.0,9.75,195000.0,1340.0,1100.0,102000.0,1130.0,238.0,10.3,298.0,8980.0,4680.0,865.0,17.4,579.0,25.8,6670.0,4150.0,127.0,9910.0
2016-11-14,157.0,120000.0,301000.0,371000.0,193000.0,87600.0,64.0,292000.0,108.0,178000.0,294000.0,580.0,9.37,189000.0,1310.0,1080.0,99300.0,1120.0,241.0,10.0,299.0,8730.0,5070.0,1050.0,17.7,580.0,25.9,6090.0,4100.0,126.0,9550.0
2016-11-15,156.0,114000.0,293000.0,365000.0,187000.0,85200.0,62.9,293000.0,111.0,176000.0,290000.0,578.0,8.36,184000.0,1300.0,1060.0,91600.0,1120.0,240.0,9.58,296.0,8820.0,4810.0,1040.0,17.3,578.0,25.9,6730.0,3990.0,125.0,9630.0
2016-11-16,152.0,110000.0,285000.0,358000.0,184000.0,84900.0,62.0,291000.0,110.0,170000.0,291000.0,574.0,7.9,180000.0,1280.0,1040.0,93000.0,1110.0,238.0,8.84,295.0,7970.0,4560.0,1020.0,17.1,574.0,25.8,6710.0,3960.0,124.0,9460.0
2016-11-17,148.0,116000.0,279000.0,352000.0,179000.0,80400.0,58.7,289000.0,107.0,166000.0,287000.0,570.0,7.85,174000.0,1270.0,1020.0,81500.0,1110.0,238.0,8.53,295.0,9080.0,4690.0,1050.0,17.1,570.0,25.3,6420.0,4050.0,124.0,9050.0
2016-11-18,143.0,106000.0,274000.0,346000.0,174000.0,79100.0,55.6,286000.0,104.0,167000.0,281000.0,570.0,6.81,172000.0,1250.0,996.0,81200.0,1140.0,237.0,8.78,294.0,8860.0,4950.0,1070.0,16.6,570.0,27.6,6330.0,4130.0,123.0,9030.0
2016-11-19,135.0,90000.0,267000.0,334000.0,173000.0,78600.0,54.6,281000.0,99.1,162000.0,312000.0,573.0,5.88,171000.0,1220.0,968.0,87000.0,1160.0,231.0,10.2,288.0,7830.0,5540.0,1060.0,16.1,573.0,27.5,6460.0,4620.0,118.0,9960.0
2016-11-20,131.0,101000.0,255000.0,328000.0,171000.0,80800.0,56.9,276000.0,95.2,152000.0,279000.0,570.0,6.28,164000.0,1190.0,943.0,84100.0,1160.0,226.0,7.19,281.0,9110.0,5110.0,1020.0,16.2,570.0,27.3,6980.0,5050.0,116.0,10100.0
2016-11-21,131.0,108000.0,247000.0,322000.0,161000.0,81700.0,58.0,266000.0,95.4,154000.0,279000.0,566.0,5.71,158000.0,1160.0,924.0,82600.0,1160.0,227.0,6.85,281.0,8240.0,5450.0,1010.0,16.7,566.0,26.5,6940.0,5260.0,116.0,9880.0
2016-11-22,133.0,103000.0,245000.0,314000.0,158000.0,75700.0,56.2,257000.0,96.3,153000.0,264000.0,566.0,5.52,158000.0,1150.0,916.0,82800.0,1150.0,230.0,6.98,282.0,7690.0,5800.0,987.0,17.2,566.0,26.0,6790.0,5100.0,119.0,10000.0
2016-11-23,138.0,98100.0,242000.0,303000.0,158000.0,80300.0,62.7,252000.0,99.7,150000.0,246000.0,594.0,5.83,156000.0,1190.0,956.0,74000.0,1160.0,265.0,7.91,300.0,7860.0,5890.0,940.0,27.9,594.0,27.2,6720.0,5100.0,140.0,10800.0
2016-11-24,139.0,94300.0,236000.0,296000.0,158000.0,79900.0,59.8,247000.0,104.0,149000.0,242000.0,635.0,5.4,154000.0,1230.0,954.0,74000.0,1160.0,260.0,7.68,295.0,7760.0,6130.0,1010.0,17.1,635.0,26.7,6740.0,5150.0,134.0,10900.0
2016-11-25,133.0,88200.0,230000.0,294000.0,156000.0,78200.0,56.1,237000.0,102.0,144000.0,242000.0,644.0,5.15,152000.0,1240.0,947.0,78500.0,1160.0,237.0,7.03,285.0,8400.0,6270.0,1130.0,15.6,644.0,27.9,6870.0,5290.0,123.0,11200.0
2016-11-26,128.0,91600.0,229000.0,291000.0,151000.0,76300.0,55.3,232000.0,95.8,141000.0,241000.0,624.0,5.0,148000.0,1220.0,944.0,83200.0,1160.0,232.0,6.92,282.0,8160.0,6230.0,1290.0,15.7,624.0,30.2,6960.0,5270.0,119.0,11400.0
2016-11-27,128.0,106000.0,230000.0,284000.0,147000.0,75200.0,58.1,229000.0,95.6,154000.0,229000.0,609.0,5.67,148000.0,1210.0,942.0,82400.0,1160.0,237.0,6.9,284.0,8320.0,6320.0,1400.0,37.6,609.0,30.6,7310.0,5390.0,121.0,11500.0
2016-11-28,150.0,100000.0,231000.0,276000.0,154000.0,71300.0,79.8,231000.0,111.0,158000.0,208000.0,692.0,7.28,160000.0,1280.0,1080.0,78200.0,1200.0,374.0,10.2,325.0,9310.0,7150.0,1540.0,57.9,692.0,42.6,8390.0,5980.0,232.0,11900.0
2016-11-29,172.0,86800.0,236000.0,273000.0,171000.0,71200.0,83.9,236000.0,132.0,156000.0,216000.0,757.0,7.29,168000.0,1330.0,1140.0,81700.0,1310.0,355.0,10.5,321.0,10800.0,8320.0,2040.0,24.3,757.0,54.6,9550.0,7900.0,270.0,13600.0
2016-11-30,153.0,90000.0,237000.0,274000.0,171000.0,66700.0,73.2,236000.0,136.0,156000.0,248000.0,720.0,7.01,166000.0,1370.0,1160.0,86900.0,1370.0,299.0,8.8,301.0,11200.0,10200.0,3770.0,17.6,720.0,45.4,11800.0,10900.0,211.0,15400.0
2016-12-01,134.0,109000.0,240000.0,280000.0,170000.0,67300.0,67.2,234000.0,117.0,162000.0,229000.0,680.0,7.7,167000.0,1400.0,1160.0,91300.0,1410.0,285.0,8.47,296.0,13000.0,11200.0,4980.0,16.0,680.0,37.7,13100.0,13000.0,192.0,17700.0
2016-12-02,128.0,124000.0,249000.0,285000.0,173000.0,67300.0,66.5,231000.0,107.0,170000.0,229000.0,647.0,7.9,174000.0,1350.0,1120.0,96900.0,1430.0,270.0,7.21,288.0,16800.0,11900.0,5340.0,15.0,647.0,33.6,14600.0,12600.0,175.0,19000.0
2016-12-03,121.0,131000.0,265000.0,284000.0,179000.0,68500.0,65.0,237000.0,102.0,177000.0,217000.0,624.0,7.34,182000.0,1310.0,1080.0,98200.0,1440.0,259.0,6.85,282.0,19700.0,12700.0,4720.0,14.5,624.0,31.0,12800.0,11800.0,165.0,20100.0
2016-12-04,125.0,138000.0,279000.0,291000.0,186000.0,51100.0,68.2,253000.0,104.0,182000.0,249000.0,616.0,7.68,188000.0,1300.0,1070.0,109000.0,1450.0,266.0,9.41,288.0,20200.0,13300.0,3710.0,20.3,616.0,30.0,10900.0,11300.0,167.0,21000.0
2016-12-05,138.0,134000.0,288000.0,301000.0,191000.0,30300.0,70.7,267000.0,112.0,183000.0,253000.0,628.0,8.91,194000.0,1310.0,1060.0,102000.0,1450.0,271.0,10.5,291.0,17500.0,13100.0,3060.0,30.8,628.0,30.0,10900.0,10400.0,163.0,22200.0
2016-12-06,148.0,130000.0,315000.0,318000.0,195000.0,31900.0,76.5,283000.0,121.0,187000.0,300000.0,639.0,8.05,195000.0,1310.0,1050.0,101000.0,1450.0,269.0,9.02,289.0,15700.0,12900.0,2630.0,27.4,639.0,29.7,9450.0,10100.0,160.0,22800.0
2016-12-07,152.0,119000.0,346000.0,332000.0,196000.0,49100.0,74.9,291000.0,122.0,183000.0,300000.0,638.0,8.21,196000.0,1280.0,1020.0,108000.0,1390.0,258.0,8.07,284.0,12400.0,12300.0,2420.0,16.1,638.0,29.8,9710.0,8970.0,145.0,22500.0
2016-12-08,150.0,120000.0,374000.0,345000.0,195000.0,49100.0,67.8,301000.0,115.0,184000.0,300000.0,616.0,10.3,193000.0,1230.0,987.0,115000.0,1310.0,243.0,7.9,278.0,11800.0,9730.0,2240.0,11.6,616.0,28.2,8530.0,7060.0,128.0,19300.0
2016-12-09,160.0,143000.0,394000.0,363000.0,193000.0,73700.0,62.2,313000.0,94.9,187000.0,300000.0,600.0,10.2,194000.0,1160.0,951.0,116000.0,1290.0,240.0,7.28,275.0,11800.0,8160.0,1960.0,11.8,600.0,27.2,7910.0,5540.0,122.0,15600.0
2016-12-10,161.0,152000.0,396000.0,383000.0,195000.0,85300.0,59.5,312000.0,106.0,193000.0,300000.0,580.0,8.7,200000.0,1090.0,924.0,118000.0,1270.0,238.0,6.95,273.0,10800.0,6710.0,1710.0,10.1,580.0,26.5,6650.0,4740.0,119.0,14300.0
2016-12-11,161.0,154000.0,388000.0,400000.0,200000.0,87800.0,55.4,313000.0,137.0,195000.0,300000.0,576.0,7.5,205000.0,991.0,899.0,114000.0,1270.0,232.0,6.96,282.0,9940.0,6210.0,1650.0,14.3,576.0,27.4,6890.0,4950.0,118.0,13800.0
2016-12-12,160.0,147000.0,378000.0,415000.0,205000.0,90400.0,54.2,325000.0,123.0,198000.0,301000.0,582.0,7.47,208000.0,942.0,865.0,113000.0,1270.0,232.0,7.86,279.0,8600.0,5920.0,1650.0,11.0,582.0,27.0,5810.0,4670.0,116.0,11100.0
2016-12-13,152.0,133000.0,360000.0,422000.0,207000.0,98000.0,53.1,338000.0,114.0,191000.0,315000.0,576.0,7.1,208000.0,891.0,868.0,108000.0,1270.0,228.0,7.65,274.0,7480.0,5670.0,1640.0,6.16,576.0,25.9,5060.0,4090.0,108.0,9350.0
2016-12-14,153.0,123000.0,354000.0,425000.0,203000.0,102000.0,53.1,348000.0,108.0,184000.0,350000.0,572.0,6.6,200000.0,867.0,825.0,85800.0,1280.0,225.0,7.18,266.0,7420.0,5590.0,1640.0,10.0,572.0,25.6,5240.0,3470.0,108.0,8740.0
2016-12-15,152.0,93200.0,361000.0,421000.0,195000.0,103000.0,52.7,351000.0,103.0,165000.0,352000.0,572.0,4.8,191000.0,830.0,784.0,68300.0,1280.0,225.0,6.8,264.0,7240.0,5570.0,1640.0,6.28,572.0,25.3,5640.0,3410.0,106.0,8410.0
2016-12-16,145.0,65400.0,368000.0,411000.0,180000.0,106000.0,51.9,349000.0,106.0,126000.0,332000.0,568.0,3.89,165000.0,823.0,833.0,45600.0,1260.0,221.0,7.15,267.0,7520.0,5690.0,1630.0,11.6,568.0,25.7,4750.0,3650.0,106.0,8500.0
2016-12-17,139.0,61200.0,367000.0,402000.0,152000.0,109000.0,51.9,344000.0,112.0,117000.0,322000.0,564.0,3.23,132000.0,819.0,855.0,42700.0,1250.0,216.0,7.99,267.0,7940.0,6110.0,1640.0,9.68,564.0,26.6,6650.0,3890.0,106.0,9570.0
2016-12-18,131.0,49000.0,371000.0,400000.0,126000.0,107000.0,51.6,336000.0,99.5,115000.0,353000.0,565.0,2.78,124000.0,799.0,868.0,43400.0,1260.0,214.0,7.15,264.0,8310.0,6500.0,1640.0,6.94,565.0,25.0,6990.0,3900.0,106.0,10400.0
2016-12-19,124.0,46400.0,369000.0,401000.0,121000.0,98700.0,50.1,336000.0,91.7,97900.0,361000.0,560.0,2.52,116000.0,833.0,926.0,42400.0,1280.0,211.0,6.24,284.0,8460.0,6620.0,1640.0,7.68,560.0,25.0,8190.0,3920.0,106.0,10600.0
2016-12-20,122.0,55900.0,369000.0,406000.0,108000.0,98600.0,50.1,332000.0,101.0,97000.0,343000.0,567.0,2.38,102000.0,906.0,964.0,42300.0,1310.0,210.0,6.48,305.0,8520.0,6690.0,1640.0,8.72,567.0,24.9,7500.0,3960.0,106.0,10700.0
2016-12-21,125.0,63300.0,380000.0,404000.0,97500.0,99300.0,50.8,329000.0,118.0,101000.0,324000.0,580.0,2.81,101000.0,969.0,979.0,45100.0,1380.0,210.0,6.87,317.0,8530.0,6700.0,1640.0,9.97,580.0,25.2,6750.0,4220.0,114.0,10700.0
2016-12-22,133.0,75200.0,403000.0,403000.0,101000.0,98600.0,51.6,327000.0,131.0,109000.0,329000.0,574.0,3.73,105000.0,1010.0,936.0,51900.0,1390.0,210.0,6.93,290.0,8530.0,6680.0,1640.0,12.3,574.0,25.3,6660.0,4350.0,121.0,10600.0
2016-12-23,143.0,77000.0,436000.0,401000.0,107000.0,95400.0,54.0,327000.0,131.0,114000.0,317000.0,574.0,5.0,112000.0,1020.0,886.0,56700.0,1390.0,216.0,8.39,264.0,8580.0,6640.0,1640.0,15.1,574.0,25.7,6970.0,4190.0,121.0,10500.0
2016-12-24,157.0,86600.0,478000.0,403000.0,114000.0,94800.0,58.3,328000.0,118.0,119000.0,321000.0,576.0,6.09,117000.0,1060.0,827.0,59300.0,1380.0,221.0,9.73,269.0,8910.0,6560.0,1640.0,17.9,576.0,25.9,6760.0,4110.0,121.0,10500.0
2016-12-25,187.0,97000.0,514000.0,413000.0,120000.0,98300.0,127.0,329000.0,112.0,126000.0,314000.0,582.0,8.61,123000.0,1140.0,753.0,64800.0,1380.0,222.0,13.7,264.0,9240.0,6460.0,1650.0,34.7,582.0,27.0,7450.0,4270.0,123.0,10300.0
2016-12-26,318.0,93600.0,533000.0,434000.0,129000.0,101000.0,312.0,331000.0,172.0,139000.0,314000.0,693.0,38.1,132000.0,1230.0,730.0,74900.0,1370.0,254.0,26.6,288.0,9650.0,6400.0,1660.0,150.0,693.0,35.6,8540.0,4430.0,145.0,10200.0
2016-12-27,400.0,111000.0,548000.0,470000.0,146000.0,95900.0,138.0,340000.0,317.0,161000.0,324000.0,852.0,104.0,149000.0,1240.0,794.0,86100.0,1370.0,247.0,16.0,279.0,9810.0,6330.0,1710.0,50.3,852.0,49.9,8260.0,4920.0,139.0,10100.0
2016-12-28,243.0,109000.0,548000.0,504000.0,167000.0,101000.0,105.0,355000.0,386.0,160000.0,329000.0,853.0,60.0,167000.0,1240.0,868.0,94600.0,1370.0,239.0,11.7,274.0,9400.0,6270.0,1850.0,36.7,853.0,44.4,7670.0,4990.0,126.0,9980.0
2016-12-29,195.0,126000.0,537000.0,531000.0,173000.0,103000.0,94.7,379000.0,271.0,169000.0,379000.0,799.0,37.9,170000.0,1240.0,907.0,101000.0,1370.0,238.0,12.8,271.0,8610.0,6180.0,2180.0,32.0,799.0,37.5,9970.0,5120.0,118.0,9820.0
2016-12-30,171.0,134000.0,526000.0,550000.0,177000.0,106000.0,89.8,406000.0,231.0,179000.0,398000.0,750.0,26.1,180000.0,1240.0,821.0,107000.0,1370.0,232.0,11.6,266.0,8210.0,6020.0,2580.0,28.3,750.0,34.1,9960.0,5070.0,118.0,9690.0
2016-12-31,176.0,135000.0,530000.0,557000.0,186000.0,115000.0,88.1,430000.0,189.0,179000.0,400000.0,703.0,23.4,188000.0,1260.0,781.0,111000.0,1370.0,231.0,10.5,267.0,8060.0,5750.0,2910.0,27.4,703.0,32.0,8950.0,4950.0,114.0,9490.0
2017-01-01,155.0,145000.0,550000.0,563000.0,192000.0,125000.0,86.5,458000.0,182.0,187000.0,424000.0,657.0,15.5,191000.0,1270.0,737.0,111000.0,1370.0,223.0,9.12,264.0,8010.0,5600.0,2920.0,25.1,657.0,30.5,8540.0,4770.0,107.0,9380.0
2017-01-02,163.0,150000.0,568000.0,565000.0,198000.0,129000.0,80.4,469000.0,159.0,199000.0,442000.0,614.0,17.2,202000.0,1310.0,731.0,111000.0,1370.0,214.0,22.0,262.0,8010.0,5470.0,2740.0,23.7,614.0,29.3,8060.0,4690.0,108.0,9220.0
2017-01-03,152.0,146000.0,587000.0,579000.0,210000.0,125000.0,79.3,476000.0,141.0,202000.0,460000.0,587.0,13.7,213000.0,1280.0,768.0,109000.0,1370.0,196.0,20.2,267.0,7920.0,5350.0,2420.0,24.0,587.0,28.5,7950.0,4560.0,105.0,8970.0
2017-01-04,143.0,140000.0,596000.0,595000.0,217000.0,135000.0,74.9,486000.0,84.3,196000.0,485000.0,555.0,8.0,213000.0,1120.0,725.0,101000.0,1390.0,176.0,18.7,266.0,7590.0,5210.0,2070.0,13.0,555.0,27.3,7350.0,4330.0,98.5,8730.0
2017-01-05,143.0,131000.0,603000.0,613000.0,214000.0,133000.0,72.8,488000.0,91.7,186000.0,479000.0,527.0,5.7,205000.0,924.0,706.0,84900.0,1380.0,166.0,13.6,260.0,7340.0,5070.0,1760.0,12.2,527.0,27.1,6380.0,3850.0,101.0,8560.0
2017-01-06,145.0,96700.0,602000.0,626000.0,204000.0,142000.0,72.3,492000.0,88.1,169000.0,518000.0,509.0,4.92,194000.0,843.0,745.0,72100.0,1370.0,160.0,11.0,248.0,7030.0,4970.0,1590.0,12.2,509.0,26.7,6810.0,3570.0,106.0,8520.0
2017-01-07,143.0,87100.0,590000.0,636000.0,188000.0,146000.0,72.3,502000.0,75.5,131000.0,498000.0,500.0,4.52,168000.0,812.0,791.0,67500.0,1360.0,158.0,8.71,248.0,6460.0,4890.0,1580.0,13.0,500.0,25.4,6480.0,3350.0,114.0,8480.0
2017-01-08,142.0,88700.0,579000.0,642000.0,159000.0,154000.0,76.0,508000.0,72.1,123000.0,498000.0,498.0,4.71,137000.0,808.0,801.0,68600.0,1360.0,158.0,7.86,236.0,7180.0,4840.0,1560.0,14.7,498.0,25.3,6370.0,3290.0,114.0,8480.0
2017-01-09,136.0,50600.0,577000.0,635000.0,136000.0,167000.0,77.6,510000.0,80.8,126000.0,487000.0,497.0,4.61,129000.0,811.0,819.0,70800.0,1380.0,163.0,8.01,243.0,7450.0,4800.0,1560.0,17.1,497.0,25.8,6180.0,3170.0,116.0,8520.0
2017-01-10,152.0,75400.0,580000.0,625000.0,131000.0,165000.0,81.6,509000.0,96.1,134000.0,477000.0,492.0,4.52,131000.0,806.0,1320.0,70400.0,1480.0,231.0,9.28,256.0,7830.0,4760.0,1570.0,34.4,492.0,26.8,5960.0,3260.0,118.0,8530.0
2017-01-11,165.0,96600.0,586000.0,616000.0,137000.0,173000.0,93.6,508000.0,118.0,158000.0,491000.0,489.0,4.91,143000.0,788.0,1280.0,74900.0,1580.0,271.0,9.0,260.0,7970.0,4720.0,1570.0,25.5,489.0,27.1,6270.0,3370.0,156.0,8550.0
2017-01-12,165.0,96000.0,588000.0,612000.0,154000.0,174000.0,116.0,502000.0,130.0,166000.0,485000.0,488.0,8.3,166000.0,781.0,1150.0,73700.0,1610.0,236.0,8.86,260.0,8030.0,4660.0,1560.0,12.2,488.0,26.0,6600.0,3440.0,145.0,8600.0
2017-01-13,165.0,101000.0,581000.0,609000.0,171000.0,175000.0,103.0,495000.0,127.0,151000.0,495000.0,491.0,9.82,168000.0,769.0,993.0,76300.0,1620.0,209.0,7.75,255.0,8040.0,4610.0,1550.0,11.4,491.0,25.1,7050.0,3340.0,134.0,8640.0
2017-01-14,158.0,87800.0,548000.0,610000.0,169000.0,174000.0,109.0,488000.0,121.0,148000.0,495000.0,502.0,9.31,156000.0,764.0,963.0,76600.0,1620.0,217.0,40.4,255.0,7890.0,4570.0,1550.0,12.2,502.0,25.0,7150.0,3410.0,129.0,8660.0
2017-01-15,161.0,93400.0,508000.0,607000.0,161000.0,175000.0,110.0,483000.0,121.0,147000.0,477000.0,513.0,7.92,152000.0,759.0,971.0,73900.0,1620.0,251.0,54.4,259.0,7480.0,4550.0,1570.0,20.0,513.0,25.0,6970.0,3340.0,138.0,8710.0
2017-01-16,296.0,101000.0,485000.0,596000.0,158000.0,175000.0,506.0,481000.0,153.0,152000.0,472000.0,527.0,10.3,154000.0,753.0,1040.0,80300.0,1620.0,357.0,83.2,262.0,7740.0,4540.0,1570.0,213.0,527.0,25.3,6210.0,3190.0,233.0,8790.0
2017-01-17,2660.0,112000.0,496000.0,579000.0,165000.0,174000.0,2280.0,475000.0,717.0,160000.0,464000.0,550.0,440.0,166000.0,763.0,1120.0,86800.0,1620.0,650.0,77.1,256.0,8030.0,4550.0,1660.0,102.0,550.0,27.4,6350.0,3080.0,508.0,8850.0
2017-01-18,1540.0,139000.0,532000.0,559000.0,177000.0,166000.0,350.0,464000.0,1990.0,175000.0,447000.0,594.0,423.0,177000.0,757.0,1120.0,93200.0,1690.0,558.0,45.1,251.0,8040.0,4560.0,1720.0,44.2,594.0,26.7,7620.0,3290.0,303.0,8860.0
2017-01-19,622.0,142000.0,590000.0,555000.0,190000.0,138000.0,230.0,462000.0,2470.0,185000.0,434000.0,689.0,130.0,190000.0,776.0,1090.0,105000.0,1780.0,546.0,35.5,247.0,8070.0,4560.0,1900.0,58.5,689.0,26.2,7110.0,3220.0,277.0,8870.0
2017-01-20,716.0,147000.0,663000.0,568000.0,206000.0,121000.0,447.0,484000.0,1030.0,193000.0,452000.0,815.0,118.0,208000.0,835.0,1230.0,118000.0,1860.0,1650.0,41.8,269.0,8260.0,4580.0,2090.0,96.8,815.0,26.7,6150.0,3280.0,815.0,8970.0
2017-01-21,672.0,169000.0,723000.0,593000.0,224000.0,131000.0,278.0,513000.0,952.0,209000.0,481000.0,962.0,125.0,217000.0,1230.0,1700.0,153000.0,1910.0,886.0,33.8,325.0,8810.0,4620.0,2320.0,58.3,962.0,28.7,8310.0,3330.0,573.0,9070.0
2017-01-22,584.0,187000.0,780000.0,639000.0,236000.0,130000.0,221.0,529000.0,752.0,233000.0,542000.0,1130.0,102.0,231000.0,1830.0,2000.0,162000.0,1910.0,575.0,26.2,407.0,9820.0,4690.0,2660.0,46.5,1130.0,42.4,7730.0,3540.0,411.0,9240.0
2017-01-23,475.0,215000.0,829000.0,689000.0,257000.0,135000.0,174.0,541000.0,613.0,262000.0,573000.0,1230.0,72.8,255000.0,2190.0,1740.0,142000.0,1910.0,439.0,21.8,378.0,9880.0,4780.0,3110.0,38.0,1230.0,70.8,9210.0,3910.0,283.0,9320.0
2017-01-24,406.0,218000.0,861000.0,737000.0,287000.0,126000.0,151.0,557000.0,508.0,274000.0,568000.0,1260.0,53.3,281000.0,2380.0,1860.0,137000.0,1910.0,393.0,18.4,361.0,9520.0,4940.0,3720.0,34.5,1260.0,86.4,12700.0,4230.0,241.0,9210.0
2017-01-25,375.0,195000.0,884000.0,784000.0,303000.0,129000.0,145.0,578000.0,453.0,265000.0,589000.0,1250.0,40.3,283000.0,2240.0,1740.0,132000.0,1910.0,389.0,19.4,334.0,9010.0,5140.0,4340.0,39.3,1250.0,65.7,13800.0,4380.0,234.0,9330.0
2017-01-26,348.0,174000.0,898000.0,821000.0,294000.0,129000.0,132.0,598000.0,430.0,253000.0,655000.0,1210.0,35.1,268000.0,1980.0,1560.0,136000.0,1910.0,357.0,16.9,316.0,8620.0,5300.0,5060.0,38.9,1210.0,49.8,13600.0,4470.0,216.0,9860.0
2017-01-27,310.0,196000.0,905000.0,852000.0,280000.0,149000.0,120.0,617000.0,391.0,249000.0,656000.0,1040.0,31.9,259000.0,1750.0,1370.0,137000.0,1900.0,322.0,13.9,294.0,8380.0,5390.0,5720.0,32.4,1040.0,43.3,11900.0,4530.0,190.0,10000.0
2017-01-28,291.0,210000.0,906000.0,874000.0,273000.0,170000.0,113.0,632000.0,358.0,252000.0,668000.0,788.0,25.3,257000.0,1600.0,1260.0,136000.0,1900.0,318.0,13.1,285.0,8160.0,5420.0,5800.0,30.7,788.0,39.4,11600.0,4480.0,178.0,9960.0
2017-01-29,277.0,212000.0,902000.0,892000.0,276000.0,186000.0,106.0,646000.0,339.0,258000.0,701000.0,688.0,23.7,264000.0,1490.0,1170.0,133000.0,1900.0,306.0,12.3,279.0,8140.0,5380.0,5240.0,28.7,688.0,37.2,10800.0,4430.0,170.0,10400.0
2017-01-30,243.0,211000.0,899000.0,904000.0,282000.0,190000.0,101.0,656000.0,305.0,254000.0,692000.0,652.0,21.9,267000.0,1420.0,1110.0,128000.0,1900.0,284.0,11.3,273.0,8090.0,5330.0,4500.0,30.7,652.0,34.5,9420.0,4290.0,157.0,10500.0
2017-01-31,264.0,196000.0,899000.0,907000.0,282000.0,199000.0,95.2,665000.0,306.0,244000.0,707000.0,629.0,20.8,261000.0,1360.0,1060.0,122000.0,1900.0,309.0,12.2,276.0,8040.0,5270.0,3850.0,27.9,629.0,33.1,8970.0,4040.0,168.0,10400.0
2017-02-01,239.0,165000.0,902000.0,909000.0,272000.0,205000.0,86.9,670000.0,290.0,230000.0,723000.0,602.0,20.1,250000.0,1390.0,1060.0,117000.0,1920.0,270.0,10.5,271.0,8010.0,5300.0,3300.0,26.0,602.0,31.9,8600.0,3790.0,163.0,9740.0
2017-02-02,207.0,159000.0,903000.0,908000.0,258000.0,208000.0,85.4,674000.0,253.0,218000.0,735000.0,581.0,18.1,236000.0,1290.0,978.0,119000.0,1950.0,197.0,9.61,260.0,8010.0,5210.0,2770.0,20.0,581.0,29.7,8210.0,3780.0,142.0,9540.0
2017-02-03,191.0,169000.0,892000.0,906000.0,243000.0,212000.0,86.8,676000.0,208.0,213000.0,751000.0,569.0,16.1,226000.0,1130.0,923.0,118000.0,2030.0,244.0,9.27,253.0,7990.0,5090.0,2380.0,19.2,569.0,28.9,6890.0,3480.0,141.0,9540.0
2017-02-04,247.0,174000.0,855000.0,904000.0,233000.0,219000.0,87.4,675000.0,186.0,211000.0,734000.0,564.0,12.3,222000.0,1160.0,921.0,111000.0,2090.0,310.0,9.21,263.0,7840.0,5000.0,2280.0,19.0,564.0,28.5,6390.0,3390.0,157.0,9530.0
2017-02-05,305.0,165000.0,789000.0,901000.0,229000.0,218000.0,94.7,671000.0,237.0,209000.0,720000.0,558.0,13.5,222000.0,1270.0,920.0,103000.0,2090.0,347.0,10.3,264.0,7800.0,4970.0,2200.0,21.1,558.0,28.1,7020.0,3440.0,147.0,9530.0
2017-02-06,210.0,154000.0,713000.0,892000.0,228000.0,217000.0,78.2,670000.0,265.0,205000.0,705000.0,547.0,13.1,220000.0,1220.0,906.0,107000.0,2090.0,339.0,10.1,256.0,7830.0,4970.0,2120.0,20.4,547.0,28.1,6630.0,3420.0,139.0,8920.0
2017-02-07,208.0,152000.0,640000.0,868000.0,224000.0,224000.0,77.1,665000.0,275.0,200000.0,708000.0,536.0,14.9,215000.0,1180.0,886.0,106000.0,2070.0,381.0,17.1,258.0,7800.0,4970.0,2010.0,59.0,536.0,27.8,6450.0,3550.0,220.0,8870.0
2017-02-08,202.0,148000.0,586000.0,832000.0,218000.0,224000.0,73.0,657000.0,241.0,199000.0,693000.0,537.0,17.2,212000.0,1170.0,861.0,102000.0,2050.0,385.0,16.7,253.0,7810.0,4960.0,1830.0,22.1,537.0,27.2,7090.0,3390.0,196.0,8160.0
2017-02-09,171.0,140000.0,547000.0,791000.0,213000.0,215000.0,69.4,642000.0,206.0,191000.0,686000.0,558.0,15.1,208000.0,1030.0,806.0,98700.0,2040.0,270.0,12.9,235.0,7790.0,4940.0,1680.0,22.2,558.0,26.4,6130.0,3370.0,135.0,7840.0
2017-02-10,193.0,137000.0,524000.0,745000.0,206000.0,208000.0,74.2,622000.0,158.0,178000.0,628000.0,581.0,14.6,198000.0,1040.0,777.0,96300.0,2060.0,307.0,12.3,243.0,7950.0,4940.0,1670.0,18.5,581.0,26.9,6610.0,3300.0,151.0,8320.0
2017-02-11,209.0,133000.0,515000.0,695000.0,196000.0,202000.0,72.0,601000.0,239.0,176000.0,590000.0,585.0,15.0,186000.0,1150.0,804.0,80600.0,2070.0,354.0,11.0,254.0,8240.0,4940.0,1670.0,17.4,585.0,26.5,5660.0,3230.0,172.0,8500.0
2017-02-12,182.0,118000.0,519000.0,648000.0,189000.0,196000.0,65.0,575000.0,217.0,174000.0,555000.0,572.0,14.4,183000.0,1140.0,830.0,81300.0,2070.0,466.0,10.3,264.0,8010.0,4960.0,1670.0,16.4,572.0,26.3,6800.0,3330.0,293.0,8060.0
2017-02-13,169.0,106000.0,530000.0,613000.0,186000.0,190000.0,62.6,547000.0,191.0,164000.0,532000.0,563.0,17.0,179000.0,1150.0,895.0,86900.0,2060.0,437.0,9.69,275.0,7930.0,4970.0,1670.0,15.4,563.0,26.5,6500.0,3410.0,284.0,8090.0
2017-02-14,167.0,114000.0,535000.0,587000.0,179000.0,184000.0,63.7,517000.0,182.0,158000.0,488000.0,564.0,15.9,168000.0,1190.0,1000.0,90900.0,2020.0,428.0,9.69,294.0,7880.0,4990.0,1670.0,15.9,564.0,26.8,6200.0,3360.0,215.0,8170.0
2017-02-15,169.0,123000.0,543000.0,575000.0,171000.0,174000.0,64.8,493000.0,183.0,164000.0,504000.0,591.0,13.4,165000.0,1270.0,1070.0,89000.0,1940.0,356.0,12.2,293.0,7900.0,5030.0,1680.0,15.5,591.0,27.1,6010.0,3240.0,177.0,8250.0
2017-02-16,165.0,124000.0,547000.0,575000.0,170000.0,165000.0,63.3,474000.0,178.0,166000.0,465000.0,612.0,14.3,169000.0,1330.0,1010.0,88400.0,1870.0,311.0,11.2,276.0,8100.0,5100.0,1700.0,15.2,612.0,27.6,5310.0,3350.0,156.0,8380.0
2017-02-17,164.0,127000.0,534000.0,580000.0,174000.0,164000.0,60.6,465000.0,175.0,168000.0,450000.0,636.0,16.6,171000.0,1380.0,965.0,92600.0,1790.0,303.0,11.7,276.0,9250.0,5350.0,1710.0,16.4,636.0,29.5,5860.0,3310.0,151.0,8550.0
2017-02-18,161.0,122000.0,518000.0,581000.0,175000.0,159000.0,58.2,463000.0,174.0,171000.0,442000.0,694.0,14.8,173000.0,1430.0,1130.0,94700.0,1720.0,318.0,9.79,296.0,12100.0,5530.0,1710.0,16.2,694.0,32.4,8710.0,3440.0,157.0,8830.0
2017-02-19,156.0,118000.0,509000.0,574000.0,177000.0,153000.0,55.0,466000.0,168.0,180000.0,446000.0,786.0,14.2,178000.0,1780.0,1330.0,97500.0,1690.0,310.0,9.23,308.0,14800.0,5840.0,1720.0,15.5,786.0,135.0,9260.0,3680.0,152.0,9090.0
2017-02-20,151.0,126000.0,505000.0,565000.0,184000.0,150000.0,51.5,469000.0,163.0,185000.0,440000.0,923.0,14.3,187000.0,2650.0,1830.0,94500.0,1700.0,315.0,9.27,337.0,16000.0,6650.0,2240.0,25.8,923.0,438.0,9310.0,4430.0,157.0,10500.0
2017-02-21,158.0,120000.0,503000.0,558000.0,191000.0,142000.0,53.8,472000.0,169.0,184000.0,454000.0,1390.0,18.5,192000.0,5680.0,4180.0,94900.0,1880.0,401.0,14.2,507.0,17800.0,8480.0,4200.0,36.5,1390.0,785.0,16800.0,6310.0,205.0,12900.0
2017-02-22,155.0,112000.0,497000.0,550000.0,193000.0,111000.0,49.7,471000.0,169.0,178000.0,444000.0,1560.0,22.1,190000.0,7760.0,6960.0,92200.0,1950.0,346.0,15.2,448.0,19300.0,9910.0,7490.0,19.7,1560.0,261.0,29500.0,8810.0,177.0,15500.0
2017-02-23,152.0,125000.0,481000.0,544000.0,189000.0,102000.0,52.4,473000.0,163.0,177000.0,441000.0,1640.0,22.4,183000.0,5040.0,4720.0,94800.0,1930.0,330.0,14.2,406.0,21900.0,11400.0,21900.0,19.8,1640.0,137.0,40800.0,11400.0,170.0,17800.0
2017-02-24,155.0,107000.0,458000.0,540000.0,185000.0,110000.0,56.4,469000.0,162.0,179000.0,435000.0,1430.0,18.8,184000.0,4000.0,3580.0,106000.0,1910.0,384.0,14.5,388.0,25000.0,11400.0,19400.0,29.6,1430.0,87.1,44100.0,13500.0,197.0,19300.0
2017-02-25,151.0,106000.0,433000.0,536000.0,186000.0,113000.0,53.0,464000.0,161.0,179000.0,457000.0,1090.0,16.8,183000.0,3290.0,2960.0,120000.0,1890.0,372.0,13.7,363.0,29000.0,11800.0,14000.0,20.6,1090.0,56.4,38400.0,13800.0,182.0,19000.0
2017-02-26,145.0,128000.0,411000.0,524000.0,185000.0,116000.0,50.8,458000.0,151.0,186000.0,428000.0,915.0,16.3,185000.0,2780.0,2530.0,126000.0,1870.0,335.0,9.22,342.0,33200.0,13000.0,10300.0,18.0,915.0,48.6,27900.0,13700.0,168.0,20900.0
2017-02-27,142.0,142000.0,392000.0,512000.0,189000.0,116000.0,50.1,451000.0,146.0,199000.0,423000.0,850.0,15.1,196000.0,2590.0,2310.0,138000.0,1860.0,328.0,10.4,330.0,38400.0,12700.0,6710.0,17.8,850.0,44.7,22500.0,12900.0,165.0,21800.0
2017-02-28,142.0,140000.0,375000.0,494000.0,201000.0,97200.0,48.1,442000.0,150.0,207000.0,413000.0,823.0,14.3,209000.0,2390.0,2210.0,144000.0,1860.0,329.0,13.5,326.0,43300.0,12100.0,5020.0,18.4,823.0,43.4,17300.0,10700.0,170.0,21500.0
2017-03-01,155.0,146000.0,361000.0,483000.0,217000.0,97200.0,89.3,432000.0,158.0,219000.0,411000.0,861.0,13.8,220000.0,2280.0,2280.0,150000.0,1890.0,426.0,31.6,335.0,43000.0,11300.0,4380.0,22.4,861.0,59.3,15600.0,9290.0,260.0,20900.0
2017-03-02,167.0,138000.0,367000.0,474000.0,231000.0,82100.0,80.2,425000.0,198.0,222000.0,410000.0,902.0,17.3,231000.0,2240.0,2260.0,157000.0,1920.0,401.0,25.3,325.0,35100.0,10000.0,4760.0,17.9,902.0,55.2,16600.0,8190.0,231.0,19700.0
2017-03-03,145.0,143000.0,400000.0,460000.0,237000.0,75300.0,72.0,423000.0,192.0,227000.0,409000.0,845.0,19.8,234000.0,2200.0,2180.0,164000.0,1900.0,360.0,15.9,312.0,27100.0,9580.0,5000.0,16.8,845.0,45.6,16000.0,6880.0,207.0,18000.0
2017-03-04,145.0,141000.0,455000.0,445000.0,242000.0,75900.0,68.4,416000.0,173.0,234000.0,399000.0,789.0,17.2,241000.0,2110.0,2080.0,172000.0,1880.0,348.0,12.7,310.0,23800.0,10100.0,4240.0,17.2,789.0,40.1,11600.0,6410.0,197.0,17100.0
2017-03-05,154.0,147000.0,531000.0,438000.0,250000.0,74300.0,65.8,403000.0,170.0,241000.0,387000.0,778.0,14.7,248000.0,2040.0,2000.0,174000.0,1870.0,341.0,11.5,313.0,22700.0,10000.0,3790.0,17.3,778.0,38.1,12800.0,6360.0,190.0,16600.0
2017-03-06,154.0,170000.0,616000.0,441000.0,259000.0,71500.0,62.5,396000.0,169.0,247000.0,373000.0,865.0,14.4,256000.0,2040.0,1980.0,176000.0,1890.0,340.0,11.2,327.0,20100.0,9920.0,3560.0,19.1,865.0,53.8,11900.0,6660.0,188.0,16200.0
2017-03-07,177.0,196000.0,691000.0,479000.0,272000.0,74700.0,79.0,396000.0,203.0,252000.0,377000.0,1230.0,19.5,263000.0,3100.0,2260.0,183000.0,1910.0,430.0,41.1,365.0,20000.0,9530.0,4190.0,59.3,1230.0,317.0,15100.0,6540.0,207.0,17000.0
2017-03-08,186.0,208000.0,750000.0,553000.0,284000.0,79000.0,72.2,405000.0,234.0,254000.0,388000.0,1420.0,27.8,268000.0,5120.0,2590.0,182000.0,1910.0,370.0,31.5,349.0,18500.0,9190.0,5940.0,18.8,1420.0,128.0,25700.0,8110.0,184.0,17000.0
2017-03-09,160.0,212000.0,791000.0,624000.0,288000.0,102000.0,69.0,421000.0,207.0,257000.0,396000.0,1310.0,31.1,270000.0,3710.0,2520.0,180000.0,1900.0,346.0,21.2,333.0,18800.0,8940.0,8670.0,17.5,1310.0,60.7,28400.0,9080.0,175.0,16900.0
2017-03-10,151.0,213000.0,822000.0,689000.0,288000.0,140000.0,66.9,449000.0,189.0,260000.0,419000.0,986.0,23.9,273000.0,2960.0,2180.0,172000.0,1890.0,334.0,20.1,325.0,19300.0,8350.0,8930.0,16.8,986.0,44.8,24200.0,7820.0,167.0,16200.0
2017-03-11,145.0,213000.0,837000.0,744000.0,288000.0,163000.0,66.3,485000.0,178.0,261000.0,445000.0,836.0,20.2,275000.0,2580.0,1970.0,164000.0,1880.0,319.0,18.1,314.0,20500.0,7720.0,6000.0,16.2,836.0,39.0,15400.0,6140.0,160.0,14200.0
2017-03-12,143.0,213000.0,841000.0,794000.0,286000.0,179000.0,65.6,524000.0,172.0,259000.0,487000.0,769.0,16.9,274000.0,2340.0,1830.0,158000.0,1870.0,315.0,15.3,310.0,21000.0,7970.0,3710.0,16.2,769.0,36.3,13200.0,6030.0,157.0,14900.0
2017-03-13,149.0,212000.0,827000.0,835000.0,283000.0,193000.0,67.1,555000.0,176.0,254000.0,527000.0,741.0,16.4,271000.0,2200.0,1770.0,157000.0,1860.0,321.0,18.0,313.0,18000.0,8850.0,2710.0,25.4,741.0,35.1,11300.0,5610.0,162.0,15000.0
2017-03-14,151.0,209000.0,800000.0,862000.0,278000.0,206000.0,65.2,580000.0,179.0,250000.0,562000.0,726.0,15.5,266000.0,2070.0,1660.0,155000.0,1850.0,310.0,20.6,304.0,16500.0,8160.0,2350.0,18.7,726.0,33.7,10100.0,5650.0,154.0,14500.0
2017-03-15,142.0,200000.0,773000.0,879000.0,271000.0,216000.0,64.0,597000.0,167.0,246000.0,569000.0,710.0,15.4,261000.0,1940.0,1580.0,152000.0,1830.0,302.0,19.3,298.0,14900.0,8490.0,2030.0,17.0,710.0,32.8,9600.0,5520.0,150.0,14600.0
2017-03-16,142.0,177000.0,751000.0,881000.0,265000.0,220000.0,63.2,611000.0,161.0,241000.0,577000.0,700.0,14.7,257000.0,1850.0,1510.0,152000.0,1780.0,301.0,16.8,296.0,13900.0,8830.0,1750.0,17.7,700.0,32.3,7510.0,5590.0,150.0,14300.0
2017-03-17,146.0,160000.0,732000.0,867000.0,259000.0,218000.0,62.4,622000.0,167.0,236000.0,592000.0,706.0,15.1,252000.0,1800.0,1480.0,150000.0,1740.0,305.0,16.5,298.0,14400.0,9090.0,1730.0,19.2,706.0,32.4,8150.0,5850.0,155.0,14500.0
2017-03-18,148.0,156000.0,709000.0,850000.0,253000.0,216000.0,61.0,629000.0,168.0,229000.0,623000.0,735.0,14.1,245000.0,1750.0,1440.0,147000.0,1690.0,307.0,15.4,296.0,12300.0,8500.0,1920.0,17.9,735.0,32.2,9250.0,5380.0,154.0,14100.0
2017-03-19,142.0,159000.0,666000.0,828000.0,244000.0,216000.0,57.8,632000.0,163.0,222000.0,626000.0,739.0,14.4,238000.0,1690.0,1380.0,141000.0,1640.0,291.0,13.3,289.0,11400.0,8150.0,2080.0,16.6,739.0,32.1,8640.0,4880.0,146.0,13300.0
2017-03-20,138.0,178000.0,611000.0,799000.0,236000.0,216000.0,56.8,629000.0,155.0,217000.0,621000.0,726.0,15.0,230000.0,1630.0,1350.0,134000.0,1600.0,289.0,13.3,289.0,11200.0,8430.0,2000.0,16.7,726.0,31.9,8240.0,4770.0,146.0,12700.0
2017-03-21,144.0,181000.0,566000.0,770000.0,230000.0,214000.0,54.1,621000.0,153.0,211000.0,616000.0,724.0,13.8,225000.0,1590.0,1300.0,125000.0,1570.0,281.0,13.0,284.0,11000.0,9260.0,1980.0,16.4,724.0,31.5,8460.0,4330.0,142.0,13100.0
2017-03-22,136.0,178000.0,528000.0,736000.0,222000.0,209000.0,49.5,608000.0,147.0,203000.0,603000.0,710.0,11.7,217000.0,1550.0,1260.0,117000.0,1530.0,269.0,12.2,277.0,10700.0,9110.0,2090.0,15.9,710.0,31.4,9420.0,4040.0,136.0,13400.0
2017-03-23,133.0,154000.0,506000.0,697000.0,212000.0,203000.0,50.2,593000.0,141.0,195000.0,564000.0,691.0,11.3,209000.0,1510.0,1230.0,110000.0,1500.0,269.0,13.5,278.0,9030.0,8650.0,2010.0,15.9,691.0,31.3,8030.0,3840.0,136.0,13200.0
2017-03-24,138.0,130000.0,499000.0,654000.0,203000.0,193000.0,50.9,576000.0,141.0,185000.0,536000.0,753.0,14.0,199000.0,1540.0,1240.0,101000.0,1480.0,283.0,13.0,298.0,10200.0,8930.0,1970.0,25.5,753.0,31.7,8270.0,3780.0,145.0,12900.0
2017-03-25,172.0,126000.0,507000.0,620000.0,195000.0,183000.0,70.1,557000.0,170.0,178000.0,526000.0,864.0,18.9,192000.0,1600.0,1260.0,104000.0,1480.0,283.0,94.7,290.0,13000.0,8770.0,2230.0,92.0,864.0,32.1,8480.0,4240.0,144.0,13000.0
2017-03-26,281.0,139000.0,523000.0,601000.0,190000.0,167000.0,98.8,537000.0,240.0,175000.0,508000.0,864.0,26.7,184000.0,1730.0,1280.0,100000.0,1480.0,300.0,89.5,302.0,12600.0,8780.0,3310.0,39.1,864.0,33.6,9060.0,4350.0,154.0,13100.0
2017-03-27,244.0,142000.0,532000.0,590000.0,184000.0,157000.0,85.1,520000.0,283.0,184000.0,488000.0,814.0,40.5,186000.0,1770.0,1290.0,103000.0,1480.0,303.0,156.0,303.0,12200.0,8730.0,3640.0,30.3,814.0,34.0,10800.0,4680.0,156.0,13000.0
2017-03-28,219.0,135000.0,533000.0,587000.0,190000.0,157000.0,78.1,505000.0,246.0,190000.0,477000.0,773.0,43.1,198000.0,1750.0,1290.0,102000.0,1500.0,285.0,109.0,296.0,12400.0,9030.0,3770.0,27.5,773.0,35.1,9840.0,5010.0,148.0,12900.0
2017-03-29,207.0,149000.0,517000.0,588000.0,198000.0,155000.0,72.4,495000.0,231.0,195000.0,461000.0,758.0,41.8,204000.0,1700.0,1270.0,103000.0,1510.0,278.0,58.3,291.0,12800.0,8970.0,3660.0,44.4,758.0,35.0,9930.0,5320.0,143.0,13100.0
2017-03-30,577.0,154000.0,497000.0,597000.0,203000.0,153000.0,245.0,501000.0,673.0,215000.0,472000.0,865.0,728.0,213000.0,1690.0,1330.0,110000.0,1510.0,327.0,472.0,301.0,14500.0,9510.0,3470.0,358.0,865.0,33.9,10200.0,5690.0,188.0,13400.0
2017-03-31,1130.0,191000.0,501000.0,602000.0,221000.0,152000.0,283.0,505000.0,1160.0,260000.0,473000.0,910.0,1460.0,246000.0,1730.0,1380.0,121000.0,1500.0,357.0,190.0,304.0,17100.0,9950.0,3290.0,193.0,910.0,32.2,9670.0,5980.0,214.0,14000.0
2017-04-01,977.0,210000.0,525000.0,598000.0,264000.0,150000.0,209.0,505000.0,929.0,293000.0,469000.0,855.0,611.0,293000.0,1740.0,1400.0,128000.0,1490.0,327.0,88.6,297.0,17300.0,9830.0,3250.0,122.0,855.0,31.4,9690.0,6020.0,196.0,14200.0
2017-04-02,763.0,203000.0,556000.0,597000.0,305000.0,150000.0,182.0,504000.0,741.0,325000.0,467000.0,787.0,280.0,328000.0,1700.0,1400.0,133000.0,1480.0,316.0,56.4,295.0,16900.0,10300.0,3000.0,100.0,787.0,31.4,9180.0,6260.0,187.0,13900.0
2017-04-03,675.0,209000.0,597000.0,635000.0,340000.0,130000.0,206.0,522000.0,674.0,343000.0,492000.0,761.0,220.0,359000.0,1690.0,1450.0,136000.0,1450.0,327.0,53.8,309.0,16400.0,10600.0,2810.0,116.0,761.0,31.7,8940.0,6400.0,190.0,14800.0
2017-04-04,650.0,213000.0,644000.0,664000.0,362000.0,101000.0,270.0,554000.0,716.0,335000.0,507000.0,890.0,414.0,366000.0,1810.0,1740.0,141000.0,1440.0,349.0,62.1,352.0,16800.0,10700.0,2990.0,101.0,890.0,33.2,9300.0,6500.0,195.0,15400.0
2017-04-05,1220.0,228000.0,698000.0,697000.0,367000.0,97900.0,854.0,576000.0,1210.0,344000.0,555000.0,1030.0,1900.0,368000.0,1980.0,2100.0,152000.0,1440.0,326.0,1390.0,356.0,17200.0,10500.0,4880.0,319.0,1030.0,38.3,10200.0,6660.0,186.0,15100.0
2017-04-06,1840.0,248000.0,752000.0,732000.0,392000.0,128000.0,779.0,587000.0,2250.0,393000.0,580000.0,948.0,1790.0,402000.0,2180.0,2200.0,159000.0,1410.0,311.0,326.0,350.0,15300.0,10400.0,6970.0,204.0,948.0,35.8,11800.0,6730.0,175.0,14300.0
2017-04-07,1300.0,260000.0,796000.0,769000.0,433000.0,152000.0,464.0,598000.0,1710.0,431000.0,567000.0,855.0,757.0,439000.0,2140.0,2110.0,166000.0,1370.0,299.0,126.0,345.0,16100.0,10000.0,7000.0,135.0,855.0,32.4,10500.0,6450.0,167.0,14900.0
2017-04-08,1050.0,271000.0,835000.0,802000.0,471000.0,169000.0,357.0,608000.0,1230.0,465000.0,584000.0,780.0,311.0,471000.0,2030.0,1980.0,168000.0,1330.0,297.0,77.2,342.0,19200.0,9920.0,5080.0,109.0,780.0,31.2,9120.0,6350.0,166.0,14700.0
2017-04-09,880.0,278000.0,865000.0,834000.0,501000.0,184000.0,296.0,620000.0,1030.0,475000.0,581000.0,752.0,212.0,491000.0,1950.0,1880.0,165000.0,1290.0,295.0,54.9,340.0,19600.0,10100.0,3650.0,92.3,752.0,30.7,9170.0,6120.0,165.0,14400.0
2017-04-10,762.0,278000.0,887000.0,862000.0,517000.0,195000.0,256.0,633000.0,894.0,467000.0,587000.0,803.0,157.0,495000.0,1900.0,1780.0,161000.0,1240.0,291.0,44.5,336.0,17800.0,9920.0,2960.0,90.3,803.0,49.3,9330.0,6070.0,162.0,14500.0
2017-04-11,651.0,273000.0,905000.0,888000.0,515000.0,202000.0,216.0,648000.0,789.0,451000.0,592000.0,949.0,116.0,487000.0,1860.0,1670.0,159000.0,1200.0,280.0,34.2,329.0,17200.0,10200.0,3500.0,73.2,949.0,55.7,12200.0,5920.0,155.0,14700.0
2017-04-12,562.0,266000.0,919000.0,914000.0,502000.0,205000.0,195.0,662000.0,701.0,433000.0,619000.0,1000.0,87.8,471000.0,1790.0,1590.0,154000.0,1160.0,272.0,28.7,323.0,15700.0,9810.0,5170.0,66.8,1000.0,44.3,17200.0,6080.0,150.0,14800.0
2017-04-13,515.0,258000.0,926000.0,939000.0,481000.0,211000.0,185.0,678000.0,652.0,410000.0,641000.0,988.0,74.7,452000.0,1730.0,1590.0,152000.0,1090.0,295.0,25.3,329.0,16400.0,9470.0,5460.0,68.2,988.0,39.2,20900.0,5990.0,169.0,14700.0
2017-04-14,479.0,251000.0,924000.0,960000.0,460000.0,214000.0,177.0,695000.0,621.0,389000.0,652000.0,954.0,68.5,430000.0,1710.0,1550.0,147000.0,1010.0,292.0,22.6,327.0,16700.0,9400.0,4770.0,77.8,954.0,37.7,19900.0,5750.0,158.0,14500.0
2017-04-15,467.0,244000.0,917000.0,976000.0,431000.0,213000.0,178.0,713000.0,620.0,372000.0,670000.0,1210.0,63.6,409000.0,1750.0,3080.0,143000.0,989.0,356.0,20.7,351.0,21100.0,8810.0,4550.0,64.5,1210.0,110.0,16500.0,5790.0,196.0,14600.0
2017-04-16,771.0,237000.0,905000.0,984000.0,408000.0,211000.0,294.0,731000.0,633.0,357000.0,689000.0,1510.0,75.1,392000.0,1770.0,2920.0,144000.0,967.0,336.0,22.1,355.0,26900.0,8640.0,5340.0,179.0,1510.0,149.0,16800.0,5960.0,195.0,14700.0
2017-04-17,891.0,232000.0,874000.0,985000.0,391000.0,210000.0,244.0,745000.0,786.0,339000.0,715000.0,1670.0,82.8,375000.0,1740.0,2640.0,141000.0,946.0,308.0,20.1,340.0,33700.0,8110.0,8440.0,79.5,1670.0,99.6,19600.0,6350.0,177.0,14700.0
2017-04-18,660.0,229000.0,827000.0,979000.0,368000.0,214000.0,203.0,756000.0,676.0,326000.0,718000.0,1730.0,64.3,358000.0,1700.0,2380.0,149000.0,991.0,299.0,18.1,337.0,35100.0,8720.0,10300.0,70.2,1730.0,63.5,18400.0,6760.0,173.0,14100.0
2017-04-19,613.0,230000.0,773000.0,968000.0,351000.0,220000.0,203.0,759000.0,634.0,326000.0,715000.0,1430.0,55.0,346000.0,1690.0,2190.0,160000.0,1060.0,298.0,16.3,338.0,33900.0,9920.0,8030.0,84.2,1430.0,50.3,13800.0,7640.0,171.0,15400.0
2017-04-20,577.0,233000.0,729000.0,955000.0,341000.0,223000.0,197.0,755000.0,648.0,337000.0,713000.0,1480.0,48.1,349000.0,2080.0,2780.0,167000.0,1100.0,381.0,15.6,373.0,32900.0,12400.0,6190.0,59.7,1480.0,174.0,14100.0,10100.0,221.0,17300.0
2017-04-21,493.0,236000.0,692000.0,939000.0,352000.0,218000.0,174.0,749000.0,590.0,343000.0,714000.0,1670.0,42.8,358000.0,3230.0,2750.0,170000.0,1130.0,334.0,13.6,368.0,29500.0,13900.0,7020.0,52.3,1670.0,143.0,19300.0,12100.0,189.0,20000.0
2017-04-22,441.0,237000.0,679000.0,919000.0,372000.0,213000.0,159.0,741000.0,529.0,342000.0,705000.0,1960.0,37.3,363000.0,3120.0,2740.0,170000.0,1140.0,312.0,13.7,356.0,28500.0,14600.0,13800.0,48.3,1960.0,86.9,23300.0,13500.0,177.0,22000.0
2017-04-23,404.0,237000.0,687000.0,899000.0,372000.0,210000.0,150.0,731000.0,489.0,338000.0,731000.0,2100.0,33.7,361000.0,2730.0,2480.0,159000.0,1140.0,304.0,11.9,354.0,28700.0,15200.0,13400.0,45.8,2100.0,60.2,23200.0,13800.0,171.0,22800.0
2017-04-24,378.0,235000.0,702000.0,873000.0,366000.0,200000.0,143.0,718000.0,462.0,330000.0,708000.0,1690.0,31.1,355000.0,2490.0,2250.0,166000.0,1140.0,299.0,11.2,352.0,31300.0,15000.0,10200.0,43.9,1690.0,48.8,17600.0,12800.0,167.0,23600.0
2017-04-25,362.0,234000.0,728000.0,851000.0,361000.0,198000.0,137.0,708000.0,442.0,329000.0,671000.0,1200.0,29.6,350000.0,2330.0,2090.0,166000.0,1150.0,297.0,10.6,352.0,33800.0,14900.0,6970.0,42.6,1200.0,43.0,11700.0,11800.0,166.0,24100.0
2017-04-26,353.0,233000.0,770000.0,842000.0,362000.0,205000.0,134.0,694000.0,430.0,339000.0,652000.0,1100.0,31.0,355000.0,2220.0,1970.0,170000.0,1140.0,303.0,43.2,353.0,34400.0,15200.0,4800.0,51.1,1100.0,46.6,13300.0,11600.0,168.0,24800.0
2017-04-27,501.0,235000.0,819000.0,856000.0,394000.0,208000.0,222.0,681000.0,492.0,355000.0,654000.0,1140.0,82.5,382000.0,2120.0,1840.0,174000.0,1140.0,325.0,219.0,349.0,32700.0,14900.0,4060.0,124.0,1140.0,59.0,16300.0,11700.0,186.0,25700.0
2017-04-28,656.0,236000.0,859000.0,872000.0,411000.0,212000.0,219.0,673000.0,670.0,358000.0,616000.0,1080.0,138.0,390000.0,2000.0,1710.0,175000.0,1140.0,318.0,309.0,342.0,30300.0,14900.0,4320.0,66.8,1080.0,53.8,18600.0,12200.0,173.0,25300.0
2017-04-29,810.0,248000.0,909000.0,896000.0,456000.0,211000.0,658.0,674000.0,722.0,387000.0,610000.0,980.0,2310.0,429000.0,1870.0,1610.0,182000.0,1110.0,298.0,2620.0,336.0,26600.0,14800.0,5210.0,345.0,980.0,47.0,19300.0,12200.0,162.0,24700.0
2017-04-30,3210.0,289000.0,965000.0,935000.0,566000.0,207000.0,1700.0,687000.0,2050.0,512000.0,631000.0,912.0,6290.0,528000.0,1770.0,1520.0,189000.0,1120.0,296.0,5460.0,335.0,23700.0,14500.0,5370.0,273.0,912.0,41.7,18400.0,11300.0,162.0,24400.0
2017-05-01,3620.0,319000.0,1010000.0,978000.0,663000.0,199000.0,1030.0,702000.0,2830.0,618000.0,678000.0,966.0,4780.0,608000.0,1860.0,1640.0,193000.0,1110.0,364.0,586.0,373.0,22900.0,14600.0,4930.0,232.0,966.0,76.2,15400.0,11000.0,200.0,25000.0
2017-05-02,2220.0,345000.0,1050000.0,1020000.0,726000.0,197000.0,642.0,719000.0,2790.0,685000.0,657000.0,1170.0,1770.0,674000.0,2080.0,1750.0,203000.0,1120.0,380.0,227.0,399.0,24500.0,14900.0,5080.0,144.0,1170.0,164.0,20000.0,12100.0,197.0,25400.0
2017-05-03,1500.0,334000.0,1090000.0,1070000.0,773000.0,206000.0,461.0,746000.0,1790.0,733000.0,690000.0,1140.0,581.0,758000.0,2130.0,1720.0,203000.0,1110.0,334.0,1320.0,366.0,23900.0,15500.0,6810.0,113.0,1140.0,101.0,27200.0,13300.0,178.0,25700.0
2017-05-04,1200.0,331000.0,1120000.0,1130000.0,837000.0,210000.0,374.0,782000.0,1310.0,782000.0,751000.0,1020.0,337.0,843000.0,2080.0,1650.0,204000.0,1100.0,320.0,3200.0,354.0,23400.0,15900.0,8450.0,96.9,1020.0,65.5,27300.0,14200.0,172.0,26100.0
2017-05-05,1010.0,339000.0,1160000.0,1180000.0,898000.0,212000.0,316.0,799000.0,1090.0,802000.0,776000.0,927.0,240.0,892000.0,1970.0,1580.0,199000.0,1090.0,312.0,383.0,349.0,25200.0,15700.0,7050.0,85.4,927.0,51.8,23300.0,13700.0,168.0,26600.0
2017-05-06,859.0,346000.0,1200000.0,1230000.0,917000.0,218000.0,274.0,823000.0,945.0,797000.0,762000.0,870.0,176.0,898000.0,1890.0,1510.0,197000.0,1060.0,305.0,178.0,346.0,26800.0,15400.0,5190.0,76.4,870.0,43.5,16700.0,12600.0,164.0,26300.0
2017-05-07,737.0,358000.0,1230000.0,1270000.0,905000.0,230000.0,238.0,847000.0,835.0,759000.0,765000.0,833.0,136.0,884000.0,1810.0,1440.0,193000.0,1040.0,293.0,112.0,340.0,26500.0,15000.0,3750.0,67.7,833.0,38.5,16300.0,11400.0,158.0,26000.0
2017-05-08,657.0,370000.0,1260000.0,1310000.0,864000.0,238000.0,216.0,867000.0,747.0,704000.0,784000.0,804.0,107.0,847000.0,1740.0,1390.0,189000.0,1010.0,286.0,80.8,337.0,23400.0,14500.0,3000.0,63.6,804.0,36.1,14200.0,10100.0,153.0,25300.0
2017-05-09,602.0,367000.0,1290000.0,1350000.0,816000.0,244000.0,203.0,884000.0,690.0,644000.0,799000.0,825.0,92.5,789000.0,1760.0,1390.0,185000.0,975.0,325.0,64.1,363.0,20500.0,13700.0,2640.0,68.6,825.0,37.7,13000.0,9150.0,194.0,24600.0
2017-05-10,639.0,350000.0,1320000.0,1380000.0,769000.0,252000.0,197.0,900000.0,654.0,601000.0,815000.0,853.0,119.0,721000.0,1690.0,1370.0,182000.0,944.0,314.0,52.8,353.0,18000.0,13300.0,2370.0,559.0,853.0,39.6,11200.0,7990.0,170.0,23500.0
2017-05-11,1130.0,339000.0,1340000.0,1410000.0,727000.0,259000.0,248.0,918000.0,808.0,564000.0,839000.0,832.0,229.0,661000.0,1640.0,1400.0,185000.0,915.0,307.0,233.0,343.0,16900.0,12700.0,2250.0,330.0,832.0,37.3,10300.0,7460.0,167.0,22700.0
2017-05-12,857.0,331000.0,1360000.0,1450000.0,690000.0,263000.0,203.0,940000.0,749.0,531000.0,864000.0,800.0,171.0,616000.0,1580.0,1330.0,185000.0,891.0,289.0,81.6,336.0,16200.0,11700.0,2080.0,149.0,800.0,35.6,9620.0,6690.0,156.0,20900.0
2017-05-13,714.0,324000.0,1370000.0,1480000.0,653000.0,264000.0,190.0,963000.0,655.0,511000.0,935000.0,768.0,120.0,581000.0,1540.0,1280.0,186000.0,859.0,279.0,49.4,332.0,15600.0,11200.0,1880.0,108.0,768.0,34.4,9440.0,6230.0,151.0,19900.0
2017-05-14,634.0,319000.0,1370000.0,1520000.0,617000.0,269000.0,171.0,984000.0,597.0,494000.0,929000.0,748.0,83.9,557000.0,1500.0,1240.0,188000.0,826.0,278.0,36.8,328.0,15100.0,10600.0,1760.0,86.1,748.0,33.4,8380.0,5730.0,148.0,18600.0
2017-05-15,574.0,316000.0,1360000.0,1560000.0,589000.0,275000.0,157.0,1010000.0,550.0,481000.0,918000.0,732.0,68.7,540000.0,1470.0,1200.0,186000.0,800.0,274.0,29.5,324.0,13300.0,9880.0,1640.0,69.2,732.0,50.9,7790.0,5490.0,146.0,18000.0
2017-05-16,529.0,313000.0,1360000.0,1590000.0,568000.0,282000.0,146.0,1030000.0,512.0,469000.0,937000.0,870.0,58.1,527000.0,1910.0,1300.0,179000.0,784.0,303.0,25.7,338.0,12400.0,9250.0,1580.0,55.9,870.0,57.0,8710.0,5930.0,158.0,16900.0
2017-05-17,496.0,310000.0,1350000.0,1620000.0,554000.0,290000.0,140.0,1050000.0,481.0,468000.0,931000.0,1360.0,48.9,517000.0,1700.0,1250.0,171000.0,771.0,282.0,22.6,359.0,13400.0,9120.0,2180.0,60.2,1360.0,294.0,12900.0,6660.0,148.0,16800.0
2017-05-18,479.0,305000.0,1330000.0,1640000.0,540000.0,292000.0,139.0,1080000.0,489.0,472000.0,953000.0,3490.0,42.0,505000.0,2070.0,1690.0,168000.0,729.0,314.0,20.9,464.0,15100.0,9860.0,5450.0,156.0,3490.0,1110.0,25500.0,8920.0,152.0,17900.0
2017-05-19,479.0,301000.0,1320000.0,1660000.0,525000.0,291000.0,131.0,1100000.0,475.0,485000.0,957000.0,6010.0,117.0,494000.0,2030.0,1530.0,165000.0,706.0,279.0,101.0,369.0,17100.0,10400.0,10300.0,155.0,6010.0,321.0,44100.0,11500.0,146.0,19100.0
2017-05-20,647.0,303000.0,1300000.0,1670000.0,520000.0,298000.0,450.0,1120000.0,482.0,504000.0,982000.0,5260.0,1830.0,488000.0,2270.0,1620.0,160000.0,707.0,290.0,1390.0,365.0,18800.0,10700.0,18900.0,165.0,5260.0,147.0,59700.0,13900.0,158.0,20300.0
2017-05-21,1140.0,319000.0,1270000.0,1680000.0,515000.0,304000.0,442.0,1150000.0,886.0,515000.0,1030000.0,4360.0,1580.0,495000.0,2280.0,1800.0,161000.0,728.0,327.0,187.0,383.0,23200.0,11300.0,15200.0,99.8,4360.0,308.0,69500.0,15800.0,171.0,22500.0
2017-05-22,846.0,323000.0,1240000.0,1690000.0,518000.0,321000.0,294.0,1180000.0,827.0,529000.0,1060000.0,3350.0,350.0,515000.0,2430.0,1870.0,165000.0,741.0,297.0,88.0,368.0,29400.0,11800.0,12100.0,74.6,3350.0,165.0,58800.0,16700.0,155.0,24100.0
2017-05-23,715.0,316000.0,1210000.0,1690000.0,531000.0,339000.0,281.0,1190000.0,679.0,535000.0,1060000.0,2820.0,1380.0,532000.0,2460.0,2000.0,165000.0,726.0,338.0,59.2,383.0,37600.0,12400.0,10600.0,63.9,2820.0,99.5,47700.0,17500.0,206.0,25100.0
2017-05-24,709.0,310000.0,1160000.0,1700000.0,541000.0,346000.0,355.0,1200000.0,650.0,536000.0,1120000.0,2240.0,1080.0,540000.0,2370.0,1920.0,165000.0,699.0,337.0,45.6,376.0,41500.0,12600.0,8680.0,55.7,2240.0,70.9,38900.0,17000.0,213.0,25900.0
2017-05-25,624.0,309000.0,1110000.0,1700000.0,546000.0,360000.0,254.0,1210000.0,671.0,535000.0,1050000.0,1900.0,400.0,543000.0,2260.0,1810.0,166000.0,697.0,314.0,34.4,365.0,39400.0,12600.0,6400.0,48.7,1900.0,57.8,31700.0,15700.0,191.0,26200.0
2017-05-26,580.0,309000.0,1070000.0,1690000.0,546000.0,369000.0,222.0,1210000.0,574.0,523000.0,1050000.0,1550.0,242.0,544000.0,2140.0,1670.0,170000.0,691.0,302.0,27.9,357.0,36700.0,12100.0,4790.0,130.0,1550.0,51.3,27200.0,14200.0,182.0,26500.0
2017-05-27,793.0,305000.0,1030000.0,1670000.0,543000.0,375000.0,201.0,1210000.0,554.0,506000.0,1030000.0,1370.0,192.0,538000.0,2020.0,1560.0,180000.0,677.0,296.0,34.9,350.0,33600.0,11300.0,3720.0,68.0,1370.0,47.1,22200.0,12800.0,176.0,26100.0
2017-05-28,650.0,301000.0,1010000.0,1650000.0,536000.0,382000.0,184.0,1220000.0,508.0,492000.0,1060000.0,1260.0,134.0,526000.0,1920.0,1470.0,188000.0,670.0,289.0,36.0,345.0,29000.0,10800.0,3060.0,50.3,1260.0,41.7,19800.0,11600.0,170.0,25400.0
2017-05-29,536.0,299000.0,999000.0,1630000.0,525000.0,390000.0,166.0,1220000.0,483.0,488000.0,1090000.0,1190.0,104.0,515000.0,1830.0,1390.0,195000.0,673.0,278.0,27.8,339.0,23700.0,10000.0,2620.0,42.3,1190.0,37.8,14700.0,10100.0,160.0,24400.0
2017-05-30,469.0,299000.0,990000.0,1600000.0,514000.0,388000.0,152.0,1220000.0,436.0,482000.0,1090000.0,1150.0,81.0,508000.0,1750.0,1320.0,203000.0,673.0,270.0,22.8,335.0,21400.0,9550.0,2470.0,37.6,1150.0,36.9,15000.0,8960.0,154.0,23000.0
2017-05-31,426.0,300000.0,987000.0,1570000.0,507000.0,370000.0,144.0,1210000.0,408.0,480000.0,1080000.0,1120.0,65.6,501000.0,1680.0,1250.0,212000.0,668.0,264.0,18.4,330.0,17600.0,8770.0,2280.0,34.3,1120.0,40.2,14400.0,8200.0,151.0,21400.0
2017-06-01,395.0,302000.0,985000.0,1540000.0,502000.0,347000.0,136.0,1210000.0,386.0,477000.0,1070000.0,1070.0,56.1,497000.0,1610.0,1190.0,214000.0,658.0,258.0,16.2,323.0,17000.0,8530.0,2050.0,31.9,1070.0,62.5,13600.0,7630.0,145.0,19600.0
2017-06-02,375.0,304000.0,982000.0,1510000.0,499000.0,336000.0,130.0,1210000.0,367.0,475000.0,1060000.0,1020.0,49.0,492000.0,1560.0,1140.0,216000.0,644.0,254.0,15.0,319.0,14400.0,7600.0,1880.0,30.2,1020.0,80.5,12800.0,7000.0,143.0,18000.0
2017-06-03,355.0,306000.0,976000.0,1480000.0,495000.0,329000.0,124.0,1200000.0,348.0,472000.0,1030000.0,991.0,43.7,489000.0,1510.0,1100.0,212000.0,626.0,251.0,13.8,316.0,13400.0,7420.0,1790.0,28.9,991.0,47.1,10200.0,6290.0,141.0,16700.0
2017-06-04,339.0,306000.0,964000.0,1450000.0,491000.0,312000.0,120.0,1200000.0,332.0,467000.0,1040000.0,1060.0,39.3,487000.0,1480.0,1050.0,207000.0,596.0,248.0,30.4,313.0,12100.0,6440.0,1660.0,27.3,1060.0,38.5,9260.0,5980.0,138.0,16100.0
2017-06-05,325.0,305000.0,943000.0,1420000.0,493000.0,312000.0,115.0,1190000.0,318.0,462000.0,1030000.0,996.0,39.1,484000.0,1440.0,1010.0,201000.0,572.0,244.0,41.3,309.0,11900.0,6570.0,1610.0,25.4,996.0,36.3,9930.0,5470.0,136.0,14000.0
2017-06-06,299.0,302000.0,918000.0,1390000.0,490000.0,304000.0,107.0,1190000.0,299.0,453000.0,1080000.0,938.0,33.4,478000.0,1400.0,977.0,192000.0,553.0,239.0,23.6,304.0,12300.0,6070.0,1830.0,23.0,938.0,35.3,9740.0,4920.0,132.0,13700.0
2017-06-07,280.0,298000.0,889000.0,1360000.0,482000.0,302000.0,103.0,1180000.0,280.0,445000.0,1100000.0,895.0,28.2,470000.0,1360.0,941.0,183000.0,511.0,236.0,16.2,301.0,11200.0,5320.0,1910.0,21.9,895.0,33.7,8670.0,4620.0,127.0,12800.0
2017-06-08,271.0,291000.0,850000.0,1340000.0,474000.0,298000.0,100.0,1170000.0,268.0,434000.0,1070000.0,868.0,24.2,461000.0,1340.0,915.0,167000.0,455.0,235.0,13.0,299.0,11600.0,5310.0,1540.0,21.2,868.0,32.5,7900.0,4390.0,126.0,11600.0
2017-06-09,266.0,282000.0,805000.0,1310000.0,458000.0,301000.0,95.9,1160000.0,261.0,417000.0,1010000.0,856.0,21.5,449000.0,1310.0,886.0,162000.0,432.0,237.0,12.4,299.0,11000.0,4430.0,1390.0,20.2,856.0,32.9,7540.0,4230.0,126.0,11200.0
2017-06-10,255.0,270000.0,774000.0,1280000.0,441000.0,302000.0,89.3,1140000.0,252.0,398000.0,976000.0,836.0,19.3,432000.0,1290.0,851.0,153000.0,440.0,234.0,10.8,297.0,10800.0,4320.0,1320.0,18.6,836.0,32.4,6980.0,3820.0,125.0,10100.0
2017-06-11,243.0,257000.0,758000.0,1250000.0,423000.0,301000.0,84.1,1130000.0,238.0,381000.0,953000.0,833.0,17.8,413000.0,1270.0,825.0,146000.0,448.0,230.0,10.0,294.0,10000.0,4300.0,1210.0,17.2,833.0,37.6,7180.0,3970.0,123.0,9790.0
2017-06-12,233.0,244000.0,742000.0,1210000.0,412000.0,301000.0,80.6,1110000.0,227.0,362000.0,972000.0,1100.0,16.5,396000.0,1320.0,810.0,138000.0,453.0,227.0,9.57,298.0,11700.0,4040.0,1370.0,16.8,1100.0,39.8,11200.0,4370.0,123.0,9970.0
2017-06-13,227.0,233000.0,708000.0,1170000.0,392000.0,295000.0,79.0,1090000.0,217.0,343000.0,945000.0,1470.0,14.9,377000.0,1900.0,869.0,131000.0,476.0,234.0,9.02,311.0,10800.0,4230.0,2380.0,16.3,1470.0,38.2,25900.0,4520.0,124.0,9220.0
2017-06-14,221.0,224000.0,663000.0,1130000.0,370000.0,290000.0,78.0,1070000.0,211.0,326000.0,923000.0,1670.0,14.0,358000.0,1950.0,827.0,121000.0,559.0,238.0,9.72,297.0,15200.0,5080.0,4550.0,16.0,1670.0,39.7,35500.0,5530.0,126.0,9640.0
2017-06-15,224.0,223000.0,623000.0,1100000.0,350000.0,286000.0,85.5,1050000.0,207.0,319000.0,904000.0,1740.0,15.2,343000.0,1900.0,816.0,115000.0,559.0,295.0,71.8,293.0,19400.0,5470.0,6370.0,24.4,1740.0,40.1,38300.0,6400.0,130.0,10600.0
2017-06-16,239.0,219000.0,588000.0,1070000.0,340000.0,280000.0,155.0,1020000.0,210.0,316000.0,898000.0,1380.0,25.5,339000.0,1700.0,810.0,110000.0,549.0,239.0,23.1,293.0,23200.0,6070.0,7170.0,57.8,1380.0,42.9,33900.0,6380.0,125.0,10800.0
2017-06-17,270.0,179000.0,554000.0,1030000.0,333000.0,276000.0,298.0,995000.0,275.0,295000.0,871000.0,1480.0,24.6,327000.0,2440.0,815.0,111000.0,548.0,446.0,16.0,463.0,26300.0,6140.0,5090.0,183.0,1480.0,38.7,23300.0,6100.0,278.0,11100.0
2017-06-18,277.0,199000.0,529000.0,991000.0,321000.0,273000.0,1280.0,968000.0,818.0,293000.0,862000.0,1520.0,213.0,310000.0,1690.0,801.0,114000.0,545.0,307.0,59.3,309.0,29300.0,6260.0,4160.0,39.0,1520.0,45.6,19600.0,6170.0,154.0,11300.0
2017-06-19,266.0,216000.0,521000.0,949000.0,310000.0,265000.0,349.0,937000.0,1200.0,308000.0,829000.0,1430.0,94.1,318000.0,1560.0,774.0,119000.0,537.0,259.0,21.6,296.0,24200.0,6500.0,4970.0,30.8,1430.0,56.6,19800.0,5760.0,141.0,11400.0
2017-06-20,231.0,198000.0,519000.0,904000.0,305000.0,259000.0,375.0,910000.0,649.0,306000.0,790000.0,1310.0,36.2,326000.0,1480.0,762.0,125000.0,526.0,249.0,14.0,292.0,19700.0,6320.0,7250.0,25.9,1310.0,46.6,22000.0,5560.0,135.0,11400.0
2017-06-21,213.0,178000.0,520000.0,859000.0,303000.0,260000.0,226.0,893000.0,594.0,312000.0,768000.0,1200.0,21.8,326000.0,1420.0,738.0,128000.0,520.0,242.0,12.2,289.0,18600.0,6280.0,7250.0,29.1,1200.0,40.2,21500.0,4850.0,132.0,10700.0
2017-06-22,211.0,179000.0,528000.0,816000.0,300000.0,254000.0,189.0,859000.0,456.0,313000.0,746000.0,1160.0,16.1,332000.0,1410.0,740.0,127000.0,523.0,245.0,9.93,292.0,22000.0,5850.0,4780.0,26.8,1160.0,38.0,17400.0,4790.0,133.0,10600.0
2017-06-23,207.0,172000.0,555000.0,782000.0,304000.0,245000.0,175.0,814000.0,400.0,303000.0,710000.0,1470.0,12.9,330000.0,1720.0,790.0,130000.0,502.0,318.0,9.8,307.0,26300.0,5720.0,4300.0,111.0,1470.0,35.4,14700.0,4540.0,164.0,10100.0
2017-06-24,201.0,153000.0,587000.0,767000.0,307000.0,231000.0,147.0,776000.0,375.0,290000.0,694000.0,1650.0,10.5,317000.0,1670.0,768.0,130000.0,490.0,269.0,8.51,290.0,27000.0,5390.0,5860.0,29.3,1650.0,32.9,13700.0,4210.0,136.0,9780.0
2017-06-25,175.0,160000.0,613000.0,755000.0,300000.0,218000.0,130.0,744000.0,324.0,282000.0,670000.0,1710.0,8.88,302000.0,1610.0,740.0,133000.0,495.0,243.0,7.3,284.0,25700.0,5040.0,5260.0,22.6,1710.0,32.5,11900.0,3900.0,128.0,9320.0
2017-06-26,169.0,180000.0,629000.0,749000.0,296000.0,207000.0,121.0,717000.0,295.0,276000.0,632000.0,1470.0,7.94,293000.0,1480.0,715.0,135000.0,487.0,238.0,6.77,281.0,23000.0,4860.0,3370.0,20.1,1470.0,32.1,10900.0,3730.0,125.0,8980.0
2017-06-27,179.0,197000.0,632000.0,749000.0,292000.0,205000.0,115.0,694000.0,283.0,270000.0,618000.0,1170.0,7.35,286000.0,1410.0,695.0,136000.0,476.0,233.0,6.6,277.0,19700.0,4490.0,2710.0,18.6,1170.0,32.0,9970.0,3680.0,122.0,8470.0
2017-06-28,174.0,192000.0,636000.0,754000.0,290000.0,200000.0,248.0,676000.0,274.0,265000.0,600000.0,1060.0,6.52,280000.0,1430.0,790.0,135000.0,484.0,386.0,6.55,306.0,19200.0,4590.0,2410.0,310.0,1060.0,35.7,9430.0,3650.0,227.0,8260.0
2017-06-29,179.0,183000.0,643000.0,761000.0,284000.0,196000.0,312.0,668000.0,404.0,259000.0,601000.0,1220.0,8.94,274000.0,2870.0,1070.0,136000.0,497.0,1190.0,12.9,521.0,20500.0,4320.0,2180.0,55.7,1220.0,46.1,10300.0,3690.0,335.0,8210.0
2017-06-30,173.0,170000.0,650000.0,763000.0,278000.0,197000.0,157.0,664000.0,462.0,256000.0,589000.0,1410.0,8.89,269000.0,2020.0,927.0,137000.0,495.0,556.0,10.9,334.0,19600.0,4060.0,2170.0,34.2,1410.0,43.1,9970.0,4340.0,214.0,8340.0
2017-07-01,162.0,155000.0,654000.0,763000.0,274000.0,202000.0,130.0,657000.0,315.0,268000.0,588000.0,1240.0,8.86,268000.0,1790.0,1200.0,137000.0,504.0,431.0,7.47,323.0,18400.0,4080.0,2080.0,26.4,1240.0,80.6,9730.0,4820.0,186.0,8230.0
2017-07-02,150.0,171000.0,641000.0,772000.0,285000.0,205000.0,111.0,650000.0,271.0,339000.0,591000.0,1190.0,7.31,306000.0,1660.0,1440.0,142000.0,504.0,350.0,5.92,302.0,17100.0,4170.0,1910.0,21.3,1190.0,112.0,9970.0,4930.0,165.0,7670.0
2017-07-03,142.0,186000.0,606000.0,778000.0,340000.0,210000.0,103.0,646000.0,242.0,372000.0,581000.0,1020.0,6.48,364000.0,1540.0,1260.0,144000.0,500.0,328.0,5.49,294.0,14500.0,4050.0,1810.0,18.7,1020.0,55.7,8970.0,4830.0,163.0,7410.0
2017-07-04,142.0,193000.0,563000.0,780000.0,380000.0,214000.0,94.8,643000.0,228.0,372000.0,581000.0,940.0,5.77,383000.0,1460.0,1110.0,144000.0,496.0,310.0,5.35,288.0,12000.0,3950.0,1590.0,17.1,940.0,42.0,8330.0,4650.0,151.0,7300.0
2017-07-05,144.0,195000.0,553000.0,770000.0,388000.0,213000.0,117.0,641000.0,215.0,352000.0,576000.0,888.0,5.14,379000.0,1400.0,1010.0,137000.0,494.0,298.0,17.5,284.0,11500.0,3940.0,1490.0,60.3,888.0,36.6,7670.0,4320.0,145.0,7460.0
2017-07-06,262.0,212000.0,577000.0,752000.0,377000.0,211000.0,191.0,640000.0,225.0,340000.0,580000.0,861.0,4.81,365000.0,1340.0,932.0,129000.0,498.0,296.0,10.9,281.0,11300.0,3720.0,1390.0,17.7,861.0,34.1,7650.0,4170.0,145.0,7260.0
2017-07-07,145.0,197000.0,608000.0,729000.0,363000.0,206000.0,93.9,636000.0,297.0,325000.0,580000.0,885.0,5.1,354000.0,1300.0,870.0,124000.0,491.0,281.0,8.1,279.0,12000.0,3780.0,2620.0,14.6,885.0,30.9,7800.0,5380.0,138.0,7020.0
2017-07-08,128.0,170000.0,636000.0,708000.0,348000.0,197000.0,81.1,630000.0,201.0,302000.0,576000.0,827.0,4.29,332000.0,1260.0,812.0,109000.0,479.0,268.0,6.79,275.0,11800.0,3230.0,2190.0,12.7,827.0,29.2,7370.0,5930.0,133.0,6780.0
2017-07-09,119.0,164000.0,659000.0,701000.0,323000.0,184000.0,73.0,624000.0,178.0,276000.0,567000.0,793.0,3.63,307000.0,1230.0,771.0,104000.0,477.0,262.0,5.57,273.0,13300.0,3460.0,1730.0,11.5,793.0,29.7,7510.0,6080.0,132.0,6400.0
2017-07-10,194.0,150000.0,667000.0,715000.0,298000.0,170000.0,116.0,618000.0,211.0,251000.0,558000.0,933.0,3.22,280000.0,1210.0,778.0,97600.0,478.0,281.0,5.35,276.0,13000.0,3420.0,1800.0,175.0,933.0,30.9,7830.0,6060.0,140.0,6050.0
2017-07-11,276.0,140000.0,660000.0,738000.0,271000.0,163000.0,149.0,615000.0,257.0,233000.0,563000.0,1130.0,3.3,253000.0,1220.0,839.0,98300.0,464.0,275.0,4.44,275.0,12900.0,3100.0,1560.0,19.5,1130.0,30.5,7240.0,5890.0,136.0,6250.0
2017-07-12,220.0,139000.0,643000.0,761000.0,247000.0,169000.0,115.0,618000.0,307.0,223000.0,557000.0,1160.0,108.0,235000.0,1270.0,1080.0,92400.0,461.0,1840.0,3.99,276.0,12400.0,3870.0,1780.0,17.7,1160.0,194.0,8780.0,6520.0,372.0,5930.0
2017-07-13,182.0,135000.0,615000.0,772000.0,236000.0,179000.0,87.8,622000.0,268.0,220000.0,559000.0,1470.0,31.4,232000.0,1230.0,988.0,95800.0,466.0,604.0,3.7,270.0,12800.0,3390.0,3920.0,14.4,1470.0,223.0,12600.0,6480.0,202.0,6290.0
2017-07-14,178.0,118000.0,580000.0,773000.0,238000.0,195000.0,74.9,626000.0,208.0,226000.0,560000.0,1560.0,11.9,235000.0,1180.0,879.0,102000.0,451.0,412.0,3.75,266.0,12000.0,3450.0,5500.0,12.0,1560.0,71.5,13800.0,5970.0,163.0,6500.0
2017-07-15,136.0,124000.0,546000.0,766000.0,237000.0,196000.0,68.7,627000.0,180.0,221000.0,573000.0,1580.0,7.28,230000.0,1150.0,808.0,111000.0,437.0,374.0,3.57,266.0,11900.0,3410.0,3600.0,10.7,1580.0,46.3,10100.0,5540.0,153.0,6330.0
2017-07-16,125.0,150000.0,518000.0,747000.0,234000.0,198000.0,65.5,626000.0,166.0,228000.0,577000.0,1300.0,5.43,233000.0,1130.0,760.0,106000.0,427.0,354.0,3.32,266.0,13300.0,3440.0,2390.0,10.2,1300.0,37.3,9030.0,5160.0,146.0,6070.0
2017-07-17,123.0,137000.0,502000.0,719000.0,242000.0,195000.0,61.8,620000.0,156.0,249000.0,568000.0,1010.0,4.02,246000.0,1100.0,721.0,97100.0,422.0,336.0,3.34,264.0,14000.0,3420.0,1970.0,9.08,1010.0,33.1,7540.0,4880.0,140.0,5910.0
2017-07-18,112.0,123000.0,496000.0,687000.0,254000.0,174000.0,54.1,608000.0,154.0,242000.0,566000.0,926.0,2.59,252000.0,1070.0,694.0,91900.0,440.0,322.0,3.22,263.0,13300.0,4230.0,1630.0,21.7,926.0,31.7,6800.0,4930.0,136.0,6480.0
2017-07-19,131.0,101000.0,498000.0,655000.0,252000.0,180000.0,50.3,590000.0,173.0,225000.0,555000.0,976.0,1.98,243000.0,1080.0,699.0,87900.0,418.0,319.0,2.93,265.0,12000.0,4150.0,1540.0,17.6,976.0,32.5,7080.0,5150.0,139.0,7330.0
2017-07-20,156.0,101000.0,508000.0,626000.0,238000.0,180000.0,46.2,565000.0,138.0,209000.0,529000.0,3240.0,8.38,226000.0,1630.0,724.0,91800.0,385.0,714.0,2.87,312.0,14800.0,3780.0,7240.0,51.9,3240.0,38.9,6790.0,5140.0,1120.0,7140.0
2017-07-21,116.0,91900.0,517000.0,604000.0,223000.0,165000.0,45.8,544000.0,129.0,196000.0,514000.0,5690.0,7.0,213000.0,1300.0,697.0,91700.0,352.0,1500.0,2.74,283.0,20300.0,3820.0,5300.0,198.0,5690.0,35.3,6370.0,5130.0,1650.0,6890.0
2017-07-22,161.0,95200.0,515000.0,587000.0,210000.0,157000.0,998.0,526000.0,186.0,191000.0,500000.0,4300.0,5.15,201000.0,1230.0,760.0,100000.0,384.0,8370.0,2.58,290.0,20900.0,3860.0,2770.0,1540.0,4300.0,32.8,6230.0,4840.0,1960.0,7010.0
2017-07-23,186.0,95000.0,495000.0,580000.0,201000.0,158000.0,321.0,510000.0,1120.0,194000.0,486000.0,3740.0,3.06,198000.0,1240.0,1510.0,120000.0,381.0,1250.0,3.92,274.0,19200.0,3910.0,2110.0,135.0,3740.0,30.5,5900.0,4870.0,492.0,7010.0
2017-07-24,132.0,130000.0,463000.0,578000.0,201000.0,158000.0,167.0,499000.0,553.0,203000.0,482000.0,2880.0,1.76,201000.0,1350.0,2080.0,146000.0,373.0,739.0,4.63,266.0,16400.0,3440.0,1710.0,60.2,2880.0,29.2,5800.0,4900.0,363.0,6910.0
2017-07-25,109.0,177000.0,435000.0,576000.0,207000.0,154000.0,125.0,488000.0,356.0,222000.0,476000.0,2050.0,1.13,215000.0,1260.0,1450.0,163000.0,364.0,620.0,2.83,264.0,13400.0,3430.0,1510.0,43.5,2050.0,29.2,5860.0,4900.0,302.0,6530.0
2017-07-26,103.0,199000.0,422000.0,566000.0,224000.0,154000.0,108.0,486000.0,292.0,241000.0,458000.0,1420.0,0.9,235000.0,1270.0,1160.0,175000.0,357.0,566.0,2.64,268.0,12100.0,3920.0,1360.0,167.0,1420.0,33.0,5890.0,4660.0,268.0,6050.0
2017-07-27,137.0,213000.0,423000.0,546000.0,244000.0,149000.0,128.0,484000.0,416.0,255000.0,453000.0,1410.0,1.38,252000.0,1210.0,1000.0,180000.0,344.0,533.0,12.9,267.0,12800.0,3440.0,1270.0,171.0,1410.0,37.2,5900.0,4320.0,248.0,6300.0
2017-07-28,125.0,226000.0,439000.0,521000.0,261000.0,143000.0,95.2,469000.0,358.0,267000.0,452000.0,1250.0,1.19,266000.0,1130.0,872.0,179000.0,336.0,490.0,10.3,261.0,12300.0,3110.0,1370.0,59.3,1250.0,33.8,5260.0,4290.0,221.0,6280.0
2017-07-29,101.0,227000.0,464000.0,506000.0,274000.0,141000.0,82.2,449000.0,265.0,274000.0,463000.0,1110.0,0.81,279000.0,1080.0,782.0,170000.0,327.0,462.0,5.66,257.0,12000.0,3060.0,1320.0,39.1,1110.0,30.9,5070.0,4100.0,205.0,5810.0
2017-07-30,91.0,226000.0,489000.0,500000.0,285000.0,137000.0,73.6,437000.0,224.0,294000.0,424000.0,1020.0,0.65,290000.0,1040.0,717.0,154000.0,321.0,442.0,4.13,256.0,10900.0,2900.0,1180.0,30.6,1020.0,29.0,5040.0,3760.0,195.0,5470.0
2017-07-31,84.3,220000.0,508000.0,502000.0,303000.0,128000.0,67.3,429000.0,200.0,312000.0,410000.0,959.0,0.74,317000.0,1010.0,662.0,134000.0,317.0,427.0,3.43,254.0,12600.0,2520.0,1120.0,25.9,959.0,28.3,4920.0,3620.0,187.0,5260.0
2017-08-01,81.7,203000.0,519000.0,505000.0,320000.0,123000.0,62.6,415000.0,183.0,284000.0,403000.0,919.0,0.89,315000.0,978.0,620.0,65900.0,312.0,417.0,3.37,254.0,11000.0,2650.0,1090.0,23.1,919.0,27.1,4690.0,3250.0,181.0,4960.0
2017-08-02,78.5,136000.0,528000.0,518000.0,302000.0,119000.0,58.1,412000.0,170.0,248000.0,391000.0,897.0,0.7,284000.0,967.0,588.0,66900.0,309.0,408.0,3.04,254.0,10300.0,2180.0,1180.0,20.7,897.0,26.4,4660.0,3180.0,177.0,4690.0
2017-08-03,75.4,150000.0,541000.0,534000.0,269000.0,121000.0,53.4,418000.0,160.0,222000.0,390000.0,937.0,2.79,248000.0,957.0,572.0,67400.0,316.0,423.0,2.89,254.0,8480.0,3320.0,1180.0,19.1,937.0,28.4,4710.0,3270.0,184.0,4860.0
2017-08-04,74.7,152000.0,552000.0,548000.0,241000.0,128000.0,48.9,424000.0,148.0,220000.0,408000.0,1210.0,1.43,231000.0,972.0,566.0,68900.0,325.0,419.0,2.88,260.0,8170.0,3450.0,1210.0,17.3,1210.0,29.6,5040.0,4860.0,180.0,5850.0
2017-08-05,74.5,125000.0,549000.0,559000.0,231000.0,130000.0,45.8,429000.0,138.0,212000.0,402000.0,1070.0,0.73,226000.0,975.0,538.0,68500.0,329.0,388.0,2.74,254.0,8180.0,3670.0,1320.0,16.1,1070.0,30.7,5400.0,5620.0,168.0,5820.0
2017-08-06,71.2,101000.0,528000.0,571000.0,223000.0,132000.0,43.9,436000.0,129.0,197000.0,403000.0,969.0,0.61,216000.0,944.0,522.0,68600.0,329.0,380.0,3.91,254.0,8150.0,3300.0,1250.0,15.6,969.0,30.9,6570.0,6070.0,164.0,6050.0
2017-08-07,68.0,78300.0,489000.0,583000.0,210000.0,134000.0,41.3,440000.0,123.0,168000.0,402000.0,902.0,0.69,197000.0,926.0,506.0,67300.0,327.0,371.0,4.29,253.0,9010.0,3850.0,1260.0,14.8,902.0,37.3,6360.0,5890.0,160.0,6130.0
2017-08-08,64.9,86900.0,443000.0,596000.0,187000.0,138000.0,38.3,451000.0,117.0,167000.0,399000.0,856.0,0.71,170000.0,904.0,491.0,66600.0,326.0,360.0,3.68,250.0,8520.0,3290.0,1230.0,13.3,856.0,35.0,5260.0,5420.0,154.0,6100.0
2017-08-09,62.6,102000.0,400000.0,608000.0,173000.0,136000.0,36.9,463000.0,109.0,213000.0,402000.0,831.0,0.55,182000.0,890.0,478.0,66700.0,331.0,356.0,3.19,248.0,9170.0,3120.0,1210.0,12.1,831.0,32.1,4950.0,4930.0,151.0,6200.0
2017-08-10,62.8,99600.0,371000.0,603000.0,203000.0,146000.0,36.1,471000.0,102.0,216000.0,403000.0,839.0,0.53,221000.0,881.0,469.0,65200.0,369.0,353.0,3.22,249.0,7510.0,2970.0,1160.0,11.2,839.0,31.1,5190.0,4880.0,151.0,6390.0
2017-08-11,65.0,99400.0,352000.0,581000.0,227000.0,135000.0,34.7,478000.0,98.2,194000.0,418000.0,849.0,128.0,216000.0,877.0,458.0,68700.0,375.0,346.0,3.53,247.0,6860.0,3010.0,1090.0,10.7,849.0,30.8,5520.0,4830.0,148.0,5820.0
2017-08-12,59.2,93800.0,340000.0,545000.0,214000.0,123000.0,32.9,486000.0,94.3,180000.0,446000.0,823.0,141.0,197000.0,866.0,446.0,69400.0,371.0,341.0,3.6,245.0,7410.0,2480.0,1050.0,9.8,823.0,30.3,6440.0,5160.0,146.0,5600.0
2017-08-13,56.3,88000.0,343000.0,509000.0,198000.0,106000.0,31.9,474000.0,87.5,174000.0,438000.0,791.0,22.6,184000.0,854.0,436.0,69600.0,376.0,336.0,3.06,244.0,6800.0,3140.0,976.0,8.92,791.0,29.0,6340.0,5200.0,145.0,5340.0
2017-08-14,55.1,89700.0,350000.0,481000.0,188000.0,92900.0,31.4,460000.0,84.5,169000.0,434000.0,777.0,9.96,177000.0,850.0,439.0,69700.0,388.0,339.0,3.79,247.0,7090.0,3550.0,956.0,12.5,777.0,29.1,5620.0,4750.0,146.0,5290.0
2017-08-15,54.7,89000.0,353000.0,463000.0,182000.0,87500.0,29.2,443000.0,81.7,169000.0,410000.0,779.0,5.81,174000.0,848.0,438.0,67100.0,385.0,339.0,3.13,252.0,6360.0,4150.0,924.0,9.04,779.0,28.7,5340.0,4450.0,146.0,6260.0
2017-08-16,54.0,80000.0,354000.0,466000.0,179000.0,83300.0,28.5,428000.0,77.9,161000.0,377000.0,800.0,3.29,171000.0,852.0,435.0,61600.0,392.0,338.0,47.6,254.0,6890.0,3990.0,943.0,8.71,800.0,32.5,6090.0,4670.0,146.0,7270.0
2017-08-17,53.4,65900.0,347000.0,476000.0,176000.0,83300.0,27.9,418000.0,72.2,152000.0,366000.0,1030.0,1.77,168000.0,990.0,469.0,57700.0,483.0,344.0,69.0,279.0,6870.0,6420.0,1130.0,7.92,1030.0,206.0,7340.0,5040.0,148.0,8220.0
2017-08-18,53.8,60100.0,342000.0,494000.0,171000.0,83900.0,26.4,415000.0,68.3,138000.0,364000.0,1060.0,1.03,154000.0,1000.0,475.0,57700.0,483.0,336.0,14.0,261.0,7530.0,8400.0,1460.0,7.02,1060.0,218.0,9140.0,5690.0,146.0,9980.0
2017-08-19,55.8,62900.0,334000.0,506000.0,156000.0,85800.0,24.6,419000.0,65.7,135000.0,370000.0,962.0,0.68,141000.0,903.0,443.0,59700.0,458.0,326.0,8.42,252.0,8000.0,8670.0,1410.0,7.08,962.0,74.2,11000.0,6290.0,140.0,12800.0
2017-08-20,52.0,70200.0,323000.0,504000.0,147000.0,86500.0,23.5,427000.0,60.0,142000.0,378000.0,885.0,144.0,139000.0,867.0,426.0,61300.0,438.0,320.0,5.92,248.0,7020.0,8350.0,1340.0,6.13,885.0,45.8,10400.0,6540.0,137.0,13100.0
2017-08-21,54.0,67700.0,319000.0,496000.0,147000.0,84600.0,24.3,434000.0,61.9,150000.0,386000.0,815.0,144.0,147000.0,851.0,416.0,64700.0,423.0,320.0,4.79,247.0,7100.0,8250.0,1230.0,8.74,815.0,38.5,9170.0,6300.0,138.0,13400.0
2017-08-22,68.6,66300.0,311000.0,472000.0,155000.0,89400.0,29.0,432000.0,73.1,148000.0,375000.0,792.0,144.0,152000.0,862.0,423.0,66800.0,409.0,320.0,14.3,254.0,6600.0,9090.0,1130.0,6.81,792.0,31.7,8200.0,5940.0,137.0,13500.0
2017-08-23,79.2,66300.0,304000.0,449000.0,157000.0,81100.0,26.7,420000.0,67.1,153000.0,372000.0,757.0,275.0,152000.0,848.0,414.0,67200.0,398.0,311.0,8.54,247.0,7520.0,8990.0,1090.0,5.54,757.0,39.9,7030.0,5540.0,132.0,14600.0
2017-08-24,62.8,63900.0,306000.0,433000.0,160000.0,80900.0,23.8,414000.0,63.9,182000.0,360000.0,730.0,46.8,160000.0,829.0,402.0,68000.0,406.0,306.0,5.5,244.0,6570.0,7840.0,1040.0,4.96,730.0,38.6,6680.0,5060.0,131.0,14700.0
2017-08-25,53.4,62400.0,304000.0,420000.0,178000.0,85300.0,21.7,400000.0,54.1,254000.0,354000.0,712.0,18.0,210000.0,815.0,395.0,67300.0,401.0,303.0,4.3,242.0,7850.0,7670.0,1020.0,4.57,712.0,31.2,6490.0,4640.0,129.0,13600.0
2017-08-26,51.7,60200.0,302000.0,414000.0,245000.0,86400.0,20.9,383000.0,49.9,253000.0,348000.0,710.0,10.0,266000.0,810.0,388.0,67600.0,418.0,303.0,3.6,242.0,5750.0,7630.0,1020.0,4.3,710.0,33.8,6660.0,4400.0,129.0,14600.0
2017-08-27,56.4,57500.0,306000.0,406000.0,271000.0,89000.0,20.6,370000.0,49.6,226000.0,337000.0,726.0,6.87,254000.0,804.0,385.0,68800.0,448.0,311.0,3.27,244.0,6070.0,8260.0,1010.0,5.19,726.0,49.1,6970.0,4810.0,136.0,14500.0
2017-08-28,65.7,58100.0,324000.0,398000.0,251000.0,87200.0,22.4,362000.0,49.2,211000.0,323000.0,743.0,6.2,232000.0,799.0,380.0,69700.0,439.0,343.0,5.08,242.0,5990.0,8440.0,997.0,16.1,743.0,61.9,9520.0,5730.0,177.0,14700.0
2017-08-29,107.0,63900.0,352000.0,388000.0,232000.0,82200.0,21.2,361000.0,56.4,199000.0,329000.0,742.0,3.95,219000.0,792.0,374.0,70800.0,426.0,309.0,4.2,242.0,6070.0,8350.0,1020.0,7.47,742.0,51.5,9960.0,7070.0,136.0,14900.0
2017-08-30,74.5,71000.0,366000.0,380000.0,218000.0,76500.0,20.5,354000.0,60.6,196000.0,322000.0,749.0,3.78,207000.0,782.0,371.0,70000.0,421.0,303.0,3.36,242.0,6770.0,8610.0,995.0,4.67,749.0,17.3,8990.0,7250.0,131.0,14400.0
2017-08-31,60.6,77500.0,372000.0,393000.0,210000.0,69700.0,17.3,347000.0,48.7,194000.0,331000.0,769.0,1.47,204000.0,770.0,363.0,69900.0,412.0,298.0,3.06,240.0,6950.0,8340.0,1030.0,4.03,769.0,6.46,7980.0,7110.0,129.0,14800.0
2017-09-01,55.1,85800.0,395000.0,411000.0,208000.0,52900.0,15.7,357000.0,44.2,189000.0,308000.0,720.0,0.76,201000.0,760.0,354.0,76300.0,413.0,294.0,2.82,237.0,7120.0,8020.0,1090.0,3.51,720.0,16.9,8230.0,6550.0,126.0,14600.0
2017-09-02,52.2,96400.0,406000.0,434000.0,203000.0,46200.0,15.8,377000.0,41.1,184000.0,326000.0,699.0,0.82,194000.0,751.0,351.0,71500.0,450.0,293.0,2.73,238.0,8510.0,7350.0,1040.0,3.24,699.0,24.5,7530.0,6120.0,126.0,14000.0
2017-09-03,59.3,86500.0,421000.0,461000.0,197000.0,51700.0,15.6,393000.0,39.3,179000.0,336000.0,737.0,0.73,190000.0,746.0,349.0,74600.0,442.0,296.0,2.85,240.0,8210.0,7030.0,1050.0,3.16,737.0,26.9,7120.0,5530.0,132.0,13700.0
2017-09-04,61.7,88500.0,426000.0,478000.0,192000.0,65800.0,15.1,409000.0,37.2,169000.0,344000.0,713.0,0.68,181000.0,739.0,341.0,74700.0,437.0,293.0,9.1,238.0,7250.0,6470.0,1040.0,2.91,713.0,27.1,7740.0,5290.0,128.0,13000.0
2017-09-05,54.5,83400.0,456000.0,491000.0,183000.0,79600.0,14.6,422000.0,36.6,167000.0,364000.0,684.0,0.49,174000.0,732.0,332.0,74700.0,433.0,289.0,13.7,237.0,6520.0,5860.0,1070.0,2.8,684.0,26.8,7580.0,4870.0,124.0,12400.0
2017-09-06,48.2,82500.0,487000.0,506000.0,178000.0,89100.0,14.1,428000.0,35.6,164000.0,384000.0,666.0,0.5,171000.0,723.0,329.0,74000.0,416.0,285.0,5.92,236.0,6440.0,5620.0,1250.0,2.77,666.0,26.8,6800.0,4660.0,124.0,11300.0
2017-09-07,44.8,84200.0,474000.0,518000.0,174000.0,96300.0,13.8,433000.0,34.3,163000.0,381000.0,655.0,0.35,168000.0,719.0,327.0,73800.0,405.0,285.0,4.56,235.0,6750.0,5120.0,1200.0,2.42,655.0,26.9,7170.0,4340.0,124.0,10900.0
2017-09-08,43.8,88000.0,437000.0,531000.0,172000.0,102000.0,13.4,438000.0,33.1,160000.0,384000.0,647.0,0.3,166000.0,715.0,323.0,74800.0,394.0,283.0,4.02,235.0,6770.0,4860.0,1130.0,2.37,647.0,26.7,7830.0,4160.0,124.0,9710.0
2017-09-09,42.4,86300.0,402000.0,541000.0,170000.0,112000.0,12.6,442000.0,31.8,154000.0,381000.0,637.0,0.28,163000.0,710.0,319.0,75100.0,373.0,278.0,3.72,233.0,7200.0,4740.0,1120.0,2.28,637.0,26.2,6920.0,4080.0,120.0,9060.0
2017-09-10,41.2,86900.0,374000.0,537000.0,165000.0,121000.0,12.2,447000.0,30.6,149000.0,383000.0,625.0,0.25,157000.0,706.0,315.0,73100.0,371.0,276.0,3.39,232.0,6830.0,4020.0,1110.0,2.08,625.0,26.0,6450.0,3860.0,118.0,8640.0
2017-09-11,40.3,81900.0,356000.0,520000.0,159000.0,125000.0,11.6,445000.0,29.3,143000.0,416000.0,618.0,0.2,151000.0,703.0,314.0,68400.0,367.0,275.0,2.85,231.0,6260.0,4270.0,1120.0,2.02,618.0,26.0,6600.0,3880.0,118.0,8480.0
2017-09-12,40.0,76100.0,348000.0,496000.0,153000.0,126000.0,11.3,434000.0,28.3,137000.0,405000.0,612.0,0.2,145000.0,698.0,309.0,64500.0,359.0,277.0,2.94,232.0,6480.0,3660.0,1070.0,1.94,612.0,26.1,7220.0,3740.0,119.0,8040.0
2017-09-13,39.1,68800.0,343000.0,470000.0,148000.0,122000.0,11.2,414000.0,27.1,131000.0,368000.0,608.0,0.18,139000.0,695.0,308.0,63900.0,358.0,279.0,2.93,232.0,6740.0,3770.0,1060.0,1.82,608.0,26.1,6700.0,3380.0,120.0,7130.0
2017-09-14,38.4,72000.0,335000.0,449000.0,141000.0,115000.0,10.8,397000.0,26.3,125000.0,353000.0,603.0,0.19,133000.0,694.0,304.0,60000.0,348.0,277.0,3.18,232.0,6500.0,3440.0,1030.0,1.79,603.0,26.1,6230.0,3410.0,119.0,6710.0
2017-09-15,37.9,65800.0,317000.0,434000.0,135000.0,105000.0,10.3,382000.0,25.3,126000.0,337000.0,597.0,0.23,129000.0,692.0,299.0,58100.0,361.0,275.0,3.04,230.0,5640.0,3760.0,981.0,1.65,597.0,25.9,6270.0,3280.0,118.0,6920.0
2017-09-16,36.7,68800.0,301000.0,421000.0,132000.0,92400.0,9.94,372000.0,24.7,120000.0,334000.0,598.0,0.23,126000.0,687.0,294.0,56400.0,414.0,271.0,3.2,230.0,5820.0,4240.0,955.0,1.55,598.0,27.4,6430.0,3210.0,117.0,6610.0
2017-09-17,35.8,63600.0,293000.0,407000.0,129000.0,85700.0,9.49,367000.0,23.6,116000.0,326000.0,602.0,0.2,123000.0,685.0,294.0,56400.0,398.0,276.0,3.59,230.0,5930.0,3620.0,944.0,1.43,602.0,35.1,6550.0,3210.0,127.0,6820.0
2017-09-18,36.1,65700.0,282000.0,390000.0,126000.0,86100.0,9.58,359000.0,23.4,114000.0,316000.0,600.0,0.23,118000.0,684.0,294.0,53600.0,382.0,278.0,4.25,229.0,5900.0,4120.0,930.0,1.74,600.0,35.1,5910.0,3200.0,122.0,6820.0
2017-09-19,42.0,69400.0,262000.0,373000.0,123000.0,93200.0,9.96,345000.0,22.9,119000.0,307000.0,615.0,0.23,116000.0,700.0,297.0,51600.0,368.0,272.0,5.32,236.0,5780.0,3950.0,940.0,2.63,615.0,42.1,5970.0,3150.0,119.0,6580.0
2017-09-20,45.3,60000.0,247000.0,359000.0,122000.0,87800.0,9.54,322000.0,22.9,114000.0,299000.0,607.0,0.2,119000.0,718.0,299.0,43200.0,405.0,272.0,4.61,233.0,5700.0,4370.0,923.0,215.0,607.0,40.8,6450.0,3320.0,119.0,6750.0
2017-09-21,40.0,57000.0,245000.0,347000.0,123000.0,81800.0,10.1,311000.0,583.0,115000.0,286000.0,595.0,0.19,116000.0,706.0,297.0,54100.0,398.0,270.0,3.55,231.0,5960.0,4460.0,905.0,631.0,595.0,33.2,6520.0,3480.0,119.0,7350.0
2017-09-22,30.8,63500.0,248000.0,331000.0,121000.0,88400.0,8.92,307000.0,120.0,117000.0,282000.0,582.0,0.16,116000.0,692.0,290.0,56100.0,390.0,266.0,3.08,229.0,6280.0,4850.0,900.0,28.3,582.0,30.1,5880.0,3760.0,117.0,7180.0
2017-09-23,28.6,63900.0,249000.0,316000.0,121000.0,90900.0,8.72,292000.0,46.5,124000.0,266000.0,576.0,0.18,120000.0,680.0,289.0,52900.0,392.0,263.0,2.95,228.0,6510.0,5890.0,869.0,13.2,576.0,28.5,5730.0,4180.0,115.0,7390.0
2017-09-24,28.7,62200.0,243000.0,304000.0,125000.0,87700.0,8.28,278000.0,31.1,126000.0,254000.0,569.0,0.17,124000.0,674.0,286.0,52400.0,444.0,262.0,2.82,228.0,6640.0,7650.0,810.0,8.95,569.0,27.5,7520.0,5450.0,115.0,9210.0
2017-09-25,29.9,68200.0,235000.0,298000.0,128000.0,92300.0,8.41,265000.0,26.2,122000.0,250000.0,572.0,0.16,125000.0,692.0,291.0,51800.0,494.0,269.0,2.91,230.0,6610.0,9080.0,781.0,9.86,572.0,27.0,7010.0,6410.0,114.0,11200.0
2017-09-26,29.0,60800.0,234000.0,292000.0,128000.0,92500.0,7.98,253000.0,23.2,122000.0,238000.0,600.0,0.14,123000.0,692.0,332.0,51500.0,548.0,414.0,6.21,237.0,6540.0,11300.0,795.0,7.27,600.0,28.5,7320.0,7360.0,117.0,12800.0
2017-09-27,27.6,64900.0,232000.0,285000.0,127000.0,89300.0,7.76,243000.0,23.9,113000.0,232000.0,583.0,0.19,119000.0,705.0,303.0,49600.0,579.0,297.0,5.34,231.0,6480.0,11700.0,790.0,6.14,583.0,27.0,7520.0,7920.0,117.0,15300.0
2017-09-28,26.2,66300.0,226000.0,279000.0,122000.0,91800.0,8.26,239000.0,21.0,116000.0,226000.0,572.0,0.19,114000.0,691.0,290.0,53800.0,576.0,273.0,2.35,229.0,6380.0,12800.0,776.0,5.56,572.0,26.4,7610.0,8540.0,114.0,15900.0
2017-09-29,26.4,68400.0,225000.0,274000.0,119000.0,92400.0,7.73,234000.0,18.8,121000.0,217000.0,564.0,0.18,116000.0,683.0,287.0,52500.0,566.0,269.0,1.51,227.0,6290.0,12900.0,763.0,5.69,564.0,26.3,7600.0,8110.0,114.0,17100.0
2017-09-30,25.7,61700.0,219000.0,267000.0,122000.0,92300.0,7.82,228000.0,18.0,115000.0,216000.0,559.0,0.16,119000.0,670.0,281.0,53300.0,551.0,264.0,1.44,226.0,6820.0,12300.0,756.0,5.48,559.0,25.8,7690.0,7360.0,112.0,17200.0
2017-10-01,25.6,58400.0,206000.0,263000.0,122000.0,90900.0,7.71,225000.0,17.9,111000.0,191000.0,555.0,0.14,115000.0,667.0,280.0,56500.0,551.0,264.0,1.25,227.0,6160.0,12300.0,753.0,5.2,555.0,25.8,7190.0,6910.0,113.0,17000.0
2017-10-02,25.6,57400.0,197000.0,257000.0,118000.0,87700.0,7.52,237000.0,17.3,114000.0,208000.0,564.0,0.16,112000.0,671.0,282.0,54000.0,567.0,265.0,1.33,229.0,6710.0,13100.0,761.0,5.17,564.0,29.4,6760.0,6590.0,113.0,17600.0
2017-10-03,25.4,68700.0,196000.0,250000.0,117000.0,76600.0,8.22,239000.0,16.3,120000.0,199000.0,570.0,0.18,115000.0,683.0,289.0,55200.0,590.0,264.0,1.46,230.0,7040.0,15000.0,761.0,5.06,570.0,30.8,7530.0,8250.0,113.0,21600.0
2017-10-04,27.8,68200.0,200000.0,242000.0,121000.0,79300.0,8.48,234000.0,16.8,124000.0,205000.0,635.0,0.18,121000.0,690.0,307.0,58300.0,599.0,280.0,3.25,231.0,6250.0,16700.0,800.0,4.8,635.0,31.2,8130.0,13500.0,135.0,24200.0
2017-10-05,27.6,71800.0,202000.0,236000.0,126000.0,75700.0,8.37,227000.0,17.2,128000.0,204000.0,634.0,0.25,124000.0,675.0,291.0,61300.0,594.0,267.0,3.24,229.0,5880.0,17400.0,844.0,4.84,634.0,29.8,9350.0,19500.0,120.0,26400.0
2017-10-06,29.8,78800.0,196000.0,237000.0,129000.0,75600.0,9.99,220000.0,18.6,135000.0,184000.0,646.0,9.57,129000.0,726.0,325.0,61600.0,593.0,277.0,2.72,246.0,5950.0,18000.0,866.0,25.5,646.0,31.1,8420.0,24500.0,128.0,27900.0
2017-10-07,32.2,78500.0,191000.0,236000.0,135000.0,76600.0,10.6,225000.0,23.4,138000.0,156000.0,1050.0,6.89,135000.0,942.0,459.0,61800.0,608.0,320.0,3.01,480.0,6510.0,17700.0,1120.0,17.1,1050.0,113.0,10300.0,25200.0,149.0,29500.0
2017-10-08,31.7,74100.0,193000.0,240000.0,140000.0,75500.0,9.95,229000.0,23.2,131000.0,209000.0,1360.0,3.5,138000.0,1120.0,841.0,68600.0,624.0,316.0,2.99,538.0,7420.0,17500.0,1820.0,7.22,1360.0,156.0,14900.0,23300.0,139.0,30600.0
2017-10-09,30.3,88300.0,201000.0,245000.0,140000.0,75300.0,8.97,218000.0,20.6,134000.0,189000.0,1270.0,2.04,133000.0,1320.0,1420.0,73300.0,633.0,277.0,2.37,309.0,8670.0,16500.0,2920.0,5.67,1270.0,63.5,17700.0,20500.0,124.0,31800.0
2017-10-10,35.2,95400.0,216000.0,243000.0,138000.0,74600.0,12.1,216000.0,20.8,149000.0,189000.0,996.0,4.34,139000.0,1320.0,1450.0,76100.0,638.0,278.0,4.83,275.0,10500.0,15800.0,2850.0,154.0,996.0,42.4,18300.0,18000.0,129.0,32400.0
2017-10-11,113.0,96500.0,238000.0,242000.0,148000.0,78500.0,39.7,213000.0,142.0,181000.0,191000.0,853.0,186.0,157000.0,1200.0,1150.0,78600.0,652.0,488.0,4.36,290.0,11900.0,15000.0,2440.0,112.0,853.0,35.1,17300.0,15300.0,209.0,32100.0
2017-10-12,117.0,109000.0,264000.0,250000.0,173000.0,77900.0,19.1,209000.0,142.0,220000.0,182000.0,738.0,109.0,198000.0,1110.0,969.0,93900.0,676.0,325.0,3.02,281.0,12200.0,14000.0,2020.0,20.7,738.0,32.0,13300.0,12600.0,145.0,31500.0
2017-10-13,53.6,116000.0,292000.0,263000.0,216000.0,82100.0,12.3,211000.0,81.5,225000.0,187000.0,697.0,24.9,232000.0,1090.0,967.0,101000.0,696.0,296.0,2.38,270.0,11400.0,12900.0,1690.0,14.1,697.0,30.0,9590.0,10800.0,134.0,30200.0
2017-10-14,84.8,112000.0,316000.0,274000.0,238000.0,84800.0,47.7,211000.0,325.0,216000.0,181000.0,682.0,11.7,234000.0,1110.0,906.0,107000.0,708.0,304.0,2.0,273.0,9880.0,11900.0,1630.0,519.0,682.0,30.2,9570.0,9460.0,140.0,28600.0
2017-10-15,740.0,107000.0,348000.0,287000.0,235000.0,85900.0,297.0,217000.0,1250.0,222000.0,192000.0,749.0,156.0,228000.0,1110.0,842.0,125000.0,726.0,367.0,21.5,277.0,9180.0,11300.0,1650.0,171.0,749.0,36.0,8560.0,8660.0,151.0,27000.0
2017-10-16,298.0,117000.0,373000.0,311000.0,235000.0,82800.0,56.2,221000.0,620.0,238000.0,223000.0,767.0,247.0,239000.0,1060.0,879.0,132000.0,726.0,307.0,5.52,269.0,9770.0,10800.0,1580.0,59.2,767.0,43.5,8790.0,8310.0,133.0,25200.0
2017-10-17,96.4,154000.0,376000.0,344000.0,249000.0,92400.0,32.2,235000.0,274.0,254000.0,209000.0,733.0,56.3,254000.0,1040.0,886.0,130000.0,725.0,286.0,3.38,262.0,10400.0,10500.0,1530.0,40.0,733.0,37.2,9960.0,8280.0,127.0,23700.0
2017-10-18,65.7,166000.0,370000.0,368000.0,265000.0,101000.0,24.5,249000.0,186.0,259000.0,217000.0,684.0,24.9,266000.0,1020.0,807.0,132000.0,722.0,278.0,2.43,257.0,9430.0,9690.0,1390.0,32.2,684.0,32.9,10200.0,7860.0,123.0,22600.0
2017-10-19,53.4,168000.0,370000.0,386000.0,274000.0,105000.0,21.1,263000.0,143.0,257000.0,224000.0,656.0,13.0,269000.0,992.0,741.0,129000.0,713.0,273.0,2.12,253.0,7460.0,8770.0,1330.0,28.0,656.0,30.4,9310.0,7090.0,120.0,21300.0
2017-10-20,46.9,177000.0,377000.0,402000.0,274000.0,107000.0,18.3,274000.0,119.0,253000.0,233000.0,632.0,8.9,267000.0,968.0,683.0,129000.0,710.0,268.0,1.92,249.0,6650.0,9040.0,1300.0,23.1,632.0,29.3,8910.0,6720.0,118.0,19200.0
2017-10-21,42.2,172000.0,382000.0,406000.0,270000.0,108000.0,16.0,288000.0,103.0,246000.0,222000.0,621.0,6.56,263000.0,958.0,644.0,128000.0,709.0,267.0,1.87,251.0,8350.0,8390.0,1280.0,22.2,621.0,30.4,7930.0,6300.0,118.0,19500.0
2017-10-22,43.6,169000.0,386000.0,410000.0,263000.0,109000.0,19.4,334000.0,96.7,241000.0,275000.0,835.0,8.84,256000.0,1090.0,709.0,128000.0,715.0,305.0,4.3,325.0,7910.0,8250.0,1410.0,43.2,835.0,38.6,8040.0,6350.0,127.0,18900.0
2017-10-23,52.5,161000.0,387000.0,414000.0,258000.0,109000.0,23.2,319000.0,97.9,237000.0,319000.0,981.0,9.97,252000.0,1070.0,837.0,125000.0,714.0,288.0,7.58,318.0,7460.0,7970.0,1570.0,22.8,981.0,41.1,8280.0,6540.0,123.0,18000.0
2017-10-24,50.9,145000.0,385000.0,423000.0,252000.0,108000.0,21.4,303000.0,97.4,232000.0,312000.0,888.0,28.1,247000.0,1070.0,901.0,122000.0,709.0,278.0,3.89,287.0,7760.0,7380.0,1790.0,19.7,888.0,34.8,8920.0,6780.0,123.0,17300.0
2017-10-25,42.5,144000.0,377000.0,433000.0,247000.0,113000.0,21.2,303000.0,91.3,234000.0,313000.0,797.0,15.4,242000.0,1090.0,878.0,123000.0,698.0,271.0,2.53,275.0,8220.0,7480.0,1820.0,18.1,797.0,30.8,9400.0,6600.0,122.0,16500.0
2017-10-26,39.8,140000.0,368000.0,429000.0,246000.0,121000.0,19.4,304000.0,84.1,246000.0,281000.0,715.0,8.56,250000.0,1050.0,803.0,119000.0,697.0,268.0,2.36,268.0,8450.0,7240.0,1710.0,17.4,715.0,29.8,9480.0,6360.0,119.0,16300.0
2017-10-27,37.0,132000.0,367000.0,427000.0,256000.0,121000.0,16.4,305000.0,78.7,238000.0,275000.0,682.0,5.44,254000.0,1010.0,743.0,114000.0,710.0,265.0,2.22,264.0,9080.0,6830.0,1670.0,16.0,682.0,31.2,9760.0,6170.0,117.0,15900.0
2017-10-28,36.3,122000.0,374000.0,425000.0,252000.0,119000.0,18.4,308000.0,74.5,223000.0,331000.0,679.0,4.75,243000.0,989.0,699.0,116000.0,688.0,262.0,2.03,266.0,7390.0,6950.0,1490.0,15.5,679.0,30.4,8270.0,6030.0,117.0,15400.0
2017-10-29,35.4,129000.0,391000.0,422000.0,238000.0,119000.0,18.4,307000.0,70.7,220000.0,300000.0,668.0,4.3,232000.0,971.0,658.0,113000.0,672.0,260.0,2.15,268.0,7940.0,6760.0,1340.0,14.8,668.0,31.8,8430.0,6070.0,116.0,15000.0
2017-10-30,34.5,135000.0,416000.0,418000.0,232000.0,117000.0,15.4,305000.0,68.2,220000.0,282000.0,661.0,1.81,231000.0,952.0,631.0,113000.0,670.0,262.0,2.26,273.0,7630.0,7050.0,1300.0,15.2,661.0,31.8,9070.0,6370.0,116.0,14400.0
2017-10-31,34.0,127000.0,434000.0,424000.0,230000.0,117000.0,16.7,302000.0,66.3,211000.0,272000.0,657.0,1.48,229000.0,929.0,603.0,110000.0,659.0,256.0,2.6,273.0,6360.0,7010.0,1230.0,14.5,657.0,30.5,8850.0,6320.0,114.0,14800.0
2017-11-01,34.0,133000.0,435000.0,431000.0,224000.0,117000.0,16.9,304000.0,64.0,204000.0,260000.0,648.0,1.63,219000.0,917.0,580.0,101000.0,653.0,255.0,2.47,276.0,7190.0,7150.0,1220.0,14.6,648.0,30.6,8690.0,6270.0,114.0,14200.0
2017-11-02,34.4,116000.0,426000.0,441000.0,216000.0,115000.0,17.4,314000.0,65.0,206000.0,283000.0,660.0,1.8,216000.0,919.0,565.0,96000.0,670.0,258.0,2.41,279.0,8780.0,7050.0,1220.0,15.2,660.0,30.7,8300.0,6250.0,115.0,14100.0
2017-11-03,34.3,102000.0,419000.0,457000.0,217000.0,116000.0,16.6,318000.0,62.4,200000.0,283000.0,673.0,1.67,216000.0,899.0,543.0,87800.0,721.0,251.0,2.46,272.0,7330.0,7000.0,1220.0,13.7,673.0,30.0,8060.0,6190.0,111.0,14000.0
2017-11-04,34.9,101000.0,417000.0,467000.0,212000.0,119000.0,17.5,326000.0,63.3,186000.0,287000.0,694.0,1.5,206000.0,879.0,533.0,86100.0,703.0,253.0,2.33,273.0,7380.0,7560.0,1200.0,18.2,694.0,31.6,8060.0,6120.0,114.0,13800.0
2017-11-05,36.6,95100.0,418000.0,467000.0,200000.0,124000.0,18.1,333000.0,63.5,182000.0,293000.0,785.0,1.41,195000.0,876.0,519.0,90400.0,696.0,259.0,2.77,274.0,8430.0,7510.0,1260.0,15.0,785.0,31.6,8700.0,6190.0,117.0,14100.0
2017-11-06,36.8,86300.0,425000.0,468000.0,196000.0,124000.0,17.3,337000.0,63.9,176000.0,300000.0,778.0,1.59,191000.0,866.0,503.0,86200.0,672.0,251.0,2.69,269.0,8590.0,7360.0,1460.0,13.4,778.0,31.1,9260.0,6560.0,113.0,14200.0
2017-11-07,36.2,98200.0,432000.0,464000.0,190000.0,121000.0,16.3,340000.0,61.9,168000.0,300000.0,700.0,1.69,181000.0,850.0,492.0,85900.0,654.0,246.0,2.47,267.0,8630.0,7340.0,1650.0,12.6,700.0,30.0,9670.0,6910.0,111.0,13800.0
2017-11-08,37.7,91200.0,437000.0,463000.0,180000.0,120000.0,16.1,343000.0,58.4,167000.0,313000.0,658.0,1.86,176000.0,845.0,471.0,80600.0,645.0,244.0,2.34,265.0,8380.0,7320.0,1680.0,12.3,658.0,29.2,9690.0,6960.0,111.0,13500.0
2017-11-09,37.6,78800.0,443000.0,468000.0,176000.0,120000.0,15.7,343000.0,55.1,159000.0,326000.0,638.0,2.05,172000.0,839.0,461.0,80700.0,658.0,245.0,2.48,265.0,7580.0,6580.0,1580.0,12.2,638.0,29.3,8800.0,6760.0,111.0,13300.0
2017-11-10,36.8,94000.0,468000.0,472000.0,172000.0,120000.0,15.8,346000.0,54.0,155000.0,309000.0,623.0,2.49,163000.0,833.0,443.0,76200.0,753.0,240.0,2.46,260.0,7740.0,5450.0,1420.0,11.7,623.0,28.1,7250.0,5970.0,108.0,12100.0
2017-11-11,37.2,91600.0,516000.0,478000.0,165000.0,122000.0,15.7,348000.0,53.5,154000.0,307000.0,606.0,2.15,160000.0,826.0,440.0,79500.0,818.0,241.0,2.3,261.0,8560.0,4510.0,1230.0,11.9,606.0,28.1,6820.0,5050.0,109.0,11000.0
2017-11-12,40.2,90300.0,555000.0,484000.0,163000.0,125000.0,18.6,353000.0,62.0,151000.0,297000.0,604.0,2.17,157000.0,835.0,439.0,78700.0,837.0,251.0,2.27,264.0,7900.0,5280.0,1140.0,23.9,604.0,27.8,7040.0,5220.0,114.0,10600.0
2017-11-13,41.8,94200.0,578000.0,497000.0,161000.0,124000.0,19.0,357000.0,68.5,155000.0,319000.0,597.0,2.38,157000.0,846.0,431.0,75600.0,865.0,247.0,2.41,261.0,7320.0,6060.0,1100.0,14.7,597.0,27.5,7600.0,5580.0,112.0,10600.0
2017-11-14,41.9,85800.0,591000.0,526000.0,161000.0,127000.0,19.3,362000.0,70.0,155000.0,320000.0,593.0,2.38,160000.0,845.0,430.0,74800.0,853.0,245.0,2.45,261.0,6630.0,6230.0,1050.0,11.6,593.0,28.1,7910.0,5930.0,112.0,11200.0
2017-11-15,42.4,80500.0,593000.0,560000.0,163000.0,133000.0,18.2,371000.0,73.7,146000.0,315000.0,610.0,2.5,157000.0,846.0,431.0,74400.0,837.0,248.0,2.51,263.0,6440.0,7040.0,1030.0,19.2,610.0,28.1,7440.0,5860.0,114.0,11600.0
2017-11-16,42.5,82900.0,575000.0,589000.0,158000.0,141000.0,19.1,387000.0,77.4,149000.0,327000.0,626.0,3.33,152000.0,843.0,418.0,74700.0,787.0,243.0,2.75,260.0,7560.0,7040.0,1080.0,12.2,626.0,30.4,6980.0,5510.0,111.0,11800.0
2017-11-17,43.7,86400.0,537000.0,609000.0,155000.0,148000.0,17.9,405000.0,72.8,151000.0,340000.0,617.0,3.28,153000.0,844.0,416.0,73100.0,773.0,241.0,2.22,261.0,8040.0,6720.0,1110.0,11.3,617.0,30.5,7510.0,5600.0,111.0,11900.0
2017-11-18,45.4,76800.0,497000.0,617000.0,156000.0,152000.0,21.6,422000.0,76.8,157000.0,355000.0,615.0,44.0,156000.0,855.0,426.0,69300.0,729.0,255.0,3.6,265.0,8070.0,6540.0,1150.0,32.1,615.0,29.8,7910.0,5690.0,119.0,11600.0
2017-11-19,68.9,81300.0,459000.0,610000.0,160000.0,151000.0,47.1,435000.0,94.3,154000.0,403000.0,614.0,134.0,160000.0,847.0,408.0,65800.0,737.0,250.0,3.92,259.0,8380.0,5810.0,1160.0,14.6,614.0,29.1,7930.0,5610.0,116.0,11400.0
2017-11-20,74.8,77000.0,428000.0,587000.0,162000.0,148000.0,34.9,443000.0,118.0,150000.0,376000.0,595.0,81.5,159000.0,844.0,404.0,66500.0,791.0,242.0,3.08,258.0,8770.0,5310.0,1150.0,11.8,595.0,29.5,7420.0,5370.0,113.0,10900.0
2017-11-21,58.0,73500.0,404000.0,558000.0,159000.0,146000.0,31.4,439000.0,115.0,142000.0,389000.0,583.0,35.2,153000.0,836.0,399.0,72900.0,772.0,243.0,2.71,258.0,10000.0,5790.0,1120.0,12.0,583.0,28.1,6780.0,5260.0,112.0,10300.0
2017-11-22,49.7,83000.0,387000.0,526000.0,154000.0,139000.0,29.5,428000.0,98.0,145000.0,401000.0,575.0,20.9,147000.0,828.0,382.0,66200.0,736.0,235.0,2.55,253.0,8760.0,4860.0,1070.0,11.0,575.0,27.3,7070.0,4650.0,108.0,8800.0
2017-11-23,45.2,87100.0,383000.0,497000.0,151000.0,135000.0,27.3,413000.0,87.4,150000.0,412000.0,563.0,14.9,151000.0,819.0,378.0,69900.0,749.0,236.0,2.6,255.0,7350.0,4200.0,1050.0,10.7,563.0,27.2,6000.0,4000.0,109.0,9280.0
2017-11-24,42.0,83400.0,392000.0,471000.0,154000.0,131000.0,26.3,393000.0,88.1,148000.0,368000.0,562.0,11.1,154000.0,831.0,382.0,68000.0,812.0,240.0,2.68,258.0,6670.0,4680.0,985.0,11.5,562.0,27.4,5990.0,4930.0,111.0,9040.0
2017-11-25,39.2,86200.0,407000.0,448000.0,156000.0,128000.0,26.1,372000.0,83.7,150000.0,351000.0,578.0,7.99,153000.0,844.0,378.0,68600.0,764.0,239.0,2.53,257.0,7330.0,6210.0,962.0,11.8,578.0,27.1,7400.0,5220.0,111.0,9320.0
2017-11-26,33.6,84500.0,425000.0,432000.0,156000.0,126000.0,24.4,353000.0,79.9,147000.0,338000.0,584.0,6.41,154000.0,834.0,367.0,65900.0,748.0,232.0,2.47,252.0,7660.0,5750.0,1000.0,12.4,584.0,27.0,6560.0,4770.0,107.0,9960.0
2017-11-27,31.5,86200.0,444000.0,424000.0,156000.0,124000.0,24.3,337000.0,75.9,146000.0,306000.0,572.0,5.31,152000.0,827.0,366.0,66300.0,740.0,233.0,2.66,253.0,7530.0,5610.0,1010.0,11.7,572.0,27.3,6190.0,4450.0,109.0,9900.0
2017-11-28,31.9,82400.0,452000.0,425000.0,154000.0,122000.0,22.9,327000.0,72.9,144000.0,294000.0,569.0,5.07,151000.0,827.0,364.0,66000.0,726.0,234.0,2.6,254.0,6780.0,6210.0,976.0,12.5,569.0,26.9,6730.0,4420.0,109.0,9780.0
2017-11-29,31.4,85700.0,446000.0,433000.0,153000.0,123000.0,23.3,323000.0,71.8,144000.0,293000.0,566.0,4.73,149000.0,815.0,348.0,64100.0,725.0,229.0,2.49,250.0,7690.0,6430.0,922.0,11.8,566.0,26.6,6070.0,4210.0,106.0,9690.0
2017-11-30,30.8,82000.0,435000.0,444000.0,152000.0,127000.0,22.7,323000.0,69.3,142000.0,282000.0,558.0,5.08,148000.0,809.0,346.0,60300.0,732.0,228.0,2.74,250.0,7190.0,5080.0,918.0,11.9,558.0,26.6,6360.0,4090.0,106.0,10100.0
2017-12-01,30.2,80700.0,424000.0,453000.0,150000.0,130000.0,23.1,325000.0,68.1,139000.0,291000.0,553.0,4.75,145000.0,806.0,340.0,61200.0,729.0,227.0,2.5,249.0,7210.0,5950.0,930.0,11.6,553.0,26.7,5940.0,4080.0,106.0,9340.0
2017-12-02,30.3,70000.0,405000.0,455000.0,147000.0,130000.0,23.2,330000.0,66.6,135000.0,293000.0,548.0,4.87,143000.0,806.0,337.0,61800.0,719.0,227.0,2.54,250.0,7130.0,5430.0,936.0,11.7,548.0,26.6,5910.0,4330.0,106.0,9270.0
2017-12-03,30.0,68800.0,382000.0,453000.0,144000.0,132000.0,23.3,335000.0,66.4,133000.0,290000.0,548.0,4.94,138000.0,806.0,335.0,60700.0,710.0,227.0,2.52,249.0,6050.0,5360.0,908.0,12.9,548.0,26.5,5950.0,4170.0,106.0,9090.0
2017-12-04,29.6,67900.0,363000.0,440000.0,140000.0,130000.0,20.5,340000.0,67.3,127000.0,289000.0,548.0,4.11,135000.0,822.0,353.0,59500.0,711.0,236.0,2.6,256.0,6000.0,5180.0,900.0,11.9,548.0,26.9,5800.0,4160.0,114.0,8930.0
2017-12-05,29.4,63300.0,354000.0,426000.0,138000.0,126000.0,18.9,343000.0,69.5,129000.0,298000.0,576.0,4.85,132000.0,808.0,347.0,56000.0,664.0,242.0,3.36,252.0,7010.0,4140.0,896.0,9.56,576.0,29.7,5910.0,4190.0,114.0,8680.0
2017-12-06,52.8,59500.0,344000.0,411000.0,135000.0,124000.0,16.9,343000.0,65.8,122000.0,308000.0,581.0,5.61,131000.0,796.0,328.0,58500.0,641.0,224.0,2.68,246.0,6580.0,2730.0,880.0,7.13,581.0,26.6,7050.0,3280.0,104.0,6980.0
2017-12-07,36.9,55500.0,333000.0,395000.0,133000.0,122000.0,15.5,340000.0,61.3,121000.0,305000.0,558.0,3.98,125000.0,749.0,341.0,59200.0,637.0,194.0,2.15,244.0,8200.0,2080.0,854.0,5.97,558.0,27.6,6780.0,2350.0,105.0,6040.0
2017-12-08,32.9,65100.0,321000.0,383000.0,129000.0,119000.0,14.5,335000.0,58.8,118000.0,329000.0,519.0,3.36,123000.0,731.0,299.0,54700.0,636.0,183.0,1.96,238.0,7290.0,2310.0,830.0,5.53,519.0,26.8,5740.0,2810.0,112.0,5620.0
2017-12-09,31.1,63800.0,309000.0,371000.0,127000.0,114000.0,14.1,321000.0,55.9,124000.0,313000.0,516.0,2.98,121000.0,831.0,345.0,54800.0,636.0,180.0,1.98,245.0,7300.0,2960.0,808.0,5.8,516.0,26.5,4870.0,3360.0,108.0,6050.0
2017-12-10,30.0,59800.0,300000.0,360000.0,127000.0,115000.0,13.1,305000.0,51.7,123000.0,284000.0,511.0,4.0,126000.0,805.0,348.0,52900.0,636.0,177.0,1.96,243.0,8110.0,3380.0,768.0,5.5,511.0,26.3,6030.0,3350.0,103.0,5790.0
2017-12-11,29.3,53500.0,294000.0,345000.0,130000.0,111000.0,12.3,292000.0,48.8,125000.0,268000.0,494.0,4.72,126000.0,810.0,349.0,51800.0,631.0,173.0,2.0,246.0,7210.0,3740.0,732.0,4.82,494.0,26.4,6210.0,3710.0,104.0,7300.0
2017-12-12,28.8,56000.0,281000.0,329000.0,131000.0,109000.0,12.3,283000.0,46.2,120000.0,283000.0,472.0,4.95,126000.0,783.0,338.0,50600.0,622.0,173.0,1.9,245.0,6630.0,3830.0,699.0,4.39,472.0,26.2,5800.0,3400.0,101.0,6730.0
2017-12-13,28.2,61000.0,271000.0,317000.0,129000.0,107000.0,12.3,272000.0,43.6,115000.0,245000.0,462.0,4.69,121000.0,775.0,357.0,40600.0,620.0,172.0,1.83,245.0,6880.0,3830.0,679.0,4.83,462.0,26.2,5860.0,2780.0,104.0,7740.0
2017-12-14,27.8,63600.0,271000.0,308000.0,125000.0,106000.0,12.3,263000.0,41.1,114000.0,236000.0,462.0,4.93,117000.0,772.0,290.0,43300.0,617.0,170.0,1.75,243.0,6080.0,3940.0,671.0,5.08,462.0,25.6,6180.0,2840.0,101.0,6910.0
2017-12-15,27.6,57700.0,269000.0,297000.0,122000.0,103000.0,13.4,254000.0,42.0,106000.0,249000.0,463.0,4.66,114000.0,794.0,317.0,41200.0,615.0,170.0,1.73,243.0,6460.0,4100.0,664.0,5.36,463.0,25.5,5760.0,3010.0,102.0,7360.0
2017-12-16,27.6,60300.0,262000.0,288000.0,117000.0,97400.0,15.3,248000.0,45.6,105000.0,218000.0,469.0,3.85,107000.0,809.0,324.0,36300.0,617.0,172.0,1.75,243.0,6410.0,4200.0,659.0,5.41,469.0,25.7,5090.0,3010.0,102.0,7380.0
2017-12-17,27.9,59200.0,256000.0,281000.0,113000.0,96000.0,20.0,247000.0,56.3,101000.0,217000.0,507.0,3.75,106000.0,798.0,317.0,37400.0,625.0,176.0,1.88,242.0,6800.0,4080.0,654.0,5.59,507.0,25.2,5730.0,3210.0,102.0,7450.0
2017-12-18,28.5,51900.0,250000.0,276000.0,110000.0,94100.0,21.5,240000.0,58.9,96700.0,217000.0,498.0,3.47,102000.0,792.0,315.0,43200.0,631.0,185.0,1.88,242.0,7370.0,3980.0,653.0,6.0,498.0,25.1,5840.0,3410.0,102.0,7600.0
2017-12-19,29.1,61500.0,240000.0,269000.0,107000.0,88200.0,21.7,234000.0,64.8,97000.0,205000.0,519.0,3.74,98900.0,785.0,310.0,45100.0,629.0,183.0,1.81,243.0,8160.0,3900.0,651.0,6.24,519.0,25.1,5710.0,3670.0,102.0,7630.0
2017-12-20,30.1,68500.0,242000.0,267000.0,106000.0,83100.0,20.6,231000.0,60.9,105000.0,210000.0,529.0,3.55,100000.0,776.0,292.0,51400.0,619.0,180.0,1.8,239.0,7950.0,3710.0,642.0,6.4,529.0,25.2,6760.0,3640.0,101.0,6920.0
2017-12-21,30.6,77500.0,248000.0,276000.0,108000.0,80400.0,20.4,227000.0,56.4,105000.0,215000.0,522.0,3.63,106000.0,772.0,286.0,50400.0,615.0,181.0,1.76,240.0,7100.0,3490.0,626.0,6.44,522.0,25.1,6250.0,3870.0,101.0,6580.0
2017-12-22,30.2,68900.0,261000.0,288000.0,114000.0,66200.0,20.7,233000.0,54.6,113000.0,195000.0,522.0,3.62,110000.0,773.0,282.0,54400.0,612.0,175.0,1.85,240.0,7130.0,3500.0,610.0,6.27,522.0,25.0,6070.0,3680.0,99.6,6770.0
2017-12-23,29.5,70200.0,300000.0,304000.0,121000.0,63800.0,20.4,246000.0,52.3,111000.0,237000.0,521.0,3.52,117000.0,762.0,279.0,57000.0,610.0,170.0,4.98,237.0,7430.0,3580.0,595.0,5.14,521.0,24.7,5730.0,3380.0,96.4,6740.0
2017-12-24,26.5,67500.0,309000.0,324000.0,123000.0,72200.0,19.4,255000.0,47.0,112000.0,255000.0,522.0,3.24,116000.0,696.0,314.0,58000.0,610.0,169.0,3.69,234.0,7540.0,3470.0,584.0,4.46,522.0,24.4,5580.0,3340.0,93.4,6940.0
2017-12-25,25.8,72300.0,331000.0,356000.0,124000.0,80500.0,18.3,266000.0,38.0,108000.0,241000.0,518.0,3.08,116000.0,701.0,313.0,50300.0,605.0,169.0,2.81,228.0,6670.0,3290.0,588.0,4.15,518.0,24.3,4990.0,3430.0,91.7,6170.0
2017-12-26,25.4,79600.0,375000.0,390000.0,124000.0,85700.0,17.0,279000.0,31.5,106000.0,240000.0,511.0,2.92,113000.0,670.0,325.0,38600.0,599.0,168.0,2.27,209.0,6600.0,3270.0,597.0,3.83,511.0,23.8,5130.0,3070.0,89.0,5230.0
2017-12-27,25.1,58000.0,436000.0,416000.0,120000.0,90800.0,15.7,298000.0,28.4,94300.0,263000.0,501.0,2.77,110000.0,605.0,322.0,30400.0,595.0,165.0,1.93,198.0,6200.0,3260.0,603.0,4.1,501.0,23.5,5380.0,3130.0,87.7,7060.0
2017-12-28,24.6,49000.0,504000.0,443000.0,116000.0,97300.0,14.6,317000.0,27.8,81300.0,295000.0,490.0,2.65,98100.0,576.0,323.0,30100.0,597.0,164.0,1.85,195.0,6410.0,3250.0,605.0,4.2,490.0,23.7,5140.0,2670.0,86.8,6610.0
2017-12-29,24.3,41900.0,544000.0,478000.0,103000.0,110000.0,13.6,329000.0,28.3,80900.0,294000.0,481.0,2.56,86100.0,551.0,321.0,28300.0,599.0,164.0,1.97,184.0,6530.0,3340.0,605.0,3.08,481.0,24.1,4690.0,2760.0,84.9,6220.0
2017-12-30,24.1,40400.0,557000.0,525000.0,91900.0,117000.0,13.0,339000.0,28.0,82200.0,298000.0,474.0,2.47,83900.0,526.0,323.0,29100.0,596.0,164.0,2.02,170.0,6680.0,3340.0,605.0,3.29,474.0,24.0,4740.0,2950.0,83.1,6000.0
2017-12-31,23.9,45500.0,542000.0,572000.0,90700.0,122000.0,12.8,361000.0,27.7,80900.0,350000.0,468.0,2.39,84600.0,500.0,316.0,30000.0,594.0,164.0,1.79,159.0,6910.0,3300.0,605.0,3.18,468.0,23.5,4830.0,3140.0,82.1,5830.0
2018-01-01,23.9,46900.0,513000.0,609000.0,91700.0,133000.0,12.6,391000.0,26.9,82400.0,383000.0,462.0,2.32,83000.0,486.0,309.0,31400.0,594.0,164.0,1.8,151.0,7140.0,3330.0,605.0,3.65,462.0,23.2,4730.0,2880.0,81.1,5670.0
2018-01-02,24.1,44000.0,477000.0,628000.0,90300.0,145000.0,12.9,417000.0,27.2,79200.0,377000.0,457.0,2.42,82900.0,480.0,300.0,33400.0,601.0,164.0,1.91,150.0,7170.0,3260.0,605.0,4.78,457.0,23.3,5080.0,2710.0,80.2,5570.0
2018-01-03,24.2,51500.0,440000.0,628000.0,89700.0,149000.0,14.4,434000.0,28.7,80700.0,422000.0,453.0,2.64,79800.0,484.0,294.0,31600.0,599.0,164.0,1.96,149.0,7200.0,3120.0,605.0,6.7,453.0,24.0,5140.0,2720.0,80.0,5500.0
2018-01-04,23.9,49800.0,407000.0,611000.0,86800.0,151000.0,13.9,443000.0,27.6,80000.0,419000.0,450.0,2.64,78300.0,484.0,287.0,32400.0,597.0,164.0,1.88,148.0,7210.0,3090.0,603.0,6.65,450.0,23.7,4940.0,2780.0,79.9,5420.0
2018-01-05,23.6,46000.0,373000.0,584000.0,86200.0,149000.0,13.0,441000.0,27.0,80100.0,402000.0,447.0,2.48,79400.0,481.0,284.0,32700.0,593.0,163.0,1.85,147.0,7190.0,3040.0,602.0,5.38,447.0,23.3,4960.0,2790.0,79.8,5350.0
2018-01-06,23.3,43800.0,336000.0,554000.0,87000.0,143000.0,13.9,433000.0,27.8,81800.0,393000.0,444.0,2.36,79500.0,480.0,278.0,35700.0,592.0,160.0,1.84,148.0,7200.0,2950.0,602.0,4.82,444.0,23.0,5290.0,2710.0,79.6,5300.0
2018-01-07,23.3,48900.0,302000.0,520000.0,88200.0,138000.0,14.5,420000.0,29.7,83100.0,368000.0,442.0,2.56,80700.0,489.0,272.0,37000.0,602.0,159.0,4.32,163.0,7220.0,2900.0,603.0,4.24,442.0,23.3,5340.0,2590.0,79.5,5250.0
2018-01-08,23.7,47200.0,275000.0,489000.0,89700.0,132000.0,15.2,410000.0,33.1,91200.0,376000.0,445.0,2.67,83400.0,516.0,271.0,41000.0,625.0,162.0,6.25,190.0,7240.0,2950.0,600.0,4.04,445.0,23.4,4860.0,2520.0,80.1,5170.0
2018-01-09,24.9,51500.0,260000.0,454000.0,94100.0,125000.0,16.4,392000.0,37.0,93300.0,373000.0,458.0,2.46,90100.0,537.0,272.0,39800.0,660.0,171.0,4.42,214.0,7250.0,3110.0,599.0,4.65,458.0,23.8,4690.0,2570.0,81.5,5080.0
2018-01-10,40.0,56800.0,255000.0,418000.0,99900.0,119000.0,20.4,371000.0,40.2,95300.0,331000.0,462.0,2.35,92600.0,546.0,272.0,41500.0,699.0,181.0,4.29,228.0,7300.0,3140.0,600.0,4.12,462.0,24.3,4460.0,2680.0,82.8,4980.0
2018-01-11,69.1,57000.0,247000.0,384000.0,102000.0,111000.0,36.4,348000.0,53.0,95300.0,309000.0,462.0,2.69,94900.0,548.0,268.0,43100.0,710.0,191.0,4.82,222.0,7480.0,3160.0,602.0,3.18,462.0,24.9,4690.0,2710.0,82.8,4870.0
2018-01-12,97.6,56000.0,245000.0,358000.0,103000.0,93800.0,68.2,327000.0,86.7,98000.0,344000.0,460.0,3.36,95500.0,541.0,260.0,41100.0,711.0,193.0,4.65,203.0,7690.0,3140.0,601.0,2.85,460.0,24.2,5280.0,2760.0,82.2,4800.0
2018-01-13,123.0,45300.0,241000.0,344000.0,104000.0,85800.0,89.7,306000.0,109.0,94800.0,318000.0,458.0,3.48,96500.0,533.0,245.0,41000.0,707.0,189.0,3.51,179.0,7820.0,2940.0,605.0,2.95,458.0,23.8,5120.0,2740.0,81.4,4720.0
2018-01-14,97.0,52800.0,245000.0,344000.0,102000.0,88300.0,84.6,291000.0,88.5,92000.0,281000.0,456.0,3.38,94500.0,529.0,233.0,40000.0,703.0,184.0,3.02,166.0,7930.0,2860.0,610.0,3.47,456.0,23.3,4510.0,2770.0,80.4,4640.0
2018-01-15,83.8,59100.0,267000.0,338000.0,99800.0,87100.0,48.7,278000.0,76.8,92400.0,257000.0,455.0,3.27,91900.0,527.0,234.0,39300.0,700.0,182.0,2.86,162.0,7990.0,2900.0,612.0,3.78,455.0,24.1,4680.0,2730.0,78.9,4570.0
2018-01-16,73.3,61400.0,294000.0,328000.0,99100.0,85500.0,20.0,273000.0,63.9,94200.0,273000.0,455.0,3.18,91400.0,528.0,233.0,39000.0,699.0,181.0,2.33,161.0,8020.0,2940.0,606.0,3.49,455.0,23.7,4670.0,2690.0,77.2,4530.0
2018-01-17,65.6,58300.0,324000.0,327000.0,99300.0,89800.0,16.9,269000.0,61.5,92800.0,276000.0,455.0,3.08,91700.0,542.0,228.0,40200.0,718.0,176.0,2.03,168.0,8040.0,2860.0,607.0,3.15,455.0,23.5,4620.0,2700.0,75.9,4530.0
2018-01-18,59.7,55800.0,368000.0,338000.0,99500.0,93100.0,16.1,261000.0,60.8,95100.0,241000.0,454.0,3.02,91600.0,566.0,223.0,38600.0,743.0,175.0,2.02,182.0,8040.0,2940.0,609.0,3.78,454.0,23.3,4500.0,2730.0,75.6,4570.0
2018-01-19,55.7,54000.0,429000.0,361000.0,100000.0,93000.0,15.2,257000.0,59.2,99200.0,233000.0,455.0,3.14,95100.0,594.0,222.0,39200.0,757.0,179.0,2.15,197.0,8060.0,3020.0,615.0,7.6,455.0,23.5,4610.0,2770.0,77.1,4610.0
2018-01-20,58.8,49300.0,488000.0,383000.0,104000.0,97900.0,13.4,264000.0,55.8,102000.0,226000.0,456.0,4.02,100000.0,621.0,222.0,36700.0,764.0,195.0,2.19,205.0,8150.0,2980.0,623.0,8.3,456.0,23.6,4920.0,2800.0,83.6,4640.0
2018-01-21,65.4,43200.0,520000.0,414000.0,108000.0,104000.0,13.7,277000.0,55.0,96500.0,233000.0,457.0,5.91,102000.0,644.0,222.0,37000.0,765.0,221.0,2.39,205.0,8260.0,2960.0,624.0,8.71,457.0,23.5,4420.0,2820.0,96.9,4670.0
2018-01-22,86.3,47500.0,531000.0,457000.0,108000.0,106000.0,38.6,294000.0,74.7,96700.0,258000.0,456.0,17.4,98700.0,839.0,2320.0,40000.0,763.0,1090.0,29.2,926.0,8310.0,2920.0,678.0,9.03,456.0,25.9,4580.0,2840.0,498.0,4700.0
2018-01-23,106.0,49800.0,522000.0,506000.0,107000.0,108000.0,69.0,321000.0,106.0,106000.0,305000.0,455.0,50.3,101000.0,2310.0,3530.0,40800.0,760.0,2030.0,4.02,1370.0,8450.0,2920.0,1060.0,6.33,455.0,26.7,5080.0,2860.0,247.0,4700.0
2018-01-24,105.0,59600.0,492000.0,549000.0,110000.0,116000.0,69.5,350000.0,104.0,110000.0,314000.0,454.0,58.5,109000.0,1610.0,1260.0,45200.0,758.0,1060.0,2.7,320.0,8570.0,2990.0,992.0,4.66,454.0,24.2,4930.0,2840.0,113.0,4700.0
2018-01-25,76.6,69400.0,459000.0,575000.0,117000.0,126000.0,63.6,375000.0,102.0,110000.0,330000.0,455.0,33.7,113000.0,995.0,877.0,56000.0,760.0,906.0,2.19,250.0,8550.0,3090.0,860.0,3.74,455.0,23.7,4600.0,2810.0,99.9,4670.0
2018-01-26,69.4,87900.0,439000.0,581000.0,119000.0,137000.0,61.7,397000.0,78.5,111000.0,342000.0,459.0,23.4,114000.0,807.0,746.0,64400.0,765.0,763.0,2.09,286.0,8480.0,3150.0,772.0,3.47,459.0,23.7,4610.0,2840.0,94.4,4630.0
2018-01-27,68.5,106000.0,435000.0,572000.0,121000.0,140000.0,55.1,420000.0,76.8,127000.0,366000.0,462.0,23.1,117000.0,1170.0,1060.0,71100.0,758.0,463.0,2.28,817.0,8350.0,3110.0,929.0,2.9,462.0,23.5,4550.0,2950.0,92.3,4570.0
2018-01-28,59.6,106000.0,445000.0,555000.0,127000.0,135000.0,47.6,436000.0,65.0,134000.0,421000.0,465.0,18.5,132000.0,1180.0,833.0,70300.0,752.0,238.0,2.14,332.0,8230.0,3100.0,842.0,2.32,465.0,23.1,4640.0,3010.0,87.6,4520.0
2018-01-29,52.3,95400.0,461000.0,537000.0,140000.0,130000.0,38.2,430000.0,57.6,141000.0,424000.0,467.0,16.6,141000.0,936.0,652.0,64100.0,748.0,207.0,2.01,257.0,8170.0,3090.0,763.0,1.96,467.0,22.8,4630.0,2930.0,83.1,4480.0
2018-01-30,45.3,103000.0,483000.0,527000.0,147000.0,130000.0,34.2,419000.0,53.3,136000.0,407000.0,467.0,12.0,144000.0,757.0,565.0,60800.0,751.0,197.0,2.2,219.0,8200.0,2990.0,731.0,1.73,467.0,25.0,4730.0,2870.0,68.9,4440.0
2018-01-31,48.5,94400.0,506000.0,524000.0,147000.0,137000.0,31.5,403000.0,49.5,132000.0,389000.0,467.0,11.5,140000.0,670.0,476.0,61100.0,754.0,194.0,2.38,222.0,8200.0,2900.0,731.0,1.88,467.0,25.6,4500.0,2850.0,65.8,4430.0
2018-02-01,39.9,80700.0,516000.0,530000.0,144000.0,137000.0,29.5,389000.0,46.9,128000.0,381000.0,468.0,9.99,136000.0,644.0,374.0,62300.0,749.0,193.0,2.27,206.0,8120.0,2860.0,729.0,1.61,468.0,23.5,4560.0,2740.0,59.3,4410.0
2018-02-02,34.0,80600.0,516000.0,544000.0,139000.0,134000.0,28.9,387000.0,45.3,121000.0,382000.0,467.0,8.58,130000.0,629.0,347.0,47400.0,747.0,188.0,2.17,188.0,8110.0,2830.0,726.0,1.55,467.0,23.8,4490.0,2690.0,57.7,4380.0
2018-02-03,47.0,67600.0,513000.0,556000.0,133000.0,137000.0,26.3,392000.0,43.8,120000.0,364000.0,467.0,7.87,124000.0,596.0,392.0,47100.0,745.0,188.0,2.29,205.0,8120.0,2730.0,713.0,1.78,467.0,24.1,4490.0,2610.0,61.4,4320.0
2018-02-04,37.4,48800.0,510000.0,574000.0,128000.0,139000.0,26.0,399000.0,43.2,108000.0,404000.0,466.0,7.64,120000.0,565.0,406.0,47400.0,742.0,189.0,2.31,202.0,8260.0,2620.0,715.0,1.99,466.0,23.7,4340.0,2520.0,59.9,4250.0
2018-02-05,30.1,60500.0,499000.0,589000.0,122000.0,139000.0,25.8,411000.0,42.7,105000.0,395000.0,465.0,6.42,109000.0,550.0,283.0,43300.0,740.0,188.0,1.94,185.0,8390.0,2570.0,716.0,2.93,465.0,22.8,4060.0,2440.0,59.0,4250.0
2018-02-06,29.2,52200.0,477000.0,593000.0,114000.0,139000.0,25.4,425000.0,42.2,99900.0,408000.0,465.0,5.99,106000.0,538.0,255.0,35600.0,738.0,179.0,1.82,175.0,8410.0,2600.0,703.0,4.11,465.0,22.7,4040.0,2450.0,64.2,4190.0
2018-02-07,30.0,38300.0,465000.0,599000.0,110000.0,139000.0,22.1,437000.0,41.9,94900.0,443000.0,464.0,5.35,101000.0,529.0,317.0,35100.0,737.0,176.0,4.1,177.0,8410.0,2640.0,697.0,4.69,464.0,22.8,3860.0,2460.0,69.9,4140.0
2018-02-08,30.8,43600.0,448000.0,613000.0,105000.0,131000.0,21.4,454000.0,41.7,90100.0,447000.0,464.0,4.74,95300.0,520.0,322.0,35100.0,736.0,176.0,5.14,187.0,8380.0,2620.0,708.0,4.48,464.0,22.6,4200.0,2460.0,70.8,4120.0
2018-02-09,31.7,64000.0,429000.0,615000.0,101000.0,114000.0,17.4,468000.0,41.5,90700.0,444000.0,464.0,4.61,90900.0,516.0,323.0,37000.0,735.0,173.0,2.52,190.0,8380.0,2630.0,707.0,4.27,464.0,22.5,4230.0,2450.0,70.0,4120.0
2018-02-10,32.4,73200.0,444000.0,610000.0,98000.0,111000.0,13.8,481000.0,41.4,97600.0,466000.0,464.0,5.01,91900.0,509.0,313.0,37700.0,735.0,172.0,1.54,192.0,8430.0,2650.0,704.0,4.19,464.0,22.5,3930.0,2430.0,68.7,4100.0
2018-02-11,33.8,56600.0,496000.0,610000.0,101000.0,103000.0,10.5,490000.0,41.6,94800.0,489000.0,464.0,4.83,97200.0,506.0,308.0,36400.0,734.0,173.0,1.47,190.0,8460.0,2560.0,714.0,4.15,464.0,22.3,4220.0,2420.0,67.9,4080.0
2018-02-12,35.1,56100.0,559000.0,609000.0,104000.0,95600.0,9.56,499000.0,42.4,86900.0,515000.0,463.0,4.6,94500.0,506.0,292.0,37200.0,734.0,175.0,1.3,187.0,8460.0,2430.0,712.0,4.14,463.0,21.9,4020.0,2370.0,66.5,4090.0
2018-02-13,37.6,69300.0,619000.0,622000.0,101000.0,92400.0,12.8,503000.0,43.9,87300.0,502000.0,463.0,3.88,87700.0,512.0,288.0,40000.0,738.0,175.0,1.5,188.0,8460.0,2420.0,705.0,4.1,463.0,21.9,4200.0,2300.0,68.8,4140.0
2018-02-14,40.4,74900.0,692000.0,652000.0,96100.0,103000.0,13.3,506000.0,45.6,92800.0,483000.0,465.0,3.99,88400.0,562.0,286.0,41500.0,759.0,175.0,3.86,190.0,8460.0,2500.0,699.0,4.09,465.0,22.5,4710.0,2280.0,75.5,4140.0
2018-02-15,44.4,72600.0,758000.0,695000.0,98300.0,112000.0,17.0,509000.0,48.1,100000.0,479000.0,467.0,6.11,94300.0,596.0,291.0,48000.0,758.0,177.0,2.68,224.0,8460.0,2510.0,723.0,4.14,467.0,22.7,5210.0,2300.0,90.0,4170.0
2018-02-16,49.7,60700.0,793000.0,750000.0,105000.0,117000.0,26.1,524000.0,53.6,103000.0,505000.0,471.0,7.19,103000.0,616.0,314.0,46600.0,753.0,183.0,3.58,332.0,8470.0,2500.0,801.0,4.5,471.0,22.3,5250.0,2320.0,134.0,4240.0
2018-02-17,58.6,70200.0,822000.0,803000.0,111000.0,131000.0,23.1,549000.0,70.3,101000.0,531000.0,475.0,7.94,105000.0,659.0,309.0,49100.0,748.0,188.0,3.25,224.0,8550.0,2510.0,770.0,5.65,475.0,22.7,4820.0,2350.0,97.1,4260.0
2018-02-18,77.8,72100.0,851000.0,849000.0,112000.0,153000.0,23.0,577000.0,90.9,99100.0,558000.0,477.0,10.3,104000.0,693.0,290.0,48800.0,741.0,196.0,3.11,199.0,8640.0,2510.0,724.0,8.27,477.0,22.6,4840.0,2400.0,80.2,4270.0
2018-02-19,161.0,70100.0,872000.0,884000.0,109000.0,163000.0,142.0,600000.0,174.0,98800.0,568000.0,478.0,12.4,101000.0,704.0,298.0,50500.0,735.0,267.0,17.0,198.0,8720.0,2480.0,695.0,38.3,478.0,23.0,5310.0,2450.0,205.0,4270.0
2018-02-20,1510.0,72700.0,891000.0,913000.0,108000.0,171000.0,1520.0,621000.0,1710.0,110000.0,604000.0,478.0,2090.0,104000.0,696.0,1430.0,69000.0,729.0,1760.0,47.7,258.0,8870.0,2450.0,708.0,592.0,478.0,22.9,5340.0,2450.0,2150.0,4170.0
2018-02-21,1830.0,133000.0,921000.0,941000.0,124000.0,181000.0,877.0,636000.0,3340.0,169000.0,628000.0,478.0,3550.0,134000.0,686.0,905.0,115000.0,725.0,981.0,113.0,258.0,9180.0,2440.0,694.0,131.0,478.0,22.1,5030.0,2420.0,325.0,4180.0
2018-02-22,853.0,145000.0,975000.0,982000.0,175000.0,184000.0,387.0,647000.0,2120.0,229000.0,655000.0,478.0,972.0,207000.0,687.0,500.0,138000.0,724.0,353.0,12.8,201.0,9650.0,2410.0,694.0,61.9,478.0,22.2,4370.0,2410.0,115.0,4190.0
2018-02-23,593.0,177000.0,1010000.0,1030000.0,253000.0,170000.0,359.0,667000.0,1130.0,263000.0,697000.0,479.0,372.0,266000.0,714.0,462.0,147000.0,727.0,529.0,6.11,306.0,10700.0,2440.0,705.0,59.1,479.0,24.5,4750.0,2440.0,325.0,4330.0
2018-02-24,525.0,212000.0,1060000.0,1090000.0,298000.0,152000.0,329.0,699000.0,959.0,292000.0,736000.0,480.0,524.0,325000.0,705.0,952.0,138000.0,730.0,943.0,542.0,547.0,12800.0,2460.0,767.0,81.0,480.0,24.1,4740.0,2510.0,378.0,4170.0
2018-02-25,631.0,216000.0,1120000.0,1150000.0,376000.0,147000.0,517.0,739000.0,1090.0,314000.0,785000.0,493.0,956.0,377000.0,701.0,569.0,132000.0,731.0,1700.0,194.0,258.0,13800.0,2440.0,737.0,214.0,493.0,24.5,4820.0,2490.0,1020.0,4290.0
2018-02-26,609.0,213000.0,1160000.0,1200000.0,407000.0,135000.0,320.0,790000.0,1070.0,323000.0,896000.0,569.0,448.0,382000.0,750.0,505.0,127000.0,731.0,581.0,59.3,275.0,14000.0,2420.0,748.0,70.8,569.0,22.9,4650.0,2480.0,271.0,4330.0
2018-02-27,477.0,197000.0,1220000.0,1260000.0,409000.0,136000.0,260.0,830000.0,809.0,321000.0,856000.0,678.0,196.0,383000.0,990.0,1560.0,130000.0,735.0,481.0,35.5,792.0,14100.0,2410.0,900.0,55.2,678.0,22.9,4040.0,2510.0,226.0,4420.0
2018-02-28,427.0,183000.0,1290000.0,1310000.0,410000.0,165000.0,231.0,868000.0,716.0,318000.0,898000.0,801.0,135.0,381000.0,2400.0,2680.0,131000.0,740.0,362.0,26.1,1260.0,13900.0,2390.0,1290.0,50.1,801.0,23.6,4740.0,2610.0,178.0,4330.0
2018-03-01,402.0,185000.0,1380000.0,1370000.0,406000.0,182000.0,222.0,903000.0,666.0,318000.0,957000.0,915.0,125.0,374000.0,3220.0,2140.0,127000.0,745.0,261.0,40.6,749.0,13300.0,2410.0,1360.0,99.4,915.0,23.2,5300.0,2760.0,128.0,4320.0
2018-03-02,421.0,201000.0,1440000.0,1410000.0,390000.0,207000.0,207.0,936000.0,636.0,311000.0,985000.0,1010.0,154.0,360000.0,3260.0,1950.0,120000.0,749.0,223.0,29.6,405.0,11300.0,2450.0,1260.0,47.9,1010.0,22.8,5200.0,2730.0,105.0,4230.0
2018-03-03,350.0,191000.0,1490000.0,1460000.0,373000.0,229000.0,185.0,965000.0,566.0,291000.0,957000.0,1130.0,99.3,344000.0,2520.0,1450.0,120000.0,752.0,206.0,21.5,296.0,10600.0,2450.0,1240.0,41.3,1130.0,22.8,5080.0,2870.0,95.7,4290.0
2018-03-04,318.0,186000.0,1530000.0,1510000.0,346000.0,252000.0,168.0,996000.0,516.0,276000.0,955000.0,1280.0,73.7,317000.0,2880.0,1090.0,118000.0,755.0,200.0,16.5,303.0,10100.0,2480.0,1060.0,37.1,1280.0,24.1,5120.0,2850.0,92.6,4410.0
2018-03-05,395.0,200000.0,1570000.0,1560000.0,329000.0,268000.0,203.0,1030000.0,608.0,268000.0,973000.0,1320.0,520.0,304000.0,3160.0,964.0,121000.0,762.0,202.0,38.0,298.0,9950.0,2550.0,984.0,182.0,1320.0,24.5,5180.0,2850.0,92.6,4610.0
2018-03-06,864.0,215000.0,1600000.0,1620000.0,323000.0,283000.0,330.0,1080000.0,1040.0,272000.0,1100000.0,995.0,1100.0,300000.0,2310.0,826.0,124000.0,763.0,207.0,35.0,239.0,9780.0,2600.0,957.0,149.0,995.0,25.2,4640.0,2850.0,92.4,4780.0
2018-03-07,704.0,219000.0,1610000.0,1670000.0,318000.0,300000.0,240.0,1120000.0,905.0,279000.0,1170000.0,750.0,427.0,303000.0,1540.0,622.0,119000.0,753.0,194.0,26.1,209.0,9440.0,2600.0,889.0,89.7,750.0,23.4,4200.0,2770.0,87.7,4890.0
2018-03-08,527.0,219000.0,1610000.0,1720000.0,321000.0,318000.0,199.0,1160000.0,715.0,277000.0,1140000.0,634.0,210.0,305000.0,1220.0,529.0,101000.0,712.0,185.0,20.1,202.0,8100.0,2590.0,903.0,66.7,634.0,22.8,4250.0,2730.0,84.4,4880.0
2018-03-09,449.0,210000.0,1610000.0,1740000.0,318000.0,352000.0,180.0,1200000.0,621.0,266000.0,1080000.0,597.0,136.0,299000.0,1070.0,455.0,90100.0,680.0,184.0,17.7,199.0,8440.0,2670.0,945.0,55.9,597.0,22.6,5020.0,2750.0,83.3,4870.0
2018-03-10,397.0,166000.0,1610000.0,1760000.0,307000.0,393000.0,162.0,1230000.0,558.0,251000.0,1120000.0,574.0,103.0,285000.0,971.0,407.0,83000.0,602.0,182.0,13.6,195.0,7560.0,2770.0,946.0,47.9,574.0,22.1,5190.0,2800.0,79.7,4730.0
2018-03-11,352.0,171000.0,1600000.0,1780000.0,291000.0,424000.0,149.0,1260000.0,504.0,247000.0,1190000.0,554.0,95.1,272000.0,917.0,381.0,81800.0,586.0,186.0,18.4,194.0,8020.0,2840.0,899.0,41.8,554.0,21.9,5160.0,2810.0,81.9,5020.0
2018-03-12,313.0,151000.0,1590000.0,1790000.0,284000.0,432000.0,134.0,1290000.0,463.0,240000.0,1280000.0,551.0,103.0,267000.0,881.0,388.0,75500.0,580.0,203.0,22.6,199.0,8030.0,2860.0,892.0,38.0,551.0,21.9,5400.0,2930.0,87.5,5130.0
2018-03-13,291.0,129000.0,1580000.0,1800000.0,276000.0,469000.0,128.0,1310000.0,426.0,219000.0,1250000.0,578.0,86.8,254000.0,878.0,451.0,71100.0,577.0,204.0,21.2,219.0,7790.0,2840.0,926.0,34.4,578.0,21.9,5670.0,2930.0,86.4,5250.0
2018-03-14,274.0,127000.0,1560000.0,1810000.0,258000.0,512000.0,123.0,1320000.0,398.0,203000.0,1210000.0,609.0,71.4,234000.0,866.0,432.0,66600.0,580.0,182.0,18.8,205.0,7080.0,2800.0,930.0,32.2,609.0,22.3,6090.0,2930.0,80.2,5350.0
2018-03-15,273.0,142000.0,1530000.0,1810000.0,242000.0,550000.0,123.0,1320000.0,387.0,191000.0,1140000.0,708.0,63.3,220000.0,1040.0,583.0,67200.0,584.0,185.0,17.2,255.0,7430.0,2740.0,1000.0,31.1,708.0,22.6,5740.0,2970.0,80.0,5410.0
2018-03-16,259.0,151000.0,1500000.0,1810000.0,230000.0,564000.0,108.0,1320000.0,370.0,185000.0,1140000.0,800.0,55.5,210000.0,1310.0,741.0,63400.0,588.0,180.0,14.5,274.0,7750.0,2710.0,1060.0,29.3,800.0,22.5,5470.0,2940.0,78.3,5450.0
2018-03-17,266.0,144000.0,1450000.0,1800000.0,220000.0,552000.0,117.0,1330000.0,363.0,180000.0,1130000.0,761.0,55.1,203000.0,1200.0,676.0,63700.0,593.0,174.0,13.7,228.0,7250.0,2700.0,1150.0,34.2,761.0,22.7,5280.0,3060.0,76.4,5580.0
2018-03-18,271.0,138000.0,1400000.0,1790000.0,213000.0,543000.0,111.0,1350000.0,378.0,172000.0,1130000.0,915.0,52.0,195000.0,1240.0,627.0,63500.0,597.0,175.0,12.6,216.0,7440.0,2710.0,1260.0,26.9,915.0,24.1,5150.0,3030.0,76.2,5690.0
2018-03-19,244.0,138000.0,1320000.0,1770000.0,204000.0,540000.0,104.0,1350000.0,354.0,169000.0,1160000.0,1130.0,46.8,186000.0,1530.0,565.0,66000.0,601.0,175.0,200.0,237.0,7810.0,2740.0,1400.0,26.1,1130.0,24.3,5790.0,3110.0,77.0,5850.0
2018-03-20,236.0,149000.0,1220000.0,1740000.0,202000.0,526000.0,103.0,1350000.0,334.0,186000.0,1250000.0,1250.0,40.9,190000.0,1610.0,537.0,69000.0,579.0,172.0,182.0,228.0,7250.0,2780.0,1830.0,24.1,1250.0,25.0,5880.0,3110.0,75.3,5950.0
2018-03-21,220.0,146000.0,1080000.0,1720000.0,217000.0,506000.0,97.1,1340000.0,313.0,203000.0,1220000.0,996.0,37.9,206000.0,1360.0,500.0,70000.0,516.0,169.0,65.7,208.0,7350.0,2790.0,2010.0,22.7,996.0,26.2,6230.0,3150.0,73.9,5920.0
2018-03-22,209.0,142000.0,914000.0,1680000.0,229000.0,486000.0,93.8,1340000.0,292.0,203000.0,1140000.0,842.0,35.6,218000.0,1130.0,452.0,68100.0,510.0,167.0,40.3,198.0,7830.0,2780.0,1740.0,21.2,842.0,28.7,6420.0,3210.0,73.3,6160.0
2018-03-23,205.0,142000.0,769000.0,1640000.0,229000.0,454000.0,86.6,1320000.0,279.0,201000.0,1090000.0,828.0,31.0,217000.0,1020.0,415.0,70700.0,513.0,165.0,32.1,197.0,7960.0,2810.0,1770.0,20.5,828.0,32.2,6480.0,3090.0,73.7,6220.0
2018-03-24,250.0,146000.0,676000.0,1590000.0,227000.0,423000.0,97.1,1310000.0,291.0,205000.0,1100000.0,775.0,366.0,213000.0,974.0,387.0,75200.0,516.0,164.0,261.0,197.0,7610.0,2800.0,1880.0,35.9,775.0,35.6,6550.0,3160.0,73.3,6370.0
2018-03-25,334.0,161000.0,633000.0,1530000.0,231000.0,377000.0,95.4,1290000.0,307.0,223000.0,1100000.0,697.0,858.0,220000.0,924.0,365.0,78300.0,517.0,162.0,118.0,193.0,7380.0,2860.0,1980.0,48.7,697.0,38.3,6100.0,3180.0,72.4,6400.0
2018-03-26,355.0,169000.0,621000.0,1460000.0,247000.0,335000.0,96.6,1270000.0,311.0,225000.0,1090000.0,684.0,768.0,234000.0,885.0,351.0,79600.0,517.0,162.0,381.0,193.0,7350.0,2950.0,1870.0,49.9,684.0,40.6,6650.0,3260.0,72.7,6880.0
2018-03-27,577.0,217000.0,632000.0,1380000.0,264000.0,289000.0,498.0,1240000.0,749.0,267000.0,1070000.0,842.0,1990.0,255000.0,890.0,362.0,82800.0,519.0,176.0,557.0,209.0,7750.0,3110.0,1770.0,215.0,842.0,50.9,7180.0,3280.0,79.2,7140.0
2018-03-28,1020.0,224000.0,682000.0,1310000.0,342000.0,294000.0,567.0,1200000.0,1430.0,317000.0,1060000.0,1000.0,1010.0,327000.0,874.0,369.0,90600.0,523.0,173.0,268.0,206.0,7990.0,3320.0,2290.0,144.0,1000.0,129.0,7970.0,3520.0,77.5,7900.0
2018-03-29,775.0,157000.0,753000.0,1260000.0,413000.0,281000.0,396.0,1160000.0,1170.0,326000.0,1110000.0,884.0,436.0,367000.0,858.0,353.0,97900.0,521.0,168.0,260.0,199.0,7600.0,3550.0,2990.0,140.0,884.0,340.0,10700.0,3940.0,75.6,8600.0
2018-03-30,622.0,159000.0,814000.0,1210000.0,462000.0,252000.0,296.0,1120000.0,938.0,319000.0,1120000.0,826.0,295.0,384000.0,840.0,338.0,98100.0,518.0,163.0,217.0,193.0,8220.0,3810.0,3530.0,94.2,826.0,195.0,12300.0,4310.0,73.7,9550.0
2018-03-31,522.0,184000.0,877000.0,1180000.0,453000.0,215000.0,240.0,1080000.0,773.0,317000.0,1020000.0,734.0,193.0,374000.0,822.0,330.0,93600.0,514.0,165.0,108.0,201.0,8730.0,4080.0,3960.0,83.1,734.0,117.0,13800.0,4070.0,77.9,10300.0
2018-04-01,459.0,182000.0,939000.0,1170000.0,433000.0,199000.0,199.0,1050000.0,673.0,311000.0,1010000.0,731.0,156.0,366000.0,803.0,339.0,89200.0,515.0,164.0,76.8,202.0,9840.0,4250.0,3890.0,64.3,731.0,67.0,12500.0,4130.0,75.4,10400.0
2018-04-02,410.0,167000.0,983000.0,1180000.0,418000.0,199000.0,180.0,1030000.0,584.0,295000.0,980000.0,679.0,132.0,353000.0,771.0,333.0,87500.0,537.0,160.0,71.5,194.0,9760.0,4120.0,3220.0,58.5,679.0,52.8,9520.0,4210.0,73.4,10800.0
2018-04-03,408.0,176000.0,1010000.0,1180000.0,388000.0,199000.0,175.0,1010000.0,551.0,282000.0,946000.0,641.0,254.0,329000.0,751.0,336.0,93600.0,524.0,164.0,266.0,195.0,9980.0,3900.0,2730.0,64.8,641.0,46.1,9480.0,4310.0,74.4,11100.0
2018-04-04,378.0,177000.0,1030000.0,1200000.0,363000.0,197000.0,148.0,1010000.0,521.0,274000.0,1010000.0,621.0,502.0,314000.0,747.0,337.0,93100.0,515.0,168.0,113.0,197.0,8740.0,3820.0,2450.0,50.9,621.0,39.9,8300.0,3980.0,75.8,10200.0
2018-04-05,331.0,193000.0,1030000.0,1210000.0,345000.0,198000.0,140.0,999000.0,456.0,266000.0,949000.0,591.0,237.0,300000.0,722.0,317.0,104000.0,517.0,159.0,70.2,190.0,8410.0,3820.0,1960.0,44.1,591.0,35.7,7800.0,3930.0,72.1,9690.0
2018-04-06,326.0,203000.0,1040000.0,1220000.0,330000.0,200000.0,134.0,996000.0,427.0,263000.0,919000.0,587.0,161.0,292000.0,700.0,301.0,104000.0,515.0,158.0,53.5,191.0,8850.0,3730.0,1850.0,41.9,587.0,33.8,7520.0,3860.0,71.7,8930.0
2018-04-07,298.0,203000.0,1050000.0,1230000.0,320000.0,210000.0,125.0,1010000.0,399.0,260000.0,998000.0,579.0,125.0,285000.0,690.0,293.0,103000.0,525.0,151.0,40.9,189.0,8170.0,3510.0,1680.0,37.0,579.0,32.9,7390.0,3760.0,69.1,8850.0
2018-04-08,294.0,194000.0,1050000.0,1240000.0,310000.0,215000.0,123.0,1020000.0,378.0,252000.0,989000.0,566.0,100.0,277000.0,682.0,281.0,104000.0,526.0,152.0,33.9,189.0,7830.0,3320.0,1620.0,36.7,566.0,31.7,7070.0,3670.0,69.1,8380.0
2018-04-09,299.0,184000.0,1060000.0,1250000.0,297000.0,215000.0,119.0,1020000.0,370.0,243000.0,1010000.0,551.0,96.6,267000.0,679.0,280.0,99400.0,499.0,155.0,29.7,190.0,6540.0,3190.0,1510.0,38.1,551.0,30.6,6570.0,3610.0,70.2,8130.0
2018-04-10,293.0,185000.0,1070000.0,1250000.0,283000.0,217000.0,109.0,1030000.0,355.0,241000.0,1070000.0,576.0,92.1,257000.0,675.0,275.0,94000.0,486.0,152.0,26.0,188.0,5260.0,3230.0,1440.0,33.3,576.0,30.5,6250.0,3680.0,68.9,7980.0
2018-04-11,283.0,166000.0,1080000.0,1260000.0,275000.0,224000.0,112.0,1040000.0,336.0,235000.0,971000.0,589.0,84.3,255000.0,678.0,272.0,90300.0,486.0,153.0,24.6,192.0,5600.0,3450.0,1520.0,32.9,589.0,31.6,6420.0,3490.0,70.1,7750.0
2018-04-12,284.0,144000.0,1080000.0,1250000.0,265000.0,232000.0,109.0,1040000.0,334.0,223000.0,931000.0,669.0,81.1,246000.0,734.0,284.0,87100.0,505.0,165.0,22.3,211.0,5530.0,3820.0,1770.0,32.4,669.0,60.7,7230.0,3920.0,74.2,7910.0
2018-04-13,271.0,144000.0,1090000.0,1250000.0,253000.0,238000.0,104.0,1040000.0,323.0,217000.0,933000.0,916.0,80.1,237000.0,912.0,370.0,89200.0,510.0,166.0,43.7,258.0,6510.0,4140.0,2620.0,30.6,916.0,295.0,10600.0,4940.0,72.3,8940.0
2018-04-14,270.0,170000.0,1110000.0,1250000.0,260000.0,250000.0,97.8,1050000.0,317.0,229000.0,1030000.0,1160.0,77.4,247000.0,3230.0,2190.0,86100.0,510.0,198.0,776.0,1100.0,10700.0,4310.0,4480.0,71.7,1160.0,192.0,16500.0,5060.0,107.0,10300.0
2018-04-15,331.0,160000.0,1120000.0,1250000.0,279000.0,255000.0,116.0,1050000.0,370.0,248000.0,1080000.0,1060.0,75.8,264000.0,3790.0,2720.0,84700.0,503.0,213.0,168.0,435.0,11200.0,4480.0,5740.0,62.2,1060.0,81.4,17100.0,4390.0,101.0,10600.0
2018-04-16,348.0,137000.0,1120000.0,1250000.0,284000.0,254000.0,118.0,1050000.0,407.0,235000.0,1020000.0,848.0,68.5,268000.0,2540.0,2180.0,85200.0,504.0,185.0,81.4,303.0,12700.0,4860.0,5530.0,44.5,848.0,55.2,12500.0,4550.0,86.5,10800.0
2018-04-17,328.0,130000.0,1110000.0,1250000.0,276000.0,253000.0,116.0,1040000.0,391.0,221000.0,952000.0,753.0,62.3,257000.0,1710.0,1320.0,90400.0,499.0,178.0,55.0,271.0,14500.0,5710.0,4130.0,38.7,753.0,48.3,8350.0,5170.0,82.9,11000.0
2018-04-18,319.0,128000.0,1110000.0,1260000.0,259000.0,258000.0,112.0,1040000.0,370.0,222000.0,944000.0,741.0,49.6,245000.0,1490.0,1140.0,94500.0,529.0,190.0,42.4,272.0,13900.0,6700.0,3550.0,39.6,741.0,45.7,8820.0,5270.0,88.3,11600.0
2018-04-19,301.0,147000.0,1110000.0,1250000.0,250000.0,266000.0,105.0,1050000.0,352.0,232000.0,1050000.0,737.0,50.3,245000.0,1420.0,1090.0,106000.0,578.0,191.0,28.4,268.0,11400.0,8170.0,3280.0,35.7,737.0,45.9,9020.0,5530.0,86.3,12500.0
2018-04-20,267.0,149000.0,1090000.0,1250000.0,255000.0,275000.0,99.3,1040000.0,321.0,235000.0,994000.0,823.0,45.4,249000.0,1390.0,1060.0,114000.0,633.0,209.0,22.2,264.0,11800.0,11000.0,3000.0,31.6,823.0,113.0,10400.0,6800.0,96.6,14600.0
2018-04-21,263.0,162000.0,1060000.0,1240000.0,259000.0,276000.0,97.9,1040000.0,303.0,241000.0,952000.0,1070.0,39.3,252000.0,2080.0,1310.0,120000.0,691.0,197.0,19.2,334.0,12500.0,13100.0,3600.0,30.9,1070.0,372.0,13400.0,8860.0,90.5,18600.0
2018-04-22,262.0,166000.0,1030000.0,1240000.0,263000.0,275000.0,95.3,1050000.0,299.0,246000.0,1010000.0,1260.0,37.9,258000.0,3160.0,1760.0,124000.0,750.0,190.0,17.9,428.0,12900.0,14800.0,5220.0,30.1,1260.0,411.0,19200.0,11700.0,85.8,22900.0
2018-04-23,257.0,176000.0,1020000.0,1230000.0,280000.0,274000.0,95.4,1050000.0,291.0,250000.0,1040000.0,1370.0,38.0,265000.0,3220.0,2240.0,123000.0,843.0,182.0,18.1,428.0,15400.0,17100.0,7390.0,29.8,1370.0,316.0,24100.0,14700.0,82.2,26400.0
2018-04-24,252.0,184000.0,1010000.0,1230000.0,291000.0,273000.0,93.8,1050000.0,282.0,252000.0,1020000.0,1380.0,37.8,269000.0,2600.0,1930.0,122000.0,923.0,176.0,17.3,333.0,17000.0,17900.0,10800.0,28.4,1380.0,195.0,32800.0,17400.0,80.5,29700.0
2018-04-25,242.0,186000.0,1010000.0,1220000.0,287000.0,273000.0,90.4,1050000.0,275.0,254000.0,994000.0,1270.0,36.9,269000.0,2180.0,1580.0,121000.0,940.0,171.0,15.4,300.0,19800.0,18400.0,12200.0,27.2,1270.0,126.0,37900.0,19800.0,77.4,31500.0
2018-04-26,234.0,175000.0,1040000.0,1210000.0,289000.0,271000.0,91.1,1040000.0,265.0,258000.0,1030000.0,1070.0,35.7,273000.0,1910.0,1370.0,123000.0,932.0,168.0,14.1,281.0,22500.0,18600.0,12000.0,25.9,1070.0,83.5,41200.0,21500.0,76.4,33400.0
2018-04-27,229.0,170000.0,1060000.0,1190000.0,295000.0,267000.0,86.9,1040000.0,257.0,262000.0,1010000.0,906.0,33.4,279000.0,1710.0,1230.0,125000.0,912.0,165.0,13.2,268.0,26000.0,17800.0,10800.0,25.4,906.0,64.2,41900.0,21600.0,73.0,34800.0
2018-04-28,221.0,171000.0,1070000.0,1190000.0,297000.0,270000.0,82.8,1030000.0,248.0,258000.0,957000.0,821.0,33.1,278000.0,1570.0,1110.0,128000.0,878.0,160.0,11.3,258.0,29800.0,17100.0,9080.0,24.1,821.0,54.4,37900.0,20900.0,69.2,34600.0
2018-04-29,206.0,173000.0,1070000.0,1180000.0,294000.0,272000.0,80.2,1020000.0,231.0,256000.0,978000.0,751.0,29.7,274000.0,1460.0,1000.0,130000.0,837.0,155.0,10.1,247.0,33400.0,16200.0,7290.0,22.7,751.0,47.4,32600.0,19700.0,67.0,33800.0
2018-04-30,201.0,174000.0,1070000.0,1170000.0,292000.0,273000.0,79.8,1010000.0,221.0,257000.0,950000.0,704.0,29.2,272000.0,1370.0,921.0,135000.0,805.0,154.0,9.83,242.0,32900.0,15500.0,5690.0,22.7,704.0,42.1,27800.0,18000.0,65.8,31800.0
2018-05-01,206.0,171000.0,1060000.0,1170000.0,287000.0,276000.0,79.6,997000.0,222.0,261000.0,935000.0,689.0,28.4,275000.0,1310.0,879.0,140000.0,791.0,159.0,10.0,243.0,29700.0,15300.0,4560.0,23.0,689.0,39.0,22400.0,16400.0,66.3,30200.0
2018-05-02,207.0,174000.0,1040000.0,1160000.0,287000.0,278000.0,78.0,989000.0,224.0,265000.0,926000.0,870.0,28.8,279000.0,1570.0,1110.0,145000.0,787.0,190.0,9.7,486.0,28100.0,14500.0,4360.0,157.0,870.0,39.9,20200.0,15000.0,90.7,28600.0
2018-05-03,257.0,185000.0,1010000.0,1160000.0,291000.0,275000.0,105.0,982000.0,247.0,273000.0,923000.0,1030.0,38.7,285000.0,1800.0,2130.0,155000.0,788.0,253.0,70.2,431.0,25400.0,14000.0,4580.0,286.0,1030.0,42.3,17900.0,13900.0,213.0,26500.0
2018-05-04,315.0,192000.0,961000.0,1150000.0,306000.0,272000.0,92.6,977000.0,285.0,277000.0,948000.0,1220.0,47.0,299000.0,2430.0,9090.0,160000.0,778.0,579.0,52.4,688.0,27100.0,13800.0,6030.0,103.0,1220.0,31.3,18100.0,12600.0,490.0,25000.0
2018-05-05,244.0,196000.0,884000.0,1150000.0,308000.0,274000.0,82.4,975000.0,253.0,281000.0,974000.0,1320.0,43.4,300000.0,3620.0,6590.0,168000.0,767.0,390.0,27.3,615.0,32000.0,13000.0,6600.0,68.0,1320.0,25.7,16600.0,11400.0,271.0,23900.0
2018-05-06,222.0,212000.0,786000.0,1140000.0,306000.0,272000.0,80.2,972000.0,227.0,287000.0,965000.0,1240.0,33.9,302000.0,3210.0,4580.0,174000.0,765.0,306.0,19.5,473.0,34500.0,12700.0,8100.0,56.7,1240.0,29.0,16300.0,10300.0,193.0,22300.0
2018-05-07,212.0,217000.0,704000.0,1130000.0,308000.0,272000.0,76.3,968000.0,218.0,298000.0,947000.0,1050.0,28.3,309000.0,2570.0,3160.0,180000.0,769.0,261.0,17.2,406.0,32000.0,11900.0,8160.0,48.2,1050.0,29.0,13300.0,9140.0,152.0,21100.0
2018-05-08,202.0,222000.0,648000.0,1110000.0,315000.0,272000.0,74.3,962000.0,208.0,313000.0,936000.0,867.0,23.6,320000.0,2230.0,2560.0,188000.0,770.0,237.0,13.6,369.0,29200.0,11200.0,6810.0,43.5,867.0,30.1,11500.0,8320.0,133.0,20000.0
2018-05-09,209.0,228000.0,619000.0,1090000.0,326000.0,268000.0,74.8,954000.0,232.0,327000.0,920000.0,854.0,38.6,334000.0,2050.0,2570.0,196000.0,780.0,264.0,15.1,376.0,28600.0,11000.0,5380.0,73.9,854.0,31.8,12100.0,7640.0,131.0,18700.0
2018-05-10,213.0,233000.0,612000.0,1050000.0,340000.0,263000.0,73.3,945000.0,237.0,334000.0,901000.0,891.0,64.7,346000.0,1950.0,2310.0,206000.0,783.0,268.0,12.2,364.0,28500.0,10900.0,4380.0,41.2,891.0,30.7,11500.0,7030.0,122.0,18300.0
2018-05-11,195.0,237000.0,626000.0,1010000.0,348000.0,257000.0,67.2,930000.0,217.0,334000.0,885000.0,964.0,42.4,348000.0,2000.0,2340.0,211000.0,775.0,232.0,10.0,368.0,27800.0,10600.0,4640.0,37.0,964.0,30.5,11900.0,6820.0,115.0,17600.0
2018-05-12,196.0,241000.0,654000.0,973000.0,349000.0,249000.0,76.1,912000.0,221.0,335000.0,877000.0,1020.0,28.6,347000.0,2340.0,2560.0,216000.0,766.0,267.0,8.78,388.0,28400.0,10200.0,4610.0,50.3,1020.0,30.2,10800.0,6780.0,121.0,17100.0
2018-05-13,216.0,247000.0,682000.0,935000.0,350000.0,234000.0,97.2,889000.0,252.0,340000.0,859000.0,956.0,22.6,351000.0,3110.0,2640.0,218000.0,755.0,260.0,8.28,400.0,29000.0,10000.0,4530.0,48.8,956.0,29.7,10300.0,6500.0,135.0,16300.0
2018-05-14,669.0,252000.0,694000.0,904000.0,354000.0,227000.0,139.0,867000.0,295.0,342000.0,841000.0,858.0,19.8,354000.0,2940.0,2490.0,216000.0,744.0,288.0,13.6,383.0,27400.0,9080.0,3930.0,122.0,858.0,62.9,9690.0,6060.0,151.0,15700.0
2018-05-15,521.0,257000.0,685000.0,881000.0,355000.0,229000.0,128.0,842000.0,377.0,345000.0,814000.0,846.0,18.1,355000.0,2740.0,2270.0,214000.0,728.0,264.0,13.2,371.0,23700.0,9010.0,3420.0,41.3,846.0,44.2,9120.0,5730.0,136.0,14800.0
2018-05-16,497.0,261000.0,658000.0,868000.0,356000.0,227000.0,122.0,816000.0,427.0,348000.0,784000.0,841.0,16.5,358000.0,2480.0,1990.0,214000.0,718.0,241.0,8.77,355.0,20600.0,8450.0,3260.0,33.4,841.0,32.5,8590.0,5510.0,122.0,14300.0
2018-05-17,395.0,263000.0,628000.0,860000.0,360000.0,227000.0,111.0,794000.0,364.0,351000.0,747000.0,774.0,15.0,361000.0,2260.0,1780.0,212000.0,703.0,226.0,7.0,342.0,19500.0,8410.0,3030.0,30.6,774.0,29.2,7920.0,5250.0,114.0,13300.0
2018-05-18,342.0,266000.0,603000.0,854000.0,368000.0,225000.0,101.0,774000.0,328.0,355000.0,724000.0,704.0,14.3,367000.0,2060.0,1600.0,206000.0,696.0,212.0,33.3,330.0,16500.0,7500.0,2680.0,28.9,704.0,27.2,7580.0,4880.0,107.0,12800.0
2018-05-19,314.0,268000.0,596000.0,839000.0,382000.0,222000.0,99.0,758000.0,307.0,360000.0,687000.0,665.0,15.0,376000.0,1890.0,1460.0,200000.0,689.0,206.0,20.3,320.0,14100.0,7540.0,2370.0,27.9,665.0,27.3,7150.0,4680.0,104.0,12200.0
2018-05-20,292.0,268000.0,615000.0,817000.0,389000.0,219000.0,92.3,742000.0,292.0,361000.0,668000.0,638.0,14.2,377000.0,1770.0,1340.0,194000.0,675.0,228.0,37.9,319.0,12800.0,7050.0,2080.0,26.4,638.0,26.9,6980.0,4740.0,138.0,12100.0
2018-05-21,285.0,269000.0,644000.0,791000.0,388000.0,217000.0,97.3,723000.0,283.0,365000.0,660000.0,621.0,14.6,377000.0,1660.0,1270.0,186000.0,665.0,236.0,339.0,317.0,11900.0,6820.0,1850.0,51.8,621.0,26.5,5960.0,4360.0,128.0,11300.0
2018-05-22,287.0,266000.0,678000.0,769000.0,392000.0,202000.0,96.6,704000.0,287.0,374000.0,644000.0,637.0,14.8,382000.0,1590.0,1230.0,178000.0,656.0,305.0,88.3,315.0,11200.0,6420.0,1840.0,28.6,637.0,26.8,6040.0,4090.0,142.0,10500.0
2018-05-23,261.0,262000.0,694000.0,761000.0,402000.0,196000.0,88.7,689000.0,273.0,392000.0,647000.0,626.0,14.3,396000.0,1520.0,1140.0,170000.0,641.0,239.0,47.0,304.0,11800.0,6380.0,1850.0,25.0,626.0,26.7,6160.0,3760.0,125.0,10600.0
2018-05-24,240.0,255000.0,702000.0,770000.0,419000.0,199000.0,84.7,673000.0,252.0,386000.0,650000.0,613.0,13.1,407000.0,1450.0,1080.0,160000.0,631.0,222.0,31.7,294.0,11400.0,6620.0,1900.0,23.6,613.0,26.7,5580.0,3750.0,117.0,9790.0
2018-05-25,232.0,246000.0,709000.0,783000.0,419000.0,205000.0,91.9,659000.0,238.0,369000.0,633000.0,666.0,11.6,397000.0,1500.0,1030.0,153000.0,609.0,210.0,21.3,419.0,10900.0,6500.0,1750.0,22.8,666.0,220.0,6160.0,5610.0,112.0,10200.0
2018-05-26,859.0,237000.0,718000.0,797000.0,400000.0,211000.0,128.0,653000.0,249.0,348000.0,632000.0,761.0,10.7,378000.0,1680.0,1020.0,147000.0,562.0,254.0,16.7,367.0,10900.0,6600.0,1690.0,27.4,761.0,166.0,6530.0,10200.0,115.0,10400.0
2018-05-27,624.0,230000.0,730000.0,813000.0,376000.0,215000.0,103.0,650000.0,287.0,331000.0,643000.0,659.0,16.8,358000.0,1410.0,944.0,143000.0,510.0,218.0,13.6,298.0,9700.0,6780.0,1570.0,22.3,659.0,66.1,6100.0,11400.0,106.0,10100.0
2018-05-28,398.0,224000.0,733000.0,824000.0,353000.0,218000.0,90.4,651000.0,250.0,318000.0,638000.0,606.0,19.2,340000.0,1370.0,899.0,132000.0,477.0,200.0,11.6,282.0,9380.0,6720.0,1620.0,21.8,606.0,42.3,5890.0,9010.0,99.3,10600.0
2018-05-29,320.0,218000.0,725000.0,829000.0,337000.0,221000.0,84.6,654000.0,227.0,306000.0,617000.0,582.0,12.8,325000.0,1280.0,854.0,124000.0,452.0,190.0,9.99,274.0,8930.0,6600.0,1750.0,49.9,582.0,40.8,7030.0,7250.0,96.9,10600.0
2018-05-30,285.0,207000.0,721000.0,826000.0,324000.0,225000.0,87.3,657000.0,217.0,298000.0,616000.0,629.0,12.9,315000.0,1340.0,900.0,119000.0,494.0,195.0,9.51,332.0,8430.0,6900.0,1850.0,102.0,629.0,39.1,7730.0,6660.0,98.6,10900.0
2018-05-31,256.0,185000.0,713000.0,826000.0,313000.0,227000.0,84.5,653000.0,220.0,290000.0,613000.0,806.0,9.5,306000.0,1420.0,945.0,115000.0,493.0,215.0,11.0,365.0,8650.0,7460.0,1670.0,26.9,806.0,51.4,10100.0,7290.0,108.0,11700.0
2018-06-01,223.0,171000.0,709000.0,824000.0,306000.0,227000.0,88.8,652000.0,253.0,284000.0,615000.0,785.0,8.3,299000.0,1350.0,864.0,112000.0,478.0,189.0,9.57,305.0,7540.0,7720.0,1520.0,23.0,785.0,47.6,10600.0,8430.0,97.5,12300.0
2018-06-02,199.0,171000.0,707000.0,817000.0,298000.0,226000.0,76.1,651000.0,233.0,277000.0,618000.0,641.0,9.33,290000.0,1310.0,821.0,107000.0,473.0,178.0,8.72,285.0,7070.0,7870.0,1430.0,19.7,641.0,35.9,10400.0,9210.0,92.7,12300.0
2018-06-03,185.0,158000.0,701000.0,811000.0,291000.0,230000.0,70.0,646000.0,208.0,273000.0,621000.0,597.0,8.22,283000.0,1280.0,866.0,102000.0,486.0,178.0,8.3,279.0,7130.0,7670.0,1390.0,17.5,597.0,31.0,9410.0,10200.0,92.7,12700.0
2018-06-04,170.0,143000.0,699000.0,804000.0,285000.0,229000.0,64.4,644000.0,191.0,258000.0,608000.0,573.0,7.06,276000.0,1240.0,813.0,101000.0,454.0,170.0,6.65,274.0,8150.0,8580.0,1430.0,16.2,573.0,29.0,9070.0,11900.0,88.4,12800.0
2018-06-05,166.0,137000.0,693000.0,798000.0,273000.0,230000.0,63.7,640000.0,179.0,246000.0,612000.0,552.0,6.37,261000.0,1200.0,771.0,98700.0,431.0,166.0,5.97,268.0,8130.0,8920.0,1430.0,15.9,552.0,28.4,8940.0,13000.0,85.7,13100.0
2018-06-06,161.0,143000.0,673000.0,791000.0,260000.0,233000.0,61.5,636000.0,171.0,240000.0,613000.0,541.0,5.43,252000.0,1160.0,738.0,98600.0,454.0,162.0,5.56,263.0,8380.0,9070.0,1360.0,24.4,541.0,28.4,7970.0,12000.0,83.9,13500.0
2018-06-07,152.0,144000.0,642000.0,783000.0,252000.0,232000.0,59.7,628000.0,163.0,234000.0,595000.0,562.0,5.13,247000.0,1120.0,714.0,98900.0,460.0,160.0,5.36,259.0,8130.0,8870.0,1330.0,31.0,562.0,27.6,7840.0,10600.0,84.2,13500.0
2018-06-08,143.0,153000.0,614000.0,774000.0,245000.0,232000.0,86.8,622000.0,156.0,230000.0,585000.0,558.0,4.52,241000.0,1130.0,760.0,96500.0,457.0,173.0,5.29,276.0,9680.0,9610.0,1270.0,17.2,558.0,26.5,8250.0,9990.0,90.9,13100.0
2018-06-09,191.0,151000.0,585000.0,759000.0,240000.0,230000.0,129.0,615000.0,205.0,231000.0,586000.0,546.0,3.85,239000.0,1190.0,1090.0,96100.0,473.0,1180.0,8.83,299.0,9350.0,9190.0,1200.0,27.4,546.0,26.6,8100.0,9360.0,139.0,13300.0
2018-06-10,185.0,136000.0,556000.0,738000.0,240000.0,224000.0,304.0,614000.0,397.0,228000.0,581000.0,572.0,4.46,241000.0,3760.0,10000.0,101000.0,475.0,2160.0,6.09,2200.0,9980.0,9260.0,1190.0,244.0,572.0,26.9,7310.0,7900.0,2860.0,13200.0
2018-06-11,291.0,127000.0,532000.0,713000.0,238000.0,215000.0,289.0,609000.0,619.0,223000.0,579000.0,537.0,6.03,238000.0,5150.0,11300.0,114000.0,471.0,956.0,4.85,809.0,9900.0,8940.0,1090.0,39.9,537.0,26.6,6620.0,7170.0,500.0,13300.0
2018-06-12,246.0,138000.0,510000.0,684000.0,234000.0,207000.0,202.0,599000.0,574.0,222000.0,571000.0,516.0,5.37,230000.0,4400.0,5650.0,128000.0,482.0,556.0,4.49,560.0,7800.0,9350.0,1020.0,29.6,516.0,26.8,6470.0,6570.0,309.0,14000.0
2018-06-13,202.0,152000.0,488000.0,649000.0,231000.0,206000.0,163.0,586000.0,446.0,237000.0,552000.0,502.0,4.79,235000.0,3050.0,3840.0,138000.0,466.0,451.0,4.07,469.0,7210.0,9460.0,980.0,25.2,502.0,26.6,6470.0,6030.0,244.0,13800.0
2018-06-14,173.0,179000.0,475000.0,620000.0,242000.0,204000.0,138.0,566000.0,369.0,246000.0,528000.0,491.0,5.04,249000.0,2520.0,2950.0,143000.0,450.0,383.0,4.38,414.0,6200.0,9730.0,942.0,22.7,491.0,26.0,6090.0,5470.0,204.0,13800.0
2018-06-15,163.0,202000.0,480000.0,590000.0,256000.0,188000.0,126.0,545000.0,331.0,258000.0,511000.0,479.0,10.3,261000.0,2200.0,2500.0,142000.0,466.0,352.0,6.04,385.0,6330.0,8980.0,930.0,22.4,479.0,25.9,6200.0,5100.0,188.0,14300.0
2018-06-16,154.0,198000.0,503000.0,564000.0,269000.0,177000.0,115.0,525000.0,302.0,271000.0,486000.0,661.0,9.84,274000.0,1980.0,2170.0,145000.0,520.0,324.0,6.03,364.0,6180.0,9100.0,869.0,20.0,661.0,28.3,6590.0,4770.0,170.0,14400.0
2018-06-17,140.0,198000.0,536000.0,546000.0,282000.0,168000.0,104.0,505000.0,270.0,280000.0,466000.0,736.0,6.94,286000.0,1800.0,1920.0,141000.0,649.0,301.0,5.0,350.0,8200.0,9490.0,934.0,18.0,736.0,31.2,9710.0,5570.0,158.0,15200.0
2018-06-18,128.0,202000.0,558000.0,536000.0,292000.0,164000.0,96.7,487000.0,243.0,288000.0,467000.0,880.0,5.4,296000.0,1720.0,1770.0,146000.0,678.0,289.0,3.98,361.0,11800.0,13400.0,1260.0,16.7,880.0,195.0,19800.0,12300.0,159.0,16700.0
2018-06-19,121.0,204000.0,568000.0,540000.0,300000.0,160000.0,290.0,472000.0,226.0,285000.0,434000.0,1280.0,3.79,301000.0,1740.0,1970.0,144000.0,676.0,809.0,3.94,442.0,15500.0,15800.0,3150.0,18.3,1280.0,284.0,36800.0,22700.0,494.0,20300.0
2018-06-20,163.0,212000.0,571000.0,553000.0,300000.0,161000.0,380.0,463000.0,631.0,286000.0,422000.0,1380.0,3.94,299000.0,1700.0,2610.0,144000.0,667.0,433.0,16.8,498.0,21100.0,18000.0,6150.0,950.0,1380.0,194.0,46200.0,32900.0,241.0,22900.0
2018-06-21,303.0,213000.0,561000.0,570000.0,300000.0,163000.0,1020.0,461000.0,894.0,290000.0,415000.0,1000.0,32.4,302000.0,2310.0,2710.0,146000.0,647.0,399.0,11.0,594.0,25300.0,18500.0,8670.0,872.0,1000.0,60.2,51100.0,32000.0,225.0,25300.0
2018-06-22,518.0,215000.0,544000.0,585000.0,303000.0,167000.0,931.0,463000.0,2010.0,287000.0,426000.0,835.0,22.6,304000.0,2790.0,2800.0,151000.0,632.0,426.0,11.1,543.0,30400.0,18300.0,7770.0,155.0,835.0,41.3,45200.0,24900.0,221.0,26300.0
2018-06-23,305.0,216000.0,522000.0,601000.0,302000.0,171000.0,343.0,468000.0,1640.0,285000.0,435000.0,704.0,13.0,303000.0,3110.0,2850.0,159000.0,614.0,364.0,10.2,480.0,34700.0,17400.0,5060.0,77.3,704.0,33.6,29300.0,19200.0,196.0,25800.0
2018-06-24,215.0,218000.0,514000.0,604000.0,300000.0,168000.0,244.0,478000.0,942.0,287000.0,431000.0,644.0,11.0,301000.0,2790.0,2560.0,164000.0,598.0,335.0,7.19,441.0,34800.0,16700.0,3300.0,52.9,644.0,31.0,21900.0,15500.0,179.0,24700.0
2018-06-25,177.0,223000.0,512000.0,593000.0,308000.0,163000.0,195.0,489000.0,715.0,301000.0,437000.0,602.0,8.04,309000.0,2450.0,2200.0,170000.0,581.0,309.0,6.65,406.0,27700.0,15800.0,2460.0,41.0,602.0,29.9,15700.0,12700.0,175.0,23700.0
2018-06-26,162.0,229000.0,529000.0,584000.0,320000.0,165000.0,177.0,494000.0,607.0,317000.0,453000.0,580.0,7.03,329000.0,2210.0,2470.0,174000.0,574.0,304.0,53.8,397.0,22100.0,14900.0,2150.0,68.1,580.0,31.8,14400.0,10800.0,326.0,22900.0
2018-06-27,186.0,235000.0,571000.0,576000.0,349000.0,169000.0,190.0,492000.0,668.0,325000.0,447000.0,569.0,6.11,349000.0,2380.0,2560.0,179000.0,572.0,342.0,38.0,482.0,19900.0,13700.0,1810.0,34.0,569.0,33.1,13400.0,10400.0,291.0,22000.0
2018-06-28,160.0,240000.0,620000.0,566000.0,361000.0,166000.0,155.0,487000.0,627.0,344000.0,448000.0,561.0,5.32,358000.0,2190.0,2070.0,185000.0,605.0,288.0,15.6,387.0,18600.0,12300.0,1580.0,27.5,561.0,32.6,10800.0,9630.0,220.0,20500.0
2018-06-29,141.0,244000.0,678000.0,569000.0,388000.0,168000.0,140.0,480000.0,501.0,362000.0,445000.0,543.0,5.18,383000.0,1970.0,1850.0,189000.0,735.0,274.0,9.99,367.0,16900.0,11100.0,1430.0,24.9,543.0,30.4,10800.0,8450.0,199.0,19000.0
2018-06-30,128.0,247000.0,730000.0,587000.0,405000.0,171000.0,128.0,473000.0,441.0,360000.0,449000.0,550.0,3.67,390000.0,1850.0,1720.0,198000.0,784.0,262.0,7.36,358.0,13700.0,9900.0,1360.0,21.9,550.0,29.2,8900.0,7420.0,184.0,17700.0
2018-07-01,118.0,251000.0,772000.0,621000.0,407000.0,179000.0,125.0,474000.0,394.0,368000.0,445000.0,642.0,3.1,391000.0,2270.0,2720.0,204000.0,793.0,287.0,6.11,411.0,12800.0,10500.0,1340.0,19.7,642.0,30.9,7940.0,7200.0,183.0,17400.0
2018-07-02,121.0,256000.0,795000.0,664000.0,408000.0,188000.0,141.0,480000.0,369.0,376000.0,450000.0,583.0,2.67,395000.0,2420.0,2540.0,209000.0,807.0,265.0,5.53,393.0,11100.0,10300.0,1320.0,17.4,583.0,30.6,8410.0,8280.0,149.0,18500.0
2018-07-03,116.0,261000.0,800000.0,702000.0,413000.0,196000.0,117.0,498000.0,361.0,382000.0,474000.0,546.0,2.63,400000.0,2190.0,2420.0,210000.0,982.0,246.0,4.66,360.0,11100.0,10800.0,1170.0,15.7,546.0,28.5,9370.0,10600.0,150.0,17600.0
2018-07-04,100.0,266000.0,791000.0,736000.0,418000.0,207000.0,108.0,521000.0,322.0,390000.0,474000.0,583.0,2.54,406000.0,2020.0,2100.0,209000.0,998.0,240.0,4.09,348.0,9790.0,11200.0,1070.0,15.0,583.0,28.9,8330.0,12100.0,144.0,18100.0
2018-07-05,98.0,270000.0,772000.0,765000.0,424000.0,218000.0,103.0,543000.0,297.0,396000.0,494000.0,1080.0,3.3,413000.0,1900.0,2050.0,206000.0,1030.0,243.0,3.71,349.0,7590.0,11000.0,1080.0,14.0,1080.0,28.2,8820.0,11200.0,145.0,18300.0
2018-07-06,94.1,273000.0,738000.0,784000.0,428000.0,218000.0,95.2,563000.0,273.0,399000.0,506000.0,699.0,3.44,418000.0,1920.0,1830.0,200000.0,1050.0,238.0,3.27,335.0,6660.0,11500.0,979.0,12.9,699.0,27.2,7700.0,9650.0,140.0,18300.0
2018-07-07,95.0,274000.0,702000.0,795000.0,429000.0,222000.0,86.8,578000.0,248.0,400000.0,549000.0,577.0,2.28,418000.0,1780.0,1670.0,192000.0,1070.0,225.0,2.66,323.0,6730.0,10700.0,922.0,11.6,577.0,26.9,7480.0,8890.0,134.0,18200.0
2018-07-08,85.6,274000.0,675000.0,795000.0,428000.0,228000.0,81.1,589000.0,229.0,399000.0,557000.0,522.0,1.83,417000.0,1630.0,1540.0,186000.0,1090.0,220.0,2.35,316.0,7470.0,10700.0,890.0,11.2,522.0,26.5,7200.0,8290.0,117.0,17400.0
2018-07-09,80.9,270000.0,656000.0,787000.0,426000.0,231000.0,73.4,596000.0,214.0,395000.0,574000.0,496.0,1.88,416000.0,1530.0,1420.0,182000.0,1110.0,216.0,2.15,309.0,6930.0,11000.0,846.0,10.7,496.0,25.7,6350.0,7350.0,115.0,17100.0
2018-07-10,77.6,264000.0,640000.0,772000.0,421000.0,226000.0,67.4,598000.0,200.0,386000.0,591000.0,482.0,1.32,411000.0,1440.0,1320.0,175000.0,1110.0,213.0,2.1,303.0,6360.0,10600.0,837.0,10.7,482.0,25.2,6520.0,6420.0,113.0,17600.0
2018-07-11,73.7,257000.0,625000.0,754000.0,412000.0,224000.0,62.8,597000.0,186.0,373000.0,607000.0,473.0,1.17,402000.0,1360.0,1240.0,169000.0,1110.0,210.0,1.95,298.0,5570.0,11100.0,817.0,10.6,473.0,24.3,6860.0,5460.0,120.0,16900.0
2018-07-12,70.4,250000.0,609000.0,738000.0,400000.0,220000.0,60.9,592000.0,171.0,360000.0,586000.0,466.0,0.96,389000.0,1300.0,1160.0,163000.0,1170.0,207.0,1.68,293.0,6280.0,11500.0,785.0,10.0,466.0,30.5,6140.0,6400.0,104.0,17200.0
2018-07-13,67.1,244000.0,590000.0,718000.0,385000.0,210000.0,62.9,586000.0,161.0,346000.0,583000.0,545.0,0.94,377000.0,1580.0,1220.0,157000.0,1190.0,222.0,1.53,354.0,7410.0,12600.0,817.0,80.1,545.0,34.5,6260.0,13600.0,106.0,17900.0
2018-07-14,129.0,238000.0,563000.0,697000.0,369000.0,202000.0,610.0,579000.0,173.0,337000.0,571000.0,568.0,0.99,365000.0,1610.0,2070.0,150000.0,1200.0,337.0,1.54,413.0,7090.0,13400.0,896.0,119.0,568.0,23.8,8820.0,17100.0,125.0,18200.0
2018-07-15,233.0,232000.0,536000.0,672000.0,363000.0,199000.0,914.0,570000.0,812.0,333000.0,570000.0,521.0,0.76,365000.0,1430.0,1420.0,146000.0,1210.0,288.0,2.04,336.0,7110.0,14200.0,857.0,22.1,521.0,26.1,8210.0,17400.0,113.0,18700.0
2018-07-16,119.0,225000.0,520000.0,647000.0,363000.0,184000.0,193.0,560000.0,818.0,323000.0,555000.0,490.0,0.71,361000.0,1370.0,1240.0,141000.0,1210.0,232.0,2.31,313.0,7190.0,14400.0,809.0,15.1,490.0,22.2,7080.0,16200.0,109.0,19200.0
2018-07-17,103.0,216000.0,500000.0,622000.0,349000.0,183000.0,131.0,550000.0,381.0,306000.0,548000.0,467.0,5.21,344000.0,1290.0,1130.0,139000.0,1200.0,216.0,1.98,298.0,7530.0,14400.0,765.0,10.8,467.0,21.9,6130.0,15200.0,105.0,19600.0
2018-07-18,92.4,212000.0,486000.0,597000.0,329000.0,183000.0,101.0,533000.0,287.0,292000.0,532000.0,451.0,2.39,323000.0,1220.0,1050.0,132000.0,1190.0,209.0,1.78,288.0,7260.0,14000.0,755.0,9.4,451.0,25.4,5670.0,13900.0,103.0,19100.0
2018-07-19,79.8,196000.0,479000.0,573000.0,312000.0,175000.0,91.1,512000.0,245.0,283000.0,505000.0,446.0,20.3,308000.0,1180.0,1010.0,126000.0,1180.0,209.0,4.55,285.0,6740.0,13900.0,738.0,92.4,446.0,26.8,5670.0,12600.0,106.0,18800.0
2018-07-20,79.1,170000.0,470000.0,548000.0,299000.0,161000.0,87.3,493000.0,262.0,281000.0,487000.0,456.0,317.0,299000.0,1200.0,1140.0,127000.0,1180.0,688.0,2.6,311.0,6650.0,13400.0,726.0,23.9,456.0,26.5,5690.0,11000.0,266.0,18500.0
2018-07-21,81.1,154000.0,460000.0,529000.0,293000.0,149000.0,73.6,476000.0,252.0,282000.0,487000.0,453.0,102.0,298000.0,1160.0,1030.0,125000.0,1170.0,350.0,1.84,300.0,5870.0,13200.0,705.0,12.9,453.0,26.5,5450.0,9490.0,143.0,17900.0
2018-07-22,71.5,164000.0,450000.0,517000.0,292000.0,141000.0,66.0,459000.0,205.0,279000.0,482000.0,443.0,30.1,295000.0,1130.0,968.0,124000.0,1150.0,271.0,1.5,282.0,6070.0,12800.0,687.0,10.4,443.0,27.1,5500.0,8310.0,123.0,17400.0
2018-07-23,66.7,170000.0,444000.0,504000.0,289000.0,143000.0,61.5,445000.0,180.0,273000.0,447000.0,434.0,11.8,291000.0,1110.0,916.0,127000.0,1130.0,252.0,1.3,277.0,7560.0,12300.0,674.0,9.52,434.0,27.0,5070.0,7350.0,116.0,17000.0
2018-07-24,62.7,181000.0,445000.0,490000.0,284000.0,144000.0,54.2,431000.0,165.0,265000.0,437000.0,425.0,5.9,283000.0,1080.0,874.0,125000.0,1100.0,238.0,1.25,272.0,7560.0,11400.0,661.0,8.26,425.0,26.6,5070.0,6540.0,110.0,16400.0
2018-07-25,57.7,189000.0,451000.0,478000.0,275000.0,142000.0,50.1,416000.0,150.0,263000.0,426000.0,420.0,1.83,276000.0,1050.0,834.0,123000.0,1080.0,227.0,1.08,267.0,5890.0,10700.0,649.0,7.39,420.0,27.5,5370.0,5910.0,104.0,15900.0
2018-07-26,55.2,191000.0,451000.0,469000.0,271000.0,131000.0,45.3,401000.0,137.0,264000.0,398000.0,527.0,0.7,274000.0,1020.0,805.0,123000.0,1050.0,221.0,1.04,265.0,5920.0,9910.0,669.0,6.98,527.0,29.6,5420.0,5420.0,104.0,15700.0
2018-07-27,52.4,188000.0,444000.0,464000.0,272000.0,123000.0,41.0,392000.0,127.0,262000.0,387000.0,503.0,0.36,273000.0,993.0,780.0,120000.0,1000.0,215.0,1.14,264.0,5520.0,9290.0,707.0,6.57,503.0,27.6,4990.0,5060.0,104.0,15100.0
2018-07-28,49.3,179000.0,434000.0,462000.0,269000.0,117000.0,39.2,386000.0,118.0,258000.0,374000.0,466.0,0.28,273000.0,966.0,756.0,115000.0,983.0,210.0,1.22,259.0,5720.0,8400.0,659.0,5.67,466.0,26.3,4950.0,4500.0,100.0,14400.0
2018-07-29,47.0,176000.0,426000.0,461000.0,266000.0,119000.0,38.2,381000.0,111.0,250000.0,377000.0,437.0,1.16,268000.0,939.0,740.0,112000.0,967.0,205.0,2.76,255.0,5570.0,8230.0,652.0,5.38,437.0,25.2,5050.0,4430.0,99.8,13900.0
2018-07-30,45.7,176000.0,419000.0,455000.0,262000.0,122000.0,36.3,379000.0,106.0,250000.0,362000.0,427.0,1.44,264000.0,910.0,720.0,106000.0,955.0,203.0,3.49,270.0,5950.0,7590.0,632.0,5.15,427.0,32.7,4590.0,4220.0,100.0,13000.0
2018-07-31,45.2,160000.0,409000.0,450000.0,258000.0,129000.0,34.5,373000.0,100.0,245000.0,367000.0,424.0,0.75,261000.0,888.0,707.0,99100.0,939.0,207.0,3.09,265.0,5500.0,6920.0,634.0,4.75,424.0,25.2,4480.0,3870.0,99.9,12500.0
2018-08-01,45.5,132000.0,402000.0,445000.0,254000.0,130000.0,33.0,365000.0,93.7,237000.0,359000.0,419.0,0.54,254000.0,872.0,692.0,95400.0,931.0,201.0,2.46,261.0,4890.0,6670.0,633.0,4.55,419.0,24.2,4470.0,3800.0,101.0,11500.0
2018-08-02,44.9,117000.0,395000.0,438000.0,246000.0,122000.0,30.7,362000.0,87.9,227000.0,348000.0,544.0,0.36,246000.0,854.0,722.0,89200.0,914.0,219.0,1.77,303.0,5670.0,6260.0,654.0,4.16,544.0,33.5,4490.0,3580.0,115.0,11200.0
2018-08-03,60.5,123000.0,393000.0,428000.0,236000.0,129000.0,29.2,360000.0,82.0,218000.0,340000.0,483.0,0.39,237000.0,842.0,718.0,84600.0,884.0,204.0,1.64,280.0,5550.0,6110.0,657.0,3.94,483.0,29.7,4620.0,3630.0,106.0,10300.0
2018-08-04,45.8,119000.0,398000.0,420000.0,227000.0,140000.0,27.8,349000.0,76.2,211000.0,341000.0,449.0,0.36,229000.0,834.0,673.0,79300.0,876.0,197.0,1.46,255.0,5590.0,6110.0,644.0,3.66,449.0,30.1,4740.0,3900.0,103.0,11100.0
2018-08-05,42.2,111000.0,405000.0,410000.0,219000.0,141000.0,26.6,336000.0,71.2,203000.0,315000.0,442.0,0.35,220000.0,832.0,666.0,77500.0,867.0,200.0,1.2,255.0,5490.0,6050.0,637.0,3.42,442.0,33.5,5060.0,4350.0,104.0,11200.0
2018-08-06,42.3,104000.0,410000.0,402000.0,211000.0,137000.0,24.9,327000.0,67.9,198000.0,299000.0,433.0,0.41,213000.0,835.0,688.0,71900.0,856.0,525.0,1.1,256.0,6630.0,5890.0,622.0,5.61,433.0,42.3,5510.0,4640.0,216.0,10800.0
2018-08-07,42.5,103000.0,409000.0,397000.0,206000.0,130000.0,25.4,321000.0,70.6,196000.0,301000.0,429.0,0.42,208000.0,825.0,664.0,74000.0,847.0,363.0,9.72,255.0,6900.0,5230.0,629.0,46.5,429.0,21.8,5880.0,4890.0,149.0,9770.0
2018-08-08,45.4,100000.0,403000.0,400000.0,204000.0,129000.0,25.1,318000.0,63.4,194000.0,293000.0,431.0,0.5,205000.0,827.0,658.0,76700.0,841.0,260.0,5.3,254.0,6620.0,5510.0,632.0,9.42,431.0,12.0,6670.0,4740.0,125.0,9470.0
2018-08-09,41.7,108000.0,393000.0,407000.0,204000.0,130000.0,23.9,317000.0,64.2,192000.0,286000.0,426.0,0.53,202000.0,828.0,759.0,83400.0,834.0,239.0,2.98,250.0,5850.0,5110.0,677.0,5.93,426.0,19.6,5670.0,4670.0,122.0,9460.0
2018-08-10,39.5,121000.0,384000.0,409000.0,201000.0,133000.0,22.4,317000.0,57.7,194000.0,301000.0,419.0,0.55,200000.0,817.0,814.0,88200.0,824.0,249.0,1.95,245.0,6270.0,4850.0,606.0,4.82,419.0,21.6,5140.0,4430.0,122.0,9460.0
2018-08-11,38.4,129000.0,377000.0,408000.0,199000.0,138000.0,21.6,318000.0,52.5,210000.0,301000.0,411.0,0.51,206000.0,801.0,704.0,84200.0,815.0,222.0,1.62,243.0,5860.0,4340.0,585.0,3.91,411.0,19.7,4790.0,4110.0,108.0,8960.0
2018-08-12,36.5,127000.0,367000.0,405000.0,209000.0,134000.0,20.6,317000.0,48.3,207000.0,306000.0,404.0,0.42,216000.0,786.0,647.0,77800.0,803.0,212.0,1.34,240.0,5360.0,4260.0,572.0,3.65,404.0,19.1,4810.0,3940.0,101.0,8270.0
2018-08-13,35.3,120000.0,358000.0,399000.0,212000.0,130000.0,19.4,317000.0,45.4,199000.0,300000.0,404.0,0.3,213000.0,772.0,613.0,71800.0,791.0,204.0,1.35,239.0,5670.0,4110.0,557.0,3.37,404.0,20.8,4640.0,3560.0,99.2,7510.0
2018-08-14,35.0,113000.0,360000.0,391000.0,206000.0,127000.0,18.3,315000.0,42.8,190000.0,297000.0,398.0,0.31,202000.0,763.0,587.0,69500.0,782.0,200.0,3.09,238.0,5220.0,3640.0,549.0,3.1,398.0,21.7,4460.0,3690.0,94.3,7330.0
2018-08-15,35.3,110000.0,367000.0,382000.0,198000.0,121000.0,20.6,313000.0,43.5,185000.0,296000.0,392.0,0.44,196000.0,758.0,570.0,67300.0,768.0,207.0,8.96,238.0,5020.0,3970.0,544.0,5.6,392.0,21.7,4530.0,3450.0,96.6,6930.0
2018-08-16,57.2,100000.0,375000.0,377000.0,197000.0,113000.0,21.0,312000.0,34.2,184000.0,294000.0,392.0,22.5,200000.0,763.0,579.0,61000.0,752.0,334.0,6.04,239.0,4960.0,3590.0,571.0,103.0,392.0,20.8,4490.0,3120.0,104.0,6810.0
2018-08-17,64.5,90400.0,383000.0,381000.0,193000.0,116000.0,19.4,309000.0,42.1,174000.0,301000.0,402.0,344.0,189000.0,844.0,591.0,61000.0,739.0,1180.0,3.14,277.0,5710.0,3200.0,642.0,56.4,402.0,20.0,4500.0,2980.0,129.0,6520.0
2018-08-18,52.5,101000.0,368000.0,400000.0,181000.0,119000.0,16.9,305000.0,53.9,173000.0,295000.0,408.0,53.8,177000.0,811.0,588.0,62900.0,727.0,450.0,2.14,245.0,6450.0,3330.0,643.0,19.8,408.0,19.6,4010.0,2870.0,110.0,5820.0
2018-08-19,42.7,109000.0,357000.0,422000.0,177000.0,121000.0,15.8,310000.0,34.2,185000.0,282000.0,415.0,17.8,180000.0,778.0,555.0,64600.0,714.0,320.0,1.85,240.0,5220.0,3300.0,584.0,10.7,415.0,19.6,4100.0,2800.0,101.0,5480.0
2018-08-20,45.9,111000.0,360000.0,436000.0,184000.0,126000.0,26.5,321000.0,37.0,187000.0,299000.0,403.0,9.74,191000.0,769.0,542.0,61600.0,702.0,301.0,26.9,239.0,4410.0,3430.0,567.0,109.0,403.0,21.3,4100.0,2700.0,115.0,5820.0
2018-08-21,86.7,105000.0,365000.0,447000.0,194000.0,137000.0,21.1,332000.0,65.4,184000.0,314000.0,398.0,5.33,196000.0,769.0,537.0,61500.0,691.0,454.0,18.3,242.0,6570.0,2930.0,577.0,25.6,398.0,21.2,4050.0,2650.0,171.0,6570.0
2018-08-22,72.7,100000.0,370000.0,450000.0,192000.0,142000.0,16.8,339000.0,71.3,173000.0,331000.0,393.0,1.33,187000.0,763.0,522.0,62200.0,679.0,315.0,6.19,238.0,9060.0,3030.0,575.0,12.7,393.0,19.2,3940.0,2680.0,123.0,5830.0
2018-08-23,50.8,101000.0,374000.0,448000.0,180000.0,136000.0,15.0,343000.0,45.3,170000.0,327000.0,388.0,0.42,175000.0,753.0,507.0,58900.0,665.0,282.0,3.48,236.0,7580.0,2910.0,553.0,9.21,388.0,19.0,4120.0,2610.0,113.0,5260.0
2018-08-24,51.2,104000.0,379000.0,442000.0,175000.0,129000.0,21.7,349000.0,48.2,174000.0,318000.0,393.0,478.0,174000.0,763.0,501.0,49500.0,679.0,270.0,75.2,235.0,6130.0,2810.0,595.0,94.6,393.0,24.9,3990.0,2670.0,111.0,5820.0
2018-08-25,60.1,110000.0,377000.0,438000.0,180000.0,130000.0,31.1,354000.0,185.0,196000.0,327000.0,405.0,260.0,190000.0,756.0,501.0,48700.0,686.0,271.0,14.5,239.0,5730.0,2830.0,623.0,21.9,405.0,136.0,4920.0,2820.0,112.0,5650.0
2018-08-26,57.2,107000.0,367000.0,434000.0,195000.0,130000.0,20.0,353000.0,172.0,210000.0,318000.0,427.0,45.5,210000.0,750.0,492.0,59400.0,682.0,254.0,7.21,236.0,5040.0,2800.0,655.0,13.3,427.0,80.1,4800.0,3470.0,103.0,5540.0
2018-08-27,46.0,109000.0,358000.0,430000.0,210000.0,129000.0,11.9,351000.0,85.4,205000.0,318000.0,443.0,16.4,219000.0,779.0,502.0,68000.0,683.0,250.0,4.52,309.0,4520.0,3050.0,687.0,9.4,443.0,46.5,6200.0,3720.0,101.0,5710.0
2018-08-28,50.4,114000.0,358000.0,423000.0,212000.0,131000.0,70.1,349000.0,290.0,209000.0,325000.0,640.0,8.12,219000.0,1230.0,1010.0,69100.0,684.0,252.0,3.33,2890.0,7070.0,2970.0,929.0,174.0,640.0,98.8,7110.0,6150.0,106.0,6600.0
2018-08-29,157.0,118000.0,365000.0,415000.0,212000.0,132000.0,935.0,344000.0,2630.0,200000.0,325000.0,688.0,2670.0,213000.0,1290.0,1690.0,81500.0,675.0,337.0,93.9,1200.0,11400.0,2950.0,1390.0,234.0,688.0,90.1,8190.0,9220.0,178.0,6380.0
2018-08-30,226.0,152000.0,369000.0,408000.0,206000.0,132000.0,184.0,336000.0,1400.0,231000.0,320000.0,604.0,688.0,216000.0,996.0,1280.0,89400.0,664.0,264.0,15.3,517.0,18200.0,3250.0,1580.0,32.7,604.0,105.0,7160.0,11400.0,136.0,6110.0
2018-08-31,93.6,162000.0,367000.0,398000.0,222000.0,133000.0,86.4,330000.0,580.0,248000.0,309000.0,535.0,139.0,244000.0,893.0,1090.0,92200.0,655.0,244.0,8.94,413.0,22800.0,2850.0,1370.0,19.7,535.0,51.5,6150.0,12200.0,130.0,6190.0
2018-09-01,67.9,138000.0,364000.0,394000.0,242000.0,130000.0,68.8,325000.0,398.0,242000.0,302000.0,529.0,57.4,253000.0,937.0,999.0,96200.0,639.0,1040.0,6.23,682.0,24200.0,3100.0,1220.0,243.0,529.0,36.1,6310.0,10800.0,574.0,6440.0
2018-09-02,59.8,129000.0,360000.0,392000.0,241000.0,125000.0,64.1,323000.0,343.0,233000.0,291000.0,516.0,29.5,246000.0,867.0,1020.0,101000.0,618.0,830.0,4.69,417.0,18000.0,3360.0,1170.0,193.0,516.0,31.0,6870.0,8850.0,347.0,6520.0
2018-09-03,60.9,139000.0,359000.0,388000.0,233000.0,122000.0,108.0,321000.0,358.0,235000.0,294000.0,492.0,17.4,241000.0,825.0,1570.0,127000.0,600.0,1190.0,3.8,384.0,16500.0,3920.0,1170.0,256.0,492.0,29.8,6540.0,7900.0,401.0,6670.0
2018-09-04,58.8,142000.0,364000.0,385000.0,232000.0,121000.0,139.0,322000.0,542.0,248000.0,276000.0,634.0,11.6,245000.0,927.0,2860.0,150000.0,603.0,1390.0,3.65,454.0,19400.0,4230.0,1310.0,112.0,634.0,34.6,6410.0,7160.0,387.0,7580.0
2018-09-05,77.6,178000.0,366000.0,378000.0,240000.0,122000.0,79.8,323000.0,545.0,265000.0,286000.0,1570.0,18.5,260000.0,2200.0,3940.0,155000.0,592.0,1400.0,3.6,1730.0,23800.0,4350.0,2060.0,57.7,1570.0,563.0,11200.0,6760.0,891.0,8350.0
2018-09-06,118.0,210000.0,366000.0,376000.0,257000.0,122000.0,558.0,316000.0,559.0,285000.0,288000.0,1800.0,3870.0,277000.0,2400.0,5590.0,182000.0,555.0,958.0,3.17,1040.0,27300.0,4340.0,4110.0,479.0,1800.0,254.0,18200.0,6640.0,588.0,8770.0
2018-09-07,1890.0,226000.0,364000.0,385000.0,277000.0,121000.0,959.0,309000.0,1610.0,334000.0,279000.0,2360.0,3840.0,307000.0,2480.0,3670.0,193000.0,530.0,649.0,15.2,714.0,29700.0,4810.0,7310.0,194.0,2360.0,72.9,20500.0,6390.0,392.0,8380.0
2018-09-08,2560.0,247000.0,363000.0,394000.0,351000.0,117000.0,699.0,308000.0,1760.0,393000.0,272000.0,2760.0,3970.0,397000.0,1860.0,2640.0,212000.0,505.0,549.0,84.7,587.0,34100.0,4900.0,11800.0,119.0,2760.0,45.2,17800.0,6080.0,312.0,8110.0
2018-09-09,1550.0,266000.0,380000.0,404000.0,437000.0,117000.0,378.0,312000.0,1250.0,428000.0,274000.0,1980.0,509.0,448000.0,1550.0,2170.0,227000.0,483.0,488.0,15.4,510.0,35400.0,4420.0,9100.0,72.0,1980.0,36.2,13400.0,5650.0,268.0,8600.0
2018-09-10,611.0,278000.0,414000.0,415000.0,464000.0,119000.0,249.0,318000.0,846.0,448000.0,294000.0,1010.0,193.0,464000.0,1370.0,1880.0,234000.0,467.0,446.0,8.86,456.0,35700.0,4300.0,5380.0,54.8,1010.0,32.8,10600.0,5330.0,240.0,8360.0
2018-09-11,368.0,284000.0,518000.0,422000.0,481000.0,120000.0,188.0,324000.0,664.0,449000.0,308000.0,759.0,101.0,467000.0,1250.0,1680.0,237000.0,453.0,415.0,5.77,427.0,32200.0,3750.0,3250.0,44.6,759.0,31.7,9680.0,4940.0,221.0,7730.0
2018-09-12,267.0,285000.0,620000.0,434000.0,485000.0,121000.0,150.0,331000.0,547.0,441000.0,299000.0,672.0,62.1,460000.0,1140.0,1500.0,238000.0,446.0,392.0,4.19,403.0,27000.0,3500.0,2370.0,36.0,672.0,30.3,8570.0,4620.0,205.0,7120.0
2018-09-13,208.0,282000.0,709000.0,465000.0,480000.0,124000.0,126.0,337000.0,459.0,428000.0,298000.0,625.0,43.5,449000.0,1060.0,1370.0,236000.0,443.0,374.0,3.49,385.0,22800.0,3480.0,1950.0,30.9,625.0,29.7,7050.0,4430.0,194.0,6920.0
2018-09-14,174.0,278000.0,783000.0,527000.0,468000.0,132000.0,110.0,344000.0,394.0,413000.0,308000.0,594.0,32.7,437000.0,1000.0,1260.0,232000.0,442.0,360.0,3.04,374.0,19000.0,3160.0,1610.0,27.7,594.0,29.1,7160.0,4290.0,186.0,6360.0
2018-09-15,153.0,274000.0,830000.0,604000.0,452000.0,151000.0,97.0,362000.0,342.0,402000.0,337000.0,573.0,26.1,425000.0,950.0,1170.0,223000.0,573.0,348.0,2.72,364.0,15600.0,3910.0,1370.0,25.0,573.0,27.8,6830.0,4050.0,179.0,6000.0
2018-09-16,136.0,271000.0,856000.0,673000.0,437000.0,171000.0,89.4,398000.0,299.0,396000.0,357000.0,556.0,21.5,416000.0,911.0,1090.0,211000.0,603.0,337.0,2.49,355.0,14000.0,3150.0,1230.0,22.8,556.0,27.3,6050.0,4360.0,173.0,6370.0
2018-09-17,126.0,267000.0,871000.0,732000.0,427000.0,187000.0,83.3,440000.0,264.0,388000.0,400000.0,547.0,17.8,409000.0,891.0,1030.0,196000.0,598.0,330.0,2.32,350.0,13000.0,3170.0,1150.0,21.6,547.0,25.8,5700.0,5460.0,169.0,6350.0
2018-09-18,119.0,263000.0,881000.0,783000.0,415000.0,193000.0,76.3,481000.0,284.0,379000.0,439000.0,827.0,15.5,400000.0,1010.0,1130.0,183000.0,584.0,464.0,2.29,382.0,12400.0,4590.0,1380.0,27.2,827.0,24.3,6380.0,5880.0,223.0,5960.0
2018-09-19,116.0,258000.0,886000.0,823000.0,404000.0,205000.0,72.8,516000.0,296.0,374000.0,483000.0,919.0,106.0,392000.0,1090.0,1350.0,169000.0,571.0,666.0,2.25,431.0,12200.0,4730.0,1420.0,82.0,919.0,26.4,6010.0,5740.0,374.0,6930.0
2018-09-20,112.0,250000.0,884000.0,855000.0,396000.0,219000.0,63.2,541000.0,261.0,368000.0,512000.0,784.0,338.0,390000.0,1230.0,2490.0,152000.0,565.0,5550.0,2.7,544.0,11800.0,5200.0,1570.0,43.7,784.0,34.4,5910.0,5870.0,2550.0,8130.0
2018-09-21,103.0,239000.0,869000.0,877000.0,385000.0,224000.0,61.0,560000.0,240.0,351000.0,547000.0,1090.0,66.0,382000.0,1930.0,4540.0,142000.0,596.0,1480.0,4.44,820.0,12600.0,5250.0,1970.0,30.4,1090.0,380.0,6950.0,5980.0,727.0,9490.0
2018-09-22,96.9,225000.0,828000.0,893000.0,367000.0,226000.0,58.5,577000.0,216.0,330000.0,602000.0,1110.0,32.7,362000.0,2840.0,5040.0,135000.0,580.0,842.0,2.64,581.0,12700.0,5310.0,2140.0,21.3,1110.0,130.0,12800.0,6110.0,482.0,9370.0
2018-09-23,92.9,207000.0,786000.0,906000.0,344000.0,226000.0,60.4,593000.0,200.0,308000.0,614000.0,853.0,21.7,339000.0,2860.0,3930.0,143000.0,568.0,699.0,2.18,511.0,14000.0,5190.0,2270.0,21.0,853.0,57.0,13700.0,6350.0,399.0,9780.0
2018-09-24,92.2,162000.0,760000.0,914000.0,321000.0,230000.0,59.4,609000.0,193.0,290000.0,644000.0,721.0,16.1,317000.0,2290.0,2940.0,154000.0,540.0,622.0,2.07,470.0,13600.0,5300.0,2210.0,19.9,721.0,42.6,13300.0,6290.0,352.0,10000.0
2018-09-25,94.0,154000.0,738000.0,916000.0,309000.0,235000.0,53.7,621000.0,193.0,284000.0,645000.0,649.0,12.3,304000.0,1980.0,2480.0,158000.0,543.0,804.0,2.24,449.0,12100.0,5410.0,1860.0,47.4,649.0,79.1,10300.0,6310.0,381.0,10100.0
2018-09-26,106.0,178000.0,712000.0,909000.0,301000.0,237000.0,54.5,631000.0,193.0,288000.0,654000.0,613.0,10.5,300000.0,1770.0,2260.0,161000.0,533.0,895.0,5.75,439.0,12400.0,5110.0,1610.0,22.3,613.0,99.1,11600.0,6190.0,375.0,10300.0
2018-09-27,113.0,193000.0,695000.0,896000.0,298000.0,229000.0,50.6,638000.0,182.0,293000.0,652000.0,591.0,9.41,304000.0,1620.0,2000.0,161000.0,541.0,605.0,4.16,412.0,13400.0,4850.0,1450.0,18.4,591.0,96.7,10000.0,6220.0,314.0,10300.0
2018-09-28,96.4,202000.0,708000.0,880000.0,302000.0,216000.0,51.4,644000.0,172.0,299000.0,665000.0,574.0,8.79,309000.0,1500.0,1830.0,164000.0,564.0,561.0,2.64,397.0,13400.0,4940.0,1360.0,18.2,574.0,37.1,10000.0,5930.0,297.0,10300.0
2018-09-29,93.1,193000.0,745000.0,868000.0,308000.0,211000.0,47.6,649000.0,166.0,306000.0,673000.0,558.0,7.99,316000.0,1400.0,1670.0,172000.0,593.0,523.0,1.91,382.0,12700.0,4650.0,1300.0,17.8,558.0,16.8,10100.0,5660.0,282.0,10300.0
2018-09-30,93.6,196000.0,783000.0,853000.0,314000.0,209000.0,49.8,651000.0,167.0,314000.0,667000.0,545.0,6.75,325000.0,1320.0,1560.0,178000.0,628.0,536.0,1.89,376.0,10900.0,4840.0,1190.0,32.4,545.0,17.7,9220.0,5470.0,297.0,10000.0
2018-10-01,94.9,197000.0,813000.0,841000.0,322000.0,204000.0,47.4,652000.0,164.0,320000.0,657000.0,558.0,6.69,334000.0,1280.0,1570.0,179000.0,649.0,3230.0,2.07,381.0,10500.0,4580.0,1130.0,19.7,558.0,21.3,9100.0,5220.0,4730.0,9890.0
2018-10-02,91.9,210000.0,830000.0,837000.0,329000.0,201000.0,48.9,652000.0,159.0,328000.0,649000.0,686.0,6.02,341000.0,1320.0,2070.0,176000.0,669.0,7890.0,2.13,461.0,14900.0,4530.0,1180.0,22.8,686.0,38.9,10200.0,4830.0,3440.0,9530.0
2018-10-03,89.8,213000.0,839000.0,843000.0,336000.0,207000.0,48.2,651000.0,158.0,334000.0,639000.0,686.0,6.9,349000.0,1320.0,1960.0,173000.0,733.0,1410.0,2.84,403.0,16000.0,4530.0,1280.0,18.7,686.0,45.3,9360.0,4860.0,882.0,9390.0
2018-10-04,85.5,215000.0,846000.0,851000.0,343000.0,211000.0,49.2,649000.0,153.0,338000.0,629000.0,704.0,6.55,351000.0,1380.0,1930.0,178000.0,802.0,1460.0,2.59,391.0,14900.0,4460.0,1550.0,42.9,704.0,50.5,9440.0,4750.0,829.0,8370.0
2018-10-05,99.7,216000.0,853000.0,863000.0,347000.0,214000.0,74.4,650000.0,189.0,341000.0,629000.0,686.0,144.0,357000.0,1380.0,1800.0,190000.0,813.0,956.0,5.17,383.0,16700.0,4280.0,1870.0,495.0,686.0,56.4,12200.0,5190.0,618.0,8520.0
2018-10-06,138.0,220000.0,857000.0,874000.0,350000.0,221000.0,81.4,652000.0,507.0,342000.0,631000.0,666.0,626.0,363000.0,1350.0,1720.0,199000.0,823.0,1790.0,4.36,385.0,17700.0,4530.0,1990.0,593.0,666.0,78.9,13200.0,5330.0,975.0,8210.0
2018-10-07,256.0,227000.0,850000.0,883000.0,350000.0,226000.0,194.0,654000.0,503.0,348000.0,632000.0,629.0,942.0,367000.0,1310.0,1650.0,212000.0,816.0,1110.0,169.0,372.0,18000.0,4390.0,2160.0,240.0,629.0,60.9,13400.0,5360.0,695.0,8270.0
2018-10-08,960.0,241000.0,817000.0,891000.0,353000.0,230000.0,569.0,658000.0,753.0,368000.0,632000.0,632.0,1930.0,377000.0,1330.0,1770.0,225000.0,823.0,2540.0,30.9,384.0,18800.0,4700.0,2240.0,283.0,632.0,32.0,12800.0,5410.0,1360.0,8330.0
2018-10-09,1050.0,260000.0,760000.0,897000.0,369000.0,235000.0,349.0,662000.0,1050.0,398000.0,633000.0,894.0,752.0,398000.0,1790.0,3990.0,242000.0,845.0,1850.0,9.57,1270.0,19800.0,4850.0,2650.0,146.0,894.0,80.3,14300.0,5780.0,931.0,8650.0
2018-10-10,1030.0,278000.0,711000.0,902000.0,395000.0,238000.0,258.0,667000.0,2450.0,445000.0,691000.0,1260.0,4040.0,426000.0,3600.0,6290.0,267000.0,907.0,2290.0,26.5,1110.0,21700.0,6420.0,3980.0,1790.0,1260.0,514.0,17600.0,7050.0,1980.0,10200.0
2018-10-11,878.0,300000.0,680000.0,895000.0,435000.0,236000.0,203.0,668000.0,1670.0,500000.0,691000.0,1480.0,3560.0,469000.0,5030.0,5580.0,280000.0,1010.0,1560.0,7.11,799.0,25500.0,7810.0,6180.0,304.0,1480.0,235.0,31000.0,10100.0,965.0,12400.0
2018-10-12,610.0,316000.0,670000.0,877000.0,483000.0,234000.0,169.0,667000.0,1010.0,527000.0,671000.0,1560.0,888.0,505000.0,4080.0,4180.0,290000.0,1110.0,1140.0,5.7,659.0,28500.0,10500.0,13000.0,167.0,1560.0,122.0,42100.0,13900.0,737.0,14400.0
2018-10-13,501.0,329000.0,675000.0,854000.0,517000.0,230000.0,151.0,665000.0,899.0,545000.0,656000.0,1310.0,299.0,529000.0,3070.0,3360.0,299000.0,1130.0,1020.0,5.33,584.0,33300.0,11700.0,15900.0,126.0,1310.0,98.8,45700.0,16200.0,645.0,17200.0
2018-10-14,418.0,338000.0,689000.0,831000.0,543000.0,223000.0,136.0,660000.0,816.0,559000.0,648000.0,949.0,214.0,546000.0,2630.0,2900.0,303000.0,1140.0,939.0,4.1,540.0,38000.0,12400.0,12200.0,104.0,949.0,96.0,42300.0,16300.0,586.0,18600.0
2018-10-15,389.0,344000.0,721000.0,815000.0,562000.0,215000.0,143.0,653000.0,725.0,568000.0,648000.0,846.0,464.0,559000.0,2400.0,2600.0,299000.0,1130.0,877.0,3.95,511.0,40900.0,12700.0,8790.0,96.2,846.0,57.4,33000.0,15000.0,540.0,19500.0
2018-10-16,407.0,345000.0,754000.0,810000.0,575000.0,214000.0,134.0,646000.0,666.0,570000.0,642000.0,795.0,348.0,568000.0,2190.0,2360.0,281000.0,1120.0,826.0,3.1,476.0,42300.0,12500.0,5940.0,79.1,795.0,21.8,25800.0,13600.0,506.0,20500.0
2018-10-17,358.0,346000.0,785000.0,821000.0,580000.0,212000.0,125.0,638000.0,597.0,569000.0,638000.0,744.0,179.0,571000.0,2040.0,2180.0,270000.0,1130.0,787.0,2.3,456.0,41700.0,12400.0,4430.0,70.0,744.0,42.8,22700.0,12200.0,471.0,21000.0
2018-10-18,306.0,344000.0,819000.0,840000.0,582000.0,196000.0,111.0,637000.0,523.0,559000.0,618000.0,700.0,121.0,571000.0,1920.0,2010.0,255000.0,1170.0,744.0,1.98,434.0,36400.0,11800.0,3530.0,64.5,700.0,43.9,21800.0,11200.0,440.0,21300.0
2018-10-19,287.0,339000.0,847000.0,865000.0,578000.0,196000.0,111.0,643000.0,479.0,542000.0,615000.0,694.0,89.2,560000.0,1820.0,1910.0,244000.0,1160.0,753.0,1.86,435.0,29600.0,11700.0,2900.0,61.9,694.0,40.5,16800.0,10000.0,443.0,20800.0
2018-10-20,278.0,332000.0,865000.0,891000.0,567000.0,195000.0,106.0,654000.0,459.0,524000.0,624000.0,700.0,73.9,548000.0,1750.0,1820.0,238000.0,1150.0,743.0,1.85,430.0,26400.0,10800.0,2430.0,55.2,700.0,31.9,15600.0,8870.0,421.0,20300.0
2018-10-21,237.0,323000.0,869000.0,917000.0,548000.0,200000.0,99.1,671000.0,415.0,506000.0,635000.0,681.0,61.2,529000.0,1660.0,1710.0,229000.0,1130.0,688.0,1.99,407.0,22300.0,10500.0,2150.0,50.0,681.0,32.0,15300.0,7820.0,394.0,19400.0
2018-10-22,227.0,315000.0,863000.0,944000.0,528000.0,208000.0,94.7,693000.0,385.0,486000.0,653000.0,654.0,47.6,513000.0,1600.0,1650.0,227000.0,1120.0,687.0,2.01,404.0,18800.0,10200.0,2020.0,50.4,654.0,31.9,13600.0,7130.0,388.0,18400.0
2018-10-23,227.0,306000.0,842000.0,968000.0,509000.0,220000.0,90.4,713000.0,374.0,468000.0,672000.0,637.0,42.1,495000.0,1540.0,1560.0,224000.0,1100.0,660.0,2.0,394.0,16300.0,9800.0,1930.0,46.6,637.0,31.9,12100.0,6530.0,368.0,17500.0
2018-10-24,210.0,299000.0,806000.0,983000.0,490000.0,227000.0,87.7,732000.0,349.0,456000.0,678000.0,624.0,40.3,476000.0,1490.0,1480.0,218000.0,1090.0,638.0,1.77,386.0,16700.0,9440.0,2000.0,44.3,624.0,32.0,11600.0,5920.0,353.0,16700.0
2018-10-25,204.0,293000.0,766000.0,990000.0,473000.0,235000.0,89.1,750000.0,333.0,445000.0,714000.0,615.0,36.2,458000.0,1440.0,1430.0,216000.0,1090.0,635.0,1.92,384.0,16300.0,9110.0,1950.0,43.3,615.0,32.2,11100.0,5930.0,349.0,15800.0
2018-10-26,208.0,287000.0,727000.0,989000.0,459000.0,240000.0,88.2,759000.0,325.0,438000.0,762000.0,613.0,34.4,449000.0,1410.0,1390.0,211000.0,1110.0,635.0,20.4,383.0,15000.0,9110.0,1780.0,42.3,613.0,32.3,10400.0,5310.0,346.0,15600.0
2018-10-27,202.0,281000.0,690000.0,977000.0,447000.0,238000.0,83.6,765000.0,313.0,428000.0,737000.0,626.0,34.7,443000.0,1400.0,1340.0,204000.0,1130.0,629.0,4.84,386.0,13400.0,9670.0,1710.0,40.3,626.0,32.3,9470.0,5480.0,337.0,15500.0
2018-10-28,188.0,275000.0,662000.0,956000.0,434000.0,233000.0,76.4,766000.0,299.0,416000.0,722000.0,658.0,32.9,436000.0,1380.0,1310.0,196000.0,1190.0,628.0,2.6,384.0,13600.0,9860.0,1700.0,41.6,658.0,32.4,9470.0,5920.0,338.0,15700.0
2018-10-29,177.0,268000.0,641000.0,927000.0,422000.0,226000.0,78.6,763000.0,285.0,399000.0,732000.0,678.0,29.0,420000.0,1340.0,1250.0,187000.0,1220.0,608.0,2.59,376.0,12700.0,10300.0,1690.0,37.0,678.0,44.0,9590.0,6440.0,322.0,15800.0
2018-10-30,172.0,261000.0,625000.0,891000.0,408000.0,211000.0,76.9,753000.0,278.0,386000.0,709000.0,656.0,25.2,402000.0,1300.0,1210.0,180000.0,1240.0,589.0,3.36,371.0,12400.0,11000.0,1790.0,36.9,656.0,75.1,10600.0,6910.0,314.0,16500.0
2018-10-31,179.0,255000.0,611000.0,859000.0,396000.0,205000.0,76.0,735000.0,277.0,384000.0,682000.0,631.0,169.0,393000.0,1270.0,1170.0,173000.0,1260.0,579.0,43.5,368.0,12800.0,10900.0,1890.0,35.9,631.0,49.0,9860.0,7190.0,306.0,16500.0
2018-11-01,179.0,251000.0,619000.0,837000.0,403000.0,211000.0,73.2,721000.0,271.0,385000.0,695000.0,614.0,161.0,393000.0,1240.0,1130.0,166000.0,1270.0,563.0,112.0,362.0,12100.0,10900.0,1850.0,35.9,614.0,28.1,9750.0,7210.0,297.0,16400.0
2018-11-02,168.0,245000.0,640000.0,821000.0,404000.0,212000.0,72.8,696000.0,259.0,377000.0,704000.0,603.0,78.1,392000.0,1220.0,1100.0,160000.0,1280.0,558.0,52.4,361.0,13500.0,11200.0,1790.0,33.7,603.0,29.9,9330.0,7030.0,292.0,16600.0
2018-11-03,165.0,237000.0,692000.0,815000.0,398000.0,189000.0,67.9,678000.0,253.0,364000.0,626000.0,595.0,60.1,382000.0,1190.0,1080.0,159000.0,1290.0,549.0,26.6,358.0,13800.0,10300.0,1730.0,32.9,595.0,29.5,8450.0,6880.0,287.0,16800.0
2018-11-04,216.0,230000.0,747000.0,824000.0,387000.0,175000.0,76.0,674000.0,336.0,353000.0,628000.0,664.0,1630.0,371000.0,1290.0,1200.0,161000.0,1290.0,829.0,23.0,408.0,13200.0,10500.0,1840.0,244.0,664.0,29.2,8810.0,6620.0,357.0,16300.0
2018-11-05,407.0,226000.0,787000.0,845000.0,379000.0,172000.0,99.3,673000.0,535.0,341000.0,618000.0,1040.0,1500.0,360000.0,1390.0,1510.0,156000.0,1290.0,907.0,48.8,461.0,13600.0,9860.0,2250.0,138.0,1040.0,29.1,9560.0,6470.0,363.0,15900.0
2018-11-06,403.0,228000.0,831000.0,872000.0,378000.0,173000.0,111.0,677000.0,516.0,341000.0,636000.0,1180.0,927.0,359000.0,1510.0,1640.0,155000.0,1300.0,811.0,37.8,441.0,14900.0,10100.0,4150.0,124.0,1180.0,52.1,11800.0,6590.0,362.0,15500.0
2018-11-07,378.0,228000.0,847000.0,899000.0,375000.0,181000.0,97.6,687000.0,483.0,346000.0,649000.0,1150.0,397.0,357000.0,1680.0,1820.0,158000.0,1320.0,683.0,24.0,428.0,16500.0,10000.0,5460.0,80.4,1150.0,64.6,17600.0,7130.0,317.0,15800.0
2018-11-08,312.0,226000.0,860000.0,926000.0,374000.0,184000.0,92.3,703000.0,409.0,347000.0,676000.0,1010.0,209.0,357000.0,1800.0,1850.0,158000.0,1340.0,629.0,17.3,408.0,19600.0,9630.0,6300.0,67.7,1010.0,64.0,19600.0,7600.0,300.0,15600.0
2018-11-09,292.0,223000.0,875000.0,953000.0,371000.0,192000.0,87.3,718000.0,375.0,344000.0,711000.0,851.0,154.0,355000.0,1770.0,1770.0,159000.0,1350.0,615.0,16.4,405.0,23300.0,9300.0,6470.0,66.1,851.0,63.3,19800.0,7780.0,294.0,15000.0
2018-11-10,275.0,219000.0,888000.0,974000.0,366000.0,196000.0,91.5,737000.0,352.0,336000.0,714000.0,767.0,140.0,350000.0,1690.0,1640.0,158000.0,1340.0,585.0,13.3,395.0,24600.0,8540.0,5330.0,57.2,767.0,62.2,17400.0,7240.0,282.0,14600.0
2018-11-11,257.0,217000.0,900000.0,990000.0,358000.0,196000.0,88.1,754000.0,334.0,331000.0,723000.0,717.0,120.0,342000.0,1600.0,1540.0,156000.0,1320.0,580.0,11.9,391.0,25200.0,7880.0,4100.0,54.8,717.0,47.9,15300.0,6980.0,280.0,13800.0
2018-11-12,245.0,216000.0,910000.0,1010000.0,353000.0,201000.0,83.5,773000.0,322.0,328000.0,745000.0,692.0,112.0,337000.0,1540.0,1460.0,155000.0,1320.0,570.0,11.1,385.0,23000.0,7520.0,3080.0,50.1,692.0,28.9,12700.0,6580.0,272.0,12400.0
2018-11-13,227.0,214000.0,913000.0,1030000.0,348000.0,197000.0,84.3,796000.0,302.0,324000.0,814000.0,671.0,104.0,332000.0,1480.0,1380.0,152000.0,1280.0,545.0,11.3,376.0,18400.0,6600.0,2510.0,46.0,671.0,28.8,10600.0,5580.0,261.0,10900.0
2018-11-14,208.0,212000.0,909000.0,1050000.0,343000.0,193000.0,85.2,817000.0,287.0,321000.0,840000.0,656.0,84.5,328000.0,1390.0,1310.0,152000.0,1280.0,532.0,10.1,370.0,17500.0,6490.0,2170.0,43.8,656.0,28.8,10900.0,4680.0,254.0,10600.0
2018-11-15,212.0,211000.0,904000.0,1060000.0,338000.0,204000.0,85.2,830000.0,281.0,322000.0,843000.0,631.0,77.8,326000.0,1380.0,1270.0,151000.0,1310.0,537.0,12.6,372.0,17500.0,6930.0,1890.0,43.9,631.0,28.8,8250.0,5130.0,256.0,11000.0
2018-11-16,217.0,206000.0,903000.0,1060000.0,338000.0,204000.0,81.2,838000.0,283.0,322000.0,836000.0,632.0,75.6,328000.0,1390.0,1240.0,150000.0,1300.0,548.0,19.1,375.0,14600.0,8080.0,1720.0,44.1,632.0,28.7,9310.0,6200.0,260.0,11900.0
2018-11-17,207.0,200000.0,905000.0,1060000.0,340000.0,200000.0,79.9,846000.0,280.0,318000.0,837000.0,635.0,74.7,326000.0,1370.0,1210.0,150000.0,1270.0,538.0,20.9,370.0,12600.0,7600.0,1700.0,47.4,635.0,28.7,9530.0,6080.0,254.0,12700.0
2018-11-18,196.0,187000.0,902000.0,1060000.0,336000.0,206000.0,81.3,853000.0,270.0,313000.0,858000.0,628.0,66.4,321000.0,1320.0,1160.0,149000.0,1260.0,519.0,17.9,361.0,11300.0,6570.0,1670.0,41.5,628.0,28.5,8930.0,4830.0,245.0,11500.0
2018-11-19,191.0,187000.0,894000.0,1050000.0,330000.0,212000.0,78.3,856000.0,262.0,308000.0,866000.0,613.0,59.5,315000.0,1250.0,1120.0,145000.0,1240.0,518.0,15.6,361.0,11800.0,5500.0,1530.0,39.3,613.0,28.3,7280.0,4280.0,243.0,10400.0
2018-11-20,189.0,191000.0,884000.0,1040000.0,325000.0,214000.0,76.4,856000.0,257.0,306000.0,906000.0,603.0,55.4,311000.0,1240.0,1080.0,136000.0,1210.0,510.0,13.9,359.0,12400.0,5840.0,1440.0,37.7,603.0,27.6,8100.0,4020.0,239.0,9280.0
2018-11-21,181.0,192000.0,881000.0,1040000.0,322000.0,221000.0,77.6,852000.0,249.0,306000.0,877000.0,599.0,53.5,311000.0,1240.0,1060.0,126000.0,1200.0,504.0,12.0,356.0,11600.0,5170.0,1400.0,36.2,599.0,26.1,6760.0,3840.0,236.0,8720.0
2018-11-22,175.0,187000.0,883000.0,1030000.0,322000.0,226000.0,75.4,844000.0,243.0,300000.0,875000.0,595.0,49.1,311000.0,1220.0,1020.0,118000.0,1200.0,497.0,10.9,353.0,11100.0,4810.0,1390.0,35.0,595.0,24.8,7220.0,3950.0,232.0,8330.0
2018-11-23,179.0,180000.0,884000.0,1010000.0,317000.0,223000.0,76.8,835000.0,244.0,287000.0,824000.0,596.0,46.5,300000.0,1190.0,1010.0,112000.0,1230.0,509.0,15.8,356.0,9510.0,5390.0,1380.0,38.2,596.0,24.8,7150.0,4320.0,237.0,9150.0
2018-11-24,199.0,161000.0,888000.0,1010000.0,303000.0,225000.0,77.2,828000.0,264.0,275000.0,854000.0,615.0,60.8,288000.0,1210.0,1030.0,111000.0,1230.0,543.0,27.0,367.0,10000.0,5930.0,1380.0,47.0,615.0,26.0,7480.0,5410.0,249.0,9570.0
2018-11-25,208.0,150000.0,886000.0,995000.0,287000.0,233000.0,78.3,818000.0,274.0,271000.0,819000.0,635.0,87.4,277000.0,1200.0,1020.0,112000.0,1230.0,510.0,33.2,359.0,9820.0,6160.0,1390.0,190.0,635.0,26.0,8700.0,5850.0,231.0,10300.0
2018-11-26,203.0,158000.0,871000.0,986000.0,285000.0,237000.0,78.0,802000.0,270.0,275000.0,889000.0,626.0,160.0,274000.0,1170.0,992.0,106000.0,1220.0,485.0,45.9,348.0,10500.0,5790.0,1420.0,130.0,626.0,26.0,9810.0,5080.0,221.0,9180.0
2018-11-27,228.0,160000.0,840000.0,978000.0,286000.0,237000.0,115.0,784000.0,239.0,279000.0,830000.0,603.0,215.0,278000.0,1130.0,954.0,106000.0,1220.0,471.0,23.8,342.0,12000.0,4860.0,1430.0,91.9,603.0,26.0,9160.0,4490.0,216.0,8020.0
2018-11-28,217.0,153000.0,804000.0,969000.0,290000.0,237000.0,130.0,768000.0,271.0,277000.0,765000.0,599.0,186.0,281000.0,1060.0,926.0,103000.0,1220.0,465.0,15.3,341.0,12100.0,4600.0,1410.0,76.6,599.0,26.0,7190.0,4670.0,213.0,8250.0
2018-11-29,246.0,155000.0,775000.0,954000.0,290000.0,236000.0,132.0,754000.0,310.0,275000.0,765000.0,585.0,171.0,280000.0,1080.0,917.0,100000.0,1220.0,468.0,12.1,341.0,10300.0,5270.0,1360.0,72.5,585.0,25.9,6380.0,4590.0,214.0,8590.0
2018-11-30,217.0,151000.0,753000.0,935000.0,287000.0,234000.0,100.0,743000.0,313.0,274000.0,733000.0,569.0,139.0,278000.0,1090.0,907.0,96600.0,1220.0,467.0,13.1,340.0,9870.0,5920.0,1330.0,72.6,569.0,25.9,6990.0,4630.0,212.0,8650.0
2018-12-01,378.0,158000.0,752000.0,914000.0,291000.0,234000.0,440.0,731000.0,489.0,277000.0,724000.0,577.0,3250.0,283000.0,1080.0,901.0,99000.0,1220.0,475.0,156.0,343.0,9950.0,5530.0,1340.0,490.0,577.0,25.9,7480.0,4900.0,217.0,9480.0
2018-12-02,2300.0,159000.0,758000.0,897000.0,301000.0,233000.0,2220.0,717000.0,2000.0,299000.0,724000.0,597.0,3830.0,293000.0,1130.0,951.0,114000.0,1210.0,578.0,53.9,363.0,10100.0,5370.0,1360.0,658.0,597.0,25.9,8170.0,4710.0,318.0,9140.0
2018-12-03,2510.0,182000.0,766000.0,886000.0,319000.0,232000.0,1240.0,701000.0,2750.0,343000.0,718000.0,594.0,1640.0,327000.0,1090.0,914.0,135000.0,1210.0,510.0,24.5,344.0,10200.0,5220.0,1320.0,293.0,594.0,25.9,7370.0,4600.0,244.0,8610.0
2018-12-04,1650.0,213000.0,782000.0,877000.0,359000.0,214000.0,687.0,688000.0,2900.0,370000.0,704000.0,586.0,582.0,361000.0,1060.0,875.0,139000.0,1210.0,469.0,18.5,335.0,10600.0,5130.0,1250.0,183.0,586.0,25.8,7260.0,4330.0,225.0,8330.0
2018-12-05,1190.0,223000.0,807000.0,872000.0,393000.0,213000.0,513.0,680000.0,1890.0,406000.0,676000.0,581.0,342.0,389000.0,1050.0,849.0,133000.0,1210.0,462.0,15.9,335.0,12600.0,5240.0,1320.0,139.0,581.0,25.7,7220.0,3860.0,219.0,7910.0
2018-12-06,967.0,224000.0,848000.0,868000.0,426000.0,217000.0,409.0,671000.0,1240.0,418000.0,641000.0,576.0,248.0,415000.0,1030.0,829.0,127000.0,1210.0,455.0,14.9,332.0,12400.0,5560.0,1150.0,113.0,576.0,25.5,6500.0,3670.0,214.0,7390.0
2018-12-07,765.0,216000.0,894000.0,872000.0,444000.0,218000.0,332.0,665000.0,958.0,397000.0,630000.0,571.0,183.0,418000.0,990.0,799.0,120000.0,1210.0,433.0,13.9,326.0,10300.0,5210.0,1170.0,93.7,571.0,25.5,6510.0,3650.0,204.0,6990.0
2018-12-08,651.0,207000.0,936000.0,892000.0,431000.0,219000.0,286.0,668000.0,804.0,365000.0,642000.0,558.0,110.0,396000.0,954.0,788.0,114000.0,1200.0,431.0,11.2,325.0,9400.0,4240.0,1120.0,86.6,558.0,25.5,6700.0,2990.0,202.0,6750.0
2018-12-09,580.0,191000.0,973000.0,930000.0,399000.0,217000.0,260.0,680000.0,709.0,338000.0,729000.0,557.0,85.9,367000.0,988.0,780.0,102000.0,1200.0,429.0,9.67,327.0,8510.0,4150.0,1140.0,81.6,557.0,25.4,6380.0,2190.0,200.0,6610.0
2018-12-10,524.0,179000.0,985000.0,964000.0,366000.0,194000.0,233.0,693000.0,646.0,313000.0,734000.0,516.0,93.6,340000.0,959.0,773.0,88400.0,1200.0,425.0,8.76,324.0,8550.0,4000.0,1150.0,74.1,516.0,24.3,6360.0,2450.0,198.0,6520.0
2018-12-11,484.0,162000.0,981000.0,994000.0,334000.0,179000.0,217.0,717000.0,589.0,285000.0,722000.0,486.0,98.7,312000.0,945.0,790.0,88000.0,1200.0,426.0,8.18,324.0,8310.0,3790.0,1150.0,68.5,486.0,23.5,7650.0,2660.0,198.0,6460.0
2018-12-12,456.0,174000.0,961000.0,1020000.0,305000.0,176000.0,200.0,744000.0,552.0,271000.0,735000.0,500.0,95.7,286000.0,1010.0,771.0,78700.0,1200.0,431.0,8.25,326.0,6520.0,4100.0,1140.0,65.0,500.0,23.5,7650.0,2800.0,200.0,6500.0
2018-12-13,416.0,166000.0,928000.0,1030000.0,288000.0,176000.0,187.0,773000.0,516.0,271000.0,760000.0,513.0,92.9,278000.0,1030.0,757.0,79200.0,1200.0,424.0,11.3,324.0,7150.0,4340.0,1130.0,60.2,513.0,21.0,6320.0,3180.0,197.0,6520.0
2018-12-14,376.0,153000.0,882000.0,1050000.0,286000.0,182000.0,181.0,798000.0,468.0,264000.0,842000.0,497.0,135.0,279000.0,1000.0,742.0,76200.0,1200.0,415.0,31.9,319.0,8960.0,4020.0,1170.0,58.1,497.0,19.6,6670.0,3460.0,194.0,6380.0
2018-12-15,376.0,135000.0,833000.0,1060000.0,318000.0,189000.0,189.0,813000.0,451.0,261000.0,881000.0,484.0,215.0,313000.0,974.0,727.0,77000.0,1200.0,411.0,27.0,317.0,9240.0,3940.0,1200.0,55.4,484.0,19.6,6770.0,3880.0,191.0,6370.0
2018-12-16,368.0,127000.0,796000.0,1060000.0,339000.0,179000.0,182.0,828000.0,444.0,251000.0,895000.0,487.0,140.0,312000.0,945.0,717.0,76700.0,1200.0,409.0,18.6,315.0,9900.0,3970.0,1190.0,54.0,487.0,19.6,6450.0,4180.0,190.0,6540.0
2018-12-17,346.0,143000.0,799000.0,1060000.0,315000.0,182000.0,174.0,838000.0,422.0,248000.0,865000.0,493.0,109.0,291000.0,945.0,710.0,80300.0,1200.0,405.0,13.9,314.0,9900.0,3930.0,1180.0,51.1,493.0,18.5,6370.0,4030.0,188.0,6630.0
2018-12-18,329.0,145000.0,824000.0,1050000.0,302000.0,178000.0,165.0,851000.0,399.0,244000.0,875000.0,484.0,92.1,284000.0,928.0,700.0,78300.0,1200.0,401.0,11.6,312.0,9710.0,3940.0,1190.0,49.5,484.0,20.2,6070.0,3870.0,185.0,6810.0
2018-12-19,328.0,150000.0,844000.0,1040000.0,292000.0,192000.0,169.0,853000.0,392.0,239000.0,886000.0,470.0,86.4,271000.0,920.0,699.0,80800.0,1200.0,409.0,10.3,315.0,9590.0,3940.0,1210.0,50.6,470.0,20.1,6130.0,3700.0,188.0,7040.0
2018-12-20,344.0,145000.0,858000.0,1030000.0,284000.0,193000.0,196.0,849000.0,401.0,239000.0,935000.0,457.0,87.6,261000.0,941.0,713.0,84300.0,1200.0,417.0,10.6,320.0,9160.0,3900.0,1170.0,56.2,457.0,21.5,6660.0,3600.0,191.0,7060.0
2018-12-21,341.0,140000.0,869000.0,1030000.0,278000.0,201000.0,175.0,838000.0,412.0,233000.0,902000.0,454.0,86.0,253000.0,946.0,719.0,83100.0,1190.0,409.0,12.4,318.0,9090.0,3830.0,1110.0,50.4,454.0,31.6,5870.0,3660.0,187.0,6900.0
2018-12-22,310.0,148000.0,874000.0,1030000.0,271000.0,194000.0,153.0,830000.0,376.0,229000.0,825000.0,454.0,74.5,246000.0,944.0,712.0,80300.0,1190.0,398.0,9.99,313.0,7650.0,3800.0,1100.0,45.7,454.0,19.9,6860.0,3650.0,183.0,6760.0
2018-12-23,281.0,125000.0,877000.0,1030000.0,265000.0,189000.0,137.0,824000.0,338.0,221000.0,852000.0,459.0,63.9,241000.0,928.0,696.0,77800.0,1190.0,392.0,8.73,309.0,7170.0,3790.0,1110.0,43.1,459.0,27.0,6350.0,3610.0,180.0,6520.0
2018-12-24,264.0,129000.0,880000.0,1020000.0,256000.0,189000.0,134.0,822000.0,313.0,212000.0,858000.0,461.0,55.9,230000.0,916.0,676.0,73800.0,1180.0,384.0,8.27,304.0,7210.0,3790.0,1130.0,41.3,461.0,27.0,6300.0,3400.0,176.0,6130.0
2018-12-25,256.0,104000.0,885000.0,1010000.0,244000.0,188000.0,128.0,820000.0,300.0,206000.0,828000.0,453.0,52.8,224000.0,886.0,663.0,73500.0,1180.0,381.0,7.63,302.0,7730.0,3770.0,1120.0,41.0,453.0,26.9,6010.0,3230.0,174.0,5970.0
2018-12-26,248.0,97400.0,887000.0,1010000.0,235000.0,191000.0,119.0,818000.0,289.0,196000.0,802000.0,446.0,49.0,215000.0,900.0,657.0,73000.0,1180.0,380.0,7.59,302.0,7880.0,3740.0,1110.0,39.6,446.0,18.0,5560.0,3250.0,173.0,6090.0
2018-12-27,283.0,100000.0,890000.0,1010000.0,224000.0,260000.0,155.0,824000.0,334.0,194000.0,770000.0,485.0,118.0,209000.0,1080.0,1140.0,75900.0,1180.0,567.0,80.2,404.0,8470.0,3710.0,1170.0,214.0,485.0,27.7,6100.0,3370.0,283.0,6370.0
2018-12-28,397.0,91200.0,896000.0,1030000.0,223000.0,260000.0,184.0,841000.0,496.0,200000.0,875000.0,1020.0,431.0,210000.0,2350.0,3930.0,79200.0,1170.0,632.0,58.3,1120.0,10200.0,3700.0,1370.0,154.0,1020.0,213.0,9800.0,3530.0,268.0,6290.0
2018-12-29,327.0,104000.0,895000.0,1050000.0,225000.0,260000.0,141.0,844000.0,457.0,205000.0,883000.0,1090.0,199.0,213000.0,2660.0,2900.0,85500.0,1160.0,456.0,27.3,464.0,11000.0,3680.0,1770.0,90.8,1090.0,152.0,11900.0,3460.0,210.0,6030.0
2018-12-30,280.0,121000.0,907000.0,1060000.0,230000.0,260000.0,141.0,848000.0,366.0,224000.0,857000.0,803.0,101.0,224000.0,2230.0,2050.0,95800.0,1160.0,426.0,17.4,396.0,12500.0,3660.0,3000.0,75.8,803.0,91.5,10500.0,3080.0,197.0,5890.0
2018-12-31,398.0,166000.0,945000.0,1080000.0,252000.0,260000.0,257.0,853000.0,401.0,275000.0,844000.0,655.0,1910.0,255000.0,1890.0,1600.0,102000.0,1160.0,433.0,1060.0,378.0,13700.0,3630.0,2620.0,269.0,655.0,89.3,9240.0,3100.0,200.0,5720.0
2019-01-01,1370.0,228000.0,972000.0,1100000.0,327000.0,260000.0,654.0,860000.0,1020.0,399000.0,907000.0,569.0,3290.0,353000.0,1720.0,1430.0,116000.0,1160.0,435.0,227.0,362.0,14200.0,3600.0,2180.0,185.0,569.0,72.0,9720.0,3070.0,196.0,5560.0
2019-01-02,1040.0,248000.0,990000.0,1110000.0,433000.0,260000.0,380.0,870000.0,958.0,444000.0,852000.0,537.0,1180.0,432000.0,1490.0,1250.0,125000.0,1160.0,406.0,99.9,346.0,11900.0,3570.0,1890.0,117.0,537.0,29.9,7520.0,3050.0,186.0,5770.0
2019-01-03,780.0,245000.0,1020000.0,1140000.0,488000.0,260000.0,295.0,892000.0,708.0,431000.0,903000.0,548.0,352.0,456000.0,1370.0,1230.0,125000.0,1170.0,404.0,62.3,345.0,10100.0,3550.0,1750.0,95.9,548.0,21.8,7670.0,2880.0,184.0,6250.0
2019-01-04,647.0,235000.0,1070000.0,1160000.0,508000.0,260000.0,256.0,923000.0,603.0,403000.0,984000.0,523.0,239.0,448000.0,1400.0,1120.0,121000.0,1170.0,408.0,45.0,342.0,10400.0,3540.0,1530.0,85.1,523.0,36.2,6690.0,2980.0,185.0,6420.0
2019-01-05,563.0,222000.0,1110000.0,1180000.0,504000.0,260000.0,222.0,944000.0,541.0,371000.0,951000.0,461.0,194.0,426000.0,1380.0,1070.0,117000.0,1170.0,407.0,34.6,338.0,10100.0,3540.0,1470.0,75.7,461.0,38.4,6900.0,3250.0,184.0,6380.0
2019-01-06,484.0,214000.0,1140000.0,1190000.0,463000.0,260000.0,189.0,959000.0,479.0,342000.0,937000.0,476.0,166.0,395000.0,1320.0,1010.0,114000.0,1170.0,406.0,27.1,334.0,10000.0,3540.0,1380.0,69.5,476.0,37.8,7720.0,3500.0,182.0,6200.0
2019-01-07,497.0,205000.0,1180000.0,1210000.0,423000.0,260000.0,272.0,971000.0,508.0,314000.0,947000.0,541.0,312.0,365000.0,1340.0,1140.0,110000.0,1170.0,1470.0,27.1,362.0,10700.0,3540.0,1410.0,285.0,541.0,27.6,6560.0,3510.0,1010.0,5860.0
2019-01-08,601.0,194000.0,1210000.0,1230000.0,385000.0,260000.0,281.0,983000.0,685.0,292000.0,968000.0,701.0,610.0,333000.0,1430.0,1360.0,113000.0,1170.0,1020.0,28.6,388.0,12900.0,3540.0,1400.0,180.0,701.0,22.0,6590.0,3520.0,445.0,5420.0
2019-01-09,492.0,183000.0,1240000.0,1260000.0,350000.0,260000.0,205.0,1000000.0,581.0,285000.0,1020000.0,621.0,244.0,311000.0,1430.0,1070.0,117000.0,1160.0,572.0,24.6,334.0,13100.0,3530.0,1670.0,115.0,621.0,26.8,7010.0,3490.0,307.0,5030.0
2019-01-10,417.0,175000.0,1250000.0,1280000.0,333000.0,260000.0,196.0,1020000.0,476.0,292000.0,992000.0,534.0,145.0,309000.0,1230.0,960.0,124000.0,1160.0,505.0,18.1,319.0,13400.0,3520.0,2300.0,90.8,534.0,20.2,6510.0,3300.0,263.0,5050.0
2019-01-11,431.0,172000.0,1250000.0,1290000.0,336000.0,260000.0,182.0,1020000.0,455.0,304000.0,969000.0,431.0,117.0,319000.0,1170.0,980.0,121000.0,1170.0,479.0,17.8,324.0,12700.0,3510.0,2550.0,78.4,431.0,21.9,6010.0,2980.0,244.0,5400.0
2019-01-12,424.0,175000.0,1250000.0,1310000.0,347000.0,260000.0,166.0,1040000.0,433.0,311000.0,972000.0,422.0,97.5,331000.0,1270.0,914.0,106000.0,1170.0,456.0,28.3,319.0,13000.0,3490.0,2360.0,72.3,422.0,21.0,6430.0,2940.0,231.0,5700.0
2019-01-13,397.0,177000.0,1240000.0,1320000.0,359000.0,260000.0,158.0,1070000.0,420.0,307000.0,1080000.0,419.0,117.0,338000.0,1230.0,867.0,81600.0,1170.0,440.0,38.4,314.0,12400.0,3480.0,2010.0,65.3,419.0,26.4,6220.0,3190.0,221.0,5790.0
2019-01-14,339.0,151000.0,1220000.0,1330000.0,355000.0,260000.0,147.0,1090000.0,382.0,270000.0,1090000.0,414.0,133.0,323000.0,1180.0,835.0,76900.0,1160.0,430.0,33.3,311.0,13000.0,3460.0,1690.0,58.6,414.0,26.4,6100.0,3280.0,214.0,5770.0
2019-01-15,365.0,120000.0,1200000.0,1330000.0,318000.0,260000.0,137.0,1100000.0,370.0,236000.0,1070000.0,441.0,114.0,280000.0,1130.0,806.0,79200.0,1160.0,424.0,30.7,310.0,13300.0,3450.0,1320.0,55.7,441.0,20.9,5690.0,3320.0,210.0,5690.0
2019-01-16,338.0,128000.0,1170000.0,1340000.0,281000.0,260000.0,141.0,1110000.0,357.0,241000.0,1050000.0,433.0,100.0,260000.0,1100.0,788.0,88000.0,1160.0,420.0,33.5,308.0,12300.0,3450.0,1040.0,53.9,433.0,26.8,5760.0,3160.0,206.0,5550.0
2019-01-17,321.0,143000.0,1130000.0,1340000.0,278000.0,260000.0,133.0,1120000.0,341.0,261000.0,1040000.0,437.0,98.7,275000.0,1060.0,766.0,92400.0,1130.0,412.0,70.0,304.0,10500.0,3440.0,940.0,52.2,437.0,25.8,6020.0,3080.0,201.0,5390.0
2019-01-18,310.0,139000.0,1060000.0,1350000.0,293000.0,260000.0,121.0,1120000.0,327.0,262000.0,1050000.0,429.0,103.0,291000.0,1030.0,741.0,94900.0,1120.0,409.0,154.0,303.0,9610.0,3430.0,816.0,50.7,429.0,26.9,5880.0,2920.0,198.0,5240.0
2019-01-19,290.0,142000.0,996000.0,1350000.0,310000.0,260000.0,121.0,1130000.0,314.0,279000.0,1080000.0,337.0,101.0,303000.0,922.0,642.0,97100.0,1110.0,383.0,433.0,298.0,9230.0,3420.0,737.0,50.0,337.0,27.0,5410.0,2660.0,184.0,5060.0
2019-01-20,219.0,152000.0,938000.0,1350000.0,328000.0,260000.0,110.0,1130000.0,251.0,296000.0,1140000.0,295.0,73.5,324000.0,777.0,715.0,80100.0,1110.0,397.0,152.0,299.0,7750.0,3410.0,795.0,55.6,295.0,26.9,5170.0,2320.0,183.0,5130.0
2019-01-21,220.0,131000.0,894000.0,1330000.0,339000.0,260000.0,110.0,1130000.0,216.0,270000.0,1070000.0,313.0,70.5,326000.0,790.0,734.0,57800.0,1110.0,409.0,82.8,299.0,7410.0,3410.0,725.0,58.3,313.0,26.8,5710.0,2260.0,176.0,5250.0
2019-01-22,279.0,100000.0,885000.0,1310000.0,318000.0,260000.0,111.0,1130000.0,205.0,219000.0,1050000.0,336.0,81.5,282000.0,797.0,775.0,43600.0,1110.0,409.0,94.5,299.0,6530.0,3400.0,710.0,54.1,336.0,26.8,5800.0,2290.0,179.0,5270.0
2019-01-23,292.0,108000.0,919000.0,1290000.0,294000.0,260000.0,112.0,1120000.0,192.0,226000.0,1090000.0,330.0,1060.0,264000.0,803.0,776.0,49000.0,1110.0,408.0,1030.0,300.0,6010.0,3390.0,733.0,47.8,330.0,26.8,5790.0,2380.0,178.0,5280.0
2019-01-24,282.0,125000.0,959000.0,1280000.0,304000.0,260000.0,117.0,1110000.0,187.0,265000.0,1120000.0,324.0,1120.0,285000.0,804.0,767.0,52700.0,1110.0,407.0,212.0,296.0,5440.0,3370.0,706.0,43.3,324.0,26.6,5780.0,2470.0,178.0,5180.0
2019-01-25,248.0,120000.0,982000.0,1260000.0,322000.0,260000.0,120.0,1090000.0,179.0,251000.0,1050000.0,312.0,742.0,303000.0,791.0,780.0,48900.0,1110.0,406.0,107.0,290.0,5090.0,3360.0,723.0,41.4,312.0,25.5,5830.0,2500.0,178.0,5060.0
2019-01-26,193.0,106000.0,1010000.0,1250000.0,317000.0,260000.0,119.0,1080000.0,171.0,223000.0,1040000.0,329.0,694.0,281000.0,776.0,772.0,47900.0,1090.0,406.0,72.9,289.0,5330.0,3330.0,699.0,40.2,329.0,24.3,5970.0,2430.0,178.0,4960.0
2019-01-27,165.0,100000.0,1030000.0,1250000.0,290000.0,260000.0,121.0,1070000.0,171.0,209000.0,1050000.0,351.0,632.0,256000.0,757.0,781.0,49900.0,1080.0,405.0,55.7,289.0,5460.0,3300.0,727.0,39.2,351.0,24.3,6010.0,2430.0,178.0,4820.0
2019-01-28,143.0,103000.0,1050000.0,1250000.0,269000.0,260000.0,123.0,1060000.0,177.0,198000.0,1010000.0,353.0,415.0,239000.0,744.0,769.0,48900.0,1070.0,404.0,47.0,289.0,5680.0,3270.0,717.0,38.0,353.0,24.3,5570.0,2430.0,179.0,4650.0
2019-01-29,122.0,97500.0,1070000.0,1250000.0,255000.0,260000.0,123.0,1060000.0,176.0,183000.0,1090000.0,344.0,219.0,225000.0,779.0,767.0,48900.0,1060.0,404.0,38.1,286.0,5940.0,3240.0,701.0,37.0,344.0,24.2,5170.0,2460.0,179.0,4480.0
2019-01-30,102.0,67500.0,1070000.0,1250000.0,236000.0,260000.0,120.0,1050000.0,176.0,168000.0,1030000.0,354.0,152.0,201000.0,673.0,770.0,50900.0,1060.0,404.0,31.0,284.0,6160.0,3210.0,665.0,36.4,354.0,24.3,5390.0,2410.0,179.0,4370.0
2019-01-31,99.9,64800.0,1070000.0,1250000.0,216000.0,260000.0,116.0,1050000.0,189.0,177000.0,1010000.0,366.0,113.0,188000.0,606.0,769.0,51800.0,1060.0,404.0,27.7,281.0,6530.0,3180.0,671.0,37.1,366.0,24.2,5230.0,2330.0,179.0,4350.0
2019-02-01,118.0,73900.0,1070000.0,1250000.0,211000.0,260000.0,136.0,1040000.0,198.0,188000.0,992000.0,376.0,100.0,195000.0,638.0,844.0,51400.0,1060.0,404.0,26.7,282.0,7240.0,3160.0,688.0,39.5,376.0,24.2,4880.0,2320.0,179.0,4490.0
2019-02-02,162.0,89600.0,1070000.0,1250000.0,219000.0,260000.0,153.0,1040000.0,227.0,197000.0,1020000.0,344.0,101.0,208000.0,735.0,816.0,52000.0,1050.0,409.0,25.5,296.0,7740.0,3140.0,674.0,52.5,344.0,24.1,4630.0,2300.0,180.0,4610.0
2019-02-03,446.0,102000.0,1070000.0,1250000.0,227000.0,260000.0,430.0,1040000.0,324.0,195000.0,1000000.0,363.0,1460.0,217000.0,972.0,1060.0,62500.0,1060.0,522.0,26.8,556.0,8040.0,3120.0,700.0,271.0,363.0,24.1,4900.0,2410.0,229.0,4720.0
2019-02-04,2070.0,114000.0,1060000.0,1250000.0,229000.0,260000.0,1510.0,1040000.0,1020.0,197000.0,997000.0,602.0,2960.0,216000.0,1230.0,4460.0,74700.0,1060.0,998.0,28.9,1690.0,8110.0,3100.0,740.0,601.0,602.0,24.1,5190.0,2410.0,941.0,4810.0
2019-02-05,2540.0,155000.0,1060000.0,1240000.0,231000.0,260000.0,884.0,1040000.0,1840.0,252000.0,994000.0,1050.0,1870.0,231000.0,1200.0,2640.0,81800.0,1060.0,874.0,26.7,1070.0,8020.0,3080.0,748.0,210.0,1050.0,24.1,5020.0,2550.0,523.0,4740.0
2019-02-06,1530.0,173000.0,1040000.0,1240000.0,276000.0,260000.0,584.0,1030000.0,1910.0,285000.0,975000.0,1200.0,874.0,289000.0,1140.0,1660.0,95900.0,1060.0,674.0,365.0,587.0,7620.0,3070.0,1290.0,116.0,1200.0,24.1,6000.0,2520.0,217.0,4610.0
2019-02-07,1220.0,170000.0,1020000.0,1230000.0,350000.0,260000.0,824.0,1020000.0,3140.0,331000.0,985000.0,1090.0,773.0,349000.0,1110.0,1150.0,106000.0,1060.0,551.0,1040.0,354.0,7770.0,3060.0,2760.0,72.2,1090.0,24.1,5440.0,2620.0,176.0,4570.0
2019-02-08,1160.0,198000.0,984000.0,1230000.0,425000.0,266000.0,585.0,1010000.0,2400.0,389000.0,1070000.0,939.0,729.0,407000.0,968.0,746.0,115000.0,1060.0,481.0,228.0,318.0,7990.0,3050.0,2200.0,78.9,939.0,24.0,4880.0,2550.0,147.0,4480.0
2019-02-09,797.0,216000.0,966000.0,1230000.0,466000.0,272000.0,377.0,1000000.0,1710.0,379000.0,1000000.0,799.0,328.0,433000.0,893.0,735.0,116000.0,1060.0,441.0,109.0,316.0,8080.0,3040.0,1700.0,78.2,799.0,24.1,4490.0,2510.0,144.0,4320.0
2019-02-10,688.0,215000.0,996000.0,1230000.0,469000.0,276000.0,308.0,989000.0,1550.0,345000.0,986000.0,721.0,235.0,416000.0,959.0,759.0,111000.0,1060.0,422.0,79.6,318.0,8130.0,3040.0,1300.0,61.9,721.0,24.1,4330.0,2380.0,144.0,4380.0
2019-02-11,582.0,212000.0,1050000.0,1220000.0,455000.0,280000.0,259.0,980000.0,1420.0,319000.0,963000.0,719.0,214.0,393000.0,983.0,758.0,110000.0,1060.0,410.0,81.4,310.0,8120.0,3030.0,1040.0,55.5,719.0,24.0,4340.0,2390.0,144.0,4600.0
2019-02-12,1410.0,208000.0,1130000.0,1230000.0,434000.0,269000.0,338.0,977000.0,1200.0,301000.0,996000.0,676.0,1220.0,373000.0,943.0,724.0,110000.0,1070.0,405.0,185.0,314.0,7900.0,3040.0,886.0,62.9,676.0,24.0,4400.0,2510.0,144.0,4800.0
2019-02-13,1040.0,197000.0,1170000.0,1240000.0,407000.0,280000.0,393.0,972000.0,1050.0,298000.0,984000.0,666.0,918.0,357000.0,893.0,710.0,111000.0,1070.0,404.0,101.0,298.0,7470.0,3040.0,821.0,72.6,666.0,24.1,5850.0,2490.0,145.0,4900.0
2019-02-14,908.0,194000.0,1200000.0,1270000.0,393000.0,284000.0,639.0,967000.0,800.0,310000.0,945000.0,687.0,645.0,354000.0,900.0,720.0,105000.0,1070.0,424.0,77.0,295.0,7450.0,3040.0,820.0,56.0,687.0,24.0,5410.0,2540.0,143.0,5010.0
2019-02-15,1850.0,199000.0,1230000.0,1300000.0,395000.0,283000.0,736.0,965000.0,1510.0,314000.0,944000.0,695.0,1090.0,355000.0,898.0,661.0,103000.0,1070.0,417.0,66.4,284.0,7520.0,3040.0,789.0,70.2,695.0,24.0,5550.0,2540.0,141.0,4980.0
2019-02-16,747.0,192000.0,1270000.0,1330000.0,392000.0,278000.0,305.0,971000.0,973.0,310000.0,946000.0,668.0,642.0,348000.0,838.0,582.0,100000.0,1080.0,405.0,50.3,273.0,7480.0,3030.0,783.0,52.2,668.0,23.8,5560.0,2500.0,139.0,5010.0
2019-02-17,609.0,182000.0,1300000.0,1360000.0,381000.0,276000.0,244.0,981000.0,660.0,307000.0,957000.0,696.0,290.0,337000.0,803.0,591.0,89600.0,1130.0,398.0,44.8,290.0,7340.0,3030.0,806.0,40.5,696.0,23.7,5430.0,2620.0,137.0,5100.0
2019-02-18,464.0,180000.0,1330000.0,1390000.0,371000.0,276000.0,206.0,1000000.0,537.0,299000.0,992000.0,705.0,181.0,328000.0,787.0,596.0,85700.0,1170.0,396.0,37.7,287.0,7330.0,3030.0,805.0,28.9,705.0,23.7,5380.0,2610.0,134.0,5110.0
2019-02-19,371.0,165000.0,1360000.0,1410000.0,352000.0,284000.0,178.0,1020000.0,446.0,270000.0,957000.0,694.0,132.0,304000.0,727.0,567.0,83400.0,1200.0,395.0,31.6,281.0,7340.0,3030.0,782.0,27.0,694.0,23.8,5180.0,2700.0,134.0,5110.0
2019-02-20,410.0,156000.0,1410000.0,1450000.0,337000.0,294000.0,168.0,1040000.0,443.0,262000.0,994000.0,677.0,122.0,291000.0,714.0,579.0,78000.0,1210.0,395.0,62.5,295.0,7410.0,3030.0,761.0,25.1,677.0,20.9,5500.0,2600.0,133.0,5170.0
2019-02-21,395.0,154000.0,1440000.0,1480000.0,330000.0,294000.0,166.0,1050000.0,432.0,259000.0,999000.0,660.0,152.0,288000.0,708.0,516.0,75100.0,1230.0,395.0,95.7,287.0,7550.0,3020.0,756.0,22.7,660.0,19.2,5520.0,2680.0,132.0,5200.0
2019-02-22,413.0,146000.0,1480000.0,1520000.0,316000.0,307000.0,165.0,1070000.0,393.0,248000.0,990000.0,671.0,161.0,275000.0,743.0,497.0,73100.0,1240.0,409.0,91.7,278.0,7520.0,3000.0,792.0,26.3,671.0,19.2,5440.0,2670.0,133.0,5190.0
2019-02-23,3290.0,144000.0,1520000.0,1560000.0,301000.0,321000.0,2840.0,1090000.0,1590.0,250000.0,1000000.0,640.0,1040.0,265000.0,746.0,498.0,85700.0,1250.0,494.0,81.7,285.0,7270.0,2990.0,812.0,58.5,640.0,19.3,5210.0,2590.0,157.0,5140.0
2019-02-24,8060.0,157000.0,1560000.0,1600000.0,299000.0,316000.0,2130.0,1110000.0,2990.0,274000.0,1110000.0,636.0,2190.0,272000.0,759.0,508.0,114000.0,1250.0,601.0,80.9,307.0,7160.0,2990.0,815.0,115.0,636.0,19.2,4920.0,2740.0,390.0,5090.0
2019-02-25,4220.0,173000.0,1580000.0,1640000.0,318000.0,308000.0,551.0,1130000.0,3070.0,317000.0,1050000.0,639.0,666.0,303000.0,755.0,456.0,118000.0,1250.0,513.0,47.6,265.0,7130.0,3000.0,816.0,94.3,639.0,19.3,6290.0,2610.0,333.0,4910.0
2019-02-26,1130.0,184000.0,1600000.0,1670000.0,359000.0,311000.0,304.0,1160000.0,3400.0,363000.0,1080000.0,623.0,253.0,347000.0,704.0,463.0,117000.0,1230.0,458.0,41.4,262.0,7160.0,3010.0,824.0,65.4,623.0,16.5,5380.0,2600.0,273.0,4480.0
2019-02-27,690.0,199000.0,1630000.0,1700000.0,402000.0,332000.0,230.0,1190000.0,1310.0,379000.0,1080000.0,619.0,207.0,380000.0,668.0,451.0,133000.0,1220.0,433.0,35.0,267.0,7230.0,3020.0,804.0,54.8,619.0,17.2,5690.0,2620.0,205.0,4240.0
2019-02-28,490.0,203000.0,1650000.0,1730000.0,425000.0,364000.0,195.0,1210000.0,742.0,373000.0,1080000.0,629.0,126.0,387000.0,662.0,455.0,124000.0,1220.0,414.0,30.4,274.0,7230.0,3010.0,808.0,50.1,629.0,19.1,5880.0,2600.0,173.0,4210.0
2019-03-01,474.0,206000.0,1680000.0,1750000.0,424000.0,392000.0,182.0,1230000.0,610.0,356000.0,1100000.0,623.0,123.0,379000.0,657.0,449.0,114000.0,1220.0,395.0,27.5,279.0,7480.0,3010.0,820.0,47.2,623.0,19.7,5770.0,2670.0,162.0,4210.0
2019-03-02,451.0,203000.0,1700000.0,1770000.0,406000.0,420000.0,176.0,1260000.0,569.0,333000.0,1110000.0,609.0,119.0,360000.0,637.0,444.0,105000.0,1220.0,360.0,25.4,277.0,7620.0,3000.0,814.0,44.5,609.0,20.0,5760.0,2670.0,153.0,4250.0
2019-03-03,382.0,192000.0,1720000.0,1800000.0,378000.0,439000.0,142.0,1280000.0,495.0,307000.0,1120000.0,643.0,79.7,333000.0,593.0,432.0,92000.0,1220.0,312.0,25.3,269.0,7670.0,3000.0,812.0,38.4,643.0,25.0,6200.0,2590.0,143.0,4360.0
2019-03-04,259.0,174000.0,1730000.0,1820000.0,345000.0,457000.0,162.0,1290000.0,322.0,274000.0,1190000.0,647.0,59.8,300000.0,527.0,412.0,71000.0,1220.0,297.0,23.6,264.0,7640.0,3000.0,810.0,39.2,647.0,20.4,5630.0,2690.0,134.0,4450.0
2019-03-05,292.0,133000.0,1720000.0,1830000.0,305000.0,469000.0,265.0,1310000.0,222.0,220000.0,1190000.0,606.0,58.7,260000.0,538.0,405.0,62100.0,1220.0,295.0,21.5,264.0,7540.0,3020.0,805.0,38.6,606.0,16.6,6400.0,2650.0,129.0,4670.0
2019-03-06,315.0,127000.0,1720000.0,1850000.0,257000.0,482000.0,166.0,1320000.0,268.0,194000.0,1120000.0,620.0,53.9,211000.0,538.0,406.0,61600.0,1210.0,295.0,18.5,265.0,7540.0,3040.0,819.0,36.3,620.0,20.0,6970.0,2730.0,126.0,4760.0
2019-03-07,327.0,137000.0,1700000.0,1860000.0,226000.0,501000.0,142.0,1330000.0,337.0,208000.0,1100000.0,642.0,59.0,202000.0,575.0,430.0,68500.0,1210.0,302.0,20.3,266.0,7600.0,3080.0,810.0,36.5,642.0,19.7,6610.0,2670.0,124.0,4920.0
2019-03-08,330.0,156000.0,1690000.0,1870000.0,228000.0,519000.0,132.0,1340000.0,341.0,225000.0,1100000.0,643.0,60.7,215000.0,648.0,467.0,73200.0,1210.0,311.0,21.2,271.0,7780.0,3130.0,809.0,36.7,643.0,21.9,6100.0,2690.0,123.0,5030.0
2019-03-09,1310.0,177000.0,1670000.0,1870000.0,249000.0,532000.0,969.0,1350000.0,777.0,239000.0,1110000.0,620.0,3840.0,238000.0,771.0,481.0,81400.0,1210.0,320.0,1160.0,276.0,7930.0,3220.0,783.0,558.0,620.0,21.9,6620.0,2690.0,127.0,5060.0
2019-03-10,6270.0,236000.0,1650000.0,1880000.0,282000.0,543000.0,1930.0,1360000.0,2600.0,298000.0,1130000.0,640.0,5350.0,277000.0,828.0,485.0,97400.0,1210.0,352.0,312.0,291.0,7980.0,3330.0,776.0,330.0,640.0,21.8,6450.0,2690.0,165.0,5270.0
2019-03-11,3710.0,245000.0,1620000.0,1880000.0,326000.0,547000.0,363.0,1360000.0,2440.0,339000.0,1150000.0,678.0,1120.0,338000.0,870.0,481.0,124000.0,1210.0,377.0,134.0,273.0,7930.0,3520.0,788.0,123.0,678.0,21.8,6160.0,2680.0,155.0,5340.0
2019-03-12,996.0,250000.0,1600000.0,1880000.0,375000.0,551000.0,257.0,1360000.0,2070.0,373000.0,1130000.0,712.0,359.0,376000.0,977.0,478.0,136000.0,1210.0,394.0,93.8,274.0,7840.0,3700.0,883.0,149.0,712.0,21.8,5310.0,2670.0,158.0,5610.0
2019-03-13,1580.0,261000.0,1580000.0,1880000.0,416000.0,554000.0,805.0,1360000.0,1540.0,417000.0,1110000.0,950.0,688.0,415000.0,2200.0,1050.0,148000.0,1220.0,2490.0,430.0,519.0,7850.0,3910.0,1150.0,852.0,950.0,22.1,4980.0,2700.0,2150.0,6000.0
2019-03-14,1470.0,277000.0,1580000.0,1880000.0,479000.0,554000.0,604.0,1360000.0,1740.0,463000.0,1110000.0,1310.0,1330.0,468000.0,12800.0,13600.0,161000.0,1270.0,6560.0,466.0,6020.0,8280.0,4130.0,1700.0,247.0,1310.0,23.1,7890.0,2950.0,4780.0,6580.0
2019-03-15,979.0,289000.0,1570000.0,1870000.0,522000.0,545000.0,349.0,1360000.0,1210.0,484000.0,1220000.0,1990.0,587.0,499000.0,17100.0,13900.0,180000.0,1300.0,2920.0,154.0,4890.0,8990.0,4350.0,2760.0,118.0,1990.0,52.5,11600.0,3430.0,998.0,7190.0
2019-03-16,660.0,293000.0,1550000.0,1870000.0,529000.0,533000.0,246.0,1370000.0,843.0,508000.0,1180000.0,2880.0,318.0,518000.0,15200.0,8950.0,205000.0,1310.0,1400.0,93.5,1950.0,10800.0,4640.0,4540.0,85.3,2880.0,129.0,19700.0,4030.0,557.0,7700.0
2019-03-17,548.0,293000.0,1550000.0,1870000.0,545000.0,515000.0,216.0,1370000.0,707.0,532000.0,1170000.0,3750.0,236.0,539000.0,10600.0,5220.0,237000.0,1300.0,971.0,69.7,1080.0,13700.0,5050.0,6690.0,72.9,3750.0,211.0,19900.0,4380.0,422.0,8500.0
2019-03-18,484.0,303000.0,1550000.0,1860000.0,564000.0,496000.0,197.0,1370000.0,652.0,542000.0,1150000.0,3440.0,197.0,555000.0,6200.0,3240.0,254000.0,1250.0,780.0,55.7,580.0,18000.0,5480.0,9580.0,70.2,3440.0,202.0,24700.0,4610.0,366.0,9370.0
2019-03-19,426.0,322000.0,1550000.0,1860000.0,574000.0,498000.0,180.0,1370000.0,591.0,550000.0,1150000.0,3140.0,164.0,568000.0,4770.0,2780.0,263000.0,1240.0,759.0,47.9,670.0,21100.0,6150.0,12500.0,62.9,3140.0,171.0,22300.0,4860.0,340.0,10500.0
2019-03-20,411.0,340000.0,1550000.0,1860000.0,588000.0,504000.0,187.0,1360000.0,569.0,560000.0,1150000.0,3100.0,153.0,576000.0,5980.0,3330.0,258000.0,1240.0,693.0,44.1,993.0,25700.0,6950.0,13700.0,69.0,3100.0,163.0,19600.0,5210.0,318.0,12300.0
2019-03-21,409.0,352000.0,1540000.0,1850000.0,591000.0,503000.0,184.0,1350000.0,605.0,568000.0,1190000.0,3420.0,152.0,585000.0,5980.0,3220.0,259000.0,1230.0,615.0,38.4,667.0,35000.0,7950.0,12000.0,62.8,3420.0,178.0,22100.0,5890.0,293.0,14900.0
2019-03-22,378.0,360000.0,1540000.0,1850000.0,594000.0,502000.0,172.0,1340000.0,593.0,574000.0,1130000.0,3560.0,136.0,592000.0,7110.0,3380.0,263000.0,1230.0,588.0,32.0,828.0,37900.0,9270.0,11200.0,57.0,3560.0,255.0,22900.0,6990.0,283.0,17900.0
2019-03-23,351.0,365000.0,1530000.0,1840000.0,598000.0,499000.0,160.0,1330000.0,582.0,581000.0,1120000.0,3620.0,112.0,600000.0,6620.0,3150.0,269000.0,1220.0,514.0,27.6,627.0,38800.0,11300.0,11200.0,51.8,3620.0,295.0,29100.0,8400.0,253.0,22300.0
2019-03-24,354.0,369000.0,1510000.0,1840000.0,601000.0,497000.0,159.0,1310000.0,573.0,588000.0,1120000.0,3960.0,108.0,608000.0,5300.0,2710.0,276000.0,1170.0,508.0,34.2,556.0,39500.0,18000.0,12500.0,61.5,3960.0,419.0,31500.0,10400.0,254.0,28400.0
2019-03-25,389.0,374000.0,1490000.0,1840000.0,607000.0,500000.0,156.0,1300000.0,581.0,598000.0,1140000.0,3550.0,270.0,620000.0,4550.0,2290.0,277000.0,1110.0,513.0,52.5,507.0,39700.0,20300.0,13400.0,52.5,3550.0,482.0,34300.0,12000.0,251.0,33700.0
2019-03-26,372.0,377000.0,1450000.0,1830000.0,615000.0,503000.0,148.0,1290000.0,555.0,607000.0,1200000.0,3170.0,267.0,630000.0,3790.0,2000.0,274000.0,1020.0,446.0,38.4,456.0,39300.0,16700.0,14700.0,47.9,3170.0,330.0,33000.0,12600.0,227.0,35100.0
2019-03-27,347.0,380000.0,1420000.0,1830000.0,622000.0,488000.0,138.0,1280000.0,524.0,618000.0,1140000.0,2650.0,155.0,639000.0,3340.0,1780.0,269000.0,926.0,425.0,30.8,444.0,38100.0,17100.0,13800.0,46.6,2650.0,422.0,31000.0,14200.0,219.0,39100.0
2019-03-28,346.0,383000.0,1370000.0,1820000.0,624000.0,465000.0,133.0,1270000.0,502.0,628000.0,1090000.0,2210.0,139.0,648000.0,3590.0,1740.0,268000.0,821.0,421.0,194.0,471.0,37500.0,18400.0,11900.0,45.6,2210.0,529.0,31400.0,17700.0,216.0,42600.0
2019-03-29,336.0,389000.0,1320000.0,1810000.0,639000.0,447000.0,126.0,1260000.0,476.0,640000.0,1100000.0,2150.0,419.0,656000.0,3500.0,1690.0,270000.0,717.0,402.0,489.0,435.0,37000.0,18500.0,11500.0,56.0,2150.0,335.0,34800.0,21100.0,208.0,46000.0
2019-03-30,803.0,396000.0,1270000.0,1780000.0,659000.0,440000.0,163.0,1250000.0,473.0,661000.0,1100000.0,2110.0,6960.0,668000.0,2900.0,1510.0,281000.0,647.0,389.0,1770.0,407.0,36700.0,21300.0,12500.0,55.3,2110.0,372.0,36300.0,22500.0,201.0,48200.0
2019-03-31,1100.0,407000.0,1210000.0,1750000.0,691000.0,424000.0,160.0,1250000.0,491.0,685000.0,1200000.0,1790.0,3230.0,689000.0,2550.0,1330.0,270000.0,642.0,369.0,364.0,378.0,36500.0,22000.0,12200.0,41.8,1790.0,343.0,34500.0,21000.0,191.0,49100.0
2019-04-01,722.0,414000.0,1170000.0,1720000.0,710000.0,415000.0,144.0,1230000.0,464.0,701000.0,1140000.0,1350.0,600.0,709000.0,2320.0,1210.0,260000.0,687.0,365.0,173.0,368.0,36400.0,21400.0,10600.0,40.2,1350.0,425.0,31400.0,19800.0,188.0,47700.0
2019-04-02,600.0,419000.0,1140000.0,1690000.0,732000.0,408000.0,139.0,1220000.0,444.0,713000.0,1160000.0,1150.0,358.0,724000.0,2190.0,1130.0,249000.0,753.0,369.0,115.0,366.0,36700.0,19900.0,8440.0,39.3,1150.0,231.0,25900.0,18200.0,186.0,45100.0
2019-04-03,510.0,418000.0,1120000.0,1650000.0,751000.0,396000.0,129.0,1200000.0,437.0,714000.0,1080000.0,1110.0,258.0,735000.0,2120.0,1080.0,246000.0,821.0,366.0,81.6,359.0,36600.0,18900.0,6730.0,37.3,1110.0,81.6,19000.0,16700.0,180.0,42300.0
2019-04-04,451.0,414000.0,1120000.0,1620000.0,762000.0,375000.0,115.0,1190000.0,433.0,709000.0,1070000.0,1090.0,202.0,736000.0,2070.0,1040.0,249000.0,867.0,364.0,128.0,350.0,31300.0,18500.0,5740.0,40.9,1090.0,82.6,19800.0,15300.0,174.0,39200.0
2019-04-05,429.0,409000.0,1130000.0,1590000.0,758000.0,350000.0,123.0,1170000.0,445.0,700000.0,1090000.0,1030.0,193.0,727000.0,2000.0,1010.0,252000.0,887.0,366.0,172.0,347.0,25600.0,18300.0,5430.0,38.5,1030.0,63.2,19400.0,14400.0,173.0,36500.0
2019-04-06,397.0,403000.0,1130000.0,1560000.0,749000.0,325000.0,116.0,1160000.0,455.0,680000.0,1050000.0,1010.0,172.0,720000.0,1940.0,982.0,257000.0,911.0,366.0,94.4,344.0,22500.0,18300.0,5280.0,47.8,1010.0,138.0,20500.0,14000.0,172.0,35400.0
2019-04-07,374.0,396000.0,1150000.0,1530000.0,735000.0,315000.0,113.0,1140000.0,464.0,656000.0,1030000.0,1070.0,154.0,703000.0,1960.0,979.0,260000.0,1040.0,368.0,71.4,347.0,20700.0,17300.0,5060.0,45.6,1070.0,210.0,22200.0,14800.0,181.0,34700.0
2019-04-08,376.0,390000.0,1160000.0,1520000.0,717000.0,309000.0,110.0,1130000.0,474.0,635000.0,1040000.0,1150.0,143.0,681000.0,2060.0,1000.0,262000.0,1210.0,372.0,59.2,346.0,19900.0,17000.0,5940.0,35.9,1150.0,163.0,28400.0,16200.0,184.0,33100.0
2019-04-09,346.0,386000.0,1160000.0,1500000.0,697000.0,295000.0,101.0,1110000.0,472.0,615000.0,1120000.0,1120.0,121.0,661000.0,2080.0,1010.0,264000.0,1320.0,338.0,54.1,334.0,19300.0,17300.0,7520.0,34.4,1120.0,111.0,36600.0,18100.0,171.0,32100.0
2019-04-10,350.0,383000.0,1150000.0,1480000.0,677000.0,291000.0,120.0,1110000.0,499.0,604000.0,1040000.0,1030.0,101.0,642000.0,2040.0,1010.0,270000.0,1350.0,335.0,48.8,336.0,20800.0,17800.0,8480.0,92.4,1030.0,80.6,41700.0,19300.0,171.0,31700.0
2019-04-11,472.0,381000.0,1140000.0,1460000.0,656000.0,293000.0,138.0,1100000.0,564.0,598000.0,1020000.0,982.0,92.0,628000.0,2030.0,1040.0,267000.0,1350.0,392.0,42.6,362.0,25500.0,17600.0,8430.0,67.4,982.0,63.5,42500.0,19100.0,202.0,32100.0
2019-04-12,418.0,379000.0,1140000.0,1450000.0,641000.0,288000.0,133.0,1100000.0,540.0,591000.0,1030000.0,937.0,85.8,617000.0,1970.0,1070.0,266000.0,1240.0,480.0,40.1,363.0,29400.0,17900.0,7480.0,58.1,937.0,52.6,36600.0,18000.0,241.0,32200.0
2019-04-13,363.0,376000.0,1140000.0,1440000.0,626000.0,287000.0,116.0,1090000.0,487.0,582000.0,976000.0,941.0,75.3,607000.0,1920.0,1090.0,265000.0,1210.0,391.0,28.1,353.0,31200.0,17100.0,6140.0,46.3,941.0,47.2,26300.0,16400.0,211.0,31800.0
2019-04-14,335.0,376000.0,1170000.0,1430000.0,624000.0,287000.0,120.0,1090000.0,442.0,577000.0,1100000.0,964.0,71.4,604000.0,1960.0,1120.0,259000.0,1260.0,368.0,320.0,353.0,31900.0,16800.0,4920.0,43.3,964.0,47.7,22400.0,15200.0,200.0,30900.0
2019-04-15,349.0,377000.0,1160000.0,1420000.0,615000.0,282000.0,125.0,1080000.0,425.0,578000.0,1000000.0,1130.0,109.0,600000.0,2230.0,1150.0,256000.0,1250.0,359.0,148.0,353.0,26400.0,16900.0,4560.0,40.8,1130.0,88.8,17400.0,14400.0,191.0,30600.0
2019-04-16,331.0,375000.0,1140000.0,1410000.0,600000.0,277000.0,123.0,1080000.0,409.0,576000.0,995000.0,1260.0,94.8,596000.0,2570.0,1230.0,250000.0,1260.0,349.0,82.2,351.0,22100.0,17600.0,5120.0,39.6,1260.0,301.0,21200.0,13700.0,187.0,30600.0
2019-04-17,315.0,371000.0,1140000.0,1410000.0,593000.0,273000.0,118.0,1080000.0,393.0,569000.0,996000.0,1390.0,83.5,591000.0,2520.0,1210.0,248000.0,1340.0,343.0,62.4,350.0,21000.0,18000.0,6830.0,53.7,1390.0,741.0,27700.0,13900.0,182.0,31600.0
2019-04-18,324.0,370000.0,1150000.0,1410000.0,591000.0,264000.0,115.0,1080000.0,381.0,572000.0,1000000.0,1620.0,427.0,585000.0,2630.0,1300.0,247000.0,1450.0,361.0,614.0,371.0,21400.0,18500.0,11100.0,53.8,1620.0,967.0,39700.0,16300.0,180.0,33300.0
2019-04-19,311.0,370000.0,1160000.0,1420000.0,596000.0,255000.0,102.0,1100000.0,369.0,574000.0,1130000.0,2160.0,308.0,587000.0,2990.0,1320.0,244000.0,1520.0,332.0,189.0,356.0,25600.0,19400.0,34900.0,37.1,2160.0,242.0,53600.0,17700.0,173.0,34400.0
2019-04-20,276.0,368000.0,1180000.0,1430000.0,594000.0,258000.0,100.0,1110000.0,345.0,570000.0,1080000.0,2920.0,156.0,586000.0,2780.0,1380.0,242000.0,1580.0,318.0,104.0,346.0,31200.0,19700.0,34900.0,34.8,2920.0,114.0,65000.0,18600.0,168.0,35900.0
2019-04-21,265.0,364000.0,1190000.0,1440000.0,589000.0,256000.0,96.4,1110000.0,325.0,562000.0,1010000.0,2220.0,111.0,583000.0,2550.0,1290.0,242000.0,1630.0,315.0,71.6,342.0,37500.0,19800.0,21600.0,32.9,2220.0,75.9,61600.0,18300.0,165.0,37100.0
2019-04-22,253.0,361000.0,1210000.0,1440000.0,582000.0,253000.0,91.2,1110000.0,306.0,551000.0,1020000.0,1690.0,93.5,576000.0,2360.0,1210.0,237000.0,1660.0,315.0,56.5,337.0,46100.0,20000.0,13100.0,177.0,1690.0,63.1,48200.0,17900.0,169.0,38600.0
2019-04-23,243.0,357000.0,1230000.0,1450000.0,575000.0,253000.0,108.0,1120000.0,298.0,542000.0,1090000.0,1310.0,82.0,566000.0,2210.0,1170.0,232000.0,1680.0,376.0,46.5,337.0,54700.0,19800.0,9530.0,131.0,1310.0,80.4,40400.0,19500.0,181.0,40000.0
2019-04-24,237.0,354000.0,1240000.0,1450000.0,569000.0,260000.0,99.9,1120000.0,304.0,534000.0,1130000.0,1180.0,76.0,559000.0,2070.0,1080.0,227000.0,1690.0,336.0,54.0,327.0,56500.0,19600.0,7370.0,71.8,1180.0,70.9,36600.0,22600.0,164.0,39800.0
2019-04-25,238.0,350000.0,1260000.0,1450000.0,570000.0,277000.0,95.9,1130000.0,291.0,531000.0,1190000.0,1070.0,72.8,558000.0,1980.0,1040.0,224000.0,1680.0,342.0,51.6,329.0,50400.0,19300.0,6300.0,62.4,1070.0,57.4,37400.0,25100.0,163.0,39100.0
2019-04-26,234.0,347000.0,1270000.0,1450000.0,580000.0,285000.0,90.0,1140000.0,302.0,528000.0,1270000.0,1030.0,69.0,563000.0,1930.0,1000.0,223000.0,1650.0,356.0,44.1,328.0,43900.0,18800.0,5550.0,54.2,1030.0,36.0,37200.0,24700.0,161.0,37800.0
2019-04-27,221.0,342000.0,1290000.0,1450000.0,573000.0,292000.0,85.6,1140000.0,325.0,520000.0,1190000.0,959.0,62.2,556000.0,1840.0,975.0,228000.0,1610.0,384.0,36.2,322.0,40300.0,18200.0,4870.0,109.0,959.0,33.7,34700.0,22100.0,170.0,36200.0
2019-04-28,225.0,338000.0,1300000.0,1460000.0,562000.0,296000.0,89.9,1140000.0,371.0,514000.0,1220000.0,891.0,55.5,549000.0,1810.0,1000.0,235000.0,1570.0,437.0,30.3,329.0,37200.0,17600.0,4230.0,71.7,891.0,35.6,29500.0,19600.0,183.0,34500.0
2019-04-29,932.0,335000.0,1300000.0,1460000.0,551000.0,295000.0,1330.0,1140000.0,1340.0,504000.0,1200000.0,825.0,91.7,540000.0,1780.0,1010.0,248000.0,1550.0,432.0,29.0,322.0,32600.0,17500.0,3540.0,1190.0,825.0,48.2,27800.0,17700.0,193.0,33000.0
2019-04-30,3000.0,335000.0,1310000.0,1460000.0,547000.0,292000.0,2810.0,1140000.0,3500.0,498000.0,1190000.0,798.0,2750.0,531000.0,1780.0,1070.0,278000.0,1530.0,422.0,516.0,319.0,28900.0,17200.0,3110.0,887.0,798.0,57.4,24700.0,15600.0,188.0,32100.0
2019-05-01,6400.0,354000.0,1310000.0,1470000.0,548000.0,295000.0,3710.0,1140000.0,5870.0,534000.0,1190000.0,819.0,9060.0,536000.0,1810.0,1150.0,344000.0,1500.0,418.0,3140.0,332.0,26700.0,16700.0,3100.0,422.0,819.0,53.9,22600.0,13800.0,190.0,31200.0
2019-05-02,6700.0,391000.0,1300000.0,1470000.0,576000.0,301000.0,2300.0,1140000.0,6760.0,620000.0,1210000.0,858.0,6510.0,569000.0,1780.0,1210.0,397000.0,1490.0,400.0,1330.0,330.0,26000.0,16600.0,3430.0,489.0,858.0,46.2,20600.0,12500.0,184.0,29800.0
2019-05-03,6240.0,427000.0,1290000.0,1470000.0,630000.0,304000.0,1180.0,1140000.0,7830.0,694000.0,1200000.0,847.0,2490.0,634000.0,1750.0,1250.0,410000.0,1480.0,376.0,379.0,323.0,26100.0,16200.0,4270.0,268.0,847.0,39.9,19000.0,11400.0,179.0,28900.0
2019-05-04,3980.0,447000.0,1280000.0,1480000.0,696000.0,306000.0,592.0,1150000.0,7230.0,743000.0,1220000.0,795.0,702.0,709000.0,1730.0,1240.0,398000.0,1470.0,362.0,213.0,323.0,23800.0,16200.0,4200.0,177.0,795.0,36.1,19200.0,10400.0,176.0,28000.0
2019-05-05,2050.0,461000.0,1270000.0,1480000.0,754000.0,310000.0,447.0,1150000.0,6010.0,767000.0,1250000.0,752.0,391.0,766000.0,1690.0,1210.0,365000.0,1450.0,355.0,132.0,322.0,20700.0,16000.0,3930.0,136.0,752.0,33.0,14900.0,9640.0,175.0,27600.0
2019-05-06,1490.0,471000.0,1270000.0,1490000.0,791000.0,307000.0,369.0,1150000.0,2560.0,775000.0,1200000.0,733.0,275.0,801000.0,1650.0,1200.0,320000.0,1420.0,385.0,90.3,317.0,20300.0,15800.0,3210.0,109.0,733.0,30.3,14500.0,9160.0,188.0,26900.0
2019-05-07,1420.0,473000.0,1280000.0,1500000.0,811000.0,302000.0,604.0,1160000.0,2140.0,765000.0,1180000.0,702.0,2330.0,814000.0,1590.0,1130.0,318000.0,1400.0,350.0,68.5,310.0,20400.0,15400.0,3000.0,102.0,702.0,29.3,14700.0,8640.0,174.0,26100.0
2019-05-08,1290.0,470000.0,1290000.0,1500000.0,816000.0,304000.0,539.0,1160000.0,2390.0,746000.0,1160000.0,725.0,3340.0,804000.0,1580.0,1110.0,309000.0,1410.0,351.0,58.7,323.0,20900.0,15500.0,2870.0,107.0,725.0,34.8,13600.0,8300.0,180.0,25800.0
2019-05-09,1500.0,464000.0,1320000.0,1520000.0,806000.0,319000.0,837.0,1180000.0,2090.0,731000.0,1150000.0,1030.0,851.0,791000.0,1770.0,1320.0,291000.0,1430.0,437.0,51.3,360.0,21400.0,16100.0,3200.0,84.1,1030.0,209.0,18400.0,8940.0,201.0,26500.0
2019-05-10,1300.0,458000.0,1340000.0,1530000.0,796000.0,334000.0,476.0,1210000.0,2110.0,721000.0,1180000.0,1100.0,366.0,779000.0,1960.0,1450.0,284000.0,1480.0,379.0,41.4,337.0,24600.0,16400.0,5420.0,72.3,1100.0,132.0,26200.0,9930.0,186.0,27500.0
2019-05-11,1110.0,453000.0,1350000.0,1540000.0,784000.0,338000.0,384.0,1220000.0,1590.0,720000.0,1170000.0,933.0,244.0,762000.0,2110.0,1520.0,280000.0,1550.0,360.0,49.0,329.0,23800.0,16200.0,7760.0,67.5,933.0,71.4,31700.0,11400.0,182.0,27600.0
2019-05-12,1010.0,449000.0,1360000.0,1550000.0,778000.0,349000.0,334.0,1240000.0,1350.0,720000.0,1240000.0,815.0,202.0,753000.0,2010.0,1450.0,271000.0,1590.0,356.0,48.1,330.0,21600.0,16000.0,7980.0,64.6,815.0,52.4,29600.0,12500.0,181.0,27600.0
2019-05-13,919.0,443000.0,1370000.0,1550000.0,774000.0,351000.0,295.0,1240000.0,1210.0,718000.0,1220000.0,745.0,176.0,747000.0,1910.0,1360.0,253000.0,1630.0,348.0,37.4,326.0,22400.0,15300.0,6330.0,60.2,745.0,55.2,23700.0,12300.0,178.0,27500.0
2019-05-14,807.0,435000.0,1370000.0,1560000.0,769000.0,346000.0,262.0,1230000.0,1080.0,709000.0,1220000.0,706.0,147.0,735000.0,1810.0,1270.0,237000.0,1670.0,338.0,31.3,321.0,24200.0,14800.0,4560.0,56.1,706.0,47.2,18700.0,11800.0,173.0,27000.0
2019-05-15,734.0,426000.0,1370000.0,1560000.0,765000.0,345000.0,242.0,1230000.0,978.0,696000.0,1210000.0,672.0,129.0,728000.0,1720.0,1200.0,229000.0,1720.0,331.0,29.1,317.0,24300.0,14600.0,3570.0,54.3,672.0,37.7,17300.0,11100.0,170.0,26700.0
2019-05-16,676.0,417000.0,1370000.0,1570000.0,755000.0,349000.0,227.0,1230000.0,900.0,681000.0,1190000.0,738.0,117.0,714000.0,1680.0,1160.0,222000.0,1750.0,324.0,26.4,325.0,21900.0,14200.0,3040.0,130.0,738.0,32.5,14700.0,10500.0,191.0,26100.0
2019-05-17,938.0,408000.0,1360000.0,1570000.0,744000.0,354000.0,744.0,1240000.0,985.0,663000.0,1170000.0,771.0,101.0,705000.0,1640.0,1110.0,216000.0,1780.0,369.0,22.5,323.0,20200.0,13700.0,2860.0,331.0,771.0,28.9,13500.0,9860.0,193.0,25400.0
2019-05-18,1830.0,397000.0,1350000.0,1580000.0,731000.0,366000.0,1060.0,1240000.0,1960.0,642000.0,1160000.0,725.0,176.0,687000.0,1600.0,1220.0,221000.0,1810.0,422.0,21.7,325.0,20300.0,14100.0,2980.0,289.0,725.0,30.0,15400.0,9990.0,338.0,25800.0
2019-05-19,2660.0,386000.0,1330000.0,1590000.0,716000.0,376000.0,862.0,1250000.0,2530.0,624000.0,1190000.0,1060.0,599.0,664000.0,1770.0,3250.0,230000.0,1850.0,475.0,24.8,378.0,22700.0,14300.0,3220.0,508.0,1060.0,136.0,17700.0,13200.0,288.0,27400.0
2019-05-20,1970.0,378000.0,1310000.0,1590000.0,700000.0,376000.0,514.0,1260000.0,2390.0,605000.0,1150000.0,1400.0,311.0,639000.0,3310.0,2940.0,244000.0,1880.0,409.0,17.3,364.0,24700.0,15300.0,4550.0,227.0,1400.0,202.0,34000.0,18600.0,257.0,28600.0
2019-05-21,2170.0,375000.0,1290000.0,1590000.0,684000.0,376000.0,763.0,1260000.0,1800.0,604000.0,1130000.0,1490.0,1640.0,621000.0,3580.0,3390.0,258000.0,1900.0,376.0,593.0,347.0,25500.0,15700.0,7890.0,219.0,1490.0,103.0,51400.0,21400.0,240.0,29700.0
2019-05-22,4070.0,385000.0,1260000.0,1590000.0,685000.0,377000.0,1560.0,1260000.0,2560.0,638000.0,1130000.0,1310.0,3770.0,632000.0,3040.0,3060.0,260000.0,1920.0,411.0,626.0,381.0,23100.0,16000.0,11200.0,238.0,1310.0,83.9,65700.0,23800.0,258.0,31700.0
2019-05-23,4810.0,401000.0,1240000.0,1590000.0,693000.0,377000.0,1190.0,1260000.0,3500.0,682000.0,1140000.0,1160.0,4080.0,656000.0,2970.0,2650.0,260000.0,1960.0,369.0,253.0,365.0,20100.0,16800.0,9580.0,188.0,1160.0,74.2,60100.0,24900.0,225.0,33400.0
2019-05-24,3060.0,414000.0,1210000.0,1590000.0,708000.0,377000.0,707.0,1260000.0,4490.0,725000.0,1140000.0,1010.0,1730.0,688000.0,2830.0,2700.0,258000.0,1980.0,536.0,113.0,366.0,23200.0,17100.0,7380.0,176.0,1010.0,56.0,44700.0,25300.0,387.0,35700.0
2019-05-25,1920.0,418000.0,1180000.0,1580000.0,733000.0,378000.0,556.0,1260000.0,4590.0,760000.0,1170000.0,929.0,1340.0,727000.0,2700.0,3210.0,252000.0,2020.0,1000.0,67.9,375.0,29000.0,17600.0,5590.0,117.0,929.0,46.7,34100.0,25700.0,446.0,37300.0
2019-05-26,2330.0,419000.0,1150000.0,1580000.0,760000.0,378000.0,684.0,1260000.0,3110.0,785000.0,1170000.0,836.0,13500.0,760000.0,2630.0,2880.0,254000.0,2030.0,624.0,49.2,360.0,31200.0,17800.0,4350.0,221.0,836.0,40.9,28100.0,24500.0,363.0,38700.0
2019-05-27,3550.0,419000.0,1130000.0,1570000.0,781000.0,379000.0,900.0,1260000.0,2570.0,799000.0,1120000.0,883.0,6010.0,786000.0,2730.0,2680.0,260000.0,2050.0,572.0,39.1,437.0,30100.0,17800.0,3650.0,641.0,883.0,57.7,26100.0,22400.0,355.0,39500.0
2019-05-28,5170.0,431000.0,1100000.0,1560000.0,796000.0,379000.0,906.0,1250000.0,2690.0,805000.0,1100000.0,1380.0,1100.0,803000.0,6490.0,3500.0,273000.0,2070.0,572.0,32.1,566.0,29900.0,17500.0,3690.0,732.0,1380.0,245.0,26100.0,20700.0,326.0,40200.0
2019-05-29,12200.0,444000.0,1080000.0,1560000.0,807000.0,379000.0,4140.0,1250000.0,6380.0,809000.0,1100000.0,1580.0,6760.0,812000.0,10400.0,4200.0,380000.0,2080.0,499.0,155.0,480.0,28600.0,16800.0,6070.0,928.0,1580.0,128.0,32500.0,18200.0,294.0,39600.0
2019-05-30,13800.0,454000.0,1070000.0,1560000.0,817000.0,380000.0,2020.0,1240000.0,6250.0,817000.0,1100000.0,1610.0,5520.0,821000.0,5760.0,3480.0,512000.0,2080.0,469.0,77.6,452.0,25000.0,16000.0,9000.0,383.0,1610.0,77.4,34100.0,16300.0,277.0,38200.0
2019-05-31,6850.0,466000.0,1070000.0,1550000.0,824000.0,380000.0,814.0,1240000.0,7620.0,829000.0,1100000.0,1230.0,1510.0,830000.0,4250.0,3020.0,534000.0,2070.0,454.0,47.1,426.0,26200.0,15000.0,8720.0,207.0,1230.0,58.8,27500.0,14700.0,262.0,36200.0
2019-06-01,3340.0,475000.0,1080000.0,1550000.0,833000.0,380000.0,482.0,1240000.0,6580.0,840000.0,1100000.0,975.0,498.0,840000.0,3530.0,2660.0,429000.0,2070.0,425.0,67.3,406.0,28800.0,14300.0,6270.0,152.0,975.0,46.0,21100.0,12800.0,249.0,34600.0
2019-06-02,1900.0,492000.0,1090000.0,1550000.0,841000.0,381000.0,380.0,1230000.0,4370.0,861000.0,1130000.0,886.0,461.0,844000.0,3050.0,2310.0,418000.0,2070.0,407.0,73.0,390.0,28000.0,13500.0,4530.0,119.0,886.0,36.2,18000.0,11400.0,239.0,32500.0
2019-06-03,1460.0,505000.0,1100000.0,1540000.0,843000.0,382000.0,321.0,1230000.0,1880.0,880000.0,1110000.0,814.0,249.0,854000.0,2720.0,2070.0,400000.0,2060.0,388.0,33.0,376.0,23900.0,12400.0,3710.0,102.0,814.0,51.2,16800.0,10100.0,228.0,30700.0
2019-06-04,1270.0,511000.0,1120000.0,1540000.0,856000.0,382000.0,351.0,1230000.0,1590.0,894000.0,1090000.0,752.0,176.0,876000.0,2520.0,1930.0,379000.0,2070.0,455.0,25.5,373.0,22000.0,11100.0,2980.0,119.0,752.0,40.8,15200.0,8840.0,294.0,28600.0
2019-06-05,1150.0,507000.0,1130000.0,1550000.0,878000.0,383000.0,304.0,1230000.0,1540.0,895000.0,1090000.0,749.0,142.0,896000.0,2530.0,1940.0,355000.0,2070.0,620.0,183.0,390.0,22800.0,10800.0,2640.0,103.0,749.0,32.7,14100.0,8060.0,368.0,26900.0
2019-06-06,1020.0,519000.0,1150000.0,1550000.0,891000.0,387000.0,267.0,1240000.0,1320.0,907000.0,1080000.0,752.0,126.0,908000.0,3290.0,1860.0,341000.0,2080.0,454.0,219.0,373.0,19800.0,10800.0,2510.0,80.5,752.0,34.8,13100.0,7370.0,267.0,25200.0
2019-06-07,905.0,522000.0,1190000.0,1550000.0,900000.0,386000.0,241.0,1240000.0,1180.0,923000.0,1090000.0,705.0,105.0,923000.0,2900.0,1780.0,332000.0,2090.0,414.0,72.6,357.0,17300.0,10200.0,2340.0,72.4,705.0,33.6,11900.0,6790.0,248.0,24200.0
2019-06-08,808.0,521000.0,1210000.0,1560000.0,914000.0,387000.0,222.0,1240000.0,1070.0,931000.0,1130000.0,653.0,87.7,939000.0,2530.0,1660.0,321000.0,2090.0,393.0,49.2,348.0,15100.0,9540.0,2030.0,65.7,653.0,31.1,12300.0,6310.0,235.0,22600.0
2019-06-09,739.0,514000.0,1220000.0,1560000.0,930000.0,389000.0,217.0,1240000.0,981.0,931000.0,1180000.0,619.0,75.3,951000.0,2310.0,1540.0,314000.0,2080.0,383.0,38.6,341.0,14400.0,9140.0,1870.0,66.0,619.0,24.8,10500.0,5520.0,230.0,21400.0
2019-06-10,698.0,505000.0,1230000.0,1570000.0,939000.0,393000.0,195.0,1250000.0,910.0,925000.0,1200000.0,598.0,66.1,954000.0,2150.0,1440.0,304000.0,2060.0,376.0,30.9,336.0,13400.0,8570.0,1730.0,59.9,598.0,18.6,10000.0,5710.0,223.0,20600.0
2019-06-11,637.0,496000.0,1240000.0,1570000.0,937000.0,398000.0,188.0,1250000.0,828.0,907000.0,1200000.0,585.0,59.3,952000.0,2030.0,1350.0,293000.0,2040.0,360.0,24.8,332.0,13500.0,8280.0,1570.0,54.6,585.0,34.1,9620.0,5520.0,216.0,19300.0
2019-06-12,606.0,489000.0,1250000.0,1580000.0,933000.0,400000.0,185.0,1250000.0,775.0,889000.0,1190000.0,626.0,61.5,940000.0,2040.0,1330.0,280000.0,2030.0,395.0,28.1,354.0,13400.0,8150.0,1590.0,59.5,626.0,32.9,9790.0,5420.0,228.0,18600.0
2019-06-13,602.0,479000.0,1260000.0,1570000.0,923000.0,401000.0,179.0,1260000.0,780.0,873000.0,1160000.0,738.0,71.7,925000.0,2000.0,1290.0,268000.0,2010.0,412.0,34.0,347.0,14600.0,7990.0,1720.0,52.2,738.0,55.2,9290.0,5190.0,226.0,18200.0
2019-06-14,541.0,464000.0,1270000.0,1570000.0,908000.0,405000.0,158.0,1260000.0,701.0,855000.0,1120000.0,727.0,63.1,906000.0,1890.0,1250.0,244000.0,1990.0,367.0,25.5,334.0,14400.0,7510.0,2200.0,47.1,727.0,26.3,8430.0,4990.0,212.0,17200.0
2019-06-15,521.0,452000.0,1280000.0,1560000.0,890000.0,403000.0,200.0,1250000.0,954.0,838000.0,1130000.0,723.0,1360.0,888000.0,1860.0,1230.0,235000.0,1970.0,371.0,33.2,343.0,14000.0,7820.0,2100.0,169.0,723.0,24.9,10200.0,5020.0,220.0,16400.0
2019-06-16,769.0,443000.0,1280000.0,1550000.0,877000.0,399000.0,604.0,1250000.0,2130.0,820000.0,1130000.0,1210.0,1990.0,872000.0,3280.0,2380.0,228000.0,1960.0,656.0,30.2,649.0,16000.0,7440.0,2850.0,215.0,1210.0,29.9,10700.0,4890.0,662.0,16200.0
2019-06-17,667.0,436000.0,1280000.0,1540000.0,866000.0,394000.0,293.0,1250000.0,1850.0,802000.0,1140000.0,1260.0,616.0,855000.0,4840.0,2820.0,219000.0,1950.0,436.0,24.6,439.0,15500.0,7470.0,3760.0,95.8,1260.0,29.3,9900.0,4840.0,391.0,15600.0
2019-06-18,551.0,424000.0,1280000.0,1530000.0,850000.0,394000.0,239.0,1250000.0,1210.0,782000.0,1130000.0,1130.0,229.0,837000.0,3260.0,2750.0,213000.0,1940.0,399.0,24.3,396.0,17800.0,7450.0,4010.0,76.6,1130.0,38.5,10600.0,4700.0,358.0,15100.0
2019-06-19,676.0,410000.0,1270000.0,1520000.0,836000.0,399000.0,737.0,1240000.0,1160.0,763000.0,1130000.0,836.0,4440.0,810000.0,2760.0,2170.0,206000.0,1920.0,450.0,21.7,378.0,18400.0,7020.0,3510.0,139.0,836.0,23.7,9320.0,4460.0,358.0,14900.0
2019-06-20,2820.0,398000.0,1270000.0,1510000.0,823000.0,398000.0,2100.0,1230000.0,3040.0,740000.0,1090000.0,715.0,3970.0,785000.0,2490.0,1880.0,207000.0,1910.0,397.0,20.6,364.0,18500.0,6750.0,2910.0,134.0,715.0,21.9,9030.0,4340.0,342.0,14100.0
2019-06-21,1880.0,394000.0,1260000.0,1500000.0,805000.0,391000.0,624.0,1220000.0,3970.0,716000.0,1060000.0,654.0,3150.0,763000.0,2310.0,1710.0,202000.0,1890.0,374.0,383.0,353.0,17400.0,6590.0,2370.0,111.0,654.0,24.6,7610.0,3990.0,328.0,13700.0
2019-06-22,1450.0,390000.0,1270000.0,1490000.0,797000.0,382000.0,461.0,1210000.0,5280.0,704000.0,1070000.0,615.0,4580.0,747000.0,2170.0,1580.0,200000.0,1880.0,366.0,591.0,347.0,15500.0,6670.0,2030.0,82.2,615.0,25.5,7680.0,4010.0,321.0,13400.0
2019-06-23,1450.0,388000.0,1280000.0,1480000.0,791000.0,373000.0,1020.0,1200000.0,4980.0,706000.0,1060000.0,634.0,2010.0,736000.0,2110.0,1630.0,195000.0,1870.0,370.0,192.0,362.0,13500.0,6140.0,1870.0,245.0,634.0,26.1,7710.0,3940.0,322.0,13600.0
2019-06-24,1280.0,387000.0,1300000.0,1480000.0,783000.0,361000.0,453.0,1200000.0,3210.0,714000.0,1120000.0,782.0,504.0,733000.0,2030.0,1640.0,193000.0,1890.0,388.0,115.0,375.0,12300.0,5930.0,1770.0,132.0,782.0,27.1,7280.0,4350.0,324.0,13600.0
2019-06-25,1050.0,380000.0,1320000.0,1470000.0,779000.0,352000.0,340.0,1190000.0,1890.0,708000.0,1080000.0,883.0,292.0,730000.0,1970.0,1490.0,193000.0,1900.0,411.0,70.8,351.0,12800.0,6570.0,1810.0,91.5,883.0,25.7,10400.0,5770.0,320.0,13300.0
2019-06-26,877.0,372000.0,1350000.0,1470000.0,774000.0,344000.0,288.0,1180000.0,1360.0,701000.0,1070000.0,778.0,286.0,723000.0,1970.0,1390.0,187000.0,1910.0,359.0,51.2,338.0,13200.0,5950.0,2030.0,76.3,778.0,24.8,12700.0,6780.0,305.0,13500.0
2019-06-27,769.0,363000.0,1370000.0,1460000.0,769000.0,338000.0,446.0,1180000.0,1160.0,697000.0,1080000.0,676.0,200.0,716000.0,1940.0,1350.0,181000.0,1910.0,348.0,44.1,338.0,13000.0,5940.0,2530.0,67.6,676.0,25.0,11600.0,6980.0,306.0,13200.0
2019-06-28,692.0,351000.0,1390000.0,1470000.0,764000.0,342000.0,268.0,1180000.0,1180.0,696000.0,1110000.0,1160.0,135.0,709000.0,4260.0,6510.0,173000.0,1920.0,395.0,116.0,915.0,12000.0,7060.0,4150.0,62.2,1160.0,25.4,11000.0,6830.0,313.0,13400.0
2019-06-29,638.0,338000.0,1400000.0,1470000.0,758000.0,343000.0,238.0,1170000.0,969.0,695000.0,1070000.0,1620.0,114.0,703000.0,10400.0,5570.0,167000.0,1920.0,383.0,148.0,1230.0,12500.0,6890.0,5080.0,125.0,1620.0,24.9,10100.0,6540.0,303.0,14500.0
2019-06-30,586.0,325000.0,1410000.0,1470000.0,753000.0,341000.0,219.0,1170000.0,902.0,691000.0,1010000.0,2070.0,98.5,697000.0,4970.0,4720.0,159000.0,1950.0,645.0,67.1,530.0,13300.0,7120.0,5740.0,200.0,2070.0,26.8,10400.0,6620.0,459.0,14400.0
2019-07-01,579.0,313000.0,1410000.0,1480000.0,747000.0,336000.0,220.0,1170000.0,842.0,684000.0,1030000.0,2540.0,81.7,691000.0,3920.0,6120.0,154000.0,1940.0,1790.0,49.3,741.0,14800.0,8160.0,5260.0,181.0,2540.0,28.6,12400.0,7990.0,3670.0,15000.0
2019-07-02,543.0,302000.0,1420000.0,1480000.0,741000.0,344000.0,198.0,1180000.0,784.0,674000.0,1040000.0,2620.0,71.7,683000.0,6940.0,4770.0,153000.0,1940.0,723.0,40.4,1150.0,15900.0,8620.0,6140.0,90.6,2620.0,40.3,14000.0,10000.0,661.0,16700.0
2019-07-03,512.0,295000.0,1410000.0,1490000.0,734000.0,353000.0,329.0,1180000.0,717.0,660000.0,1020000.0,2790.0,64.3,675000.0,6950.0,4210.0,161000.0,1940.0,535.0,35.6,657.0,16000.0,9640.0,7540.0,148.0,2790.0,64.3,15700.0,12300.0,436.0,17100.0
2019-07-04,515.0,291000.0,1400000.0,1490000.0,724000.0,359000.0,676.0,1180000.0,1110.0,644000.0,1010000.0,2510.0,58.9,664000.0,5220.0,3710.0,161000.0,1940.0,473.0,30.1,792.0,19800.0,9700.0,8900.0,102.0,2510.0,43.5,16100.0,12300.0,354.0,18500.0
2019-07-05,845.0,290000.0,1390000.0,1490000.0,712000.0,360000.0,364.0,1180000.0,1450.0,627000.0,1030000.0,2210.0,57.2,649000.0,4460.0,3000.0,167000.0,1930.0,440.0,28.6,512.0,21200.0,9710.0,9810.0,107.0,2210.0,33.4,13800.0,12400.0,310.0,19800.0
2019-07-06,570.0,293000.0,1370000.0,1490000.0,698000.0,360000.0,280.0,1180000.0,950.0,611000.0,1030000.0,1960.0,59.2,633000.0,4510.0,2810.0,171000.0,1930.0,418.0,47.5,785.0,20700.0,9890.0,8240.0,98.8,1960.0,29.7,12000.0,13600.0,378.0,20500.0
2019-07-07,482.0,293000.0,1340000.0,1490000.0,683000.0,358000.0,224.0,1180000.0,784.0,595000.0,1020000.0,1500.0,48.9,618000.0,5360.0,2700.0,172000.0,1930.0,411.0,29.4,479.0,21900.0,9760.0,5750.0,78.8,1500.0,27.9,11900.0,13300.0,294.0,20700.0
2019-07-08,432.0,292000.0,1300000.0,1490000.0,665000.0,356000.0,200.0,1180000.0,676.0,583000.0,1010000.0,1140.0,41.8,605000.0,3740.0,2600.0,173000.0,1920.0,385.0,22.3,441.0,22000.0,9580.0,4650.0,69.5,1140.0,26.4,9770.0,11300.0,267.0,20900.0
2019-07-09,399.0,291000.0,1250000.0,1490000.0,647000.0,360000.0,183.0,1190000.0,610.0,573000.0,994000.0,978.0,36.8,591000.0,3110.0,2110.0,173000.0,1930.0,380.0,19.1,441.0,23400.0,9140.0,3450.0,64.4,978.0,25.8,9110.0,10000.0,259.0,20700.0
2019-07-10,374.0,289000.0,1200000.0,1480000.0,633000.0,361000.0,170.0,1190000.0,557.0,564000.0,1020000.0,906.0,33.8,579000.0,2810.0,2300.0,172000.0,1950.0,501.0,146.0,497.0,23400.0,8780.0,2860.0,58.1,906.0,25.4,8360.0,9020.0,301.0,20400.0
2019-07-11,351.0,288000.0,1150000.0,1480000.0,620000.0,357000.0,158.0,1190000.0,509.0,557000.0,1000000.0,846.0,29.7,570000.0,2620.0,1900.0,172000.0,1960.0,384.0,142.0,416.0,18000.0,8370.0,2380.0,51.0,846.0,25.0,8280.0,8060.0,246.0,20000.0
2019-07-12,325.0,285000.0,1090000.0,1480000.0,608000.0,353000.0,149.0,1190000.0,467.0,550000.0,955000.0,793.0,27.3,563000.0,2420.0,1710.0,171000.0,1960.0,363.0,40.3,395.0,15100.0,8250.0,2070.0,47.6,793.0,24.8,7130.0,7310.0,234.0,19200.0
2019-07-13,306.0,283000.0,1050000.0,1460000.0,598000.0,364000.0,140.0,1200000.0,439.0,541000.0,961000.0,739.0,24.4,555000.0,2250.0,1560.0,168000.0,1950.0,354.0,27.8,383.0,12800.0,7700.0,1780.0,43.6,739.0,24.9,6980.0,6660.0,226.0,19000.0
2019-07-14,288.0,279000.0,1000000.0,1460000.0,589000.0,372000.0,134.0,1190000.0,409.0,531000.0,969000.0,711.0,21.9,545000.0,2120.0,1440.0,167000.0,1940.0,353.0,21.7,374.0,13100.0,7160.0,1680.0,41.1,711.0,24.9,6810.0,5960.0,220.0,18000.0
2019-07-15,271.0,277000.0,967000.0,1450000.0,581000.0,372000.0,124.0,1180000.0,391.0,520000.0,963000.0,689.0,19.3,538000.0,2020.0,1340.0,163000.0,1940.0,357.0,31.8,367.0,10600.0,8720.0,1610.0,38.2,689.0,28.9,7040.0,6030.0,214.0,17400.0
2019-07-16,256.0,271000.0,954000.0,1440000.0,575000.0,362000.0,123.0,1190000.0,360.0,513000.0,970000.0,740.0,18.9,530000.0,1960.0,1270.0,162000.0,1940.0,340.0,31.9,368.0,9880.0,7670.0,1550.0,36.7,740.0,41.2,8000.0,5980.0,210.0,18600.0
2019-07-17,248.0,266000.0,933000.0,1430000.0,567000.0,344000.0,119.0,1180000.0,347.0,504000.0,977000.0,791.0,18.8,522000.0,2100.0,1210.0,158000.0,1950.0,352.0,91.1,363.0,10800.0,7120.0,2080.0,39.7,791.0,51.1,13700.0,5530.0,226.0,17000.0
2019-07-18,245.0,258000.0,894000.0,1410000.0,560000.0,354000.0,110.0,1170000.0,335.0,502000.0,988000.0,776.0,63.8,517000.0,2100.0,1520.0,153000.0,1970.0,1080.0,144.0,390.0,11700.0,6720.0,4340.0,35.8,776.0,39.5,16100.0,5510.0,813.0,15900.0
2019-07-19,225.0,254000.0,869000.0,1390000.0,551000.0,348000.0,102.0,1150000.0,314.0,497000.0,968000.0,1430.0,61.8,511000.0,6420.0,1540.0,147000.0,1970.0,629.0,36.9,852.0,16000.0,6770.0,4930.0,32.2,1430.0,33.2,12700.0,5570.0,380.0,15100.0
2019-07-20,203.0,247000.0,842000.0,1370000.0,543000.0,343000.0,96.7,1140000.0,285.0,483000.0,987000.0,1500.0,33.5,505000.0,4040.0,1930.0,142000.0,1970.0,446.0,21.9,433.0,17700.0,7160.0,3670.0,30.1,1500.0,32.0,12500.0,6260.0,315.0,15300.0
2019-07-21,188.0,237000.0,815000.0,1350000.0,534000.0,337000.0,94.1,1120000.0,260.0,468000.0,973000.0,1800.0,23.6,493000.0,3410.0,2000.0,139000.0,1970.0,426.0,16.0,416.0,15900.0,6900.0,5400.0,28.0,1800.0,43.6,20200.0,6170.0,300.0,15000.0
2019-07-22,175.0,227000.0,794000.0,1330000.0,525000.0,333000.0,88.8,1110000.0,240.0,475000.0,971000.0,1870.0,17.5,484000.0,3050.0,1870.0,140000.0,1970.0,385.0,193.0,384.0,15600.0,6730.0,9170.0,26.6,1870.0,39.1,24400.0,5920.0,256.0,14500.0
2019-07-23,161.0,223000.0,787000.0,1310000.0,521000.0,325000.0,82.7,1090000.0,224.0,467000.0,979000.0,1740.0,13.8,485000.0,2580.0,1600.0,141000.0,1970.0,365.0,47.2,368.0,18900.0,6170.0,13800.0,24.9,1740.0,31.6,24000.0,5430.0,240.0,13600.0
2019-07-24,153.0,212000.0,782000.0,1290000.0,518000.0,320000.0,80.4,1080000.0,203.0,458000.0,983000.0,1220.0,11.8,478000.0,2310.0,1410.0,142000.0,1960.0,358.0,25.6,360.0,23100.0,5680.0,11300.0,23.7,1220.0,28.4,15500.0,5370.0,233.0,12900.0
2019-07-25,146.0,206000.0,777000.0,1270000.0,508000.0,321000.0,76.6,1070000.0,191.0,455000.0,966000.0,958.0,10.6,470000.0,2110.0,1290.0,141000.0,1960.0,348.0,17.4,353.0,25900.0,5310.0,7530.0,26.2,958.0,26.6,11600.0,4810.0,218.0,11800.0
2019-07-26,138.0,203000.0,775000.0,1240000.0,500000.0,319000.0,70.8,1050000.0,183.0,451000.0,950000.0,864.0,9.73,463000.0,1970.0,1200.0,143000.0,1960.0,347.0,14.0,349.0,23700.0,5240.0,4340.0,22.8,864.0,25.8,9680.0,4630.0,214.0,11100.0
2019-07-27,130.0,200000.0,773000.0,1220000.0,492000.0,318000.0,67.2,1030000.0,169.0,444000.0,950000.0,817.0,8.89,455000.0,1860.0,1120.0,144000.0,1960.0,338.0,12.1,346.0,16600.0,5480.0,2980.0,19.7,817.0,27.0,9000.0,4380.0,206.0,11100.0
2019-07-28,123.0,196000.0,770000.0,1190000.0,484000.0,313000.0,64.6,1010000.0,162.0,436000.0,938000.0,786.0,8.18,448000.0,1770.0,1060.0,145000.0,1960.0,330.0,10.7,342.0,15800.0,5230.0,2590.0,18.6,786.0,27.0,8530.0,4200.0,200.0,11400.0
2019-07-29,118.0,192000.0,766000.0,1160000.0,477000.0,310000.0,61.9,987000.0,162.0,431000.0,931000.0,802.0,8.33,440000.0,1730.0,1130.0,147000.0,1960.0,356.0,159.0,352.0,14500.0,5550.0,2310.0,18.1,802.0,26.7,8510.0,4740.0,215.0,11000.0
2019-07-30,110.0,193000.0,754000.0,1140000.0,471000.0,306000.0,60.8,969000.0,153.0,431000.0,935000.0,803.0,7.97,437000.0,1650.0,1020.0,148000.0,1940.0,335.0,49.7,342.0,13500.0,5280.0,2180.0,16.4,803.0,25.4,9330.0,5020.0,196.0,10800.0
2019-07-31,104.0,191000.0,716000.0,1120000.0,466000.0,302000.0,55.7,950000.0,145.0,429000.0,902000.0,761.0,7.27,434000.0,1560.0,951.0,149000.0,1910.0,317.0,23.5,334.0,10700.0,5450.0,1990.0,15.6,761.0,25.2,9480.0,5040.0,189.0,10300.0
2019-08-01,97.5,191000.0,664000.0,1100000.0,461000.0,296000.0,51.8,929000.0,136.0,424000.0,897000.0,719.0,6.64,430000.0,1500.0,907.0,151000.0,1880.0,311.0,16.3,332.0,11900.0,5150.0,1860.0,15.0,719.0,25.1,8640.0,4680.0,185.0,10700.0
2019-08-02,92.7,188000.0,629000.0,1080000.0,454000.0,290000.0,49.1,910000.0,128.0,413000.0,891000.0,696.0,6.03,424000.0,1440.0,874.0,148000.0,1860.0,307.0,13.1,330.0,10600.0,5240.0,1840.0,13.7,696.0,24.9,7240.0,4390.0,181.0,11800.0
2019-08-03,88.1,185000.0,607000.0,1060000.0,446000.0,285000.0,46.1,894000.0,121.0,403000.0,865000.0,680.0,5.94,416000.0,1410.0,845.0,143000.0,1840.0,303.0,11.3,329.0,9790.0,4610.0,1720.0,12.8,680.0,24.9,6800.0,3970.0,179.0,10500.0
2019-08-04,84.4,180000.0,592000.0,1030000.0,436000.0,283000.0,42.9,875000.0,115.0,393000.0,856000.0,669.0,5.76,406000.0,1390.0,819.0,133000.0,1810.0,300.0,10.0,328.0,9000.0,4880.0,1600.0,13.4,669.0,24.5,6430.0,3960.0,176.0,9600.0
2019-08-05,81.1,172000.0,580000.0,995000.0,426000.0,277000.0,39.9,857000.0,110.0,382000.0,844000.0,672.0,5.46,396000.0,1490.0,806.0,121000.0,1800.0,301.0,9.19,330.0,8780.0,4560.0,1620.0,11.3,672.0,24.3,7610.0,3750.0,178.0,9440.0
2019-08-06,86.8,154000.0,562000.0,960000.0,414000.0,270000.0,39.9,838000.0,116.0,364000.0,819000.0,842.0,22.8,384000.0,1790.0,874.0,114000.0,1780.0,386.0,57.1,395.0,9990.0,4780.0,1850.0,29.9,842.0,24.5,6820.0,3820.0,229.0,8790.0
2019-08-07,83.7,128000.0,550000.0,928000.0,399000.0,266000.0,36.7,814000.0,105.0,345000.0,802000.0,1060.0,52.3,366000.0,1910.0,828.0,104000.0,1760.0,318.0,22.0,343.0,10600.0,4520.0,4710.0,11.7,1060.0,23.6,8370.0,3750.0,184.0,8750.0
2019-08-08,79.6,126000.0,547000.0,895000.0,380000.0,264000.0,33.8,786000.0,98.1,327000.0,779000.0,854.0,29.0,348000.0,1660.0,829.0,102000.0,1730.0,303.0,13.2,329.0,10400.0,4630.0,4240.0,11.9,854.0,22.4,9970.0,3770.0,175.0,8500.0
2019-08-09,73.5,137000.0,535000.0,865000.0,360000.0,261000.0,32.8,757000.0,90.1,318000.0,750000.0,774.0,15.1,330000.0,1520.0,780.0,94900.0,1690.0,293.0,10.6,320.0,12300.0,4430.0,3230.0,10.9,774.0,22.1,8870.0,3840.0,169.0,8240.0
2019-08-10,68.9,127000.0,512000.0,837000.0,345000.0,254000.0,30.9,728000.0,84.2,308000.0,725000.0,715.0,9.91,319000.0,1440.0,746.0,89200.0,1650.0,290.0,9.0,314.0,12300.0,4790.0,2870.0,8.88,715.0,24.0,7410.0,3800.0,167.0,8040.0
2019-08-11,65.6,126000.0,501000.0,815000.0,331000.0,245000.0,31.0,703000.0,80.3,297000.0,708000.0,833.0,7.73,305000.0,1390.0,727.0,86800.0,1600.0,296.0,8.37,319.0,13500.0,4410.0,2580.0,77.7,833.0,28.3,7570.0,3560.0,182.0,8150.0
2019-08-12,65.0,127000.0,496000.0,795000.0,320000.0,172000.0,31.8,680000.0,80.9,311000.0,681000.0,1070.0,8.72,303000.0,1350.0,714.0,85900.0,1560.0,314.0,11.4,315.0,13200.0,4310.0,2360.0,23.6,1070.0,27.1,7610.0,3360.0,210.0,8020.0
2019-08-13,65.5,127000.0,486000.0,776000.0,334000.0,172000.0,30.7,661000.0,82.2,309000.0,666000.0,1100.0,156.0,318000.0,1330.0,717.0,84700.0,1530.0,399.0,84.6,314.0,12400.0,4090.0,2580.0,18.5,1100.0,26.2,6930.0,3260.0,219.0,7710.0
2019-08-14,63.6,126000.0,467000.0,749000.0,338000.0,172000.0,27.9,644000.0,79.9,302000.0,659000.0,1350.0,36.4,314000.0,1310.0,726.0,83600.0,1480.0,338.0,21.6,311.0,12900.0,4250.0,2490.0,13.1,1350.0,26.4,6900.0,3210.0,219.0,7920.0
2019-08-15,60.7,120000.0,462000.0,717000.0,333000.0,172000.0,26.8,626000.0,74.7,294000.0,624000.0,1420.0,16.0,309000.0,1290.0,682.0,83500.0,1430.0,308.0,12.8,310.0,10400.0,4070.0,2640.0,12.3,1420.0,25.8,6480.0,3130.0,180.0,7790.0
2019-08-16,58.2,120000.0,462000.0,685000.0,326000.0,172000.0,25.5,607000.0,68.9,283000.0,600000.0,1230.0,10.1,300000.0,1270.0,660.0,82700.0,1380.0,298.0,10.2,309.0,10700.0,4000.0,2680.0,9.94,1230.0,25.6,5910.0,3030.0,173.0,7810.0
2019-08-17,60.0,118000.0,463000.0,657000.0,317000.0,172000.0,24.5,586000.0,65.7,282000.0,579000.0,1140.0,93.3,296000.0,1240.0,643.0,80400.0,1310.0,292.0,11.9,306.0,11300.0,4150.0,2670.0,10.1,1140.0,25.3,7640.0,3050.0,168.0,7220.0
2019-08-18,76.1,121000.0,462000.0,635000.0,314000.0,172000.0,27.9,562000.0,63.1,287000.0,550000.0,953.0,230.0,294000.0,1240.0,668.0,78800.0,1260.0,369.0,10.8,309.0,11300.0,4310.0,2470.0,25.1,953.0,25.2,10700.0,3440.0,265.0,8150.0
2019-08-19,70.0,104000.0,454000.0,619000.0,313000.0,172000.0,26.1,540000.0,64.0,285000.0,535000.0,841.0,51.4,294000.0,1230.0,644.0,79300.0,1190.0,348.0,9.22,306.0,11000.0,4220.0,2300.0,11.7,841.0,25.3,11500.0,3790.0,200.0,8280.0
2019-08-20,68.6,114000.0,447000.0,607000.0,308000.0,172000.0,23.0,521000.0,72.2,287000.0,510000.0,779.0,159.0,287000.0,1190.0,620.0,78100.0,1160.0,302.0,8.59,300.0,10400.0,4670.0,2220.0,109.0,779.0,28.8,9740.0,3570.0,180.0,8310.0
2019-08-21,82.1,129000.0,438000.0,597000.0,307000.0,175000.0,22.9,504000.0,68.7,321000.0,488000.0,742.0,384.0,302000.0,1160.0,604.0,81500.0,1120.0,297.0,8.59,300.0,11000.0,5040.0,2030.0,28.0,742.0,29.4,9230.0,3500.0,173.0,8920.0
2019-08-22,77.3,112000.0,427000.0,586000.0,335000.0,169000.0,21.3,494000.0,61.8,333000.0,468000.0,712.0,87.4,330000.0,1140.0,588.0,80200.0,1090.0,288.0,10.9,298.0,10400.0,4710.0,1820.0,15.8,712.0,27.0,7140.0,3390.0,167.0,9440.0
2019-08-23,59.8,117000.0,421000.0,576000.0,353000.0,167000.0,18.8,483000.0,57.6,320000.0,456000.0,690.0,41.4,328000.0,1120.0,574.0,82700.0,1050.0,281.0,9.6,296.0,9880.0,4770.0,1680.0,11.6,690.0,25.8,7410.0,3150.0,160.0,9070.0
2019-08-24,54.6,127000.0,445000.0,567000.0,347000.0,165000.0,17.4,473000.0,53.2,319000.0,438000.0,672.0,24.6,320000.0,1100.0,558.0,76500.0,1020.0,275.0,8.1,293.0,9330.0,4610.0,1570.0,9.85,672.0,25.1,6000.0,3260.0,156.0,9050.0
2019-08-25,51.4,112000.0,475000.0,559000.0,344000.0,158000.0,16.9,466000.0,50.1,311000.0,431000.0,660.0,16.4,319000.0,1090.0,549.0,75400.0,995.0,274.0,40.2,294.0,9400.0,4330.0,1480.0,11.1,660.0,24.5,5800.0,3130.0,155.0,8850.0
2019-08-26,86.2,122000.0,475000.0,561000.0,338000.0,153000.0,25.0,460000.0,56.0,318000.0,427000.0,657.0,695.0,314000.0,1090.0,547.0,76800.0,995.0,281.0,1330.0,297.0,9000.0,4230.0,1420.0,47.5,657.0,25.6,5780.0,3150.0,160.0,8950.0
2019-08-27,111.0,129000.0,473000.0,578000.0,351000.0,162000.0,23.6,454000.0,60.6,362000.0,429000.0,688.0,368.0,346000.0,1100.0,546.0,71800.0,994.0,284.0,226.0,308.0,8350.0,4150.0,1410.0,14.4,688.0,25.7,5900.0,3170.0,158.0,8970.0
2019-08-28,67.4,100000.0,479000.0,599000.0,374000.0,165000.0,16.2,452000.0,61.9,339000.0,438000.0,678.0,75.3,355000.0,1090.0,532.0,72500.0,943.0,272.0,86.0,297.0,7740.0,4080.0,1320.0,10.4,678.0,26.6,5930.0,3320.0,151.0,8590.0
2019-08-29,50.7,93900.0,487000.0,602000.0,365000.0,166000.0,14.7,460000.0,55.7,317000.0,415000.0,649.0,39.3,336000.0,1070.0,520.0,69800.0,919.0,266.0,50.8,292.0,8660.0,4400.0,1230.0,10.5,649.0,27.8,5840.0,3330.0,148.0,8360.0
2019-08-30,45.3,108000.0,500000.0,601000.0,348000.0,169000.0,14.8,467000.0,46.9,312000.0,423000.0,630.0,24.7,323000.0,1050.0,508.0,68500.0,903.0,261.0,71.4,288.0,8230.0,4510.0,1180.0,8.61,630.0,26.5,5770.0,3390.0,145.0,8530.0
2019-08-31,43.0,96100.0,498000.0,600000.0,357000.0,171000.0,14.3,468000.0,44.0,316000.0,429000.0,616.0,17.1,334000.0,1050.0,499.0,64800.0,891.0,257.0,122.0,284.0,8450.0,4080.0,1160.0,8.06,616.0,25.1,5640.0,3400.0,142.0,8250.0
2019-09-01,53.8,92900.0,485000.0,604000.0,352000.0,170000.0,14.9,469000.0,43.3,321000.0,434000.0,608.0,14.1,334000.0,1040.0,496.0,63200.0,885.0,262.0,60.7,286.0,7640.0,4220.0,1160.0,8.65,608.0,24.7,5780.0,3250.0,144.0,7670.0
2019-09-02,45.0,86100.0,479000.0,610000.0,350000.0,170000.0,14.9,472000.0,42.2,323000.0,433000.0,603.0,13.1,335000.0,1040.0,492.0,57200.0,885.0,260.0,39.0,292.0,7250.0,3930.0,1150.0,6.97,603.0,25.1,5800.0,3240.0,142.0,8000.0
2019-09-03,43.2,76000.0,478000.0,609000.0,350000.0,170000.0,13.5,474000.0,41.8,318000.0,429000.0,697.0,11.0,333000.0,1110.0,536.0,59400.0,895.0,435.0,28.7,332.0,6950.0,4080.0,1200.0,6.4,697.0,42.7,6260.0,3460.0,430.0,8330.0
2019-09-04,41.0,79900.0,463000.0,603000.0,344000.0,170000.0,12.4,476000.0,40.7,304000.0,431000.0,721.0,8.82,322000.0,1270.0,498.0,59200.0,895.0,350.0,22.5,325.0,6440.0,4170.0,1270.0,6.9,721.0,43.6,7690.0,4100.0,202.0,8190.0
2019-09-05,39.6,91300.0,459000.0,596000.0,331000.0,168000.0,11.8,473000.0,39.5,299000.0,440000.0,658.0,7.48,309000.0,1150.0,478.0,60900.0,906.0,278.0,18.6,300.0,8120.0,4020.0,1480.0,6.13,658.0,35.2,11300.0,4460.0,170.0,8010.0
2019-09-06,39.0,85800.0,459000.0,589000.0,323000.0,163000.0,10.8,468000.0,37.7,285000.0,438000.0,620.0,6.22,303000.0,1060.0,470.0,65600.0,916.0,270.0,17.0,298.0,9930.0,4280.0,1550.0,5.68,620.0,29.7,11200.0,4420.0,160.0,8010.0
2019-09-07,38.6,90500.0,451000.0,581000.0,311000.0,157000.0,10.3,465000.0,36.5,274000.0,417000.0,607.0,5.03,288000.0,1030.0,462.0,65600.0,916.0,263.0,14.7,293.0,9670.0,4170.0,1880.0,5.28,607.0,27.2,8870.0,4540.0,153.0,8180.0
2019-09-08,69.3,91700.0,434000.0,575000.0,300000.0,157000.0,15.5,463000.0,43.3,271000.0,421000.0,603.0,10.0,281000.0,1010.0,462.0,64200.0,917.0,264.0,66.7,292.0,9210.0,4100.0,1910.0,52.3,603.0,26.5,9390.0,4320.0,152.0,8210.0
2019-09-09,90.1,90200.0,418000.0,570000.0,296000.0,161000.0,16.3,458000.0,46.2,271000.0,409000.0,629.0,22.4,279000.0,1020.0,469.0,64600.0,938.0,274.0,40.5,298.0,11300.0,4300.0,1780.0,9.94,629.0,26.6,8030.0,4260.0,159.0,7850.0
2019-09-10,70.0,79300.0,406000.0,556000.0,295000.0,141000.0,10.8,450000.0,46.0,266000.0,404000.0,936.0,20.1,279000.0,1100.0,497.0,62800.0,1030.0,1250.0,24.4,348.0,12300.0,4880.0,1660.0,7.39,936.0,26.5,8140.0,4150.0,693.0,8140.0
2019-09-11,58.8,93300.0,397000.0,539000.0,291000.0,130000.0,9.34,441000.0,42.8,266000.0,390000.0,1130.0,12.2,275000.0,1100.0,541.0,65100.0,1060.0,538.0,17.8,354.0,13000.0,5200.0,2500.0,7.27,1130.0,110.0,8870.0,4490.0,341.0,8900.0
2019-09-12,53.4,94200.0,385000.0,524000.0,290000.0,149000.0,9.61,431000.0,38.7,265000.0,386000.0,1390.0,8.5,277000.0,1230.0,884.0,68600.0,1090.0,7070.0,14.7,343.0,14300.0,6310.0,3270.0,60.7,1390.0,486.0,11600.0,5180.0,1220.0,9780.0
2019-09-13,72.1,94500.0,381000.0,512000.0,289000.0,144000.0,22.1,424000.0,41.4,262000.0,384000.0,1780.0,6.71,273000.0,4130.0,3490.0,82900.0,1150.0,3030.0,13.3,874.0,17900.0,7200.0,5590.0,237.0,1780.0,439.0,16100.0,5860.0,1570.0,12000.0
2019-09-14,86.5,109000.0,381000.0,498000.0,287000.0,142000.0,17.4,415000.0,41.3,271000.0,373000.0,2260.0,5.83,275000.0,7110.0,3220.0,100000.0,1200.0,984.0,11.8,390.0,23300.0,8410.0,7580.0,15.3,2260.0,139.0,19600.0,6550.0,573.0,13200.0
2019-09-15,68.7,113000.0,372000.0,487000.0,293000.0,141000.0,111.0,404000.0,88.4,280000.0,361000.0,3070.0,5.31,285000.0,3690.0,2820.0,122000.0,1230.0,2120.0,11.2,348.0,25600.0,8870.0,10900.0,65.6,3070.0,63.9,21800.0,7160.0,1120.0,14300.0
2019-09-16,92.1,127000.0,370000.0,475000.0,302000.0,140000.0,51.4,394000.0,202.0,288000.0,359000.0,2920.0,5.11,294000.0,2470.0,1710.0,134000.0,1250.0,1050.0,10.7,336.0,27000.0,8590.0,11400.0,17.2,2920.0,45.7,20400.0,7420.0,549.0,15000.0
2019-09-17,76.8,142000.0,371000.0,466000.0,309000.0,130000.0,23.8,383000.0,139.0,301000.0,345000.0,2150.0,3.89,305000.0,2050.0,1340.0,137000.0,1270.0,733.0,9.76,324.0,28500.0,9210.0,9440.0,12.3,2150.0,37.4,18400.0,7470.0,434.0,16000.0
2019-09-18,60.7,148000.0,377000.0,458000.0,322000.0,116000.0,19.4,373000.0,72.5,317000.0,338000.0,1280.0,3.82,321000.0,1800.0,1150.0,138000.0,1340.0,631.0,9.24,319.0,29000.0,9800.0,6420.0,9.61,1280.0,34.1,15500.0,7410.0,377.0,19400.0
2019-09-19,55.9,152000.0,387000.0,453000.0,336000.0,120000.0,16.9,361000.0,55.3,318000.0,323000.0,1250.0,3.28,333000.0,2410.0,1700.0,139000.0,1400.0,3870.0,10.5,1180.0,27900.0,10500.0,4570.0,10.5,1250.0,32.1,10700.0,8160.0,4290.0,20500.0
2019-09-20,53.2,152000.0,397000.0,452000.0,342000.0,113000.0,214.0,362000.0,55.0,320000.0,310000.0,1200.0,2.68,334000.0,2940.0,5350.0,141000.0,1450.0,3840.0,10.3,1590.0,26900.0,10200.0,3920.0,38.8,1200.0,31.0,10300.0,8910.0,923.0,21700.0
2019-09-21,53.2,155000.0,404000.0,452000.0,345000.0,114000.0,102.0,362000.0,302.0,325000.0,322000.0,1060.0,3.53,335000.0,2380.0,5640.0,141000.0,1510.0,1060.0,9.73,581.0,23200.0,10300.0,3980.0,93.4,1060.0,30.1,9220.0,8850.0,643.0,22100.0
2019-09-22,151.0,159000.0,410000.0,455000.0,345000.0,114000.0,602.0,362000.0,277.0,327000.0,319000.0,983.0,4.66,338000.0,2260.0,2930.0,146000.0,1560.0,1390.0,9.77,505.0,21600.0,10200.0,3890.0,246.0,983.0,28.3,9650.0,9700.0,1240.0,22300.0
2019-09-23,345.0,164000.0,416000.0,463000.0,348000.0,117000.0,541.0,361000.0,876.0,325000.0,322000.0,918.0,276.0,344000.0,2140.0,2230.0,155000.0,1600.0,1140.0,10.2,471.0,19900.0,9740.0,3620.0,57.9,918.0,26.9,8160.0,10200.0,733.0,22400.0
2019-09-24,166.0,160000.0,415000.0,474000.0,346000.0,114000.0,144.0,362000.0,640.0,331000.0,322000.0,876.0,133.0,339000.0,1880.0,2070.0,164000.0,1640.0,887.0,8.92,425.0,17400.0,9420.0,3800.0,27.5,876.0,27.1,8430.0,9950.0,600.0,21800.0
2019-09-25,99.0,162000.0,422000.0,478000.0,350000.0,115000.0,168.0,365000.0,281.0,358000.0,327000.0,1070.0,39.0,351000.0,2190.0,1790.0,168000.0,1680.0,801.0,7.97,1170.0,17100.0,9010.0,4090.0,21.6,1070.0,28.7,9080.0,9350.0,536.0,21300.0
2019-09-26,107.0,177000.0,421000.0,486000.0,371000.0,112000.0,102.0,369000.0,333.0,384000.0,336000.0,1190.0,19.4,375000.0,2070.0,1600.0,171000.0,1720.0,719.0,7.6,526.0,16700.0,8210.0,4230.0,14.9,1190.0,27.7,10600.0,8350.0,480.0,20600.0
2019-09-27,360.0,190000.0,420000.0,497000.0,394000.0,116000.0,731.0,373000.0,250.0,390000.0,331000.0,1120.0,24.1,392000.0,1840.0,1500.0,175000.0,1750.0,692.0,7.35,452.0,16700.0,8310.0,3960.0,50.5,1120.0,26.9,11500.0,8100.0,481.0,19800.0
2019-09-28,3550.0,197000.0,430000.0,509000.0,404000.0,124000.0,2730.0,375000.0,3030.0,386000.0,329000.0,997.0,3270.0,399000.0,1730.0,1370.0,183000.0,1780.0,757.0,8.33,418.0,17000.0,7850.0,3520.0,114.0,997.0,25.9,10700.0,7630.0,463.0,19500.0
2019-09-29,2980.0,204000.0,442000.0,516000.0,406000.0,123000.0,1050.0,379000.0,3330.0,385000.0,333000.0,886.0,2530.0,398000.0,1630.0,1280.0,175000.0,1800.0,691.0,7.63,398.0,16400.0,7430.0,3380.0,415.0,886.0,27.3,10000.0,7180.0,462.0,18800.0
2019-09-30,2750.0,210000.0,454000.0,523000.0,405000.0,117000.0,1040.0,387000.0,3590.0,396000.0,336000.0,839.0,1380.0,400000.0,1580.0,1220.0,175000.0,1850.0,667.0,6.92,391.0,17200.0,9510.0,3180.0,70.8,839.0,28.3,9340.0,8230.0,427.0,19400.0
2019-10-01,1380.0,210000.0,465000.0,536000.0,412000.0,98800.0,436.0,397000.0,3730.0,429000.0,349000.0,947.0,335.0,414000.0,1650.0,1720.0,173000.0,1880.0,1080.0,6.82,647.0,16700.0,12200.0,3060.0,43.3,947.0,42.9,11500.0,13600.0,904.0,21700.0
2019-10-02,830.0,227000.0,475000.0,549000.0,431000.0,101000.0,351.0,407000.0,1650.0,467000.0,365000.0,1370.0,290.0,441000.0,2920.0,2780.0,171000.0,1900.0,3960.0,6.23,1130.0,22000.0,12300.0,3430.0,78.6,1370.0,241.0,14300.0,22200.0,3260.0,23800.0
2019-10-03,1820.0,241000.0,479000.0,561000.0,459000.0,117000.0,1960.0,413000.0,1450.0,487000.0,367000.0,1560.0,6970.0,466000.0,5800.0,3860.0,170000.0,1950.0,1420.0,5.85,798.0,24100.0,12400.0,5640.0,80.9,1560.0,462.0,17800.0,27200.0,856.0,23800.0
2019-10-04,1320.0,247000.0,497000.0,568000.0,481000.0,104000.0,531.0,420000.0,2180.0,494000.0,374000.0,1650.0,2980.0,480000.0,5250.0,4040.0,168000.0,2000.0,939.0,5.43,644.0,27400.0,12900.0,8460.0,41.3,1650.0,172.0,19900.0,26500.0,654.0,24100.0
2019-10-05,879.0,250000.0,519000.0,570000.0,492000.0,105000.0,442.0,426000.0,1610.0,500000.0,383000.0,1660.0,372.0,490000.0,4130.0,3470.0,187000.0,2080.0,861.0,5.49,629.0,29900.0,14100.0,10400.0,120.0,1660.0,339.0,21900.0,24600.0,910.0,26900.0
2019-10-06,993.0,254000.0,534000.0,574000.0,500000.0,115000.0,447.0,426000.0,1480.0,506000.0,379000.0,1630.0,162.0,494000.0,5800.0,3660.0,203000.0,2160.0,1320.0,6.38,720.0,31200.0,15500.0,9900.0,68.5,1630.0,444.0,26000.0,24300.0,730.0,29800.0
2019-10-07,745.0,262000.0,567000.0,589000.0,507000.0,119000.0,318.0,429000.0,1150.0,506000.0,391000.0,1680.0,99.2,500000.0,5980.0,3740.0,210000.0,2190.0,1010.0,6.14,563.0,32200.0,16600.0,8790.0,44.5,1680.0,156.0,24100.0,24300.0,608.0,32000.0
2019-10-08,589.0,269000.0,578000.0,610000.0,513000.0,149000.0,266.0,433000.0,872.0,509000.0,396000.0,1580.0,67.1,506000.0,4060.0,3110.0,214000.0,2220.0,884.0,5.79,515.0,33900.0,16400.0,9090.0,36.1,1580.0,72.3,23400.0,24000.0,556.0,33600.0
2019-10-09,490.0,275000.0,582000.0,634000.0,514000.0,154000.0,233.0,438000.0,726.0,517000.0,389000.0,1240.0,50.4,512000.0,3320.0,2520.0,217000.0,2240.0,821.0,5.74,486.0,34300.0,16300.0,7150.0,31.1,1240.0,51.2,21400.0,22000.0,521.0,33300.0
2019-10-10,433.0,284000.0,591000.0,655000.0,518000.0,152000.0,207.0,451000.0,633.0,520000.0,388000.0,1070.0,50.7,516000.0,2900.0,2230.0,219000.0,2260.0,787.0,15.4,467.0,31000.0,16300.0,4930.0,27.6,1070.0,43.9,15300.0,19300.0,490.0,33800.0
2019-10-11,398.0,287000.0,608000.0,672000.0,527000.0,165000.0,186.0,468000.0,556.0,532000.0,409000.0,1020.0,143.0,522000.0,2680.0,2090.0,217000.0,2300.0,776.0,119.0,466.0,28100.0,16000.0,3750.0,26.3,1020.0,39.8,16300.0,17300.0,469.0,34400.0
2019-10-12,352.0,288000.0,620000.0,686000.0,533000.0,183000.0,171.0,476000.0,497.0,543000.0,444000.0,1010.0,87.6,527000.0,2570.0,1950.0,216000.0,2330.0,726.0,24.8,445.0,23000.0,16500.0,3240.0,22.5,1010.0,40.8,14900.0,16200.0,442.0,34300.0
2019-10-13,322.0,291000.0,614000.0,703000.0,539000.0,198000.0,162.0,478000.0,447.0,544000.0,440000.0,978.0,58.8,532000.0,2510.0,1910.0,218000.0,2360.0,717.0,13.6,433.0,21300.0,16900.0,2810.0,21.1,978.0,39.9,14100.0,15500.0,431.0,34400.0
2019-10-14,298.0,296000.0,616000.0,724000.0,545000.0,189000.0,153.0,481000.0,417.0,531000.0,435000.0,944.0,42.5,533000.0,2360.0,1780.0,220000.0,2380.0,682.0,9.78,418.0,19800.0,16700.0,2710.0,19.7,944.0,39.3,14200.0,14600.0,408.0,33900.0
2019-10-15,273.0,293000.0,617000.0,751000.0,543000.0,203000.0,145.0,493000.0,389.0,518000.0,433000.0,909.0,34.7,526000.0,2210.0,1650.0,221000.0,2390.0,669.0,8.28,409.0,17300.0,16600.0,2490.0,19.5,909.0,38.0,14400.0,13900.0,396.0,32600.0
2019-10-16,255.0,291000.0,627000.0,764000.0,535000.0,238000.0,135.0,509000.0,370.0,508000.0,464000.0,891.0,28.8,516000.0,2090.0,1530.0,220000.0,2400.0,649.0,7.95,402.0,15200.0,16100.0,2380.0,18.2,891.0,44.3,15800.0,13300.0,377.0,31600.0
2019-10-17,234.0,290000.0,634000.0,762000.0,525000.0,241000.0,130.0,525000.0,345.0,501000.0,468000.0,874.0,24.7,507000.0,1990.0,1440.0,219000.0,2400.0,630.0,7.96,394.0,14600.0,15600.0,2450.0,17.3,874.0,54.9,16200.0,12300.0,365.0,30000.0
2019-10-18,228.0,290000.0,626000.0,757000.0,516000.0,257000.0,127.0,532000.0,328.0,500000.0,474000.0,855.0,22.3,502000.0,1910.0,1350.0,217000.0,2400.0,622.0,7.16,390.0,14300.0,15500.0,2810.0,16.8,855.0,51.1,18000.0,11400.0,355.0,28800.0
2019-10-19,222.0,290000.0,619000.0,755000.0,511000.0,260000.0,122.0,532000.0,314.0,497000.0,508000.0,849.0,20.4,498000.0,1860.0,1290.0,214000.0,2410.0,620.0,6.07,390.0,14900.0,14700.0,2800.0,16.4,849.0,43.1,17900.0,10500.0,353.0,28000.0
2019-10-20,216.0,289000.0,617000.0,752000.0,508000.0,259000.0,116.0,527000.0,300.0,496000.0,480000.0,870.0,18.8,497000.0,1830.0,1250.0,209000.0,2410.0,616.0,5.78,388.0,15900.0,14400.0,2530.0,16.3,870.0,37.6,17200.0,9700.0,347.0,26500.0
2019-10-21,243.0,288000.0,615000.0,750000.0,507000.0,250000.0,116.0,526000.0,297.0,494000.0,486000.0,1080.0,33.8,495000.0,2020.0,1470.0,202000.0,2440.0,702.0,11.4,510.0,16200.0,14500.0,2550.0,76.2,1080.0,508.0,16200.0,9610.0,443.0,26000.0
2019-10-22,311.0,285000.0,614000.0,751000.0,504000.0,238000.0,109.0,526000.0,332.0,492000.0,492000.0,1570.0,59.6,493000.0,2670.0,2340.0,196000.0,2550.0,743.0,8.15,756.0,17600.0,16100.0,3220.0,21.7,1570.0,751.0,20500.0,13200.0,396.0,27300.0
2019-10-23,244.0,281000.0,615000.0,746000.0,500000.0,238000.0,106.0,523000.0,302.0,484000.0,460000.0,1760.0,45.6,490000.0,2930.0,2280.0,193000.0,2590.0,621.0,6.25,489.0,18200.0,17600.0,5340.0,19.1,1760.0,289.0,26400.0,18400.0,348.0,28600.0
2019-10-24,215.0,275000.0,610000.0,742000.0,496000.0,233000.0,100.0,523000.0,270.0,470000.0,458000.0,1830.0,29.1,482000.0,2760.0,2180.0,189000.0,2610.0,597.0,6.11,454.0,18800.0,18600.0,6730.0,16.7,1830.0,103.0,31100.0,21800.0,331.0,30000.0
2019-10-25,198.0,269000.0,607000.0,741000.0,486000.0,226000.0,97.8,527000.0,255.0,459000.0,467000.0,1430.0,23.2,472000.0,2490.0,1940.0,188000.0,2630.0,571.0,7.73,433.0,18500.0,18800.0,6540.0,15.5,1430.0,53.2,29600.0,22500.0,314.0,30800.0
2019-10-26,197.0,264000.0,635000.0,750000.0,491000.0,223000.0,102.0,536000.0,245.0,452000.0,496000.0,1130.0,20.4,467000.0,2320.0,1770.0,186000.0,2650.0,570.0,41.8,426.0,17300.0,18700.0,5050.0,21.2,1130.0,49.0,23700.0,21000.0,314.0,31500.0
2019-10-27,295.0,260000.0,664000.0,764000.0,493000.0,222000.0,217.0,542000.0,266.0,445000.0,481000.0,1020.0,20.4,464000.0,2210.0,1660.0,185000.0,2650.0,577.0,30.6,420.0,15900.0,18500.0,3850.0,23.0,1020.0,45.3,16500.0,19100.0,313.0,32500.0
2019-10-28,345.0,254000.0,671000.0,785000.0,475000.0,224000.0,162.0,550000.0,397.0,425000.0,487000.0,969.0,19.1,453000.0,2100.0,1560.0,187000.0,2650.0,554.0,15.6,407.0,16900.0,18100.0,3130.0,16.1,969.0,50.4,15600.0,17100.0,300.0,33400.0
2019-10-29,299.0,249000.0,676000.0,813000.0,457000.0,224000.0,161.0,560000.0,346.0,410000.0,490000.0,934.0,24.4,437000.0,1990.0,1450.0,187000.0,2650.0,554.0,30.8,398.0,16600.0,17700.0,2770.0,31.8,934.0,53.6,14800.0,15200.0,301.0,33400.0
2019-10-30,307.0,252000.0,676000.0,846000.0,441000.0,226000.0,155.0,578000.0,340.0,411000.0,499000.0,906.0,822.0,425000.0,1890.0,1370.0,188000.0,2630.0,547.0,262.0,391.0,16500.0,17400.0,2410.0,19.6,906.0,46.5,12000.0,13500.0,294.0,32800.0
2019-10-31,336.0,259000.0,683000.0,880000.0,438000.0,233000.0,175.0,603000.0,340.0,434000.0,583000.0,887.0,1130.0,428000.0,1820.0,1310.0,187000.0,2620.0,546.0,93.7,388.0,14800.0,16600.0,2280.0,33.9,887.0,44.2,12400.0,12000.0,298.0,31800.0
2019-11-01,397.0,262000.0,679000.0,892000.0,447000.0,233000.0,187.0,623000.0,370.0,456000.0,583000.0,873.0,556.0,444000.0,1770.0,1260.0,187000.0,2610.0,536.0,41.2,384.0,14200.0,16200.0,2090.0,24.1,873.0,22.5,12500.0,10700.0,290.0,30200.0
2019-11-02,445.0,262000.0,681000.0,898000.0,462000.0,228000.0,263.0,640000.0,396.0,458000.0,605000.0,869.0,386.0,456000.0,1730.0,1220.0,185000.0,2600.0,544.0,24.4,381.0,13100.0,15900.0,1950.0,30.5,869.0,20.4,10800.0,9730.0,294.0,28700.0
2019-11-03,543.0,259000.0,688000.0,902000.0,470000.0,223000.0,233.0,655000.0,523.0,450000.0,593000.0,872.0,244.0,458000.0,1680.0,1170.0,184000.0,2580.0,529.0,17.2,378.0,12300.0,15600.0,1900.0,25.2,872.0,29.7,11000.0,8920.0,287.0,27600.0
2019-11-04,515.0,257000.0,709000.0,907000.0,468000.0,217000.0,201.0,669000.0,494.0,445000.0,620000.0,873.0,147.0,453000.0,1650.0,1160.0,183000.0,2580.0,568.0,14.5,380.0,12000.0,15000.0,1890.0,23.1,873.0,33.4,10200.0,8390.0,313.0,26400.0
2019-11-05,435.0,255000.0,739000.0,908000.0,464000.0,214000.0,170.0,684000.0,427.0,441000.0,644000.0,862.0,107.0,448000.0,1620.0,1110.0,180000.0,2560.0,525.0,12.7,371.0,11800.0,14700.0,1870.0,20.9,862.0,34.3,10200.0,7860.0,284.0,25200.0
2019-11-06,383.0,252000.0,759000.0,906000.0,458000.0,220000.0,156.0,694000.0,376.0,430000.0,654000.0,856.0,78.4,441000.0,1590.0,1090.0,179000.0,2550.0,513.0,11.6,372.0,12400.0,14200.0,1870.0,31.0,856.0,33.7,10000.0,7440.0,281.0,24200.0
2019-11-07,358.0,250000.0,771000.0,906000.0,452000.0,223000.0,145.0,695000.0,346.0,416000.0,652000.0,841.0,57.6,432000.0,1550.0,1060.0,174000.0,2520.0,506.0,10.2,365.0,12500.0,13800.0,1810.0,28.1,841.0,32.9,9680.0,6770.0,273.0,23300.0
2019-11-08,329.0,246000.0,774000.0,908000.0,439000.0,224000.0,139.0,696000.0,323.0,406000.0,671000.0,818.0,48.5,420000.0,1490.0,1010.0,169000.0,2480.0,490.0,8.59,359.0,11800.0,12400.0,1690.0,18.8,818.0,32.5,9420.0,5650.0,265.0,22000.0
2019-11-09,324.0,243000.0,758000.0,914000.0,425000.0,226000.0,136.0,696000.0,314.0,401000.0,658000.0,805.0,44.6,412000.0,1460.0,995.0,165000.0,2460.0,503.0,7.81,365.0,11600.0,12600.0,1620.0,19.2,805.0,32.6,8220.0,5990.0,272.0,20700.0
2019-11-10,326.0,238000.0,725000.0,923000.0,417000.0,231000.0,132.0,695000.0,317.0,395000.0,637000.0,833.0,41.6,408000.0,1490.0,986.0,161000.0,2460.0,509.0,8.28,363.0,11300.0,12600.0,1630.0,18.0,833.0,32.6,9100.0,6570.0,272.0,20900.0
2019-11-11,294.0,233000.0,687000.0,938000.0,411000.0,232000.0,117.0,695000.0,298.0,388000.0,638000.0,845.0,43.6,401000.0,1450.0,961.0,157000.0,2430.0,495.0,10.1,357.0,10700.0,11600.0,1600.0,18.8,845.0,31.5,8560.0,5260.0,260.0,19400.0
2019-11-12,258.0,226000.0,657000.0,945000.0,403000.0,230000.0,116.0,701000.0,253.0,383000.0,686000.0,815.0,41.0,393000.0,1380.0,920.0,152000.0,2410.0,469.0,10.1,347.0,10900.0,8990.0,1610.0,16.1,815.0,31.0,7960.0,3360.0,249.0,16300.0
2019-11-13,239.0,220000.0,637000.0,945000.0,396000.0,230000.0,118.0,708000.0,205.0,377000.0,680000.0,816.0,35.7,387000.0,1290.0,907.0,149000.0,2450.0,475.0,8.38,350.0,11100.0,7150.0,1530.0,15.6,816.0,31.2,6930.0,3530.0,253.0,14400.0
2019-11-14,270.0,215000.0,621000.0,933000.0,391000.0,230000.0,112.0,713000.0,234.0,375000.0,687000.0,781.0,33.4,384000.0,1360.0,913.0,147000.0,2460.0,479.0,8.19,351.0,10200.0,8090.0,1550.0,15.6,781.0,31.0,6240.0,4520.0,253.0,13900.0
2019-11-15,234.0,212000.0,600000.0,912000.0,388000.0,228000.0,107.0,714000.0,233.0,365000.0,702000.0,762.0,32.3,380000.0,1370.0,891.0,140000.0,2460.0,467.0,8.18,347.0,9900.0,9470.0,1430.0,15.0,762.0,30.6,6530.0,5110.0,247.0,14800.0
2019-11-16,224.0,209000.0,580000.0,886000.0,380000.0,225000.0,106.0,710000.0,246.0,355000.0,690000.0,766.0,33.0,371000.0,1330.0,867.0,131000.0,2470.0,470.0,7.61,345.0,10500.0,9070.0,1390.0,15.2,766.0,30.4,9080.0,5370.0,246.0,16100.0
2019-11-17,230.0,199000.0,570000.0,853000.0,368000.0,224000.0,111.0,697000.0,249.0,347000.0,658000.0,776.0,34.7,362000.0,1330.0,855.0,127000.0,2480.0,478.0,7.56,350.0,10800.0,10600.0,1440.0,26.2,776.0,31.7,8510.0,5630.0,251.0,16200.0
2019-11-18,262.0,189000.0,561000.0,816000.0,357000.0,214000.0,121.0,680000.0,262.0,337000.0,649000.0,794.0,40.7,353000.0,1330.0,849.0,121000.0,2480.0,483.0,7.99,350.0,9930.0,10700.0,1480.0,22.7,794.0,31.6,8200.0,5500.0,252.0,16900.0
2019-11-19,262.0,179000.0,546000.0,783000.0,345000.0,211000.0,116.0,663000.0,278.0,325000.0,621000.0,803.0,50.5,342000.0,1330.0,854.0,118000.0,2490.0,487.0,7.97,352.0,9710.0,10800.0,1490.0,26.3,803.0,31.8,8320.0,5910.0,251.0,17100.0
2019-11-20,230.0,166000.0,535000.0,755000.0,333000.0,213000.0,110.0,641000.0,267.0,311000.0,600000.0,806.0,50.3,328000.0,1340.0,855.0,118000.0,2510.0,482.0,7.41,350.0,10000.0,10900.0,1500.0,18.0,806.0,32.1,8110.0,5660.0,244.0,17200.0
2019-11-21,251.0,162000.0,522000.0,731000.0,322000.0,208000.0,179.0,620000.0,286.0,308000.0,567000.0,935.0,45.7,318000.0,1460.0,920.0,119000.0,2530.0,645.0,9.06,378.0,10400.0,10900.0,1690.0,71.9,935.0,38.8,7600.0,5600.0,337.0,17700.0
2019-11-22,352.0,161000.0,512000.0,710000.0,325000.0,201000.0,166.0,603000.0,419.0,305000.0,544000.0,1130.0,125.0,317000.0,1620.0,1110.0,117000.0,2520.0,557.0,9.56,386.0,11400.0,10000.0,2260.0,27.2,1130.0,53.5,9910.0,5500.0,284.0,17400.0
2019-11-23,306.0,161000.0,517000.0,691000.0,321000.0,195000.0,143.0,592000.0,390.0,305000.0,551000.0,1050.0,84.3,313000.0,1940.0,1370.0,114000.0,2520.0,510.0,8.78,362.0,13400.0,9240.0,3710.0,22.8,1050.0,45.0,11300.0,5480.0,271.0,16200.0
2019-11-24,296.0,158000.0,533000.0,675000.0,317000.0,189000.0,135.0,578000.0,349.0,301000.0,535000.0,944.0,63.3,314000.0,1910.0,1390.0,115000.0,2520.0,511.0,8.87,362.0,12900.0,9620.0,3350.0,21.5,944.0,38.2,11200.0,5560.0,270.0,15700.0
2019-11-25,283.0,154000.0,538000.0,666000.0,312000.0,182000.0,130.0,564000.0,329.0,296000.0,498000.0,872.0,57.1,308000.0,1810.0,1300.0,117000.0,2520.0,504.0,8.6,361.0,11700.0,9930.0,3010.0,20.2,872.0,35.1,8720.0,5490.0,266.0,15800.0
2019-11-26,262.0,156000.0,542000.0,666000.0,308000.0,174000.0,115.0,556000.0,311.0,299000.0,484000.0,844.0,52.5,307000.0,1720.0,1220.0,120000.0,2520.0,489.0,8.52,357.0,10400.0,10100.0,2720.0,28.5,844.0,34.6,9240.0,5410.0,259.0,16300.0
2019-11-27,261.0,161000.0,569000.0,673000.0,313000.0,174000.0,170.0,552000.0,322.0,305000.0,507000.0,880.0,85.7,313000.0,1720.0,1260.0,118000.0,2510.0,607.0,17.6,379.0,11400.0,9790.0,2510.0,104.0,880.0,38.2,9630.0,5500.0,325.0,16300.0
2019-11-28,343.0,158000.0,581000.0,675000.0,319000.0,178000.0,142.0,547000.0,399.0,301000.0,494000.0,875.0,124.0,316000.0,1640.0,1230.0,123000.0,2500.0,514.0,15.5,362.0,11200.0,9500.0,2420.0,35.9,875.0,34.6,8920.0,5310.0,272.0,15900.0
2019-11-29,280.0,155000.0,598000.0,679000.0,320000.0,177000.0,135.0,544000.0,351.0,300000.0,486000.0,847.0,81.2,313000.0,1560.0,1170.0,124000.0,2500.0,495.0,20.6,357.0,12500.0,8270.0,2300.0,32.6,847.0,33.1,7980.0,5330.0,268.0,15300.0
2019-11-30,506.0,173000.0,629000.0,690000.0,345000.0,178000.0,325.0,544000.0,391.0,330000.0,481000.0,854.0,2010.0,339000.0,1550.0,1160.0,133000.0,2500.0,549.0,635.0,368.0,14000.0,8510.0,2210.0,98.0,854.0,35.1,8540.0,5470.0,292.0,14000.0
2019-12-01,977.0,195000.0,663000.0,712000.0,388000.0,180000.0,354.0,545000.0,783.0,373000.0,511000.0,928.0,1320.0,377000.0,1630.0,1320.0,133000.0,2510.0,674.0,153.0,400.0,13200.0,8180.0,2330.0,65.3,928.0,36.4,9930.0,5480.0,352.0,14800.0
2019-12-02,697.0,206000.0,724000.0,737000.0,413000.0,184000.0,265.0,551000.0,750.0,381000.0,531000.0,930.0,512.0,399000.0,1660.0,1450.0,130000.0,2500.0,611.0,65.5,387.0,12300.0,5310.0,2340.0,46.6,930.0,36.9,9000.0,3670.0,313.0,13200.0
2019-12-03,567.0,191000.0,798000.0,765000.0,424000.0,189000.0,234.0,559000.0,588.0,368000.0,494000.0,890.0,280.0,401000.0,1660.0,1520.0,129000.0,2490.0,562.0,41.8,378.0,13500.0,5480.0,2250.0,40.3,890.0,35.7,7720.0,3760.0,305.0,11000.0
2019-12-04,522.0,177000.0,865000.0,801000.0,419000.0,195000.0,212.0,574000.0,521.0,353000.0,516000.0,857.0,200.0,389000.0,1650.0,1500.0,131000.0,2510.0,552.0,31.1,377.0,13000.0,6180.0,2140.0,36.5,857.0,34.6,8000.0,4860.0,298.0,10900.0
2019-12-05,458.0,185000.0,918000.0,837000.0,404000.0,208000.0,194.0,589000.0,458.0,348000.0,510000.0,833.0,154.0,378000.0,1630.0,1430.0,130000.0,2520.0,524.0,23.4,371.0,12500.0,6260.0,2020.0,32.3,833.0,33.6,9270.0,5630.0,281.0,11300.0
2019-12-06,409.0,193000.0,955000.0,872000.0,394000.0,208000.0,181.0,606000.0,408.0,349000.0,541000.0,812.0,120.0,372000.0,1580.0,1350.0,132000.0,2520.0,512.0,18.8,367.0,12500.0,6390.0,2070.0,30.0,812.0,32.5,8330.0,5980.0,270.0,11600.0
2019-12-07,368.0,184000.0,971000.0,912000.0,390000.0,214000.0,170.0,626000.0,375.0,347000.0,597000.0,797.0,98.9,369000.0,1530.0,1280.0,130000.0,2520.0,488.0,15.2,361.0,11800.0,6500.0,1970.0,27.5,797.0,31.9,9110.0,5680.0,259.0,11800.0
2019-12-08,362.0,183000.0,969000.0,950000.0,383000.0,266000.0,168.0,645000.0,361.0,342000.0,596000.0,789.0,85.9,362000.0,1500.0,1230.0,128000.0,2520.0,500.0,14.2,363.0,12200.0,6600.0,1810.0,27.6,789.0,31.7,7320.0,5790.0,261.0,13200.0
2019-12-09,365.0,175000.0,957000.0,982000.0,372000.0,266000.0,164.0,667000.0,362.0,331000.0,607000.0,795.0,81.6,354000.0,1490.0,1210.0,124000.0,2520.0,502.0,13.5,363.0,11900.0,6350.0,1730.0,27.6,795.0,32.4,7980.0,5560.0,262.0,13100.0
2019-12-10,329.0,172000.0,922000.0,1010000.0,357000.0,266000.0,150.0,692000.0,333.0,318000.0,657000.0,792.0,80.1,339000.0,1450.0,1150.0,118000.0,2480.0,466.0,12.4,354.0,10600.0,5640.0,1680.0,23.8,792.0,31.7,8770.0,3980.0,242.0,9460.0
2019-12-11,278.0,169000.0,862000.0,1030000.0,340000.0,266000.0,151.0,716000.0,285.0,309000.0,672000.0,760.0,64.9,327000.0,1320.0,1040.0,116000.0,2390.0,434.0,11.5,343.0,10800.0,5240.0,1670.0,25.5,760.0,29.7,6180.0,3300.0,222.0,7560.0
2019-12-12,266.0,161000.0,792000.0,1040000.0,328000.0,266000.0,146.0,732000.0,286.0,302000.0,735000.0,806.0,56.7,318000.0,1320.0,988.0,106000.0,2340.0,468.0,11.2,349.0,9110.0,5080.0,1610.0,25.5,806.0,30.4,5100.0,2950.0,219.0,8380.0
2019-12-13,291.0,154000.0,727000.0,1040000.0,318000.0,266000.0,150.0,744000.0,315.0,288000.0,742000.0,833.0,55.9,307000.0,1400.0,1040.0,104000.0,2350.0,459.0,10.9,349.0,9080.0,5180.0,1600.0,22.2,833.0,30.5,5770.0,3370.0,222.0,9530.0
2019-12-14,296.0,146000.0,689000.0,1020000.0,305000.0,266000.0,139.0,749000.0,296.0,272000.0,725000.0,833.0,56.7,290000.0,1410.0,1030.0,90400.0,2340.0,458.0,10.7,347.0,9550.0,5440.0,1590.0,20.6,833.0,30.2,7310.0,3860.0,221.0,10300.0
2019-12-15,264.0,133000.0,680000.0,995000.0,290000.0,266000.0,130.0,742000.0,261.0,256000.0,726000.0,835.0,52.5,274000.0,1310.0,966.0,83100.0,2310.0,438.0,10.5,338.0,9910.0,5760.0,1590.0,20.1,835.0,28.9,7850.0,3940.0,216.0,10700.0
2019-12-16,244.0,120000.0,695000.0,966000.0,275000.0,266000.0,127.0,725000.0,221.0,239000.0,698000.0,918.0,47.7,256000.0,1270.0,898.0,74600.0,2310.0,432.0,10.4,339.0,9250.0,5990.0,1600.0,19.9,918.0,29.2,7840.0,4250.0,218.0,10800.0
2019-12-17,241.0,113000.0,719000.0,938000.0,260000.0,266000.0,123.0,713000.0,211.0,219000.0,766000.0,948.0,49.7,238000.0,1340.0,909.0,64800.0,2310.0,427.0,10.1,337.0,8500.0,6080.0,1570.0,18.9,948.0,28.8,8510.0,4550.0,216.0,10900.0
2019-12-18,241.0,107000.0,725000.0,917000.0,244000.0,266000.0,118.0,695000.0,235.0,214000.0,709000.0,981.0,49.3,224000.0,1270.0,876.0,61500.0,2280.0,421.0,9.92,334.0,9080.0,6150.0,1550.0,17.8,981.0,27.9,8310.0,4660.0,209.0,11000.0
2019-12-19,267.0,85600.0,737000.0,904000.0,234000.0,266000.0,119.0,678000.0,234.0,193000.0,631000.0,988.0,44.3,214000.0,1220.0,826.0,59600.0,2260.0,424.0,9.87,331.0,9750.0,6190.0,1560.0,20.4,988.0,28.3,7640.0,4730.0,209.0,11300.0
2019-12-20,272.0,90300.0,758000.0,892000.0,220000.0,266000.0,126.0,665000.0,227.0,191000.0,628000.0,999.0,40.6,196000.0,1280.0,873.0,67500.0,2250.0,412.0,9.87,331.0,10200.0,6200.0,1550.0,19.7,999.0,27.6,7300.0,4830.0,206.0,11500.0
2019-12-21,225.0,97000.0,787000.0,881000.0,212000.0,262000.0,124.0,659000.0,236.0,191000.0,609000.0,1000.0,45.0,195000.0,1300.0,848.0,70300.0,2260.0,410.0,9.89,330.0,10900.0,6270.0,1600.0,21.2,1000.0,27.4,7120.0,4810.0,205.0,11800.0
2019-12-22,218.0,103000.0,819000.0,870000.0,212000.0,259000.0,122.0,655000.0,233.0,194000.0,637000.0,1000.0,49.4,197000.0,1270.0,830.0,82000.0,2260.0,416.0,9.99,330.0,11500.0,6480.0,1570.0,19.2,1000.0,27.7,7820.0,5000.0,206.0,12100.0
2019-12-23,218.0,106000.0,845000.0,875000.0,214000.0,260000.0,123.0,650000.0,230.0,193000.0,635000.0,993.0,52.5,200000.0,1250.0,818.0,89300.0,2270.0,420.0,9.96,330.0,11500.0,6840.0,1600.0,19.6,993.0,27.8,8230.0,5070.0,207.0,12300.0
2019-12-24,216.0,117000.0,863000.0,881000.0,215000.0,260000.0,121.0,645000.0,230.0,202000.0,602000.0,984.0,53.9,199000.0,1240.0,804.0,91600.0,2270.0,415.0,9.82,330.0,10900.0,7230.0,1610.0,19.5,984.0,27.8,7510.0,5050.0,206.0,12900.0
2019-12-25,215.0,122000.0,873000.0,891000.0,219000.0,259000.0,121.0,644000.0,228.0,208000.0,588000.0,960.0,53.1,214000.0,1220.0,796.0,98800.0,2270.0,420.0,9.57,332.0,10300.0,7460.0,1620.0,19.4,960.0,28.2,7850.0,5120.0,208.0,12900.0
2019-12-26,211.0,121000.0,878000.0,905000.0,229000.0,261000.0,115.0,646000.0,226.0,205000.0,587000.0,968.0,50.5,217000.0,1210.0,789.0,98000.0,2270.0,421.0,9.64,331.0,10600.0,7500.0,1640.0,18.9,968.0,28.5,7900.0,5220.0,206.0,12500.0
2019-12-27,198.0,118000.0,875000.0,914000.0,228000.0,265000.0,113.0,648000.0,214.0,201000.0,593000.0,926.0,46.7,213000.0,1200.0,777.0,105000.0,2230.0,407.0,10.4,328.0,9920.0,7510.0,1660.0,17.2,926.0,29.9,8400.0,5190.0,200.0,12200.0
2019-12-28,263.0,120000.0,848000.0,921000.0,223000.0,268000.0,236.0,651000.0,245.0,205000.0,580000.0,821.0,530.0,211000.0,1200.0,782.0,108000.0,2200.0,433.0,11.4,328.0,11200.0,7570.0,1720.0,150.0,821.0,32.1,8420.0,5220.0,231.0,11400.0
2019-12-29,887.0,135000.0,799000.0,930000.0,229000.0,271000.0,510.0,656000.0,752.0,231000.0,606000.0,977.0,2090.0,228000.0,1380.0,1230.0,112000.0,2190.0,1440.0,592.0,427.0,13900.0,7650.0,1980.0,177.0,977.0,45.1,8750.0,5660.0,653.0,12100.0
2019-12-30,952.0,152000.0,750000.0,938000.0,262000.0,269000.0,331.0,659000.0,1080.0,264000.0,642000.0,1270.0,966.0,264000.0,1650.0,1400.0,116000.0,2180.0,651.0,241.0,443.0,13800.0,7660.0,3480.0,74.4,1270.0,168.0,10000.0,6380.0,344.0,12500.0
2019-12-31,652.0,159000.0,717000.0,941000.0,293000.0,269000.0,243.0,660000.0,745.0,299000.0,638000.0,1300.0,341.0,299000.0,2180.0,1550.0,121000.0,2150.0,548.0,93.2,392.0,12600.0,7650.0,5460.0,55.7,1300.0,103.0,16100.0,7050.0,294.0,12000.0
2020-01-01,523.0,170000.0,729000.0,933000.0,328000.0,269000.0,211.0,666000.0,558.0,326000.0,627000.0,1100.0,199.0,335000.0,2000.0,1400.0,119000.0,2140.0,502.0,59.7,374.0,12900.0,7690.0,6790.0,46.6,1100.0,63.0,15900.0,7560.0,267.0,12000.0
2020-01-02,476.0,174000.0,798000.0,923000.0,357000.0,269000.0,195.0,672000.0,481.0,329000.0,620000.0,1010.0,154.0,351000.0,1840.0,1250.0,124000.0,2140.0,502.0,48.1,372.0,14700.0,7780.0,6870.0,43.2,1010.0,56.3,17100.0,8400.0,264.0,13300.0
2020-01-03,421.0,176000.0,892000.0,928000.0,368000.0,269000.0,182.0,689000.0,430.0,326000.0,673000.0,950.0,130.0,353000.0,1790.0,1180.0,121000.0,2150.0,485.0,37.9,363.0,16600.0,7830.0,5920.0,37.9,950.0,50.5,17000.0,8780.0,252.0,13900.0
2020-01-04,375.0,176000.0,957000.0,940000.0,366000.0,255000.0,170.0,703000.0,382.0,318000.0,724000.0,903.0,103.0,345000.0,1650.0,1090.0,121000.0,2150.0,463.0,32.6,357.0,17000.0,7840.0,4940.0,40.1,903.0,45.2,16400.0,9010.0,240.0,13400.0
2020-01-05,346.0,175000.0,1000000.0,956000.0,357000.0,247000.0,159.0,705000.0,359.0,306000.0,667000.0,867.0,85.4,334000.0,1560.0,1020.0,120000.0,2150.0,447.0,27.3,353.0,16900.0,7840.0,4050.0,34.4,867.0,41.5,15700.0,8910.0,233.0,13000.0
2020-01-06,331.0,177000.0,1040000.0,981000.0,344000.0,242000.0,161.0,711000.0,340.0,290000.0,677000.0,843.0,76.8,319000.0,1510.0,968.0,120000.0,2140.0,440.0,23.0,349.0,17200.0,7840.0,3360.0,32.4,843.0,39.4,14300.0,8680.0,226.0,12900.0
2020-01-07,315.0,186000.0,1070000.0,1010000.0,325000.0,242000.0,155.0,720000.0,328.0,279000.0,742000.0,818.0,70.6,300000.0,1450.0,939.0,121000.0,2110.0,432.0,22.5,347.0,19300.0,7830.0,2890.0,31.7,818.0,37.2,11700.0,8500.0,223.0,12600.0
2020-01-08,298.0,191000.0,1080000.0,1040000.0,312000.0,251000.0,142.0,731000.0,309.0,279000.0,701000.0,770.0,64.8,293000.0,1390.0,781.0,122000.0,2090.0,409.0,19.0,339.0,21400.0,7840.0,2490.0,28.5,770.0,34.0,11800.0,7800.0,207.0,11500.0
2020-01-09,279.0,176000.0,1090000.0,1060000.0,307000.0,257000.0,144.0,744000.0,297.0,278000.0,694000.0,764.0,62.5,291000.0,1300.0,748.0,121000.0,2090.0,409.0,19.6,340.0,17600.0,7880.0,2200.0,33.4,764.0,33.8,12200.0,7090.0,212.0,12000.0
2020-01-10,299.0,181000.0,1090000.0,1080000.0,327000.0,248000.0,148.0,761000.0,308.0,287000.0,684000.0,726.0,93.4,303000.0,1330.0,748.0,123000.0,2090.0,420.0,913.0,341.0,14400.0,7920.0,2080.0,81.2,726.0,32.2,10600.0,6760.0,212.0,12000.0
2020-01-11,1160.0,236000.0,1110000.0,1100000.0,393000.0,246000.0,936.0,787000.0,542.0,372000.0,730000.0,714.0,4940.0,373000.0,1330.0,738.0,125000.0,2090.0,412.0,4380.0,336.0,15400.0,7910.0,2040.0,118.0,714.0,30.9,11200.0,6460.0,204.0,11200.0
2020-01-12,1380.0,250000.0,1130000.0,1130000.0,488000.0,249000.0,427.0,801000.0,1420.0,497000.0,806000.0,712.0,2000.0,471000.0,1200.0,721.0,127000.0,2090.0,395.0,427.0,330.0,13500.0,7930.0,2010.0,58.2,712.0,30.8,11300.0,6160.0,205.0,11300.0
2020-01-13,890.0,247000.0,1140000.0,1150000.0,544000.0,251000.0,322.0,822000.0,840.0,512000.0,808000.0,716.0,519.0,520000.0,1270.0,738.0,123000.0,2090.0,396.0,229.0,336.0,13500.0,7930.0,1990.0,48.9,716.0,30.8,10400.0,6010.0,204.0,12200.0
2020-01-14,728.0,244000.0,1160000.0,1190000.0,574000.0,254000.0,292.0,845000.0,667.0,477000.0,801000.0,722.0,453.0,535000.0,1310.0,733.0,115000.0,2090.0,391.0,203.0,338.0,13700.0,7920.0,1980.0,48.2,722.0,30.7,10200.0,6060.0,200.0,12800.0
2020-01-15,657.0,233000.0,1190000.0,1230000.0,577000.0,257000.0,282.0,868000.0,591.0,438000.0,840000.0,725.0,428.0,522000.0,1230.0,711.0,109000.0,2080.0,383.0,133.0,333.0,14000.0,7900.0,1980.0,49.7,725.0,29.9,8110.0,5930.0,190.0,11600.0
2020-01-16,553.0,213000.0,1230000.0,1260000.0,556000.0,261000.0,242.0,903000.0,462.0,401000.0,900000.0,716.0,276.0,492000.0,1120.0,699.0,96900.0,2070.0,342.0,93.4,312.0,12900.0,7850.0,1980.0,42.7,716.0,27.9,8710.0,5740.0,167.0,10400.0
2020-01-17,430.0,195000.0,1260000.0,1280000.0,516000.0,267000.0,224.0,935000.0,367.0,358000.0,912000.0,733.0,152.0,449000.0,994.0,700.0,73000.0,2070.0,312.0,108.0,297.0,10900.0,7840.0,1980.0,92.5,733.0,29.2,9350.0,5390.0,149.0,11500.0
2020-01-18,476.0,182000.0,1290000.0,1300000.0,479000.0,272000.0,245.0,964000.0,375.0,357000.0,939000.0,716.0,800.0,422000.0,1100.0,707.0,66000.0,2070.0,383.0,2060.0,339.0,10300.0,7840.0,1980.0,131.0,716.0,30.7,9080.0,5380.0,153.0,11800.0
2020-01-19,524.0,183000.0,1310000.0,1310000.0,470000.0,275000.0,205.0,996000.0,415.0,384000.0,983000.0,685.0,503.0,429000.0,1120.0,716.0,48000.0,2070.0,392.0,241.0,317.0,10200.0,7820.0,1980.0,122.0,685.0,29.5,9440.0,5140.0,131.0,11500.0
2020-01-20,643.0,159000.0,1320000.0,1330000.0,470000.0,280000.0,189.0,1020000.0,473.0,338000.0,1010000.0,680.0,253.0,424000.0,1140.0,718.0,37000.0,2070.0,394.0,127.0,318.0,10500.0,7810.0,1980.0,104.0,680.0,28.8,11200.0,5230.0,151.0,11100.0
2020-01-21,632.0,134000.0,1320000.0,1340000.0,440000.0,285000.0,181.0,1040000.0,528.0,295000.0,1030000.0,669.0,186.0,383000.0,1140.0,714.0,42500.0,2090.0,391.0,89.2,310.0,10800.0,7810.0,1970.0,85.0,669.0,28.2,10600.0,4980.0,142.0,11300.0
2020-01-22,632.0,129000.0,1320000.0,1350000.0,398000.0,298000.0,189.0,1060000.0,550.0,268000.0,1050000.0,668.0,175.0,345000.0,1170.0,708.0,51000.0,2110.0,389.0,76.0,320.0,11000.0,7690.0,1970.0,78.5,668.0,29.0,10800.0,4820.0,167.0,11400.0
2020-01-23,511.0,145000.0,1320000.0,1360000.0,359000.0,305000.0,198.0,1080000.0,537.0,258000.0,1070000.0,672.0,157.0,310000.0,1230.0,710.0,59800.0,2130.0,390.0,79.8,321.0,12100.0,7520.0,1970.0,79.8,672.0,29.9,10000.0,5090.0,173.0,12600.0
2020-01-24,447.0,157000.0,1310000.0,1380000.0,339000.0,301000.0,195.0,1100000.0,501.0,265000.0,1080000.0,666.0,149.0,304000.0,1280.0,753.0,62800.0,2150.0,387.0,103.0,316.0,12500.0,7400.0,1980.0,89.6,666.0,29.1,9960.0,5230.0,171.0,12700.0
2020-01-25,395.0,170000.0,1290000.0,1390000.0,334000.0,307000.0,181.0,1110000.0,448.0,277000.0,1090000.0,664.0,140.0,309000.0,1290.0,772.0,70000.0,2150.0,374.0,113.0,320.0,12900.0,7320.0,1980.0,91.4,664.0,28.9,9630.0,5280.0,173.0,12800.0
2020-01-26,345.0,154000.0,1260000.0,1400000.0,336000.0,321000.0,175.0,1130000.0,401.0,266000.0,1100000.0,667.0,127.0,310000.0,1270.0,749.0,76900.0,2150.0,335.0,85.0,317.0,13700.0,7290.0,1980.0,66.3,667.0,28.6,9580.0,5240.0,167.0,12200.0
2020-01-27,328.0,151000.0,1240000.0,1400000.0,327000.0,315000.0,176.0,1150000.0,366.0,268000.0,1110000.0,676.0,125.0,299000.0,1250.0,730.0,86000.0,2130.0,313.0,92.6,316.0,14600.0,7260.0,1980.0,56.1,676.0,28.3,10200.0,5260.0,156.0,11500.0
2020-01-28,306.0,160000.0,1210000.0,1400000.0,321000.0,317000.0,170.0,1160000.0,338.0,280000.0,1120000.0,679.0,107.0,303000.0,1220.0,712.0,90300.0,2120.0,313.0,67.3,314.0,14500.0,7230.0,1990.0,43.6,679.0,28.0,10400.0,5190.0,151.0,10800.0
2020-01-29,290.0,165000.0,1170000.0,1400000.0,325000.0,324000.0,168.0,1170000.0,315.0,288000.0,1130000.0,677.0,94.8,311000.0,1190.0,702.0,94700.0,2120.0,311.0,56.7,312.0,14200.0,7150.0,1980.0,33.5,677.0,27.9,9390.0,5040.0,148.0,10300.0
2020-01-30,278.0,167000.0,1140000.0,1390000.0,328000.0,324000.0,164.0,1180000.0,300.0,287000.0,1130000.0,680.0,84.7,311000.0,1160.0,696.0,97700.0,2130.0,313.0,51.2,312.0,13500.0,7130.0,1960.0,31.9,680.0,28.1,9650.0,4970.0,145.0,10300.0
2020-01-31,275.0,172000.0,1110000.0,1380000.0,324000.0,325000.0,163.0,1180000.0,290.0,286000.0,1120000.0,691.0,89.5,311000.0,1140.0,692.0,99300.0,2150.0,315.0,48.3,312.0,12800.0,7130.0,1950.0,33.2,691.0,28.1,9760.0,5050.0,141.0,10300.0
2020-02-01,296.0,168000.0,1070000.0,1370000.0,319000.0,324000.0,165.0,1180000.0,295.0,281000.0,1120000.0,717.0,247.0,306000.0,1130.0,680.0,104000.0,2160.0,318.0,51.6,314.0,12900.0,7100.0,1950.0,52.5,717.0,28.3,10000.0,4960.0,136.0,10300.0
2020-02-02,469.0,166000.0,1040000.0,1350000.0,312000.0,323000.0,314.0,1170000.0,342.0,283000.0,1110000.0,751.0,1170.0,304000.0,1130.0,678.0,110000.0,2170.0,327.0,46.4,317.0,12700.0,7080.0,1940.0,125.0,751.0,28.8,9020.0,5000.0,140.0,10300.0
2020-02-03,1070.0,172000.0,1010000.0,1340000.0,311000.0,323000.0,491.0,1160000.0,852.0,293000.0,1100000.0,790.0,1060.0,308000.0,1130.0,674.0,121000.0,2180.0,369.0,39.7,319.0,13200.0,7030.0,1910.0,130.0,790.0,28.9,9310.0,5010.0,142.0,10200.0
2020-02-04,953.0,179000.0,978000.0,1320000.0,321000.0,318000.0,392.0,1140000.0,1050.0,308000.0,1100000.0,787.0,679.0,320000.0,1110.0,664.0,129000.0,2170.0,359.0,35.7,313.0,14500.0,6960.0,1880.0,104.0,787.0,28.2,8430.0,4990.0,142.0,9850.0
2020-02-05,712.0,188000.0,959000.0,1300000.0,337000.0,309000.0,277.0,1130000.0,815.0,325000.0,1090000.0,750.0,410.0,337000.0,1070.0,636.0,113000.0,2160.0,323.0,44.4,307.0,14300.0,6890.0,1850.0,74.3,750.0,27.9,7820.0,4740.0,142.0,9690.0
2020-02-06,606.0,195000.0,941000.0,1280000.0,357000.0,301000.0,249.0,1120000.0,627.0,343000.0,1100000.0,754.0,253.0,355000.0,1020.0,583.0,121000.0,2160.0,328.0,57.7,310.0,12700.0,6850.0,1810.0,64.9,754.0,28.7,7340.0,4600.0,130.0,9670.0
2020-02-07,536.0,201000.0,930000.0,1270000.0,371000.0,294000.0,223.0,1100000.0,542.0,350000.0,1080000.0,730.0,193.0,369000.0,1030.0,540.0,116000.0,2150.0,317.0,53.4,310.0,12300.0,6850.0,1760.0,55.9,730.0,28.7,7670.0,4690.0,134.0,9650.0
2020-02-08,457.0,198000.0,942000.0,1250000.0,379000.0,293000.0,202.0,1080000.0,465.0,340000.0,1080000.0,713.0,170.0,369000.0,1060.0,510.0,115000.0,2150.0,306.0,59.6,306.0,11100.0,6940.0,1700.0,47.7,713.0,28.0,8470.0,4610.0,131.0,9500.0
2020-02-09,413.0,188000.0,978000.0,1240000.0,374000.0,293000.0,198.0,1060000.0,419.0,326000.0,1050000.0,715.0,158.0,360000.0,1020.0,481.0,114000.0,2150.0,307.0,161.0,308.0,10300.0,6980.0,1660.0,54.4,715.0,28.4,7470.0,4560.0,141.0,9540.0
2020-02-10,415.0,194000.0,1030000.0,1230000.0,376000.0,285000.0,203.0,1050000.0,420.0,326000.0,1030000.0,720.0,405.0,357000.0,896.0,452.0,109000.0,2150.0,301.0,284.0,297.0,9820.0,6960.0,1600.0,45.2,720.0,27.1,7510.0,4520.0,124.0,9520.0
2020-02-11,381.0,211000.0,1080000.0,1230000.0,377000.0,285000.0,192.0,1040000.0,412.0,333000.0,1030000.0,760.0,359.0,362000.0,972.0,450.0,101000.0,2140.0,282.0,124.0,299.0,9400.0,6940.0,1550.0,40.6,760.0,27.6,6870.0,4540.0,125.0,9260.0
2020-02-12,363.0,188000.0,1110000.0,1230000.0,383000.0,279000.0,188.0,1030000.0,391.0,318000.0,968000.0,796.0,346.0,362000.0,1050.0,598.0,85600.0,2130.0,285.0,165.0,303.0,9250.0,6930.0,1510.0,38.5,796.0,27.3,7590.0,4280.0,114.0,8580.0
2020-02-13,348.0,164000.0,1150000.0,1240000.0,388000.0,270000.0,175.0,1030000.0,372.0,293000.0,1030000.0,791.0,237.0,352000.0,1010.0,700.0,77200.0,2110.0,309.0,259.0,299.0,8980.0,6920.0,1480.0,35.0,791.0,25.9,7830.0,4270.0,111.0,7770.0
2020-02-14,329.0,144000.0,1180000.0,1250000.0,363000.0,267000.0,141.0,1040000.0,340.0,273000.0,1050000.0,736.0,128.0,327000.0,827.0,652.0,59500.0,2110.0,275.0,99.8,279.0,8350.0,6890.0,1470.0,43.2,736.0,26.1,7370.0,4010.0,91.0,7630.0
2020-02-15,413.0,128000.0,1210000.0,1270000.0,340000.0,273000.0,135.0,1040000.0,326.0,258000.0,1010000.0,718.0,134.0,307000.0,863.0,605.0,45800.0,2110.0,300.0,72.8,280.0,7980.0,6890.0,1460.0,36.9,718.0,26.8,6990.0,3850.0,119.0,7960.0
2020-02-16,401.0,115000.0,1260000.0,1290000.0,324000.0,272000.0,124.0,1050000.0,387.0,238000.0,1060000.0,758.0,146.0,289000.0,1060.0,551.0,62000.0,2110.0,298.0,61.2,292.0,8760.0,6890.0,1460.0,36.4,758.0,26.8,7010.0,3750.0,120.0,8470.0
2020-02-17,339.0,115000.0,1290000.0,1310000.0,303000.0,262000.0,150.0,1060000.0,366.0,230000.0,1040000.0,802.0,215.0,266000.0,1070.0,483.0,79900.0,2110.0,295.0,58.0,296.0,9450.0,6870.0,1460.0,44.9,802.0,26.7,8010.0,3780.0,115.0,8630.0
2020-02-18,347.0,140000.0,1330000.0,1330000.0,290000.0,257000.0,188.0,1070000.0,378.0,247000.0,1060000.0,800.0,816.0,264000.0,1050.0,398.0,82900.0,2120.0,291.0,54.8,296.0,9540.0,6830.0,1460.0,39.9,800.0,27.1,7520.0,3840.0,111.0,8380.0
2020-02-19,313.0,146000.0,1350000.0,1350000.0,296000.0,259000.0,156.0,1090000.0,367.0,252000.0,1090000.0,759.0,542.0,275000.0,957.0,308.0,82100.0,2110.0,272.0,45.0,283.0,9480.0,6640.0,1460.0,32.0,759.0,25.8,8380.0,3770.0,108.0,7570.0
2020-02-20,245.0,141000.0,1370000.0,1370000.0,299000.0,265000.0,138.0,1120000.0,295.0,247000.0,1090000.0,699.0,272.0,274000.0,908.0,264.0,78600.0,2120.0,264.0,38.0,256.0,9420.0,6440.0,1460.0,29.3,699.0,25.5,7940.0,3690.0,101.0,7380.0
2020-02-21,258.0,132000.0,1390000.0,1380000.0,294000.0,275000.0,130.0,1150000.0,265.0,239000.0,1120000.0,672.0,165.0,265000.0,913.0,325.0,70600.0,2160.0,281.0,33.7,281.0,9440.0,6290.0,1440.0,30.8,672.0,26.0,6950.0,3710.0,89.8,7810.0
2020-02-22,294.0,126000.0,1400000.0,1400000.0,284000.0,289000.0,126.0,1180000.0,277.0,235000.0,1130000.0,683.0,160.0,257000.0,996.0,501.0,69500.0,2180.0,289.0,30.9,299.0,9520.0,6160.0,1430.0,24.1,683.0,26.3,7250.0,3770.0,99.3,8350.0
2020-02-23,292.0,127000.0,1410000.0,1410000.0,279000.0,296000.0,126.0,1190000.0,312.0,238000.0,1120000.0,699.0,176.0,257000.0,1020.0,605.0,73700.0,2180.0,290.0,29.9,293.0,9740.0,6060.0,1430.0,24.4,699.0,26.4,7050.0,3840.0,99.6,8460.0
2020-02-24,275.0,133000.0,1420000.0,1420000.0,281000.0,299000.0,125.0,1210000.0,311.0,242000.0,1130000.0,708.0,266.0,260000.0,1000.0,542.0,79900.0,2180.0,313.0,230.0,292.0,10300.0,6000.0,1450.0,24.2,708.0,26.5,6940.0,3900.0,111.0,8290.0
2020-02-25,268.0,138000.0,1420000.0,1430000.0,288000.0,301000.0,117.0,1220000.0,302.0,258000.0,1150000.0,725.0,1020.0,270000.0,983.0,502.0,81500.0,2190.0,302.0,419.0,290.0,11700.0,5890.0,1490.0,21.9,725.0,26.3,7780.0,3960.0,114.0,8010.0
2020-02-26,250.0,152000.0,1420000.0,1430000.0,301000.0,312000.0,109.0,1240000.0,283.0,285000.0,1160000.0,751.0,1110.0,292000.0,973.0,517.0,86600.0,2210.0,298.0,208.0,285.0,11500.0,5760.0,1540.0,20.0,751.0,26.1,8590.0,3950.0,109.0,7840.0
2020-02-27,238.0,158000.0,1420000.0,1440000.0,324000.0,325000.0,109.0,1250000.0,264.0,293000.0,1160000.0,756.0,614.0,316000.0,957.0,494.0,88700.0,2220.0,293.0,144.0,286.0,11400.0,5690.0,1570.0,19.1,756.0,26.1,8030.0,3910.0,97.8,7750.0
2020-02-28,235.0,157000.0,1400000.0,1450000.0,335000.0,332000.0,110.0,1250000.0,259.0,289000.0,1160000.0,740.0,435.0,319000.0,942.0,504.0,90400.0,2220.0,293.0,105.0,285.0,11100.0,5630.0,1570.0,18.8,740.0,26.0,8260.0,3930.0,95.0,7650.0
2020-02-29,214.0,156000.0,1390000.0,1450000.0,334000.0,337000.0,108.0,1260000.0,244.0,285000.0,1150000.0,721.0,296.0,316000.0,921.0,478.0,85900.0,2220.0,286.0,77.2,282.0,11500.0,5560.0,1590.0,18.6,721.0,25.8,7620.0,3890.0,84.8,7600.0
2020-03-01,236.0,154000.0,1360000.0,1450000.0,324000.0,349000.0,105.0,1260000.0,258.0,276000.0,1140000.0,708.0,235.0,307000.0,933.0,488.0,88100.0,2220.0,324.0,59.6,289.0,10700.0,5550.0,1600.0,19.6,708.0,26.3,6280.0,3850.0,90.1,7670.0
2020-03-02,229.0,151000.0,1330000.0,1450000.0,314000.0,361000.0,105.0,1270000.0,260.0,272000.0,1150000.0,733.0,232.0,300000.0,972.0,503.0,87100.0,2210.0,563.0,83.5,296.0,11000.0,5530.0,1620.0,19.6,733.0,26.6,6770.0,3910.0,127.0,7790.0
2020-03-03,221.0,150000.0,1270000.0,1450000.0,312000.0,369000.0,99.6,1270000.0,252.0,271000.0,1160000.0,759.0,198.0,296000.0,998.0,529.0,87600.0,2210.0,576.0,66.3,307.0,11800.0,5520.0,1620.0,18.3,759.0,26.7,6510.0,3910.0,172.0,7870.0
2020-03-04,214.0,153000.0,1210000.0,1450000.0,306000.0,365000.0,95.8,1270000.0,245.0,270000.0,1150000.0,798.0,166.0,296000.0,1050.0,688.0,89000.0,2210.0,806.0,50.4,329.0,12000.0,5500.0,1620.0,17.7,798.0,27.2,5960.0,4070.0,188.0,7980.0
2020-03-05,203.0,150000.0,1150000.0,1450000.0,301000.0,366000.0,87.9,1280000.0,235.0,265000.0,1170000.0,825.0,129.0,292000.0,1130.0,838.0,90400.0,2220.0,536.0,43.6,343.0,12800.0,5480.0,1690.0,17.2,825.0,28.0,7120.0,4150.0,235.0,8070.0
2020-03-06,198.0,146000.0,1100000.0,1440000.0,296000.0,368000.0,89.2,1290000.0,225.0,265000.0,1170000.0,866.0,110.0,288000.0,1220.0,1150.0,91700.0,2230.0,485.0,37.1,374.0,12800.0,5450.0,1810.0,16.4,866.0,30.1,8880.0,3990.0,236.0,8240.0
2020-03-07,190.0,143000.0,1060000.0,1430000.0,293000.0,369000.0,89.7,1290000.0,222.0,259000.0,1170000.0,877.0,101.0,286000.0,1300.0,1040.0,90000.0,2250.0,361.0,30.6,349.0,13900.0,5450.0,1980.0,15.8,877.0,32.0,7810.0,4220.0,214.0,8830.0
2020-03-08,194.0,141000.0,1020000.0,1410000.0,287000.0,364000.0,87.0,1280000.0,220.0,254000.0,1160000.0,1020.0,97.0,280000.0,1650.0,2050.0,90500.0,2250.0,401.0,30.1,453.0,13600.0,5480.0,2260.0,16.5,1020.0,89.0,7210.0,4410.0,221.0,10100.0
2020-03-09,226.0,139000.0,985000.0,1390000.0,281000.0,344000.0,112.0,1270000.0,258.0,253000.0,1150000.0,1380.0,475.0,274000.0,4960.0,2970.0,99000.0,2260.0,439.0,49.4,501.0,14700.0,5520.0,2930.0,232.0,1380.0,390.0,9320.0,5100.0,268.0,11400.0
2020-03-10,550.0,147000.0,961000.0,1370000.0,281000.0,326000.0,223.0,1250000.0,676.0,270000.0,1150000.0,1480.0,2390.0,278000.0,5830.0,3340.0,109000.0,2250.0,549.0,164.0,396.0,16100.0,5570.0,4630.0,162.0,1480.0,159.0,11400.0,5660.0,292.0,12100.0
2020-03-11,524.0,165000.0,945000.0,1350000.0,295000.0,314000.0,170.0,1240000.0,677.0,318000.0,1140000.0,1360.0,820.0,309000.0,3200.0,2320.0,121000.0,2240.0,459.0,84.3,386.0,17900.0,5640.0,5970.0,89.2,1360.0,110.0,13000.0,6070.0,297.0,13000.0
2020-03-12,426.0,178000.0,931000.0,1330000.0,336000.0,311000.0,148.0,1220000.0,504.0,365000.0,1140000.0,1340.0,415.0,359000.0,3050.0,1880.0,126000.0,2220.0,439.0,399.0,399.0,19900.0,5720.0,6830.0,72.1,1340.0,187.0,14300.0,6790.0,286.0,14100.0
2020-03-13,374.0,189000.0,917000.0,1320000.0,384000.0,305000.0,126.0,1200000.0,430.0,392000.0,1130000.0,1330.0,302.0,399000.0,3280.0,1880.0,136000.0,2200.0,420.0,211.0,398.0,19600.0,5800.0,7500.0,58.1,1330.0,197.0,15800.0,7350.0,273.0,14800.0
2020-03-14,320.0,170000.0,907000.0,1300000.0,417000.0,299000.0,122.0,1180000.0,372.0,379000.0,1110000.0,1270.0,380.0,415000.0,2960.0,1710.0,141000.0,2170.0,376.0,334.0,370.0,18700.0,5900.0,8340.0,57.4,1270.0,107.0,17000.0,7690.0,271.0,15900.0
2020-03-15,317.0,191000.0,932000.0,1290000.0,426000.0,295000.0,122.0,1160000.0,352.0,367000.0,1120000.0,1090.0,1350.0,408000.0,2450.0,1450.0,146000.0,2140.0,358.0,189.0,355.0,18800.0,6100.0,9630.0,49.2,1090.0,65.1,19300.0,7860.0,261.0,17300.0
2020-03-16,312.0,213000.0,947000.0,1280000.0,416000.0,293000.0,124.0,1140000.0,344.0,374000.0,1100000.0,954.0,812.0,402000.0,2160.0,1250.0,152000.0,2110.0,352.0,114.0,348.0,21000.0,6260.0,9270.0,45.6,954.0,52.8,18700.0,8120.0,250.0,17700.0
2020-03-17,309.0,218000.0,965000.0,1270000.0,417000.0,292000.0,117.0,1130000.0,339.0,381000.0,1090000.0,906.0,547.0,408000.0,1980.0,1130.0,155000.0,2070.0,344.0,87.7,344.0,21900.0,6400.0,7620.0,42.4,906.0,48.0,17300.0,8170.0,230.0,17700.0
2020-03-18,305.0,224000.0,989000.0,1260000.0,425000.0,291000.0,121.0,1110000.0,335.0,389000.0,1060000.0,885.0,1290.0,414000.0,1860.0,1060.0,158000.0,2050.0,371.0,182.0,340.0,22500.0,6590.0,6230.0,57.2,885.0,49.6,13900.0,8170.0,239.0,17700.0
2020-03-19,413.0,240000.0,1020000.0,1260000.0,437000.0,282000.0,156.0,1100000.0,395.0,408000.0,1030000.0,928.0,2550.0,428000.0,1840.0,1110.0,162000.0,2040.0,468.0,1250.0,358.0,23600.0,6870.0,5340.0,56.7,928.0,66.3,14200.0,8220.0,298.0,17800.0
2020-03-20,464.0,262000.0,1040000.0,1270000.0,476000.0,274000.0,180.0,1090000.0,478.0,463000.0,1040000.0,1220.0,1410.0,468000.0,2220.0,2420.0,163000.0,2030.0,1080.0,340.0,485.0,27200.0,7140.0,5390.0,98.1,1220.0,237.0,16200.0,8220.0,435.0,17500.0
2020-03-21,400.0,266000.0,1060000.0,1270000.0,510000.0,266000.0,155.0,1080000.0,501.0,504000.0,1070000.0,1360.0,530.0,501000.0,2710.0,2680.0,168000.0,2020.0,661.0,172.0,428.0,30100.0,7430.0,7060.0,64.1,1360.0,107.0,20500.0,8430.0,466.0,17700.0
2020-03-22,380.0,267000.0,1090000.0,1280000.0,537000.0,261000.0,149.0,1080000.0,433.0,512000.0,1050000.0,1190.0,356.0,526000.0,2520.0,2300.0,182000.0,2000.0,554.0,171.0,402.0,31100.0,7800.0,10400.0,64.8,1190.0,62.4,22200.0,8040.0,419.0,18300.0
2020-03-23,394.0,269000.0,1130000.0,1300000.0,557000.0,260000.0,152.0,1090000.0,429.0,506000.0,1050000.0,1030.0,342.0,535000.0,2280.0,1910.0,192000.0,1980.0,499.0,193.0,386.0,30500.0,8390.0,10200.0,67.2,1030.0,52.9,19400.0,7980.0,365.0,18900.0
2020-03-24,379.0,272000.0,1170000.0,1310000.0,566000.0,258000.0,143.0,1100000.0,418.0,510000.0,1030000.0,965.0,301.0,536000.0,2140.0,1690.0,201000.0,1970.0,459.0,133.0,376.0,29800.0,9860.0,8070.0,57.6,965.0,55.9,17300.0,8140.0,316.0,18700.0
2020-03-25,361.0,281000.0,1220000.0,1330000.0,570000.0,258000.0,139.0,1110000.0,400.0,509000.0,1080000.0,954.0,258.0,541000.0,2060.0,1540.0,203000.0,1950.0,440.0,160.0,371.0,29200.0,10500.0,6510.0,53.2,954.0,83.4,15500.0,8880.0,318.0,19900.0
2020-03-26,349.0,288000.0,1260000.0,1340000.0,572000.0,236000.0,141.0,1130000.0,388.0,502000.0,1080000.0,1110.0,228.0,540000.0,2110.0,1450.0,208000.0,1940.0,430.0,103.0,372.0,28400.0,11400.0,5960.0,50.9,1110.0,255.0,20100.0,9990.0,313.0,20500.0
2020-03-27,335.0,291000.0,1300000.0,1350000.0,569000.0,248000.0,151.0,1140000.0,380.0,494000.0,1070000.0,1260.0,205.0,539000.0,2280.0,1400.0,208000.0,1920.0,412.0,145.0,364.0,29100.0,12500.0,7060.0,91.9,1260.0,115.0,24300.0,11300.0,289.0,21200.0
2020-03-28,338.0,295000.0,1340000.0,1360000.0,563000.0,270000.0,181.0,1150000.0,414.0,491000.0,1070000.0,1200.0,707.0,537000.0,2430.0,1440.0,208000.0,1910.0,439.0,95.7,367.0,30800.0,13700.0,9940.0,452.0,1200.0,72.2,29700.0,12500.0,301.0,22400.0
2020-03-29,828.0,299000.0,1370000.0,1370000.0,561000.0,271000.0,432.0,1170000.0,513.0,495000.0,1100000.0,1280.0,1600.0,531000.0,2570.0,1470.0,206000.0,1900.0,814.0,83.6,378.0,32300.0,15900.0,10600.0,139.0,1280.0,492.0,33800.0,16000.0,359.0,25400.0
2020-03-30,684.0,303000.0,1400000.0,1380000.0,554000.0,270000.0,236.0,1180000.0,720.0,495000.0,1100000.0,1400.0,458.0,527000.0,3090.0,1560.0,220000.0,1890.0,554.0,59.1,370.0,34400.0,17500.0,10400.0,94.4,1400.0,248.0,40900.0,20000.0,317.0,29300.0
2020-03-31,511.0,303000.0,1440000.0,1400000.0,549000.0,281000.0,208.0,1190000.0,502.0,489000.0,1110000.0,1330.0,263.0,525000.0,3080.0,1600.0,219000.0,1890.0,509.0,52.4,361.0,37700.0,19100.0,11900.0,79.8,1330.0,96.5,48400.0,22600.0,293.0,32200.0
2020-04-01,450.0,302000.0,1470000.0,1410000.0,543000.0,289000.0,189.0,1200000.0,452.0,479000.0,1110000.0,1140.0,209.0,517000.0,2740.0,1500.0,218000.0,1890.0,496.0,46.6,358.0,39200.0,20400.0,12000.0,70.1,1140.0,62.5,50300.0,25700.0,274.0,34900.0
2020-04-02,402.0,300000.0,1480000.0,1430000.0,533000.0,295000.0,174.0,1210000.0,416.0,471000.0,1120000.0,1000.0,173.0,507000.0,2530.0,1380.0,217000.0,1960.0,487.0,42.9,355.0,41000.0,20700.0,10100.0,62.7,1000.0,52.8,43700.0,26900.0,266.0,37500.0
2020-04-03,370.0,299000.0,1490000.0,1440000.0,524000.0,303000.0,159.0,1220000.0,391.0,464000.0,1130000.0,958.0,153.0,499000.0,2370.0,1300.0,212000.0,2070.0,478.0,41.4,355.0,42200.0,21300.0,7530.0,58.2,958.0,48.3,35200.0,26600.0,260.0,39300.0
2020-04-04,345.0,298000.0,1500000.0,1460000.0,516000.0,315000.0,148.0,1240000.0,371.0,458000.0,1140000.0,994.0,140.0,491000.0,2240.0,1220.0,210000.0,2110.0,469.0,41.2,354.0,42000.0,22000.0,5630.0,52.9,994.0,49.6,31400.0,26400.0,260.0,40800.0
2020-04-05,324.0,296000.0,1500000.0,1480000.0,508000.0,331000.0,144.0,1250000.0,352.0,456000.0,1150000.0,1040.0,127.0,484000.0,2110.0,1150.0,208000.0,2110.0,460.0,38.6,347.0,40100.0,22700.0,4760.0,48.6,1040.0,55.2,28600.0,25900.0,241.0,42000.0
2020-04-06,310.0,295000.0,1490000.0,1500000.0,502000.0,349000.0,137.0,1260000.0,340.0,454000.0,1150000.0,988.0,118.0,482000.0,2010.0,1090.0,206000.0,2120.0,451.0,41.5,344.0,35300.0,23000.0,4570.0,46.2,988.0,53.0,27700.0,24100.0,244.0,42400.0
2020-04-07,305.0,292000.0,1480000.0,1510000.0,498000.0,367000.0,134.0,1280000.0,339.0,452000.0,1140000.0,913.0,117.0,480000.0,1960.0,1060.0,208000.0,2140.0,442.0,40.4,346.0,28300.0,23100.0,4110.0,57.1,913.0,48.3,23900.0,22300.0,238.0,42000.0
2020-04-08,298.0,290000.0,1470000.0,1520000.0,495000.0,393000.0,128.0,1290000.0,337.0,450000.0,1140000.0,886.0,117.0,479000.0,1920.0,1040.0,212000.0,2150.0,432.0,33.8,345.0,24400.0,23000.0,3670.0,60.3,886.0,43.4,22900.0,20800.0,233.0,41100.0
2020-04-09,277.0,288000.0,1450000.0,1540000.0,495000.0,421000.0,119.0,1300000.0,320.0,446000.0,1160000.0,858.0,105.0,476000.0,1850.0,1030.0,216000.0,2160.0,423.0,31.9,343.0,23200.0,22800.0,3220.0,41.4,858.0,41.6,22600.0,19500.0,224.0,39700.0
2020-04-10,259.0,285000.0,1430000.0,1540000.0,486000.0,425000.0,112.0,1310000.0,302.0,438000.0,1160000.0,821.0,90.5,470000.0,1780.0,974.0,218000.0,2150.0,414.0,26.9,337.0,21000.0,22500.0,2930.0,38.7,821.0,40.1,22900.0,18200.0,217.0,38300.0
2020-04-11,249.0,281000.0,1390000.0,1540000.0,475000.0,431000.0,114.0,1320000.0,302.0,429000.0,1150000.0,797.0,85.7,460000.0,1720.0,947.0,223000.0,2120.0,409.0,25.5,335.0,18500.0,22000.0,2640.0,56.4,797.0,38.4,21700.0,16800.0,199.0,36700.0
2020-04-12,266.0,279000.0,1350000.0,1550000.0,464000.0,432000.0,142.0,1320000.0,319.0,422000.0,1140000.0,809.0,94.9,452000.0,1700.0,970.0,225000.0,2080.0,418.0,32.3,341.0,16400.0,21300.0,2500.0,116.0,809.0,38.6,19500.0,15300.0,186.0,35300.0
2020-04-13,283.0,279000.0,1290000.0,1560000.0,454000.0,423000.0,166.0,1340000.0,356.0,419000.0,1160000.0,873.0,137.0,445000.0,1720.0,1150.0,229000.0,2030.0,458.0,61.0,353.0,16200.0,20600.0,2470.0,131.0,873.0,38.8,16600.0,14200.0,209.0,33700.0
2020-04-14,265.0,277000.0,1200000.0,1560000.0,447000.0,415000.0,140.0,1350000.0,324.0,414000.0,1160000.0,911.0,123.0,438000.0,1670.0,1130.0,227000.0,1990.0,408.0,38.2,339.0,16700.0,19800.0,2450.0,71.7,911.0,39.8,17900.0,13100.0,207.0,32000.0
2020-04-15,240.0,277000.0,1140000.0,1550000.0,443000.0,416000.0,116.0,1360000.0,295.0,414000.0,1160000.0,901.0,88.0,434000.0,1610.0,1090.0,225000.0,1940.0,394.0,30.3,335.0,16900.0,19400.0,2580.0,68.9,901.0,40.9,17500.0,11700.0,192.0,30500.0
2020-04-16,235.0,277000.0,1110000.0,1530000.0,442000.0,422000.0,110.0,1360000.0,290.0,416000.0,1170000.0,870.0,81.6,434000.0,1580.0,1070.0,223000.0,1890.0,383.0,26.5,332.0,16700.0,18400.0,2670.0,57.2,870.0,39.9,16000.0,10400.0,178.0,29200.0
2020-04-17,258.0,278000.0,1110000.0,1520000.0,443000.0,426000.0,116.0,1360000.0,295.0,413000.0,1170000.0,889.0,601.0,434000.0,1580.0,1040.0,224000.0,1850.0,377.0,39.7,330.0,17300.0,17700.0,2600.0,91.3,889.0,46.0,16300.0,9320.0,174.0,27900.0
2020-04-18,380.0,276000.0,1110000.0,1500000.0,444000.0,432000.0,203.0,1350000.0,352.0,410000.0,1180000.0,976.0,647.0,431000.0,1560.0,1010.0,216000.0,1810.0,375.0,35.6,331.0,16000.0,16900.0,2700.0,68.7,976.0,50.6,14000.0,8700.0,161.0,26200.0
2020-04-19,390.0,275000.0,1120000.0,1480000.0,441000.0,426000.0,230.0,1340000.0,383.0,408000.0,1160000.0,1030.0,306.0,429000.0,1610.0,983.0,216000.0,1760.0,369.0,30.3,331.0,14900.0,16300.0,3570.0,58.7,1030.0,45.5,14300.0,8190.0,158.0,25000.0
2020-04-20,337.0,274000.0,1140000.0,1470000.0,440000.0,413000.0,172.0,1330000.0,342.0,410000.0,1170000.0,963.0,200.0,427000.0,1740.0,949.0,209000.0,1710.0,359.0,27.9,330.0,14900.0,15600.0,4260.0,52.5,963.0,42.2,15400.0,7670.0,158.0,23900.0
2020-04-21,301.0,274000.0,1150000.0,1450000.0,440000.0,386000.0,128.0,1320000.0,313.0,417000.0,1170000.0,879.0,154.0,429000.0,1740.0,916.0,202000.0,1660.0,354.0,25.6,328.0,13600.0,14900.0,3890.0,46.7,879.0,39.2,15000.0,7230.0,161.0,23000.0
2020-04-22,272.0,271000.0,1150000.0,1430000.0,443000.0,358000.0,115.0,1300000.0,295.0,418000.0,1160000.0,820.0,130.0,431000.0,1660.0,878.0,197000.0,1610.0,347.0,24.5,325.0,14900.0,14500.0,3270.0,44.6,820.0,36.3,13500.0,6880.0,159.0,21500.0
2020-04-23,270.0,266000.0,1160000.0,1430000.0,445000.0,334000.0,115.0,1290000.0,286.0,406000.0,1150000.0,789.0,120.0,432000.0,1600.0,857.0,192000.0,1580.0,378.0,79.2,324.0,14400.0,13700.0,2650.0,43.4,789.0,34.7,12800.0,6500.0,178.0,21100.0
2020-04-24,299.0,258000.0,1170000.0,1420000.0,440000.0,319000.0,113.0,1290000.0,308.0,390000.0,1160000.0,770.0,197.0,423000.0,1560.0,831.0,188000.0,1540.0,360.0,124.0,323.0,14600.0,13300.0,2340.0,53.7,770.0,33.8,12100.0,6220.0,172.0,20000.0
2020-04-25,319.0,258000.0,1160000.0,1410000.0,429000.0,319000.0,194.0,1280000.0,334.0,391000.0,1160000.0,756.0,2790.0,415000.0,1530.0,803.0,182000.0,1510.0,349.0,806.0,320.0,14600.0,12700.0,2160.0,46.2,756.0,33.1,11000.0,6010.0,161.0,19400.0
2020-04-26,678.0,272000.0,1140000.0,1400000.0,431000.0,319000.0,341.0,1270000.0,465.0,428000.0,1160000.0,742.0,1470.0,432000.0,1490.0,775.0,174000.0,1480.0,336.0,299.0,318.0,13000.0,12300.0,1960.0,37.5,742.0,32.7,10500.0,5820.0,142.0,18800.0
2020-04-27,552.0,275000.0,1110000.0,1390000.0,453000.0,303000.0,237.0,1260000.0,602.0,460000.0,1160000.0,739.0,506.0,459000.0,1460.0,759.0,168000.0,1460.0,332.0,148.0,319.0,12500.0,12000.0,1770.0,35.2,739.0,33.0,10500.0,5670.0,157.0,17700.0
2020-04-28,467.0,267000.0,1080000.0,1390000.0,477000.0,282000.0,214.0,1240000.0,473.0,467000.0,1150000.0,769.0,1020.0,479000.0,1450.0,746.0,163000.0,1410.0,338.0,215.0,323.0,12300.0,12100.0,1730.0,59.7,769.0,52.3,11000.0,5830.0,160.0,17800.0
2020-04-29,428.0,270000.0,1060000.0,1380000.0,498000.0,274000.0,206.0,1240000.0,431.0,481000.0,1160000.0,800.0,2070.0,496000.0,1440.0,736.0,156000.0,1350.0,334.0,884.0,324.0,12300.0,11900.0,1790.0,41.0,800.0,200.0,14100.0,7240.0,162.0,18300.0
2020-04-30,424.0,270000.0,1050000.0,1380000.0,515000.0,280000.0,199.0,1230000.0,421.0,479000.0,1150000.0,801.0,1040.0,506000.0,1420.0,712.0,148000.0,1320.0,302.0,215.0,299.0,12600.0,11700.0,1830.0,32.6,801.0,88.0,21300.0,8950.0,145.0,17800.0
2020-05-01,368.0,262000.0,1050000.0,1370000.0,520000.0,291000.0,180.0,1220000.0,399.0,462000.0,1160000.0,758.0,453.0,504000.0,1380.0,691.0,146000.0,1290.0,316.0,125.0,293.0,13100.0,11600.0,2410.0,30.2,758.0,54.3,25500.0,9520.0,158.0,17600.0
2020-05-02,335.0,253000.0,1060000.0,1360000.0,512000.0,290000.0,172.0,1210000.0,365.0,436000.0,1150000.0,724.0,284.0,489000.0,1360.0,673.0,142000.0,1270.0,319.0,86.8,293.0,15400.0,10900.0,2670.0,29.2,724.0,41.3,24400.0,9530.0,155.0,17200.0
2020-05-03,313.0,243000.0,1070000.0,1350000.0,494000.0,286000.0,162.0,1200000.0,349.0,407000.0,1140000.0,702.0,232.0,466000.0,1340.0,653.0,136000.0,1230.0,310.0,66.6,296.0,16900.0,10800.0,2380.0,27.9,702.0,36.7,19400.0,8940.0,148.0,16900.0
2020-05-04,291.0,234000.0,1080000.0,1340000.0,468000.0,284000.0,147.0,1180000.0,328.0,383000.0,1130000.0,682.0,182.0,438000.0,1310.0,637.0,129000.0,1210.0,310.0,65.3,296.0,16600.0,10300.0,1990.0,29.3,682.0,35.0,15400.0,8400.0,142.0,16300.0
2020-05-05,288.0,229000.0,1090000.0,1330000.0,444000.0,283000.0,155.0,1170000.0,321.0,368000.0,1120000.0,667.0,206.0,416000.0,1290.0,635.0,126000.0,1180.0,326.0,71.6,297.0,16100.0,10100.0,1770.0,108.0,667.0,33.7,13800.0,7620.0,146.0,15800.0
2020-05-06,296.0,227000.0,1100000.0,1320000.0,423000.0,284000.0,157.0,1160000.0,337.0,360000.0,1110000.0,658.0,238.0,398000.0,1280.0,633.0,126000.0,1120.0,332.0,52.7,298.0,15400.0,9260.0,1590.0,50.2,658.0,32.7,12800.0,6710.0,143.0,15300.0
2020-05-07,270.0,226000.0,1090000.0,1310000.0,409000.0,287000.0,145.0,1140000.0,333.0,363000.0,1110000.0,650.0,178.0,390000.0,1270.0,616.0,124000.0,1050.0,316.0,43.1,297.0,13500.0,9000.0,1450.0,37.7,650.0,31.7,12900.0,6000.0,134.0,14400.0
2020-05-08,255.0,226000.0,1090000.0,1300000.0,404000.0,289000.0,134.0,1130000.0,310.0,373000.0,1100000.0,641.0,149.0,390000.0,1250.0,598.0,125000.0,989.0,309.0,50.7,294.0,12100.0,8180.0,1330.0,33.6,641.0,30.8,11200.0,5490.0,130.0,14000.0
2020-05-09,237.0,223000.0,1090000.0,1300000.0,407000.0,289000.0,127.0,1130000.0,293.0,373000.0,1100000.0,631.0,129.0,393000.0,1230.0,584.0,122000.0,938.0,293.0,39.9,292.0,11100.0,7500.0,1280.0,30.9,631.0,30.7,10800.0,5340.0,130.0,12700.0
2020-05-10,230.0,221000.0,1080000.0,1290000.0,404000.0,284000.0,122.0,1110000.0,281.0,360000.0,1090000.0,647.0,103.0,388000.0,1230.0,584.0,126000.0,870.0,275.0,33.6,298.0,11900.0,7420.0,1210.0,33.2,647.0,31.2,9490.0,5310.0,137.0,12100.0
2020-05-11,230.0,218000.0,1070000.0,1290000.0,395000.0,280000.0,119.0,1100000.0,279.0,348000.0,1080000.0,650.0,94.3,376000.0,1240.0,579.0,122000.0,823.0,271.0,26.6,296.0,10700.0,7140.0,1210.0,29.7,650.0,30.8,9060.0,5300.0,140.0,12100.0
2020-05-12,221.0,216000.0,1060000.0,1280000.0,382000.0,288000.0,117.0,1090000.0,267.0,340000.0,1050000.0,644.0,88.4,364000.0,1220.0,563.0,119000.0,785.0,270.0,23.8,294.0,11400.0,6950.0,1180.0,28.2,644.0,30.4,8670.0,5030.0,139.0,11500.0
2020-05-13,216.0,212000.0,1050000.0,1270000.0,372000.0,287000.0,113.0,1080000.0,260.0,338000.0,1040000.0,632.0,81.5,358000.0,1210.0,549.0,113000.0,756.0,277.0,23.6,292.0,9790.0,6250.0,1170.0,30.3,632.0,30.3,8560.0,4870.0,141.0,11000.0
2020-05-14,224.0,208000.0,1020000.0,1260000.0,366000.0,282000.0,125.0,1070000.0,281.0,333000.0,1030000.0,634.0,83.2,355000.0,1200.0,548.0,109000.0,740.0,320.0,22.6,295.0,8530.0,6220.0,1180.0,333.0,634.0,31.0,8430.0,4780.0,166.0,10400.0
2020-05-15,1620.0,208000.0,979000.0,1260000.0,362000.0,281000.0,854.0,1060000.0,756.0,327000.0,1040000.0,643.0,2190.0,350000.0,1200.0,538.0,119000.0,705.0,363.0,91.6,294.0,8100.0,6080.0,1260.0,608.0,643.0,29.9,8200.0,4770.0,180.0,10400.0
2020-05-16,2130.0,217000.0,927000.0,1250000.0,353000.0,281000.0,417.0,1040000.0,1570.0,333000.0,1020000.0,639.0,841.0,346000.0,1180.0,521.0,132000.0,683.0,299.0,56.5,289.0,8690.0,5950.0,1180.0,170.0,639.0,29.6,8350.0,4620.0,156.0,10300.0
2020-05-17,2540.0,247000.0,869000.0,1240000.0,363000.0,280000.0,2300.0,1030000.0,1450.0,396000.0,1020000.0,819.0,4740.0,380000.0,1270.0,559.0,142000.0,659.0,293.0,934.0,312.0,9640.0,6230.0,1260.0,459.0,819.0,120.0,8540.0,4800.0,165.0,10800.0
2020-05-18,5520.0,272000.0,800000.0,1230000.0,419000.0,274000.0,1110.0,1010000.0,2450.0,459000.0,1010000.0,1220.0,3510.0,444000.0,1670.0,676.0,137000.0,628.0,301.0,224.0,332.0,13100.0,5920.0,1400.0,241.0,1220.0,408.0,11100.0,5440.0,170.0,11700.0
2020-05-19,5470.0,276000.0,754000.0,1220000.0,467000.0,270000.0,529.0,999000.0,2830.0,474000.0,999000.0,1150.0,946.0,481000.0,2700.0,1080.0,134000.0,583.0,280.0,113.0,308.0,13400.0,5390.0,1790.0,167.0,1150.0,138.0,11400.0,5430.0,158.0,11900.0
2020-05-20,2540.0,272000.0,756000.0,1210000.0,489000.0,267000.0,386.0,986000.0,2710.0,468000.0,998000.0,958.0,411.0,494000.0,2550.0,1190.0,136000.0,578.0,272.0,74.8,299.0,13400.0,5500.0,2290.0,136.0,958.0,62.2,11200.0,5430.0,153.0,11400.0
2020-05-21,1540.0,267000.0,795000.0,1200000.0,496000.0,264000.0,323.0,971000.0,1450.0,454000.0,976000.0,808.0,285.0,492000.0,2250.0,1080.0,136000.0,573.0,262.0,58.1,295.0,14000.0,5190.0,2280.0,117.0,808.0,46.6,9990.0,5430.0,154.0,11500.0
2020-05-22,1250.0,262000.0,847000.0,1190000.0,491000.0,260000.0,287.0,958000.0,1120.0,442000.0,963000.0,738.0,218.0,480000.0,2070.0,974.0,137000.0,568.0,259.0,46.1,295.0,12600.0,5150.0,2150.0,104.0,738.0,40.2,8480.0,5090.0,155.0,11400.0
2020-05-23,1090.0,258000.0,899000.0,1170000.0,481000.0,250000.0,270.0,947000.0,973.0,422000.0,956000.0,723.0,179.0,465000.0,1970.0,914.0,135000.0,560.0,270.0,39.0,304.0,11700.0,5020.0,1790.0,233.0,723.0,37.3,7930.0,4880.0,173.0,11300.0
2020-05-24,952.0,255000.0,942000.0,1160000.0,466000.0,237000.0,254.0,938000.0,930.0,400000.0,940000.0,766.0,146.0,444000.0,1920.0,863.0,141000.0,558.0,587.0,34.4,307.0,10800.0,5050.0,1590.0,110.0,766.0,35.5,8060.0,4880.0,175.0,11100.0
2020-05-25,838.0,257000.0,979000.0,1160000.0,460000.0,238000.0,230.0,928000.0,830.0,395000.0,934000.0,745.0,133.0,435000.0,1920.0,833.0,142000.0,554.0,286.0,400.0,299.0,9790.0,4900.0,1470.0,94.1,745.0,34.8,8400.0,4600.0,149.0,10800.0
2020-05-26,1180.0,267000.0,1010000.0,1170000.0,450000.0,246000.0,248.0,920000.0,777.0,405000.0,936000.0,816.0,123.0,432000.0,2010.0,1030.0,146000.0,566.0,270.0,279.0,353.0,9720.0,5170.0,1550.0,84.2,816.0,38.2,10400.0,4500.0,147.0,10500.0
2020-05-27,1010.0,274000.0,1030000.0,1170000.0,452000.0,255000.0,231.0,910000.0,755.0,429000.0,919000.0,958.0,105.0,440000.0,2190.0,1030.0,148000.0,577.0,263.0,588.0,345.0,9210.0,4900.0,1850.0,76.5,958.0,679.0,11800.0,5700.0,140.0,10700.0
2020-05-28,825.0,282000.0,1050000.0,1180000.0,471000.0,258000.0,218.0,903000.0,698.0,467000.0,922000.0,1290.0,99.4,466000.0,3220.0,1650.0,145000.0,563.0,1060.0,187.0,435.0,10400.0,5110.0,3940.0,88.9,1290.0,527.0,14200.0,7280.0,368.0,10400.0
2020-05-29,715.0,288000.0,1060000.0,1200000.0,496000.0,254000.0,196.0,899000.0,651.0,502000.0,919000.0,1590.0,84.0,495000.0,3710.0,2260.0,149000.0,543.0,1130.0,94.9,440.0,12400.0,4920.0,5480.0,84.7,1590.0,170.0,17700.0,8600.0,332.0,10200.0
2020-05-30,624.0,289000.0,1070000.0,1210000.0,521000.0,248000.0,183.0,900000.0,585.0,526000.0,929000.0,1790.0,69.0,518000.0,2950.0,2030.0,155000.0,535.0,606.0,62.0,399.0,15700.0,4670.0,8300.0,71.4,1790.0,70.5,17800.0,8510.0,227.0,9870.0
2020-05-31,567.0,291000.0,1090000.0,1220000.0,540000.0,248000.0,174.0,905000.0,534.0,542000.0,935000.0,2120.0,58.0,535000.0,2530.0,1770.0,155000.0,527.0,481.0,45.5,377.0,19300.0,4400.0,9330.0,65.9,2120.0,51.6,15500.0,7590.0,193.0,9180.0
2020-06-01,524.0,295000.0,1100000.0,1240000.0,555000.0,250000.0,164.0,914000.0,504.0,547000.0,938000.0,2390.0,51.6,547000.0,2290.0,1610.0,155000.0,522.0,429.0,35.7,367.0,22400.0,4260.0,6070.0,63.5,2390.0,43.1,13900.0,7060.0,179.0,8680.0
2020-06-02,498.0,295000.0,1120000.0,1250000.0,563000.0,257000.0,153.0,924000.0,480.0,539000.0,938000.0,1390.0,48.9,549000.0,2140.0,1500.0,158000.0,483.0,408.0,30.9,362.0,21600.0,4570.0,3930.0,61.3,1390.0,38.6,10800.0,6310.0,169.0,8200.0
2020-06-03,838.0,294000.0,1140000.0,1260000.0,562000.0,263000.0,214.0,936000.0,591.0,521000.0,948000.0,1060.0,46.5,544000.0,2050.0,1580.0,159000.0,422.0,721.0,27.0,373.0,19200.0,3920.0,2950.0,119.0,1060.0,39.1,10400.0,5540.0,367.0,7720.0
2020-06-04,1230.0,289000.0,1140000.0,1270000.0,554000.0,266000.0,218.0,947000.0,1090.0,496000.0,962000.0,982.0,161.0,527000.0,1950.0,1860.0,163000.0,413.0,500.0,42.7,357.0,17400.0,3810.0,2490.0,174.0,982.0,39.8,10200.0,5320.0,239.0,7910.0
2020-06-05,798.0,288000.0,1140000.0,1280000.0,538000.0,270000.0,269.0,957000.0,791.0,487000.0,970000.0,933.0,76.6,510000.0,1940.0,2070.0,167000.0,409.0,438.0,32.1,347.0,16300.0,3880.0,2330.0,164.0,933.0,41.5,9470.0,4910.0,207.0,7440.0
2020-06-06,637.0,289000.0,1120000.0,1290000.0,522000.0,275000.0,198.0,969000.0,784.0,501000.0,983000.0,858.0,62.8,504000.0,1850.0,1720.0,169000.0,404.0,405.0,24.0,339.0,15100.0,3520.0,2230.0,87.0,858.0,42.0,8910.0,4480.0,189.0,7160.0
2020-06-07,549.0,290000.0,1080000.0,1300000.0,517000.0,280000.0,175.0,986000.0,610.0,504000.0,983000.0,805.0,46.6,507000.0,1750.0,1500.0,171000.0,472.0,389.0,20.4,341.0,13300.0,3180.0,2470.0,72.0,805.0,39.5,7930.0,4120.0,178.0,6930.0
2020-06-08,497.0,288000.0,1030000.0,1300000.0,518000.0,291000.0,162.0,999000.0,536.0,499000.0,1000000.0,766.0,35.8,509000.0,1690.0,1350.0,170000.0,509.0,379.0,17.7,330.0,11500.0,3280.0,1960.0,65.0,766.0,45.2,7030.0,4440.0,177.0,6500.0
2020-06-09,470.0,284000.0,985000.0,1310000.0,516000.0,291000.0,161.0,998000.0,503.0,486000.0,1000000.0,844.0,115.0,503000.0,1680.0,1710.0,168000.0,522.0,425.0,22.6,356.0,11400.0,2960.0,1760.0,133.0,844.0,47.7,7550.0,4430.0,228.0,6300.0
2020-06-10,504.0,280000.0,939000.0,1310000.0,509000.0,291000.0,171.0,1010000.0,577.0,479000.0,1030000.0,1660.0,386.0,493000.0,4370.0,7550.0,167000.0,562.0,1020.0,25.9,1780.0,12400.0,3660.0,2490.0,274.0,1660.0,37.3,12100.0,4130.0,347.0,6020.0
2020-06-11,439.0,283000.0,903000.0,1300000.0,501000.0,291000.0,139.0,1010000.0,546.0,497000.0,1020000.0,1870.0,171.0,490000.0,4170.0,5810.0,173000.0,573.0,1070.0,18.0,797.0,14100.0,3160.0,4530.0,121.0,1870.0,34.2,29900.0,3870.0,294.0,6360.0
2020-06-12,374.0,286000.0,876000.0,1290000.0,502000.0,291000.0,132.0,1010000.0,448.0,492000.0,1020000.0,2200.0,77.7,496000.0,3350.0,4780.0,174000.0,584.0,580.0,14.5,581.0,16500.0,3800.0,7660.0,87.9,2200.0,34.0,37000.0,3820.0,228.0,6210.0
2020-06-13,350.0,283000.0,838000.0,1270000.0,502000.0,290000.0,121.0,1010000.0,408.0,472000.0,1030000.0,2210.0,51.0,493000.0,2760.0,3360.0,171000.0,585.0,505.0,13.9,505.0,19500.0,3720.0,9710.0,75.1,2210.0,33.4,34200.0,3530.0,198.0,5990.0
2020-06-14,331.0,277000.0,787000.0,1250000.0,493000.0,289000.0,114.0,1000000.0,384.0,453000.0,1010000.0,1240.0,38.9,478000.0,2470.0,2740.0,167000.0,580.0,471.0,12.4,466.0,22900.0,3330.0,7410.0,67.6,1240.0,32.6,22900.0,3440.0,174.0,5990.0
2020-06-15,313.0,268000.0,740000.0,1230000.0,477000.0,288000.0,113.0,993000.0,363.0,432000.0,994000.0,911.0,33.2,462000.0,2250.0,2330.0,167000.0,578.0,441.0,11.1,438.0,25200.0,3610.0,4630.0,62.6,911.0,55.2,14000.0,3350.0,157.0,5660.0
2020-06-16,298.0,258000.0,701000.0,1200000.0,458000.0,289000.0,110.0,976000.0,343.0,410000.0,960000.0,818.0,28.7,441000.0,2070.0,2050.0,164000.0,573.0,421.0,10.9,419.0,23900.0,3380.0,2870.0,58.8,818.0,44.4,11800.0,3280.0,149.0,5690.0
2020-06-17,288.0,251000.0,670000.0,1160000.0,437000.0,211000.0,106.0,958000.0,330.0,391000.0,937000.0,765.0,25.2,422000.0,1930.0,1840.0,158000.0,564.0,400.0,10.3,405.0,16600.0,3380.0,2320.0,55.6,765.0,35.7,11100.0,3080.0,154.0,5470.0
2020-06-18,277.0,246000.0,640000.0,1120000.0,416000.0,211000.0,102.0,938000.0,318.0,377000.0,912000.0,730.0,22.4,405000.0,1830.0,1670.0,154000.0,568.0,371.0,9.81,395.0,14000.0,3820.0,1820.0,51.8,730.0,33.0,8930.0,3020.0,163.0,5460.0
2020-06-19,269.0,239000.0,615000.0,1080000.0,400000.0,211000.0,99.0,915000.0,306.0,368000.0,887000.0,714.0,21.0,392000.0,1780.0,1620.0,149000.0,582.0,376.0,9.65,392.0,13300.0,3490.0,1590.0,58.8,714.0,32.6,8620.0,3130.0,163.0,5930.0
2020-06-20,498.0,233000.0,595000.0,1040000.0,387000.0,211000.0,96.0,891000.0,316.0,358000.0,853000.0,731.0,39.6,380000.0,1800.0,2630.0,148000.0,582.0,377.0,10.4,408.0,12400.0,3630.0,1580.0,55.3,731.0,33.0,8090.0,2840.0,165.0,5900.0
2020-06-21,558.0,228000.0,584000.0,993000.0,377000.0,211000.0,99.4,866000.0,400.0,357000.0,832000.0,829.0,90.1,374000.0,1710.0,2390.0,147000.0,587.0,399.0,12.7,399.0,10800.0,3890.0,1620.0,50.1,829.0,34.1,8310.0,2950.0,165.0,5680.0
2020-06-22,1150.0,225000.0,573000.0,953000.0,372000.0,211000.0,179.0,841000.0,678.0,352000.0,811000.0,1150.0,176.0,371000.0,1770.0,3260.0,145000.0,588.0,585.0,636.0,417.0,12700.0,3990.0,1900.0,127.0,1150.0,36.1,7780.0,2960.0,240.0,5700.0
2020-06-23,2150.0,226000.0,566000.0,914000.0,368000.0,211000.0,270.0,811000.0,867.0,352000.0,787000.0,1280.0,1230.0,368000.0,1810.0,5370.0,149000.0,590.0,549.0,713.0,536.0,17300.0,3500.0,2330.0,61.1,1280.0,36.1,10600.0,3010.0,244.0,5750.0
2020-06-24,1100.0,221000.0,567000.0,878000.0,365000.0,211000.0,162.0,784000.0,680.0,348000.0,755000.0,1120.0,200.0,366000.0,1810.0,3840.0,147000.0,591.0,425.0,83.9,441.0,21000.0,3380.0,2520.0,49.4,1120.0,33.3,11100.0,2590.0,184.0,5680.0
2020-06-25,751.0,219000.0,574000.0,844000.0,361000.0,211000.0,133.0,755000.0,479.0,340000.0,716000.0,979.0,73.0,359000.0,1690.0,3130.0,141000.0,588.0,486.0,45.2,421.0,20100.0,3380.0,2320.0,44.5,979.0,38.3,9140.0,2620.0,173.0,5220.0
2020-06-26,596.0,216000.0,575000.0,814000.0,354000.0,211000.0,131.0,721000.0,407.0,334000.0,688000.0,837.0,44.4,353000.0,1620.0,2700.0,140000.0,589.0,731.0,29.5,408.0,19500.0,3160.0,2130.0,48.0,837.0,38.4,8460.0,2620.0,525.0,5230.0
2020-06-27,541.0,212000.0,568000.0,785000.0,346000.0,211000.0,128.0,690000.0,390.0,324000.0,663000.0,787.0,31.8,345000.0,1610.0,2690.0,143000.0,585.0,1250.0,22.5,440.0,18600.0,2810.0,1890.0,44.0,787.0,33.2,8060.0,2680.0,347.0,5130.0
2020-06-28,521.0,209000.0,555000.0,760000.0,338000.0,211000.0,112.0,664000.0,369.0,316000.0,643000.0,752.0,143.0,336000.0,1570.0,2460.0,158000.0,581.0,557.0,19.4,404.0,18200.0,2790.0,1680.0,40.4,752.0,47.8,6750.0,2570.0,254.0,4890.0
2020-06-29,449.0,209000.0,540000.0,738000.0,329000.0,211000.0,100.0,643000.0,335.0,307000.0,621000.0,778.0,130.0,327000.0,1530.0,2180.0,168000.0,580.0,488.0,16.1,393.0,16200.0,4010.0,1560.0,40.2,778.0,2350.0,11200.0,2940.0,226.0,5180.0
2020-06-30,392.0,224000.0,538000.0,716000.0,328000.0,211000.0,95.1,622000.0,304.0,317000.0,608000.0,843.0,5710.0,330000.0,1540.0,1980.0,171000.0,582.0,461.0,29.7,386.0,15800.0,6850.0,1510.0,36.0,843.0,1910.0,23200.0,3460.0,211.0,6100.0
2020-07-01,526.0,250000.0,563000.0,695000.0,349000.0,205000.0,89.8,601000.0,322.0,352000.0,593000.0,738.0,6700.0,366000.0,1500.0,1800.0,169000.0,576.0,431.0,28.8,379.0,13600.0,6290.0,1500.0,39.6,738.0,430.0,27100.0,3570.0,198.0,9300.0
2020-07-02,589.0,267000.0,607000.0,675000.0,380000.0,198000.0,84.0,582000.0,327.0,370000.0,577000.0,696.0,4690.0,392000.0,1460.0,1670.0,163000.0,560.0,411.0,21.9,373.0,11900.0,4970.0,1410.0,36.9,696.0,164.0,23300.0,3510.0,187.0,9590.0
2020-07-03,400.0,270000.0,664000.0,667000.0,396000.0,188000.0,78.0,565000.0,275.0,368000.0,564000.0,663.0,1840.0,399000.0,1430.0,1540.0,156000.0,544.0,394.0,31.3,368.0,10500.0,4320.0,1380.0,32.3,663.0,78.6,14700.0,3630.0,178.0,8290.0
2020-07-04,343.0,267000.0,720000.0,675000.0,399000.0,180000.0,74.5,552000.0,250.0,369000.0,551000.0,639.0,1000.0,397000.0,1390.0,1440.0,143000.0,534.0,392.0,78.4,368.0,9960.0,3950.0,1370.0,30.9,639.0,57.3,12300.0,3540.0,172.0,7780.0
2020-07-05,308.0,257000.0,750000.0,696000.0,399000.0,186000.0,70.1,547000.0,233.0,369000.0,540000.0,626.0,266.0,399000.0,1360.0,1350.0,133000.0,525.0,380.0,182.0,365.0,9110.0,3700.0,1290.0,30.9,626.0,50.0,9630.0,3480.0,169.0,7840.0
2020-07-06,280.0,241000.0,754000.0,724000.0,397000.0,193000.0,65.6,546000.0,220.0,350000.0,542000.0,616.0,140.0,392000.0,1310.0,1280.0,129000.0,522.0,370.0,90.8,362.0,8750.0,3300.0,1200.0,28.6,616.0,46.2,8770.0,3510.0,164.0,7630.0
2020-07-07,261.0,227000.0,732000.0,752000.0,380000.0,192000.0,61.3,550000.0,207.0,320000.0,544000.0,601.0,94.7,369000.0,1290.0,1220.0,125000.0,528.0,363.0,35.4,363.0,8270.0,3250.0,1150.0,35.4,601.0,43.7,7860.0,3140.0,194.0,7130.0
2020-07-08,242.0,218000.0,685000.0,780000.0,349000.0,187000.0,58.4,561000.0,195.0,296000.0,555000.0,603.0,71.2,338000.0,1260.0,1170.0,122000.0,530.0,470.0,22.4,367.0,7590.0,3180.0,1150.0,168.0,603.0,41.9,8160.0,3060.0,258.0,6510.0
2020-07-09,263.0,214000.0,632000.0,803000.0,320000.0,191000.0,56.2,575000.0,193.0,281000.0,569000.0,654.0,57.0,314000.0,1390.0,1160.0,121000.0,540.0,517.0,17.0,570.0,8220.0,3440.0,1200.0,236.0,654.0,43.2,7180.0,3320.0,258.0,6700.0
2020-07-10,998.0,210000.0,583000.0,810000.0,299000.0,204000.0,61.6,589000.0,212.0,264000.0,585000.0,824.0,46.2,293000.0,1580.0,1790.0,121000.0,538.0,941.0,14.2,839.0,10900.0,3730.0,1790.0,61.4,824.0,42.0,9670.0,3520.0,335.0,6540.0
2020-07-11,557.0,188000.0,537000.0,804000.0,281000.0,209000.0,52.4,596000.0,190.0,251000.0,593000.0,800.0,38.8,275000.0,1420.0,1940.0,122000.0,533.0,532.0,12.9,430.0,14300.0,3440.0,3000.0,57.8,800.0,38.8,16700.0,3640.0,243.0,6520.0
2020-07-12,331.0,175000.0,491000.0,782000.0,266000.0,198000.0,90.1,601000.0,179.0,241000.0,599000.0,731.0,32.5,262000.0,1370.0,1870.0,123000.0,524.0,684.0,10.4,426.0,15900.0,3670.0,2300.0,38.5,731.0,37.4,14800.0,3810.0,219.0,6360.0
2020-07-13,275.0,173000.0,463000.0,745000.0,255000.0,192000.0,60.6,604000.0,196.0,233000.0,599000.0,660.0,27.7,252000.0,1310.0,1690.0,123000.0,520.0,454.0,9.46,391.0,16500.0,3510.0,1670.0,19.4,660.0,42.0,11200.0,3370.0,197.0,5950.0
2020-07-14,241.0,175000.0,459000.0,698000.0,247000.0,190000.0,52.3,599000.0,168.0,228000.0,603000.0,637.0,23.7,243000.0,1260.0,1580.0,119000.0,559.0,422.0,8.57,381.0,17200.0,3740.0,1450.0,16.4,637.0,39.4,9460.0,3520.0,187.0,5720.0
2020-07-15,251.0,167000.0,467000.0,647000.0,240000.0,184000.0,52.3,579000.0,176.0,226000.0,592000.0,810.0,4870.0,240000.0,1250.0,1500.0,116000.0,556.0,530.0,38.4,567.0,15800.0,3660.0,1580.0,123.0,810.0,56.5,11800.0,3180.0,230.0,5710.0
2020-07-16,296.0,179000.0,464000.0,608000.0,244000.0,178000.0,62.6,551000.0,246.0,226000.0,566000.0,818.0,5700.0,245000.0,1210.0,1310.0,112000.0,555.0,509.0,22.0,412.0,12100.0,3210.0,4370.0,44.6,818.0,51.8,20700.0,3270.0,282.0,5770.0
2020-07-17,253.0,202000.0,455000.0,579000.0,243000.0,168000.0,51.2,524000.0,207.0,236000.0,536000.0,711.0,1240.0,242000.0,1190.0,1200.0,113000.0,563.0,424.0,12.3,390.0,14400.0,3420.0,6510.0,22.3,711.0,50.3,25300.0,3330.0,201.0,5410.0
2020-07-18,211.0,195000.0,441000.0,565000.0,245000.0,165000.0,43.2,493000.0,173.0,246000.0,519000.0,655.0,197.0,251000.0,1170.0,1170.0,108000.0,635.0,488.0,10.5,381.0,17700.0,5480.0,6770.0,17.7,655.0,44.9,17500.0,3660.0,207.0,5930.0
2020-07-19,431.0,189000.0,432000.0,551000.0,254000.0,158000.0,50.2,466000.0,155.0,266000.0,495000.0,633.0,105.0,266000.0,1160.0,1190.0,110000.0,671.0,470.0,12.6,383.0,19800.0,6580.0,4370.0,15.5,633.0,47.9,15000.0,4310.0,194.0,7380.0
2020-07-20,527.0,184000.0,419000.0,537000.0,270000.0,128000.0,63.2,447000.0,145.0,268000.0,473000.0,635.0,69.5,285000.0,1140.0,1120.0,107000.0,681.0,403.0,17.5,365.0,19100.0,6600.0,2960.0,13.7,635.0,44.6,16800.0,5300.0,178.0,8870.0
2020-07-21,438.0,178000.0,413000.0,526000.0,277000.0,118000.0,67.0,436000.0,163.0,250000.0,457000.0,624.0,53.7,280000.0,1140.0,1060.0,102000.0,824.0,404.0,37.3,359.0,16700.0,7270.0,2630.0,75.4,624.0,43.0,18300.0,6550.0,176.0,9470.0
2020-07-22,1330.0,172000.0,410000.0,514000.0,270000.0,126000.0,130.0,427000.0,165.0,239000.0,449000.0,606.0,51.6,274000.0,1130.0,999.0,103000.0,956.0,404.0,70.1,356.0,15900.0,7780.0,2160.0,22.1,606.0,64.2,16800.0,7510.0,173.0,10100.0
2020-07-23,563.0,166000.0,412000.0,502000.0,266000.0,124000.0,66.1,417000.0,217.0,235000.0,438000.0,608.0,43.6,262000.0,1080.0,942.0,103000.0,934.0,379.0,26.4,350.0,14400.0,7360.0,1810.0,14.3,608.0,49.9,15700.0,7720.0,166.0,10400.0
2020-07-24,360.0,164000.0,421000.0,491000.0,258000.0,125000.0,53.7,409000.0,159.0,251000.0,422000.0,593.0,34.4,264000.0,1060.0,898.0,98700.0,899.0,371.0,16.5,347.0,13700.0,7380.0,1640.0,12.2,593.0,40.8,16300.0,8020.0,162.0,9960.0
2020-07-25,280.0,145000.0,429000.0,485000.0,262000.0,128000.0,46.3,397000.0,137.0,255000.0,410000.0,578.0,29.1,275000.0,1050.0,862.0,97200.0,888.0,365.0,11.8,344.0,11700.0,7490.0,1590.0,11.1,578.0,37.2,12800.0,7180.0,160.0,9890.0
2020-07-26,235.0,133000.0,436000.0,486000.0,264000.0,126000.0,43.4,387000.0,126.0,234000.0,408000.0,579.0,24.9,265000.0,1040.0,831.0,94400.0,872.0,362.0,9.58,343.0,11800.0,7060.0,1590.0,14.1,579.0,89.6,12600.0,6310.0,159.0,10800.0
2020-07-27,220.0,128000.0,437000.0,486000.0,248000.0,125000.0,116.0,383000.0,129.0,219000.0,404000.0,589.0,24.4,245000.0,1030.0,800.0,97100.0,830.0,358.0,47.8,340.0,13000.0,7070.0,1470.0,25.4,589.0,160.0,15200.0,5590.0,162.0,10400.0
2020-07-28,190.0,120000.0,442000.0,488000.0,235000.0,124000.0,50.3,385000.0,191.0,210000.0,405000.0,568.0,28.6,233000.0,1020.0,768.0,92900.0,789.0,348.0,30.9,339.0,12100.0,7690.0,1210.0,10.7,568.0,68.9,20100.0,5050.0,150.0,9800.0
2020-07-29,168.0,108000.0,439000.0,489000.0,227000.0,122000.0,42.0,380000.0,140.0,200000.0,407000.0,551.0,22.3,221000.0,1010.0,743.0,91200.0,755.0,344.0,15.2,340.0,12400.0,7680.0,1170.0,8.96,551.0,63.1,24900.0,4760.0,147.0,10300.0
2020-07-30,153.0,131000.0,426000.0,489000.0,222000.0,118000.0,41.7,376000.0,117.0,216000.0,393000.0,538.0,1980.0,219000.0,992.0,720.0,91000.0,726.0,339.0,436.0,339.0,16200.0,7330.0,1180.0,21.7,538.0,58.0,24600.0,4390.0,144.0,10200.0
2020-07-31,147.0,146000.0,413000.0,489000.0,238000.0,119000.0,46.3,377000.0,108.0,238000.0,388000.0,525.0,411.0,242000.0,975.0,700.0,89100.0,700.0,333.0,467.0,336.0,16600.0,6670.0,1140.0,8.41,525.0,43.7,21300.0,4160.0,140.0,9720.0
2020-08-01,138.0,151000.0,412000.0,490000.0,277000.0,119000.0,37.7,377000.0,111.0,283000.0,385000.0,516.0,122.0,274000.0,964.0,682.0,88300.0,689.0,331.0,239.0,335.0,17200.0,6050.0,1070.0,7.39,516.0,30.6,14600.0,3910.0,139.0,9270.0
2020-08-02,129.0,118000.0,429000.0,487000.0,320000.0,119000.0,33.9,378000.0,102.0,290000.0,396000.0,511.0,63.9,316000.0,958.0,667.0,86300.0,677.0,329.0,100.0,327.0,15100.0,5330.0,1000.0,12.0,511.0,43.9,12300.0,3730.0,138.0,8590.0
2020-08-03,127.0,107000.0,476000.0,474000.0,344000.0,117000.0,33.0,377000.0,98.7,307000.0,397000.0,507.0,47.0,329000.0,951.0,650.0,88700.0,663.0,324.0,374.0,323.0,10800.0,4950.0,971.0,7.4,507.0,22.6,10700.0,3620.0,136.0,7800.0
2020-08-04,118.0,112000.0,522000.0,466000.0,362000.0,115000.0,30.9,372000.0,92.3,281000.0,390000.0,519.0,34.9,328000.0,939.0,636.0,91500.0,651.0,319.0,73.0,324.0,10500.0,4400.0,940.0,6.18,519.0,17.2,10000.0,3720.0,133.0,7160.0
2020-08-05,112.0,111000.0,555000.0,477000.0,342000.0,120000.0,28.4,362000.0,89.3,252000.0,374000.0,500.0,26.9,289000.0,927.0,625.0,91700.0,641.0,318.0,43.6,321.0,10500.0,3770.0,886.0,5.69,500.0,26.1,8890.0,3450.0,132.0,6550.0
2020-08-06,108.0,112000.0,583000.0,508000.0,308000.0,120000.0,27.0,354000.0,83.0,243000.0,371000.0,496.0,22.3,266000.0,920.0,615.0,92200.0,634.0,315.0,29.3,319.0,9390.0,3680.0,838.0,5.28,496.0,29.2,8560.0,3320.0,131.0,5790.0
2020-08-07,100.0,120000.0,581000.0,544000.0,290000.0,134000.0,25.3,367000.0,77.7,233000.0,373000.0,498.0,19.2,255000.0,912.0,602.0,94700.0,637.0,312.0,22.3,317.0,8320.0,3540.0,816.0,5.03,498.0,31.4,7520.0,3100.0,128.0,5690.0
2020-08-08,94.0,120000.0,544000.0,579000.0,275000.0,152000.0,23.8,382000.0,74.2,229000.0,387000.0,484.0,17.2,247000.0,909.0,588.0,94000.0,983.0,309.0,58.8,315.0,7830.0,3150.0,805.0,4.49,484.0,31.2,7570.0,3030.0,127.0,5580.0
2020-08-09,91.1,145000.0,500000.0,611000.0,269000.0,161000.0,22.8,398000.0,70.9,253000.0,405000.0,513.0,15.8,253000.0,934.0,582.0,89600.0,1050.0,361.0,1680.0,318.0,7830.0,3150.0,846.0,4.3,513.0,30.2,8280.0,3380.0,171.0,5340.0
2020-08-10,89.1,127000.0,454000.0,633000.0,287000.0,167000.0,22.4,417000.0,68.9,258000.0,420000.0,541.0,18.8,285000.0,942.0,587.0,74300.0,1050.0,687.0,197.0,317.0,6640.0,3210.0,869.0,13.8,541.0,30.0,9090.0,6850.0,373.0,5530.0
2020-08-11,93.8,94200.0,417000.0,627000.0,296000.0,172000.0,22.9,433000.0,68.9,223000.0,430000.0,533.0,37.3,269000.0,915.0,575.0,71200.0,992.0,532.0,161.0,313.0,6650.0,2560.0,885.0,7.22,533.0,29.3,9110.0,8580.0,265.0,5350.0
2020-08-12,96.7,88200.0,409000.0,608000.0,272000.0,168000.0,20.5,442000.0,68.2,217000.0,440000.0,515.0,27.9,247000.0,896.0,555.0,71600.0,943.0,359.0,73.5,307.0,7500.0,3870.0,838.0,4.31,515.0,29.4,7680.0,8720.0,213.0,5400.0
2020-08-13,83.3,86100.0,408000.0,583000.0,262000.0,164000.0,19.2,443000.0,64.8,219000.0,448000.0,504.0,19.4,254000.0,891.0,542.0,68500.0,905.0,339.0,51.3,303.0,9450.0,4170.0,774.0,3.68,504.0,29.9,8450.0,8140.0,201.0,6040.0
2020-08-14,78.3,75400.0,396000.0,565000.0,262000.0,154000.0,18.5,434000.0,58.8,200000.0,450000.0,494.0,15.2,244000.0,886.0,532.0,67400.0,995.0,329.0,36.4,300.0,8020.0,5340.0,751.0,3.26,494.0,29.7,9310.0,6840.0,195.0,6980.0
2020-08-15,75.0,66500.0,381000.0,556000.0,241000.0,141000.0,17.8,428000.0,55.0,185000.0,440000.0,508.0,12.5,218000.0,893.0,537.0,65400.0,1150.0,322.0,28.1,303.0,7990.0,7270.0,776.0,12.2,508.0,34.2,9730.0,6820.0,190.0,9090.0
2020-08-16,72.8,65100.0,374000.0,549000.0,218000.0,131000.0,17.6,424000.0,53.0,178000.0,443000.0,502.0,10.8,200000.0,888.0,520.0,65300.0,1150.0,315.0,21.9,298.0,7220.0,8780.0,837.0,4.19,502.0,35.6,9510.0,7010.0,186.0,10400.0
2020-08-17,69.4,62200.0,376000.0,537000.0,203000.0,130000.0,18.0,419000.0,52.5,169000.0,436000.0,524.0,9.5,189000.0,880.0,507.0,65400.0,1150.0,311.0,18.2,297.0,6300.0,9810.0,876.0,3.67,524.0,29.5,10200.0,6930.0,182.0,11900.0
2020-08-18,70.8,67000.0,364000.0,521000.0,189000.0,130000.0,17.0,421000.0,50.9,162000.0,430000.0,498.0,8.41,177000.0,865.0,498.0,65800.0,1130.0,305.0,15.5,293.0,6820.0,10500.0,860.0,3.07,498.0,28.1,8760.0,6370.0,178.0,12900.0
2020-08-19,71.0,71800.0,345000.0,504000.0,176000.0,130000.0,14.8,415000.0,49.5,164000.0,419000.0,480.0,7.59,170000.0,856.0,486.0,68000.0,1120.0,301.0,13.6,291.0,7040.0,10400.0,771.0,2.55,480.0,28.0,7950.0,5730.0,175.0,13600.0
2020-08-20,64.6,76500.0,337000.0,495000.0,174000.0,130000.0,12.5,399000.0,47.8,163000.0,411000.0,473.0,7.15,171000.0,849.0,477.0,67400.0,1110.0,300.0,12.2,290.0,7720.0,10900.0,744.0,3.35,473.0,28.1,7100.0,5210.0,174.0,13900.0
2020-08-21,61.1,73700.0,331000.0,486000.0,174000.0,130000.0,10.6,382000.0,43.2,156000.0,409000.0,472.0,6.84,169000.0,842.0,471.0,62100.0,1100.0,298.0,11.2,290.0,7020.0,10600.0,727.0,2.46,472.0,27.2,7620.0,4800.0,173.0,14200.0
2020-08-22,59.1,72300.0,322000.0,472000.0,169000.0,121000.0,8.62,374000.0,41.1,152000.0,395000.0,589.0,6.3,163000.0,858.0,471.0,56500.0,1100.0,297.0,10.5,289.0,5570.0,10500.0,750.0,2.94,589.0,29.7,7810.0,4640.0,173.0,14200.0
2020-08-23,57.2,70300.0,309000.0,460000.0,163000.0,120000.0,8.03,367000.0,40.0,151000.0,377000.0,609.0,6.19,159000.0,882.0,467.0,58400.0,1100.0,306.0,10.1,287.0,5200.0,10300.0,793.0,2.1,609.0,32.1,8350.0,4060.0,213.0,13900.0
2020-08-24,55.7,75000.0,294000.0,444000.0,161000.0,93600.0,6.85,361000.0,38.5,151000.0,362000.0,580.0,6.05,158000.0,864.0,458.0,58500.0,1090.0,294.0,9.81,284.0,5530.0,10000.0,871.0,1.9,580.0,31.0,9780.0,4040.0,179.0,13400.0
2020-08-25,54.0,72600.0,293000.0,429000.0,159000.0,93600.0,5.24,357000.0,37.3,141000.0,372000.0,541.0,5.7,156000.0,852.0,448.0,58600.0,1090.0,290.0,9.17,282.0,5270.0,9870.0,1110.0,2.32,541.0,29.0,9230.0,4010.0,174.0,13200.0
2020-08-26,52.5,75800.0,296000.0,411000.0,154000.0,93600.0,4.78,348000.0,36.1,135000.0,339000.0,512.0,5.39,146000.0,842.0,442.0,71600.0,1110.0,287.0,9.18,279.0,6560.0,9230.0,1190.0,2.49,512.0,28.1,8010.0,3800.0,171.0,12500.0
2020-08-27,65.6,81800.0,298000.0,394000.0,146000.0,93600.0,4.06,345000.0,34.0,136000.0,350000.0,499.0,5.01,141000.0,831.0,435.0,63100.0,1130.0,284.0,8.19,278.0,7170.0,8680.0,1050.0,2.65,499.0,27.9,8730.0,3870.0,168.0,12100.0
2020-08-28,53.9,81200.0,302000.0,387000.0,144000.0,93600.0,3.45,326000.0,32.4,137000.0,375000.0,579.0,4.41,141000.0,882.0,439.0,58600.0,1120.0,298.0,8.17,285.0,7250.0,8070.0,1380.0,2.54,579.0,30.6,7740.0,3710.0,173.0,11900.0
2020-08-29,47.6,65200.0,306000.0,391000.0,145000.0,85600.0,2.46,309000.0,30.8,136000.0,356000.0,672.0,3.89,142000.0,900.0,434.0,57800.0,1110.0,312.0,8.07,284.0,10800.0,7500.0,2330.0,2.76,672.0,29.0,7540.0,3590.0,171.0,11300.0
2020-08-30,46.8,68200.0,312000.0,394000.0,144000.0,78400.0,2.51,304000.0,29.5,130000.0,346000.0,657.0,3.44,138000.0,855.0,427.0,62400.0,1100.0,281.0,7.98,277.0,13000.0,6970.0,2610.0,2.27,657.0,27.3,7070.0,3780.0,164.0,10400.0
2020-08-31,46.6,61600.0,321000.0,391000.0,141000.0,71800.0,2.33,307000.0,28.8,127000.0,346000.0,632.0,3.07,134000.0,1000.0,458.0,57100.0,1200.0,283.0,7.8,301.0,16400.0,6830.0,2810.0,2.32,632.0,30.1,7710.0,3750.0,172.0,10100.0
2020-09-01,54.3,64000.0,323000.0,393000.0,138000.0,66400.0,3.92,312000.0,28.9,123000.0,355000.0,650.0,4.62,130000.0,998.0,453.0,63600.0,1260.0,286.0,11.4,297.0,14400.0,6670.0,2170.0,3.1,650.0,31.0,8550.0,3720.0,169.0,9930.0
2020-09-02,58.4,58000.0,331000.0,404000.0,134000.0,67100.0,4.14,315000.0,28.8,125000.0,361000.0,612.0,6.79,127000.0,946.0,436.0,61600.0,1260.0,283.0,14.2,284.0,12100.0,6080.0,1730.0,3.45,612.0,30.7,7100.0,3800.0,170.0,9480.0
2020-09-03,60.6,61700.0,336000.0,429000.0,132000.0,74400.0,3.21,318000.0,28.3,126000.0,364000.0,559.0,5.65,128000.0,877.0,420.0,63600.0,1270.0,276.0,11.5,278.0,11900.0,5970.0,1510.0,2.99,559.0,29.9,7790.0,3780.0,161.0,8980.0
2020-09-04,49.5,63600.0,339000.0,460000.0,132000.0,84600.0,2.25,327000.0,28.1,128000.0,362000.0,522.0,5.59,131000.0,832.0,410.0,64800.0,1270.0,268.0,8.95,271.0,11600.0,5750.0,1350.0,2.3,522.0,27.5,7080.0,3430.0,157.0,8590.0
2020-09-05,46.6,64200.0,343000.0,488000.0,134000.0,97800.0,1.74,340000.0,26.7,127000.0,360000.0,504.0,5.79,132000.0,809.0,402.0,65900.0,1270.0,265.0,7.49,265.0,12500.0,5740.0,1210.0,2.22,504.0,26.4,6590.0,3280.0,155.0,8290.0
2020-09-06,56.6,67900.0,363000.0,501000.0,135000.0,110000.0,31.7,356000.0,33.1,129000.0,369000.0,502.0,5.35,131000.0,853.0,479.0,66400.0,1270.0,335.0,6.84,295.0,11900.0,5540.0,1130.0,356.0,502.0,26.5,6660.0,3180.0,228.0,8000.0
2020-09-07,72.4,68100.0,386000.0,490000.0,134000.0,123000.0,30.1,368000.0,33.5,129000.0,383000.0,499.0,5.46,132000.0,890.0,534.0,74400.0,1260.0,323.0,6.78,292.0,10100.0,5330.0,1050.0,19.4,499.0,26.4,6070.0,3220.0,192.0,7870.0
2020-09-08,387.0,76200.0,395000.0,483000.0,135000.0,124000.0,98.1,368000.0,96.7,130000.0,385000.0,497.0,4.84,132000.0,993.0,513.0,76800.0,1260.0,289.0,7.02,281.0,9380.0,5070.0,988.0,510.0,497.0,27.5,6790.0,3120.0,183.0,7870.0
2020-09-09,347.0,83300.0,393000.0,486000.0,136000.0,117000.0,74.7,364000.0,193.0,139000.0,377000.0,515.0,4.99,134000.0,1020.0,613.0,78400.0,1250.0,407.0,12.4,298.0,9030.0,4900.0,972.0,104.0,515.0,27.1,6110.0,2960.0,261.0,7720.0
2020-09-10,138.0,82100.0,383000.0,492000.0,140000.0,120000.0,33.4,364000.0,177.0,145000.0,379000.0,564.0,5.76,141000.0,957.0,657.0,75300.0,1250.0,461.0,12.2,310.0,10100.0,4830.0,1020.0,390.0,564.0,27.0,6200.0,2800.0,273.0,7220.0
2020-09-11,112.0,81500.0,353000.0,499000.0,147000.0,127000.0,38.4,364000.0,119.0,146000.0,380000.0,567.0,7.65,147000.0,910.0,583.0,71200.0,1250.0,425.0,10.5,296.0,9770.0,4770.0,1050.0,238.0,567.0,26.5,5600.0,2830.0,261.0,6970.0
2020-09-12,610.0,80500.0,324000.0,500000.0,152000.0,130000.0,247.0,366000.0,180.0,147000.0,381000.0,582.0,542.0,150000.0,914.0,658.0,82000.0,1270.0,1490.0,38.1,312.0,11200.0,4810.0,1180.0,398.0,582.0,27.3,6060.0,3090.0,587.0,7020.0
2020-09-13,808.0,98100.0,313000.0,497000.0,155000.0,132000.0,125.0,371000.0,443.0,152000.0,376000.0,614.0,547.0,151000.0,911.0,652.0,88900.0,1270.0,778.0,20.5,310.0,12600.0,4640.0,1630.0,77.2,614.0,27.0,6790.0,2890.0,328.0,7160.0
2020-09-14,298.0,108000.0,301000.0,482000.0,159000.0,130000.0,56.0,379000.0,262.0,171000.0,355000.0,638.0,73.8,161000.0,880.0,571.0,94300.0,1260.0,485.0,13.6,293.0,12700.0,4420.0,2340.0,41.6,638.0,26.6,7080.0,2930.0,247.0,7070.0
2020-09-15,185.0,95000.0,290000.0,457000.0,173000.0,120000.0,42.8,393000.0,143.0,186000.0,366000.0,595.0,30.5,184000.0,850.0,542.0,94700.0,1260.0,420.0,11.2,285.0,13800.0,4520.0,2310.0,29.4,595.0,26.2,7820.0,2980.0,214.0,6660.0
2020-09-16,147.0,95600.0,301000.0,433000.0,192000.0,107000.0,35.0,384000.0,111.0,168000.0,412000.0,555.0,17.7,187000.0,826.0,511.0,89400.0,1260.0,389.0,9.86,280.0,14100.0,4720.0,1950.0,23.1,555.0,25.6,7350.0,3080.0,195.0,6680.0
2020-09-17,125.0,93700.0,319000.0,418000.0,187000.0,97900.0,33.3,361000.0,94.5,162000.0,383000.0,530.0,12.1,174000.0,798.0,484.0,84600.0,1280.0,364.0,9.21,276.0,12500.0,4330.0,1680.0,18.3,530.0,25.0,7190.0,2940.0,180.0,6570.0
2020-09-18,110.0,84700.0,346000.0,402000.0,177000.0,94100.0,30.3,347000.0,84.2,153000.0,365000.0,511.0,8.71,166000.0,775.0,463.0,76000.0,1290.0,345.0,8.47,271.0,11900.0,4030.0,1440.0,15.9,511.0,25.0,5820.0,2820.0,169.0,6500.0
2020-09-19,100.0,59200.0,366000.0,399000.0,169000.0,89300.0,28.7,340000.0,76.2,139000.0,323000.0,500.0,6.76,156000.0,762.0,447.0,68300.0,1310.0,333.0,7.86,268.0,11100.0,4350.0,1280.0,14.0,500.0,25.2,5230.0,2830.0,161.0,6010.0
2020-09-20,92.9,69800.0,366000.0,405000.0,158000.0,93300.0,27.0,347000.0,69.0,127000.0,309000.0,495.0,4.65,140000.0,759.0,434.0,67400.0,1310.0,326.0,7.36,267.0,10400.0,3970.0,1120.0,12.4,495.0,24.6,4940.0,2680.0,156.0,5790.0
2020-09-21,87.2,65100.0,351000.0,416000.0,144000.0,111000.0,25.3,349000.0,63.4,125000.0,340000.0,491.0,3.71,132000.0,761.0,426.0,64300.0,1320.0,320.0,7.16,265.0,9460.0,4080.0,1050.0,11.2,491.0,24.4,5220.0,2740.0,151.0,5770.0
2020-09-22,83.7,64000.0,341000.0,428000.0,138000.0,116000.0,23.5,339000.0,59.4,123000.0,343000.0,490.0,3.05,128000.0,762.0,419.0,63500.0,1330.0,316.0,7.1,265.0,9290.0,4070.0,1000.0,10.9,490.0,24.2,6110.0,2720.0,148.0,5790.0
2020-09-23,80.9,56500.0,334000.0,434000.0,135000.0,113000.0,23.3,334000.0,56.2,120000.0,354000.0,491.0,2.33,126000.0,761.0,412.0,64400.0,1350.0,313.0,7.15,264.0,8710.0,3940.0,907.0,9.82,491.0,24.0,5940.0,2670.0,146.0,5770.0
2020-09-24,78.4,60700.0,322000.0,450000.0,132000.0,103000.0,22.2,347000.0,53.8,117000.0,370000.0,499.0,2.09,122000.0,810.0,435.0,60700.0,1380.0,311.0,7.17,273.0,8250.0,4270.0,900.0,9.56,499.0,24.4,5270.0,2650.0,145.0,5860.0
2020-09-25,75.2,55900.0,305000.0,464000.0,128000.0,104000.0,21.7,382000.0,51.0,116000.0,380000.0,509.0,2.14,121000.0,941.0,483.0,53600.0,1440.0,311.0,7.77,294.0,8440.0,4210.0,913.0,9.07,509.0,24.7,5460.0,2820.0,144.0,6140.0
2020-09-26,72.1,50300.0,299000.0,456000.0,127000.0,106000.0,17.7,389000.0,48.6,110000.0,387000.0,510.0,2.1,118000.0,926.0,454.0,44400.0,1500.0,306.0,7.5,267.0,8350.0,4470.0,912.0,8.46,510.0,24.4,5790.0,3120.0,141.0,6240.0
2020-09-27,69.2,44400.0,307000.0,437000.0,123000.0,87200.0,20.3,386000.0,48.1,103000.0,390000.0,507.0,1.84,112000.0,846.0,428.0,48300.0,1540.0,314.0,7.68,262.0,8620.0,4280.0,894.0,31.7,507.0,24.3,6210.0,3100.0,147.0,6290.0
2020-09-28,79.3,41600.0,306000.0,416000.0,118000.0,68500.0,24.9,387000.0,58.7,101000.0,393000.0,505.0,3.9,106000.0,819.0,417.0,53700.0,1560.0,325.0,22.9,258.0,9150.0,4290.0,884.0,33.7,505.0,25.2,6950.0,3440.0,152.0,6250.0
2020-09-29,86.0,52900.0,298000.0,397000.0,113000.0,69900.0,22.4,381000.0,60.2,102000.0,389000.0,500.0,2.75,102000.0,803.0,410.0,55600.0,1580.0,302.0,8.86,257.0,8810.0,4310.0,876.0,12.2,500.0,24.7,7730.0,3420.0,140.0,6140.0
2020-09-30,64.9,56000.0,297000.0,380000.0,111000.0,62800.0,19.8,368000.0,58.8,112000.0,389000.0,502.0,2.0,105000.0,784.0,390.0,55900.0,1600.0,300.0,7.25,255.0,8370.0,4330.0,883.0,12.4,502.0,27.2,7500.0,3340.0,138.0,6220.0
2020-10-01,55.4,48300.0,286000.0,366000.0,115000.0,55000.0,19.4,355000.0,49.7,115000.0,377000.0,513.0,1.25,113000.0,782.0,383.0,54400.0,1620.0,294.0,7.98,253.0,7820.0,4340.0,934.0,9.95,513.0,26.5,7070.0,3430.0,134.0,6160.0
2020-10-02,51.3,47300.0,275000.0,357000.0,122000.0,52700.0,19.5,347000.0,46.1,109000.0,356000.0,513.0,1.07,114000.0,771.0,373.0,53500.0,1640.0,290.0,8.32,247.0,8550.0,4470.0,953.0,9.35,513.0,24.8,6910.0,3230.0,132.0,6040.0
2020-10-03,54.4,51900.0,271000.0,351000.0,122000.0,56900.0,20.1,340000.0,45.2,109000.0,346000.0,505.0,1.16,110000.0,764.0,368.0,54200.0,1650.0,288.0,6.76,244.0,7950.0,4710.0,926.0,10.4,505.0,24.1,7120.0,3240.0,131.0,6140.0
2020-10-04,59.1,47600.0,263000.0,337000.0,119000.0,59600.0,21.2,330000.0,47.1,110000.0,336000.0,500.0,1.58,109000.0,764.0,364.0,51400.0,1650.0,286.0,7.49,243.0,7060.0,4940.0,891.0,12.3,500.0,23.9,7340.0,3420.0,129.0,6260.0
2020-10-05,62.1,44900.0,259000.0,322000.0,118000.0,53600.0,18.8,320000.0,46.7,106000.0,316000.0,493.0,1.53,110000.0,768.0,358.0,53700.0,1660.0,284.0,6.68,240.0,7910.0,4560.0,888.0,9.42,493.0,23.9,6610.0,3340.0,128.0,6600.0
2020-10-06,57.6,56800.0,261000.0,317000.0,117000.0,52200.0,16.3,311000.0,46.2,106000.0,309000.0,494.0,1.59,107000.0,773.0,357.0,48100.0,1670.0,285.0,6.71,240.0,7120.0,4700.0,891.0,8.93,494.0,23.7,6960.0,3340.0,129.0,6310.0
2020-10-07,52.0,48700.0,256000.0,311000.0,115000.0,54800.0,17.0,302000.0,42.9,106000.0,300000.0,493.0,1.28,109000.0,771.0,352.0,48300.0,1680.0,282.0,6.44,238.0,8110.0,4580.0,860.0,8.31,493.0,23.2,6780.0,3270.0,127.0,6160.0
2020-10-08,49.7,48400.0,242000.0,305000.0,115000.0,59500.0,16.5,295000.0,41.0,99900.0,287000.0,488.0,1.0,107000.0,765.0,344.0,51000.0,1680.0,274.0,6.36,236.0,7370.0,4710.0,822.0,7.57,488.0,22.5,7100.0,3110.0,123.0,6070.0
2020-10-09,47.8,54300.0,229000.0,306000.0,112000.0,55600.0,13.2,306000.0,39.8,100000.0,264000.0,487.0,1.28,103000.0,767.0,344.0,49400.0,1680.0,274.0,7.1,237.0,8500.0,4580.0,807.0,7.26,487.0,22.9,6220.0,2990.0,123.0,6100.0
2020-10-10,46.7,57400.0,236000.0,311000.0,108000.0,38900.0,15.6,328000.0,38.5,105000.0,320000.0,488.0,1.83,103000.0,769.0,340.0,46800.0,1680.0,277.0,8.62,238.0,8240.0,4530.0,807.0,8.46,488.0,23.2,5840.0,3040.0,123.0,6020.0
2020-10-11,45.2,55300.0,253000.0,317000.0,109000.0,32300.0,16.0,321000.0,37.2,108000.0,322000.0,485.0,1.96,108000.0,765.0,335.0,47300.0,1680.0,270.0,8.51,236.0,8540.0,4510.0,786.0,6.83,485.0,23.5,5990.0,3180.0,120.0,5770.0
2020-10-12,44.0,54800.0,252000.0,319000.0,112000.0,26700.0,14.6,316000.0,37.7,108000.0,321000.0,505.0,1.81,110000.0,781.0,349.0,45700.0,1720.0,279.0,7.95,245.0,7720.0,5170.0,815.0,7.23,505.0,29.2,6220.0,3620.0,124.0,6510.0
2020-10-13,42.6,49400.0,239000.0,325000.0,113000.0,26700.0,12.0,320000.0,36.9,105000.0,322000.0,558.0,1.8,110000.0,778.0,336.0,45800.0,1730.0,280.0,7.17,242.0,7650.0,4850.0,867.0,5.94,558.0,31.5,6510.0,4380.0,121.0,7220.0
2020-10-14,42.1,51400.0,227000.0,330000.0,111000.0,26700.0,11.5,326000.0,35.4,102000.0,316000.0,578.0,2.06,107000.0,757.0,339.0,44100.0,1750.0,271.0,7.89,239.0,8370.0,5290.0,890.0,6.27,578.0,30.1,7350.0,4690.0,119.0,6880.0
2020-10-15,40.8,51900.0,225000.0,333000.0,108000.0,26700.0,12.8,333000.0,34.6,102000.0,323000.0,552.0,1.49,104000.0,745.0,338.0,44700.0,1770.0,271.0,8.02,239.0,8370.0,4810.0,1010.0,6.01,552.0,27.3,8540.0,4730.0,118.0,7140.0
2020-10-16,41.2,52500.0,232000.0,327000.0,106000.0,26700.0,12.8,340000.0,35.0,102000.0,329000.0,531.0,1.22,102000.0,735.0,334.0,45700.0,1770.0,265.0,7.71,235.0,9160.0,5360.0,1040.0,5.74,531.0,25.5,7160.0,4820.0,115.0,7220.0
2020-10-17,42.3,55300.0,237000.0,316000.0,105000.0,26700.0,12.9,347000.0,34.7,102000.0,320000.0,525.0,1.27,102000.0,732.0,336.0,50000.0,1780.0,267.0,8.03,236.0,7740.0,5480.0,990.0,5.86,525.0,25.6,6860.0,4770.0,115.0,7230.0
2020-10-18,42.8,54700.0,234000.0,306000.0,104000.0,26700.0,15.4,343000.0,35.7,102000.0,332000.0,525.0,0.96,103000.0,721.0,335.0,52100.0,1790.0,268.0,11.6,237.0,7820.0,5700.0,940.0,9.25,525.0,25.1,7190.0,4700.0,115.0,7550.0
2020-10-19,44.3,61300.0,229000.0,299000.0,106000.0,26700.0,16.7,333000.0,37.3,110000.0,320000.0,526.0,0.86,106000.0,709.0,331.0,52700.0,1780.0,261.0,38.8,234.0,7440.0,5680.0,925.0,6.96,526.0,24.2,6860.0,4420.0,112.0,7730.0
2020-10-20,44.9,67400.0,223000.0,293000.0,110000.0,26700.0,15.2,326000.0,38.2,115000.0,309000.0,527.0,0.87,114000.0,705.0,334.0,53800.0,1780.0,264.0,21.8,235.0,8310.0,5860.0,900.0,6.72,527.0,25.7,6850.0,4380.0,113.0,7580.0
2020-10-21,46.2,70700.0,239000.0,293000.0,115000.0,26700.0,18.3,321000.0,42.2,119000.0,297000.0,547.0,1.06,119000.0,720.0,336.0,53900.0,1790.0,272.0,42.7,238.0,7520.0,6100.0,945.0,9.82,547.0,27.5,7610.0,4390.0,117.0,7860.0
2020-10-22,60.7,64500.0,264000.0,291000.0,118000.0,26700.0,46.5,318000.0,79.2,115000.0,291000.0,585.0,1.64,123000.0,739.0,370.0,58600.0,1790.0,361.0,17.0,244.0,8550.0,6130.0,1080.0,632.0,585.0,26.8,8030.0,4430.0,180.0,7970.0
2020-10-23,82.1,75800.0,278000.0,285000.0,119000.0,26700.0,47.9,312000.0,95.0,119000.0,304000.0,683.0,3.01,121000.0,764.0,457.0,67400.0,1800.0,2090.0,12.9,260.0,13700.0,6300.0,1290.0,88.3,683.0,27.3,8750.0,4510.0,516.0,8230.0
2020-10-24,77.1,87700.0,282000.0,286000.0,118000.0,34400.0,51.6,306000.0,104.0,128000.0,300000.0,737.0,5.9,125000.0,747.0,420.0,68400.0,1800.0,744.0,10.5,244.0,18700.0,6210.0,1880.0,50.0,737.0,28.0,8990.0,4810.0,273.0,8230.0
2020-10-25,70.6,89300.0,277000.0,299000.0,125000.0,43100.0,39.8,298000.0,102.0,138000.0,287000.0,680.0,7.83,133000.0,737.0,385.0,79600.0,1800.0,518.0,9.22,240.0,18400.0,6670.0,2400.0,35.4,680.0,30.0,9950.0,4790.0,219.0,8320.0
2020-10-26,61.3,101000.0,272000.0,312000.0,132000.0,59000.0,35.8,294000.0,82.8,142000.0,276000.0,624.0,7.36,141000.0,738.0,371.0,81700.0,1790.0,449.0,27.3,240.0,16200.0,6120.0,2240.0,28.8,624.0,28.4,10500.0,4580.0,193.0,8330.0
2020-10-27,56.8,89500.0,274000.0,313000.0,140000.0,66800.0,34.5,291000.0,70.1,157000.0,279000.0,592.0,5.86,152000.0,728.0,360.0,82500.0,1790.0,409.0,29.8,238.0,15300.0,6270.0,2010.0,24.3,592.0,27.0,9880.0,4370.0,177.0,8030.0
2020-10-28,54.2,96700.0,280000.0,313000.0,152000.0,58000.0,31.3,296000.0,62.3,151000.0,238000.0,580.0,4.23,160000.0,728.0,354.0,84700.0,1790.0,389.0,20.4,240.0,15000.0,6410.0,1740.0,21.1,580.0,26.6,8980.0,4320.0,169.0,8170.0
2020-10-29,53.0,101000.0,295000.0,317000.0,170000.0,59300.0,29.4,307000.0,56.9,155000.0,332000.0,576.0,2.2,162000.0,735.0,351.0,85800.0,1800.0,374.0,108.0,240.0,14100.0,6220.0,1550.0,19.7,576.0,26.7,8310.0,4420.0,162.0,8510.0
2020-10-30,51.1,99100.0,323000.0,334000.0,176000.0,72900.0,30.1,294000.0,53.9,157000.0,284000.0,568.0,2.36,170000.0,734.0,342.0,81400.0,1800.0,355.0,53.2,237.0,12900.0,6610.0,1420.0,17.8,568.0,26.1,8720.0,4390.0,153.0,8420.0
2020-10-31,50.4,97300.0,387000.0,368000.0,172000.0,88300.0,25.7,293000.0,50.0,152000.0,280000.0,559.0,3.15,167000.0,738.0,332.0,79900.0,1780.0,344.0,28.3,235.0,12200.0,6490.0,1370.0,16.3,559.0,27.0,7440.0,4390.0,148.0,8390.0
2020-11-01,48.5,85200.0,480000.0,408000.0,168000.0,96700.0,25.3,300000.0,46.3,151000.0,290000.0,553.0,2.97,162000.0,728.0,327.0,76300.0,1770.0,338.0,19.8,234.0,10600.0,6330.0,1320.0,14.9,553.0,27.6,8210.0,4410.0,144.0,8340.0
2020-11-02,48.0,85400.0,541000.0,438000.0,163000.0,85700.0,25.2,322000.0,43.7,142000.0,292000.0,547.0,3.51,159000.0,730.0,327.0,69300.0,1750.0,326.0,15.3,233.0,10400.0,6810.0,1270.0,14.1,547.0,27.2,8160.0,4220.0,139.0,8380.0
2020-11-03,49.2,75100.0,564000.0,467000.0,157000.0,93100.0,25.8,347000.0,41.6,144000.0,318000.0,543.0,5.16,153000.0,735.0,326.0,67300.0,1740.0,329.0,14.4,237.0,10000.0,6470.0,1200.0,15.3,543.0,26.9,8210.0,4220.0,140.0,8840.0
2020-11-04,50.6,74200.0,561000.0,516000.0,152000.0,116000.0,25.0,368000.0,39.2,133000.0,344000.0,541.0,6.12,150000.0,736.0,325.0,66200.0,1730.0,325.0,14.6,238.0,9580.0,6750.0,1170.0,15.3,541.0,26.4,8200.0,4190.0,137.0,8600.0
2020-11-05,52.5,79500.0,543000.0,566000.0,145000.0,134000.0,25.1,395000.0,38.0,130000.0,351000.0,539.0,6.38,141000.0,733.0,321.0,66200.0,1720.0,317.0,14.0,238.0,9100.0,6590.0,1140.0,14.2,539.0,25.6,7260.0,4030.0,134.0,8720.0
2020-11-06,53.9,81200.0,513000.0,601000.0,137000.0,163000.0,24.8,426000.0,37.3,130000.0,386000.0,536.0,5.99,137000.0,729.0,317.0,65700.0,1710.0,312.0,13.0,237.0,9240.0,6450.0,1130.0,13.7,536.0,26.8,7130.0,4080.0,131.0,8640.0
2020-11-07,53.4,84900.0,469000.0,620000.0,134000.0,177000.0,23.7,451000.0,34.2,130000.0,435000.0,532.0,5.78,137000.0,731.0,312.0,63400.0,1670.0,309.0,13.1,238.0,8620.0,6420.0,1060.0,13.1,532.0,26.2,6920.0,4080.0,130.0,8480.0
2020-11-08,54.2,78000.0,427000.0,623000.0,134000.0,193000.0,24.3,468000.0,32.1,128000.0,440000.0,532.0,5.65,137000.0,732.0,310.0,63300.0,1640.0,305.0,12.8,238.0,8510.0,6060.0,1040.0,12.8,532.0,25.6,6540.0,4070.0,128.0,8420.0
2020-11-09,55.2,75300.0,389000.0,609000.0,132000.0,193000.0,23.2,473000.0,31.0,122000.0,451000.0,537.0,5.68,134000.0,731.0,309.0,63000.0,1640.0,304.0,12.7,238.0,9210.0,6640.0,1080.0,13.1,537.0,26.5,7020.0,4170.0,127.0,8360.0
2020-11-10,57.9,78900.0,363000.0,581000.0,129000.0,194000.0,20.7,470000.0,31.9,121000.0,448000.0,768.0,6.03,129000.0,908.0,379.0,60800.0,1650.0,367.0,14.0,287.0,10700.0,7060.0,1330.0,39.4,768.0,28.9,8350.0,4430.0,157.0,8960.0
2020-11-11,62.6,71300.0,350000.0,550000.0,125000.0,189000.0,33.5,459000.0,34.9,125000.0,437000.0,1030.0,10.5,129000.0,945.0,449.0,62200.0,1640.0,477.0,14.5,288.0,11400.0,7830.0,2410.0,18.0,1030.0,34.1,10700.0,5390.0,185.0,9440.0
2020-11-12,57.9,83300.0,332000.0,516000.0,127000.0,180000.0,29.5,442000.0,36.6,121000.0,395000.0,916.0,7.87,130000.0,994.0,465.0,62700.0,1630.0,358.0,12.3,257.0,15500.0,7800.0,4500.0,11.9,916.0,34.5,13900.0,6110.0,147.0,10300.0
2020-11-13,61.7,80700.0,311000.0,485000.0,126000.0,166000.0,27.4,421000.0,37.2,127000.0,375000.0,787.0,5.26,129000.0,1050.0,522.0,67400.0,1610.0,341.0,11.6,248.0,16000.0,7790.0,5340.0,10.8,787.0,33.1,15100.0,6240.0,141.0,10400.0
2020-11-14,62.2,89300.0,304000.0,456000.0,128000.0,154000.0,27.5,401000.0,37.8,124000.0,359000.0,691.0,7.55,133000.0,997.0,509.0,71700.0,1590.0,336.0,65.9,245.0,17800.0,7630.0,4450.0,19.4,691.0,30.6,14500.0,6310.0,140.0,10500.0
2020-11-15,63.2,76300.0,308000.0,432000.0,135000.0,152000.0,26.8,382000.0,38.2,142000.0,340000.0,653.0,13.5,146000.0,944.0,481.0,73200.0,1590.0,355.0,150.0,247.0,17800.0,7870.0,3420.0,36.8,653.0,29.4,10800.0,6370.0,151.0,10200.0
2020-11-16,71.1,85500.0,318000.0,410000.0,149000.0,135000.0,30.8,364000.0,38.7,131000.0,326000.0,647.0,11.3,157000.0,909.0,460.0,80500.0,1520.0,336.0,42.0,241.0,16400.0,7810.0,2770.0,13.1,647.0,31.3,11000.0,6340.0,140.0,10700.0
2020-11-17,69.3,94200.0,339000.0,393000.0,151000.0,125000.0,30.8,353000.0,43.8,139000.0,318000.0,628.0,9.45,151000.0,872.0,441.0,86500.0,1480.0,321.0,22.3,238.0,17300.0,6940.0,2610.0,10.9,628.0,29.9,11100.0,5860.0,133.0,10900.0
2020-11-18,61.8,108000.0,366000.0,381000.0,152000.0,130000.0,27.8,341000.0,36.2,145000.0,313000.0,604.0,9.86,158000.0,845.0,421.0,88300.0,1460.0,314.0,16.1,238.0,16400.0,7010.0,2530.0,10.3,604.0,27.8,11000.0,5590.0,130.0,9710.0
2020-11-19,59.8,109000.0,392000.0,377000.0,156000.0,129000.0,24.7,329000.0,34.2,153000.0,311000.0,591.0,8.58,165000.0,828.0,410.0,88700.0,1480.0,318.0,14.2,241.0,16300.0,7290.0,2250.0,10.4,591.0,27.0,8860.0,5690.0,131.0,9520.0
2020-11-20,59.1,106000.0,401000.0,387000.0,162000.0,119000.0,27.3,321000.0,32.4,152000.0,308000.0,587.0,18.0,169000.0,806.0,400.0,86700.0,1490.0,313.0,12.3,241.0,15200.0,7510.0,2040.0,10.1,587.0,26.5,10000.0,5650.0,129.0,9760.0
2020-11-21,54.0,107000.0,394000.0,399000.0,163000.0,114000.0,28.2,323000.0,33.6,153000.0,307000.0,580.0,7.19,168000.0,784.0,390.0,86800.0,1470.0,301.0,34.6,236.0,14400.0,8070.0,1900.0,9.22,580.0,26.0,8740.0,5550.0,123.0,10100.0
2020-11-22,52.2,99500.0,387000.0,412000.0,170000.0,137000.0,27.3,327000.0,31.9,155000.0,306000.0,569.0,5.6,193000.0,776.0,387.0,84500.0,1460.0,301.0,208.0,237.0,13700.0,7970.0,1840.0,9.17,569.0,26.0,9060.0,5410.0,122.0,10500.0
2020-11-23,52.3,96800.0,381000.0,423000.0,196000.0,136000.0,29.9,327000.0,31.7,151000.0,305000.0,564.0,4.81,202000.0,771.0,378.0,79500.0,1440.0,303.0,70.6,239.0,12600.0,7670.0,1810.0,9.35,564.0,25.4,8590.0,5240.0,123.0,10600.0
2020-11-24,77.4,95000.0,374000.0,426000.0,194000.0,136000.0,70.7,335000.0,41.8,151000.0,306000.0,569.0,7.46,195000.0,785.0,384.0,82900.0,1390.0,316.0,67.3,246.0,12600.0,7200.0,1710.0,49.5,569.0,25.7,7990.0,5140.0,130.0,10100.0
2020-11-25,498.0,108000.0,374000.0,422000.0,200000.0,137000.0,346.0,345000.0,228.0,167000.0,311000.0,580.0,105.0,209000.0,823.0,402.0,82500.0,1400.0,349.0,386.0,257.0,12700.0,7340.0,1620.0,136.0,580.0,25.4,8340.0,4900.0,144.0,9870.0
2020-11-26,546.0,106000.0,381000.0,419000.0,220000.0,138000.0,245.0,349000.0,673.0,185000.0,316000.0,585.0,159.0,228000.0,819.0,402.0,84400.0,1400.0,335.0,135.0,252.0,11500.0,7570.0,1570.0,57.6,585.0,24.5,8120.0,4980.0,138.0,9930.0
2020-11-27,348.0,103000.0,407000.0,420000.0,227000.0,136000.0,143.0,350000.0,429.0,181000.0,322000.0,584.0,58.8,229000.0,806.0,400.0,88600.0,1380.0,317.0,63.7,247.0,10800.0,7650.0,1560.0,34.9,584.0,24.8,7730.0,4950.0,130.0,9920.0
2020-11-28,256.0,110000.0,447000.0,426000.0,222000.0,128000.0,104.0,361000.0,256.0,177000.0,328000.0,576.0,27.7,222000.0,799.0,409.0,84900.0,1380.0,310.0,42.9,244.0,11200.0,7140.0,1560.0,28.2,576.0,25.1,7770.0,4680.0,126.0,9910.0
2020-11-29,213.0,104000.0,490000.0,432000.0,215000.0,110000.0,88.5,378000.0,200.0,182000.0,337000.0,566.0,16.2,217000.0,790.0,412.0,84800.0,1400.0,310.0,32.2,243.0,10700.0,6860.0,1550.0,25.1,566.0,24.6,7390.0,4910.0,126.0,9590.0
2020-11-30,187.0,82700.0,515000.0,450000.0,212000.0,118000.0,77.0,392000.0,171.0,172000.0,353000.0,557.0,10.7,209000.0,783.0,412.0,78100.0,1350.0,302.0,26.3,241.0,10300.0,6330.0,1530.0,21.9,557.0,23.8,6580.0,4560.0,123.0,9350.0
2020-12-01,167.0,93500.0,510000.0,473000.0,200000.0,134000.0,78.1,391000.0,146.0,156000.0,370000.0,548.0,8.36,192000.0,767.0,402.0,76800.0,1410.0,298.0,20.9,240.0,10800.0,5120.0,1500.0,20.1,548.0,23.6,6400.0,3610.0,120.0,7260.0
2020-12-02,152.0,88900.0,494000.0,500000.0,185000.0,141000.0,71.8,391000.0,130.0,151000.0,384000.0,548.0,6.9,179000.0,728.0,390.0,74100.0,1410.0,294.0,18.6,238.0,10500.0,4510.0,1390.0,18.7,548.0,23.5,5850.0,2900.0,116.0,6910.0
2020-12-03,140.0,92800.0,474000.0,522000.0,174000.0,146000.0,68.1,405000.0,121.0,145000.0,393000.0,543.0,6.0,170000.0,750.0,361.0,70600.0,1420.0,293.0,17.2,240.0,10100.0,4900.0,1180.0,18.1,543.0,25.0,5580.0,3440.0,118.0,7280.0
2020-12-04,141.0,77700.0,450000.0,537000.0,166000.0,156000.0,65.1,420000.0,120.0,140000.0,405000.0,534.0,5.34,164000.0,780.0,399.0,68100.0,1430.0,297.0,16.7,242.0,9520.0,5410.0,1250.0,17.8,534.0,24.2,6310.0,3890.0,118.0,6990.0
2020-12-05,135.0,73700.0,434000.0,545000.0,160000.0,170000.0,62.3,429000.0,114.0,128000.0,411000.0,532.0,4.38,156000.0,766.0,385.0,63700.0,1430.0,292.0,14.5,239.0,9110.0,5100.0,1300.0,16.3,532.0,23.6,6700.0,3720.0,115.0,7310.0
2020-12-06,127.0,78400.0,426000.0,545000.0,151000.0,165000.0,57.5,435000.0,109.0,121000.0,420000.0,528.0,3.93,145000.0,747.0,363.0,62600.0,1420.0,290.0,13.9,238.0,9470.0,5370.0,1180.0,15.7,528.0,23.3,6390.0,3930.0,115.0,7460.0
2020-12-07,124.0,73900.0,422000.0,536000.0,142000.0,156000.0,55.4,441000.0,101.0,120000.0,429000.0,527.0,3.59,138000.0,751.0,360.0,60300.0,1410.0,289.0,13.8,238.0,8910.0,5750.0,1160.0,14.9,527.0,23.3,5880.0,4070.0,113.0,7650.0
2020-12-08,118.0,69500.0,414000.0,524000.0,136000.0,151000.0,49.8,445000.0,94.8,117000.0,430000.0,530.0,3.0,135000.0,753.0,352.0,57500.0,1400.0,287.0,15.0,238.0,8930.0,6150.0,1160.0,14.2,530.0,23.3,6010.0,3930.0,111.0,7580.0
2020-12-09,116.0,70100.0,403000.0,517000.0,133000.0,145000.0,52.1,446000.0,88.8,110000.0,428000.0,533.0,2.89,132000.0,753.0,346.0,55500.0,1370.0,289.0,19.2,239.0,9080.0,6110.0,1160.0,14.3,533.0,23.3,6200.0,3910.0,113.0,8050.0
2020-12-10,113.0,62100.0,389000.0,512000.0,128000.0,165000.0,49.8,439000.0,87.4,106000.0,419000.0,532.0,2.76,125000.0,748.0,340.0,52400.0,1330.0,286.0,16.5,239.0,9000.0,6170.0,1150.0,13.8,532.0,23.3,5860.0,3730.0,111.0,8050.0
2020-12-11,117.0,76200.0,378000.0,501000.0,122000.0,165000.0,53.8,426000.0,87.5,101000.0,420000.0,532.0,7.26,119000.0,740.0,329.0,56100.0,1290.0,288.0,20.7,237.0,8140.0,5930.0,1140.0,46.1,532.0,23.2,6080.0,3580.0,116.0,8090.0
2020-12-12,329.0,62100.0,371000.0,493000.0,118000.0,154000.0,282.0,421000.0,166.0,113000.0,421000.0,533.0,198.0,121000.0,736.0,324.0,62400.0,1250.0,294.0,189.0,237.0,8010.0,6090.0,1140.0,102.0,533.0,23.4,5820.0,3540.0,125.0,7760.0
2020-12-13,595.0,83300.0,365000.0,478000.0,124000.0,142000.0,242.0,419000.0,713.0,114000.0,411000.0,532.0,196.0,129000.0,734.0,316.0,71700.0,1220.0,276.0,62.7,236.0,8690.0,4830.0,1150.0,47.7,532.0,23.1,5680.0,3410.0,111.0,7520.0
2020-12-14,423.0,93500.0,366000.0,473000.0,129000.0,122000.0,159.0,420000.0,564.0,127000.0,415000.0,526.0,68.5,133000.0,718.0,297.0,71600.0,1110.0,255.0,37.1,234.0,8800.0,3630.0,1080.0,35.8,526.0,22.9,5660.0,2430.0,106.0,6130.0
2020-12-15,328.0,100000.0,355000.0,476000.0,135000.0,101000.0,125.0,422000.0,399.0,129000.0,405000.0,517.0,35.4,143000.0,684.0,234.0,69300.0,1080.0,248.0,26.4,232.0,8720.0,3020.0,1100.0,30.5,517.0,22.7,5120.0,1620.0,95.9,4940.0
2020-12-16,285.0,90000.0,344000.0,482000.0,142000.0,91800.0,115.0,429000.0,338.0,128000.0,424000.0,485.0,23.1,145000.0,670.0,209.0,65400.0,1090.0,265.0,22.1,233.0,8360.0,2890.0,1070.0,29.4,485.0,22.6,4720.0,2300.0,107.0,4620.0
2020-12-17,256.0,80700.0,346000.0,483000.0,143000.0,104000.0,102.0,431000.0,307.0,122000.0,425000.0,438.0,15.9,143000.0,705.0,218.0,60700.0,1130.0,268.0,18.5,233.0,7380.0,2910.0,1010.0,27.4,438.0,22.5,4380.0,2460.0,106.0,4510.0
2020-12-18,230.0,82200.0,360000.0,475000.0,139000.0,104000.0,90.0,430000.0,286.0,116000.0,417000.0,428.0,14.4,136000.0,738.0,234.0,56100.0,1140.0,270.0,16.4,234.0,8030.0,2980.0,964.0,25.3,428.0,22.5,4930.0,2740.0,104.0,4870.0
2020-12-19,215.0,75400.0,379000.0,467000.0,133000.0,94400.0,83.8,430000.0,262.0,111000.0,417000.0,429.0,12.8,129000.0,734.0,241.0,54200.0,1120.0,273.0,15.7,234.0,7340.0,3060.0,935.0,25.6,429.0,22.9,5500.0,3060.0,107.0,5690.0
2020-12-20,203.0,59800.0,404000.0,462000.0,127000.0,88000.0,78.4,434000.0,251.0,108000.0,429000.0,428.0,11.3,124000.0,717.0,231.0,54300.0,1120.0,274.0,14.4,235.0,8030.0,2980.0,877.0,23.8,428.0,22.7,5060.0,2960.0,107.0,5670.0
2020-12-21,193.0,64900.0,426000.0,460000.0,123000.0,82400.0,72.9,430000.0,238.0,103000.0,427000.0,426.0,10.1,121000.0,705.0,215.0,51300.0,1120.0,274.0,14.4,237.0,8350.0,2980.0,827.0,23.3,426.0,22.8,5560.0,3540.0,107.0,6420.0
2020-12-22,181.0,82800.0,440000.0,460000.0,118000.0,83400.0,72.8,426000.0,229.0,101000.0,426000.0,419.0,9.1,116000.0,704.0,206.0,52600.0,1100.0,271.0,11.8,235.0,8510.0,3090.0,791.0,21.1,419.0,22.7,5770.0,3330.0,105.0,5770.0
2020-12-23,173.0,81400.0,447000.0,461000.0,114000.0,95000.0,65.2,422000.0,215.0,100000.0,416000.0,418.0,7.52,113000.0,698.0,200.0,48100.0,1100.0,263.0,13.5,238.0,8460.0,3150.0,759.0,22.1,418.0,24.6,5380.0,3480.0,108.0,6170.0
2020-12-24,159.0,70600.0,450000.0,474000.0,110000.0,100000.0,68.0,429000.0,205.0,97500.0,422000.0,418.0,3.69,110000.0,686.0,198.0,43300.0,1070.0,235.0,13.9,235.0,7320.0,3080.0,739.0,18.8,418.0,26.4,5670.0,2350.0,90.1,3720.0
2020-12-25,132.0,74500.0,443000.0,485000.0,107000.0,105000.0,115.0,438000.0,154.0,93900.0,434000.0,415.0,0.23,107000.0,559.0,191.0,38300.0,1060.0,287.0,7.98,230.0,9220.0,3560.0,732.0,23.7,415.0,24.1,5170.0,2560.0,73.2,3500.0
2020-12-26,171.0,77600.0,436000.0,490000.0,104000.0,112000.0,122.0,440000.0,188.0,90900.0,428000.0,421.0,0.23,103000.0,546.0,185.0,29900.0,1070.0,388.0,8.63,231.0,7800.0,3720.0,733.0,24.4,421.0,23.2,4200.0,2090.0,102.0,3710.0
2020-12-27,168.0,70900.0,431000.0,486000.0,101000.0,127000.0,106.0,437000.0,259.0,88300.0,423000.0,424.0,0.76,101000.0,616.0,203.0,28400.0,1070.0,401.0,10.5,232.0,7490.0,3570.0,730.0,25.8,424.0,22.8,4600.0,2560.0,103.0,4080.0
2020-12-28,147.0,51900.0,425000.0,481000.0,99400.0,128000.0,105.0,433000.0,229.0,87100.0,438000.0,420.0,0.49,97800.0,666.0,222.0,34800.0,1070.0,400.0,11.2,227.0,7620.0,3500.0,723.0,23.8,420.0,22.6,4990.0,2830.0,96.8,4760.0
2020-12-29,135.0,56500.0,427000.0,473000.0,98200.0,115000.0,92.4,429000.0,200.0,85400.0,434000.0,419.0,0.9,96500.0,669.0,226.0,41500.0,1070.0,396.0,10.4,222.0,7920.0,3510.0,707.0,18.5,419.0,22.6,5390.0,2990.0,92.1,5270.0
2020-12-30,172.0,65600.0,444000.0,467000.0,98500.0,114000.0,256.0,428000.0,207.0,88400.0,437000.0,426.0,2.11,95300.0,661.0,229.0,42600.0,1070.0,391.0,15.5,229.0,8600.0,3550.0,708.0,20.5,426.0,23.0,5470.0,3130.0,101.0,5670.0
2020-12-31,239.0,71000.0,488000.0,464000.0,101000.0,113000.0,252.0,426000.0,344.0,96300.0,416000.0,424.0,5.56,99600.0,652.0,230.0,46000.0,1070.0,383.0,15.7,223.0,9020.0,3480.0,725.0,22.9,424.0,22.6,4720.0,3010.0,105.0,5660.0
2021-01-01,277.0,74900.0,531000.0,474000.0,108000.0,97300.0,142.0,428000.0,501.0,96500.0,430000.0,422.0,15.0,108000.0,646.0,236.0,48800.0,1090.0,369.0,113.0,221.0,9480.0,3440.0,720.0,23.2,422.0,22.3,4810.0,3020.0,105.0,5720.0
2021-01-02,260.0,82400.0,557000.0,518000.0,119000.0,81700.0,104.0,430000.0,350.0,102000.0,430000.0,422.0,20.8,116000.0,645.0,239.0,44000.0,1100.0,360.0,117.0,221.0,9740.0,3430.0,716.0,23.4,422.0,22.2,4630.0,3310.0,105.0,5840.0
2021-01-03,224.0,80700.0,576000.0,580000.0,124000.0,77700.0,126.0,449000.0,329.0,105000.0,438000.0,422.0,22.8,120000.0,647.0,237.0,46300.0,1110.0,343.0,63.2,222.0,9790.0,3450.0,735.0,23.3,422.0,22.3,4780.0,3170.0,105.0,5940.0
2021-01-04,178.0,83600.0,604000.0,645000.0,127000.0,91600.0,81.4,480000.0,290.0,105000.0,454000.0,426.0,26.7,121000.0,646.0,231.0,44800.0,1120.0,327.0,44.9,221.0,9820.0,3520.0,731.0,22.9,426.0,22.3,4950.0,3390.0,103.0,5710.0
2021-01-05,155.0,78200.0,631000.0,697000.0,127000.0,103000.0,77.3,519000.0,259.0,108000.0,494000.0,451.0,33.2,123000.0,638.0,224.0,48400.0,1110.0,309.0,38.4,220.0,9820.0,3550.0,733.0,21.6,451.0,22.1,5390.0,3170.0,99.3,5430.0
2021-01-06,146.0,82000.0,658000.0,728000.0,129000.0,115000.0,67.0,556000.0,243.0,108000.0,531000.0,468.0,18.8,125000.0,665.0,219.0,51200.0,1100.0,291.0,30.9,218.0,9840.0,3460.0,733.0,20.7,468.0,21.7,5380.0,3160.0,96.9,5260.0
2021-01-07,133.0,87700.0,678000.0,750000.0,129000.0,130000.0,66.6,588000.0,224.0,109000.0,585000.0,484.0,11.4,124000.0,685.0,217.0,54900.0,1090.0,264.0,24.7,218.0,9740.0,3420.0,729.0,20.5,484.0,21.5,4820.0,3190.0,98.7,5110.0
2021-01-08,120.0,89600.0,682000.0,773000.0,127000.0,131000.0,62.9,609000.0,213.0,117000.0,621000.0,494.0,11.7,125000.0,684.0,217.0,57300.0,1080.0,216.0,20.9,218.0,9550.0,3400.0,740.0,20.4,494.0,21.4,4780.0,3100.0,98.7,4980.0
2021-01-09,109.0,87200.0,680000.0,800000.0,130000.0,134000.0,64.1,628000.0,205.0,118000.0,641000.0,495.0,11.1,131000.0,684.0,220.0,55800.0,1080.0,189.0,18.0,218.0,9240.0,3360.0,736.0,20.0,495.0,21.6,5310.0,3070.0,98.5,4880.0
2021-01-10,103.0,84600.0,673000.0,823000.0,133000.0,141000.0,61.6,645000.0,195.0,117000.0,671000.0,498.0,11.1,132000.0,680.0,224.0,56300.0,1090.0,178.0,16.2,218.0,9000.0,3350.0,746.0,19.8,498.0,21.7,5500.0,3140.0,97.5,4880.0
2021-01-11,102.0,86600.0,660000.0,838000.0,132000.0,138000.0,56.5,667000.0,186.0,115000.0,694000.0,496.0,9.89,130000.0,681.0,226.0,57400.0,1100.0,170.0,14.9,219.0,8980.0,3360.0,733.0,20.0,496.0,21.7,4990.0,3140.0,97.3,4980.0
2021-01-12,106.0,88200.0,640000.0,840000.0,129000.0,134000.0,63.1,683000.0,185.0,111000.0,716000.0,498.0,9.17,127000.0,678.0,236.0,55500.0,1110.0,164.0,13.6,220.0,8960.0,3350.0,730.0,20.5,498.0,21.7,4910.0,3180.0,99.0,5130.0
2021-01-13,104.0,88900.0,606000.0,836000.0,124000.0,134000.0,62.6,693000.0,188.0,110000.0,737000.0,497.0,10.6,123000.0,683.0,249.0,54700.0,1110.0,164.0,13.0,221.0,8950.0,3350.0,741.0,22.4,497.0,21.8,5190.0,3060.0,99.9,5250.0
2021-01-14,103.0,86800.0,551000.0,825000.0,120000.0,137000.0,60.8,697000.0,187.0,111000.0,742000.0,493.0,11.4,121000.0,691.0,216.0,56000.0,1090.0,164.0,13.7,223.0,8970.0,3390.0,743.0,24.5,493.0,22.4,5180.0,3300.0,103.0,5330.0
2021-01-15,105.0,86200.0,497000.0,809000.0,119000.0,141000.0,70.8,696000.0,198.0,112000.0,738000.0,493.0,10.8,121000.0,707.0,194.0,55300.0,1050.0,161.0,14.9,230.0,8980.0,3400.0,746.0,25.9,493.0,25.3,5240.0,3100.0,108.0,5280.0
2021-01-16,116.0,83700.0,444000.0,769000.0,119000.0,144000.0,70.3,689000.0,213.0,115000.0,734000.0,495.0,10.8,122000.0,695.0,195.0,54400.0,996.0,158.0,15.3,223.0,9000.0,3240.0,748.0,26.4,495.0,24.2,5560.0,3210.0,101.0,5150.0
2021-01-17,126.0,76600.0,405000.0,725000.0,120000.0,139000.0,72.5,672000.0,206.0,113000.0,714000.0,498.0,9.92,124000.0,679.0,197.0,53600.0,977.0,158.0,14.2,221.0,9250.0,3270.0,754.0,24.7,498.0,23.0,5390.0,3400.0,97.0,4940.0
2021-01-18,136.0,79300.0,375000.0,679000.0,121000.0,131000.0,71.5,651000.0,204.0,113000.0,687000.0,496.0,8.93,123000.0,666.0,196.0,53700.0,971.0,156.0,12.2,219.0,9820.0,3310.0,748.0,20.0,496.0,22.2,5470.0,3310.0,93.3,4660.0
2021-01-19,130.0,79800.0,353000.0,625000.0,120000.0,125000.0,55.9,627000.0,215.0,113000.0,656000.0,497.0,8.14,123000.0,659.0,190.0,54200.0,970.0,154.0,11.7,218.0,9350.0,3310.0,745.0,15.1,497.0,21.9,5120.0,3300.0,89.4,4490.0
2021-01-20,124.0,83800.0,333000.0,575000.0,120000.0,120000.0,28.7,600000.0,180.0,110000.0,631000.0,488.0,7.33,122000.0,632.0,174.0,53900.0,966.0,153.0,11.0,215.0,9240.0,3380.0,759.0,15.2,488.0,21.8,5280.0,3140.0,72.2,4270.0
2021-01-21,121.0,84800.0,320000.0,531000.0,118000.0,108000.0,32.6,570000.0,165.0,110000.0,583000.0,445.0,6.65,119000.0,622.0,147.0,52300.0,960.0,151.0,10.9,223.0,8270.0,3490.0,759.0,17.3,445.0,21.7,4980.0,3050.0,90.4,4200.0
2021-01-22,125.0,85300.0,311000.0,498000.0,116000.0,93800.0,21.3,550000.0,181.0,113000.0,556000.0,418.0,6.87,119000.0,580.0,115.0,49500.0,939.0,149.0,10.1,211.0,8080.0,3580.0,743.0,16.0,418.0,21.3,4510.0,2870.0,72.5,4250.0
2021-01-23,148.0,82500.0,302000.0,470000.0,116000.0,82600.0,36.3,538000.0,161.0,112000.0,544000.0,412.0,9.03,121000.0,535.0,113.0,48500.0,923.0,149.0,9.25,209.0,7320.0,3640.0,755.0,16.3,412.0,21.3,4100.0,3000.0,75.3,4440.0
2021-01-24,160.0,73100.0,291000.0,441000.0,117000.0,69400.0,62.6,511000.0,184.0,105000.0,519000.0,409.0,11.0,119000.0,574.0,126.0,45800.0,923.0,148.0,9.21,223.0,6840.0,3530.0,777.0,17.3,409.0,22.1,4110.0,2860.0,76.6,4570.0
2021-01-25,157.0,72200.0,290000.0,416000.0,117000.0,58000.0,48.7,483000.0,206.0,109000.0,483000.0,407.0,10.3,122000.0,609.0,143.0,48000.0,922.0,148.0,429.0,221.0,6730.0,3460.0,779.0,17.0,407.0,21.6,4250.0,2880.0,75.9,4670.0
2021-01-26,144.0,76300.0,300000.0,397000.0,133000.0,48600.0,49.0,461000.0,178.0,118000.0,469000.0,406.0,8.01,145000.0,613.0,158.0,48500.0,920.0,148.0,192.0,222.0,6700.0,3390.0,782.0,16.6,406.0,21.2,4580.0,2940.0,75.7,4720.0
2021-01-27,122.0,75700.0,325000.0,384000.0,146000.0,42200.0,46.3,442000.0,149.0,131000.0,467000.0,406.0,5.08,152000.0,617.0,170.0,43000.0,909.0,148.0,88.0,210.0,6630.0,3380.0,777.0,16.2,406.0,20.9,4470.0,2890.0,76.5,4580.0
2021-01-28,123.0,67600.0,376000.0,380000.0,156000.0,43200.0,56.5,426000.0,199.0,139000.0,459000.0,409.0,4.71,169000.0,626.0,174.0,38300.0,902.0,148.0,57.7,203.0,6490.0,3360.0,766.0,16.2,409.0,20.6,4540.0,2900.0,78.6,4430.0
2021-01-29,124.0,66500.0,452000.0,395000.0,168000.0,45300.0,66.8,413000.0,178.0,131000.0,435000.0,409.0,4.3,171000.0,645.0,175.0,40500.0,900.0,148.0,43.2,211.0,6470.0,3290.0,761.0,17.4,409.0,20.8,4220.0,2840.0,84.6,4320.0
2021-01-30,139.0,75200.0,527000.0,419000.0,166000.0,45700.0,121.0,408000.0,176.0,139000.0,407000.0,406.0,5.17,159000.0,669.0,173.0,44800.0,901.0,148.0,936.0,214.0,6460.0,3210.0,744.0,18.9,406.0,20.8,3820.0,2820.0,88.3,4380.0
2021-01-31,141.0,95800.0,580000.0,457000.0,174000.0,53100.0,104.0,413000.0,191.0,189000.0,411000.0,407.0,7.75,192000.0,703.0,168.0,47800.0,908.0,148.0,832.0,218.0,6370.0,3210.0,736.0,23.8,407.0,21.0,4200.0,2940.0,90.7,4610.0
2021-02-01,143.0,83900.0,613000.0,516000.0,221000.0,66700.0,82.2,422000.0,242.0,227000.0,419000.0,405.0,12.0,253000.0,688.0,161.0,45900.0,912.0,148.0,167.0,213.0,6350.0,3180.0,743.0,22.2,405.0,20.8,4790.0,2930.0,88.6,4530.0
2021-02-02,166.0,74100.0,640000.0,583000.0,262000.0,94100.0,47.5,441000.0,263.0,195000.0,432000.0,405.0,14.8,262000.0,682.0,161.0,47200.0,915.0,148.0,96.9,212.0,6310.0,3160.0,743.0,18.2,405.0,20.8,4540.0,3020.0,85.2,4400.0
2021-02-03,170.0,76200.0,667000.0,640000.0,247000.0,127000.0,53.2,468000.0,227.0,186000.0,449000.0,406.0,17.9,236000.0,660.0,171.0,47300.0,916.0,148.0,66.2,212.0,6270.0,3140.0,735.0,17.7,406.0,20.9,4770.0,3000.0,82.4,4190.0
2021-02-04,181.0,82300.0,682000.0,685000.0,229000.0,148000.0,78.8,497000.0,196.0,185000.0,459000.0,404.0,19.7,225000.0,676.0,174.0,49500.0,912.0,148.0,60.2,218.0,6240.0,3150.0,752.0,24.4,404.0,21.8,4620.0,3060.0,79.2,3950.0
2021-02-05,242.0,82800.0,674000.0,733000.0,221000.0,161000.0,66.8,528000.0,223.0,178000.0,487000.0,405.0,26.3,217000.0,603.0,155.0,47600.0,905.0,148.0,67.2,212.0,6280.0,3180.0,751.0,34.2,405.0,21.8,4460.0,2890.0,70.4,3700.0
2021-02-06,276.0,80200.0,661000.0,771000.0,211000.0,181000.0,47.7,558000.0,256.0,161000.0,520000.0,403.0,28.8,202000.0,549.0,151.0,40600.0,898.0,147.0,45.2,202.0,6250.0,3210.0,742.0,41.3,403.0,20.9,4400.0,2980.0,70.4,3610.0
2021-02-07,280.0,75700.0,657000.0,799000.0,194000.0,191000.0,20.0,579000.0,428.0,142000.0,550000.0,405.0,29.6,179000.0,546.0,156.0,31800.0,893.0,146.0,34.6,203.0,6210.0,3220.0,738.0,42.1,405.0,20.4,3970.0,2940.0,70.8,3880.0
2021-02-08,289.0,48500.0,646000.0,812000.0,175000.0,198000.0,12.9,595000.0,396.0,132000.0,569000.0,407.0,29.6,164000.0,567.0,168.0,38200.0,886.0,145.0,28.6,202.0,6140.0,3220.0,742.0,40.9,407.0,20.5,3970.0,2740.0,73.5,4350.0
2021-02-09,284.0,47800.0,621000.0,810000.0,159000.0,202000.0,11.3,607000.0,343.0,124000.0,597000.0,407.0,26.1,145000.0,590.0,181.0,41500.0,878.0,144.0,31.5,201.0,6140.0,3200.0,739.0,39.1,407.0,20.2,3840.0,2630.0,79.0,4960.0
2021-02-10,256.0,47500.0,582000.0,805000.0,144000.0,200000.0,18.0,612000.0,287.0,116000.0,606000.0,405.0,19.6,132000.0,593.0,179.0,41700.0,873.0,144.0,27.5,201.0,6140.0,3150.0,742.0,37.6,405.0,20.1,3660.0,2580.0,82.6,5080.0
2021-02-11,241.0,54600.0,546000.0,799000.0,133000.0,201000.0,29.3,624000.0,251.0,118000.0,618000.0,405.0,8.23,124000.0,589.0,177.0,42000.0,867.0,144.0,24.7,200.0,6080.0,3030.0,736.0,37.2,405.0,19.8,3630.0,2620.0,86.5,4860.0
2021-02-12,234.0,62900.0,516000.0,785000.0,127000.0,196000.0,39.9,636000.0,233.0,121000.0,629000.0,403.0,3.79,124000.0,585.0,183.0,39900.0,864.0,144.0,20.2,200.0,6040.0,3010.0,722.0,37.1,403.0,19.9,3600.0,2610.0,91.7,4590.0
2021-02-13,220.0,62200.0,484000.0,758000.0,128000.0,198000.0,43.1,633000.0,224.0,118000.0,627000.0,405.0,2.66,125000.0,582.0,190.0,40100.0,859.0,144.0,19.5,200.0,6170.0,2970.0,749.0,37.1,405.0,19.8,3510.0,2590.0,92.1,4320.0
2021-02-14,206.0,58600.0,457000.0,726000.0,129000.0,189000.0,46.9,623000.0,222.0,115000.0,620000.0,406.0,3.62,119000.0,579.0,200.0,38200.0,855.0,143.0,17.4,199.0,6520.0,2930.0,758.0,37.4,406.0,19.6,4210.0,2530.0,91.6,3980.0
2021-02-15,215.0,58000.0,441000.0,691000.0,124000.0,192000.0,51.4,610000.0,220.0,116000.0,608000.0,406.0,5.47,115000.0,575.0,207.0,38700.0,854.0,143.0,15.5,200.0,6900.0,2920.0,734.0,37.9,406.0,19.4,4240.0,2490.0,91.7,3760.0
2021-02-16,176.0,57300.0,434000.0,653000.0,120000.0,190000.0,51.5,587000.0,222.0,121000.0,582000.0,405.0,8.94,111000.0,574.0,216.0,38200.0,853.0,143.0,17.9,200.0,7190.0,2890.0,725.0,37.9,405.0,19.5,3830.0,2450.0,91.9,3750.0
2021-02-17,183.0,59800.0,434000.0,616000.0,120000.0,180000.0,47.8,565000.0,223.0,127000.0,549000.0,402.0,10.7,117000.0,573.0,219.0,40100.0,853.0,143.0,16.6,201.0,7150.0,2840.0,733.0,38.5,402.0,19.6,3780.0,2320.0,91.8,3850.0
2021-02-18,185.0,64000.0,440000.0,593000.0,127000.0,159000.0,51.6,559000.0,225.0,125000.0,544000.0,404.0,9.86,123000.0,572.0,220.0,39400.0,855.0,143.0,16.5,202.0,7050.0,2820.0,747.0,39.6,404.0,19.9,3620.0,2390.0,93.0,3980.0
2021-02-19,181.0,70600.0,445000.0,580000.0,130000.0,129000.0,57.2,549000.0,223.0,122000.0,542000.0,403.0,10.7,122000.0,580.0,220.0,39000.0,863.0,143.0,15.8,203.0,6970.0,2770.0,734.0,40.4,403.0,20.2,3650.0,2390.0,93.4,3880.0
2021-02-20,184.0,65700.0,450000.0,566000.0,129000.0,122000.0,56.9,532000.0,224.0,109000.0,525000.0,403.0,14.5,119000.0,580.0,220.0,39300.0,877.0,143.0,15.9,205.0,6930.0,2730.0,741.0,43.9,403.0,20.2,3940.0,2400.0,92.9,3680.0
2021-02-21,170.0,60900.0,463000.0,556000.0,123000.0,115000.0,59.2,516000.0,223.0,98100.0,502000.0,404.0,19.5,107000.0,586.0,217.0,39900.0,893.0,143.0,22.6,206.0,6970.0,2720.0,723.0,49.6,404.0,20.4,4670.0,2570.0,93.4,3890.0
2021-02-22,194.0,56700.0,483000.0,553000.0,112000.0,268000.0,59.0,506000.0,230.0,91900.0,507000.0,401.0,37.2,98900.0,598.0,209.0,41100.0,904.0,143.0,93.6,206.0,7120.0,2730.0,719.0,77.6,401.0,20.6,4090.0,2500.0,93.1,4300.0
2021-02-23,278.0,60100.0,499000.0,558000.0,109000.0,268000.0,106.0,498000.0,229.0,95400.0,513000.0,401.0,265.0,100000.0,610.0,207.0,43200.0,912.0,144.0,110.0,207.0,7320.0,2740.0,730.0,111.0,401.0,20.6,4270.0,2590.0,95.5,4460.0
2021-02-24,671.0,76100.0,505000.0,573000.0,114000.0,268000.0,215.0,495000.0,223.0,100000.0,490000.0,422.0,1780.0,108000.0,621.0,218.0,46200.0,918.0,146.0,72.7,206.0,7570.0,2750.0,712.0,130.0,422.0,20.8,4460.0,2610.0,94.8,4240.0
2021-02-25,1970.0,90300.0,515000.0,592000.0,118000.0,268000.0,561.0,496000.0,320.0,153000.0,479000.0,453.0,1130.0,120000.0,633.0,237.0,50500.0,922.0,148.0,48.3,202.0,7680.0,2750.0,715.0,112.0,453.0,20.5,4490.0,2690.0,89.5,3870.0
2021-02-26,1790.0,104000.0,546000.0,610000.0,139000.0,268000.0,298.0,501000.0,693.0,168000.0,479000.0,499.0,452.0,161000.0,643.0,252.0,53500.0,922.0,155.0,34.4,201.0,7680.0,2750.0,733.0,107.0,499.0,20.5,4440.0,2740.0,87.2,3720.0
2021-02-27,1670.0,110000.0,597000.0,630000.0,170000.0,268000.0,571.0,507000.0,736.0,169000.0,480000.0,545.0,389.0,175000.0,656.0,257.0,62300.0,916.0,162.0,29.6,203.0,7630.0,2760.0,732.0,127.0,545.0,20.5,4450.0,2760.0,89.6,4000.0
2021-02-28,2420.0,122000.0,649000.0,657000.0,199000.0,268000.0,1680.0,515000.0,1750.0,179000.0,486000.0,589.0,398.0,189000.0,676.0,250.0,70900.0,899.0,164.0,398.0,204.0,7630.0,2790.0,776.0,304.0,589.0,21.2,4440.0,2810.0,94.1,4020.0
2021-03-01,2900.0,134000.0,747000.0,697000.0,225000.0,268000.0,1270.0,525000.0,2650.0,208000.0,500000.0,647.0,355.0,216000.0,672.0,241.0,88400.0,886.0,171.0,136.0,203.0,8040.0,2820.0,846.0,251.0,647.0,21.1,5160.0,2730.0,96.2,3810.0
2021-03-02,1620.0,146000.0,830000.0,752000.0,242000.0,268000.0,667.0,549000.0,2660.0,231000.0,522000.0,702.0,200.0,237000.0,677.0,270.0,85900.0,885.0,178.0,78.2,200.0,8330.0,2850.0,1010.0,175.0,702.0,20.7,5270.0,2820.0,89.5,3830.0
2021-03-03,1370.0,125000.0,911000.0,820000.0,259000.0,268000.0,739.0,579000.0,2220.0,220000.0,556000.0,750.0,154.0,247000.0,738.0,290.0,85800.0,876.0,185.0,60.6,207.0,8880.0,2960.0,1170.0,265.0,750.0,20.7,4580.0,2860.0,97.2,4140.0
2021-03-04,1220.0,114000.0,984000.0,884000.0,257000.0,268000.0,610.0,612000.0,2120.0,200000.0,600000.0,794.0,131.0,232000.0,796.0,288.0,85500.0,855.0,193.0,50.9,216.0,9150.0,3040.0,1330.0,251.0,794.0,21.0,4990.0,2940.0,116.0,4130.0
2021-03-05,1020.0,127000.0,1040000.0,943000.0,242000.0,268000.0,422.0,643000.0,1710.0,196000.0,642000.0,816.0,106.0,215000.0,883.0,281.0,87900.0,821.0,203.0,41.4,217.0,9770.0,3160.0,1560.0,201.0,816.0,21.3,5250.0,2980.0,121.0,4360.0
2021-03-06,863.0,124000.0,1070000.0,993000.0,233000.0,268000.0,351.0,674000.0,1310.0,196000.0,673000.0,821.0,89.1,210000.0,943.0,312.0,88600.0,782.0,223.0,34.7,213.0,10600.0,3330.0,1770.0,185.0,821.0,22.5,5400.0,3040.0,122.0,4500.0
2021-03-07,773.0,123000.0,1100000.0,1040000.0,229000.0,268000.0,323.0,708000.0,1190.0,196000.0,713000.0,825.0,79.0,207000.0,941.0,364.0,90500.0,744.0,248.0,30.3,219.0,11400.0,3550.0,2010.0,195.0,825.0,27.5,6230.0,3170.0,140.0,4930.0
2021-03-08,710.0,112000.0,1110000.0,1070000.0,227000.0,268000.0,298.0,739000.0,1110.0,197000.0,754000.0,787.0,72.0,209000.0,1220.0,566.0,94600.0,723.0,339.0,27.2,243.0,11200.0,3840.0,2040.0,198.0,787.0,149.0,7600.0,3340.0,182.0,5490.0
2021-03-09,648.0,110000.0,1120000.0,1100000.0,227000.0,268000.0,274.0,765000.0,1010.0,194000.0,773000.0,761.0,66.8,207000.0,1440.0,959.0,103000.0,698.0,505.0,24.1,265.0,11000.0,4170.0,2090.0,157.0,761.0,285.0,8720.0,3720.0,252.0,6380.0
2021-03-10,600.0,124000.0,1130000.0,1130000.0,223000.0,268000.0,245.0,787000.0,904.0,195000.0,790000.0,850.0,62.1,203000.0,1670.0,1310.0,117000.0,660.0,666.0,23.7,300.0,11900.0,4520.0,2680.0,131.0,850.0,404.0,9780.0,4830.0,319.0,7690.0
2021-03-11,559.0,133000.0,1140000.0,1150000.0,223000.0,268000.0,217.0,804000.0,834.0,208000.0,813000.0,1050.0,60.6,211000.0,1920.0,1610.0,129000.0,623.0,734.0,81.2,318.0,12200.0,4860.0,3860.0,105.0,1050.0,319.0,14800.0,7100.0,351.0,9390.0
2021-03-12,481.0,146000.0,1140000.0,1170000.0,263000.0,268000.0,191.0,818000.0,733.0,217000.0,844000.0,967.0,57.5,246000.0,1830.0,1450.0,134000.0,581.0,508.0,120.0,268.0,13400.0,5150.0,5460.0,82.3,967.0,133.0,19000.0,9300.0,266.0,10600.0
2021-03-13,438.0,163000.0,1140000.0,1190000.0,292000.0,268000.0,179.0,832000.0,651.0,228000.0,854000.0,770.0,48.8,253000.0,1470.0,1170.0,139000.0,546.0,427.0,77.2,246.0,16400.0,5290.0,6800.0,73.4,770.0,64.7,21300.0,12100.0,223.0,11300.0
2021-03-14,416.0,174000.0,1140000.0,1200000.0,292000.0,268000.0,157.0,847000.0,609.0,237000.0,859000.0,660.0,43.9,260000.0,1260.0,947.0,135000.0,536.0,390.0,59.0,237.0,18000.0,5350.0,6280.0,67.5,660.0,51.0,19900.0,14600.0,197.0,12000.0
2021-03-15,543.0,184000.0,1140000.0,1220000.0,305000.0,268000.0,185.0,860000.0,667.0,264000.0,883000.0,620.0,85.8,281000.0,1150.0,854.0,134000.0,508.0,376.0,72.1,234.0,18800.0,5420.0,5230.0,134.0,620.0,44.2,18400.0,16000.0,186.0,12300.0
2021-03-16,1000.0,185000.0,1140000.0,1230000.0,336000.0,268000.0,261.0,870000.0,910.0,294000.0,899000.0,598.0,208.0,311000.0,1120.0,793.0,134000.0,478.0,367.0,96.0,234.0,16400.0,5490.0,3990.0,124.0,598.0,39.4,17700.0,15500.0,177.0,12400.0
2021-03-17,962.0,184000.0,1140000.0,1250000.0,369000.0,268000.0,348.0,880000.0,874.0,319000.0,891000.0,584.0,1350.0,337000.0,1050.0,720.0,138000.0,456.0,353.0,238.0,229.0,14100.0,5530.0,3060.0,189.0,584.0,35.5,13900.0,14400.0,168.0,12700.0
2021-03-18,2090.0,233000.0,1130000.0,1270000.0,427000.0,268000.0,1060.0,894000.0,1620.0,397000.0,916000.0,587.0,7340.0,394000.0,1010.0,679.0,150000.0,445.0,367.0,1590.0,227.0,13300.0,5540.0,2560.0,205.0,587.0,38.6,13100.0,12800.0,174.0,12700.0
2021-03-19,2080.0,266000.0,1090000.0,1280000.0,502000.0,275000.0,569.0,904000.0,1880.0,492000.0,923000.0,581.0,4800.0,478000.0,969.0,671.0,147000.0,446.0,386.0,340.0,227.0,12700.0,5580.0,2420.0,124.0,581.0,39.8,11300.0,11200.0,171.0,12100.0
2021-03-20,1400.0,272000.0,1070000.0,1300000.0,564000.0,281000.0,378.0,917000.0,1260.0,529000.0,933000.0,565.0,1070.0,534000.0,958.0,689.0,144000.0,458.0,356.0,168.0,227.0,11400.0,5670.0,2310.0,101.0,565.0,36.1,11200.0,10400.0,161.0,11500.0
2021-03-21,1140.0,278000.0,1060000.0,1310000.0,608000.0,288000.0,310.0,928000.0,1010.0,512000.0,943000.0,555.0,469.0,558000.0,1000.0,745.0,138000.0,496.0,346.0,110.0,227.0,10700.0,5980.0,2220.0,87.9,555.0,33.6,10700.0,9700.0,161.0,11100.0
2021-03-22,977.0,270000.0,1070000.0,1320000.0,618000.0,287000.0,272.0,940000.0,894.0,466000.0,929000.0,565.0,326.0,541000.0,1160.0,837.0,135000.0,526.0,339.0,79.5,230.0,9070.0,7020.0,2100.0,78.4,565.0,33.3,12200.0,9540.0,160.0,10900.0
2021-03-23,869.0,249000.0,1080000.0,1320000.0,588000.0,289000.0,254.0,963000.0,825.0,417000.0,934000.0,586.0,258.0,502000.0,1270.0,895.0,136000.0,529.0,342.0,71.0,233.0,9020.0,7610.0,2150.0,120.0,586.0,35.2,12900.0,9910.0,166.0,11500.0
2021-03-24,942.0,235000.0,1100000.0,1330000.0,536000.0,291000.0,349.0,983000.0,871.0,380000.0,955000.0,664.0,817.0,459000.0,1290.0,930.0,131000.0,557.0,423.0,69.3,245.0,9270.0,8110.0,2370.0,123.0,664.0,151.0,14700.0,11100.0,221.0,12300.0
2021-03-25,865.0,228000.0,1130000.0,1330000.0,488000.0,296000.0,295.0,991000.0,888.0,355000.0,976000.0,769.0,478.0,420000.0,1310.0,992.0,133000.0,577.0,396.0,67.2,242.0,10100.0,8580.0,2760.0,100.0,769.0,204.0,18500.0,13300.0,208.0,13100.0
2021-03-26,889.0,228000.0,1150000.0,1340000.0,454000.0,295000.0,526.0,992000.0,863.0,346000.0,977000.0,723.0,1200.0,399000.0,1490.0,1130.0,126000.0,570.0,412.0,117.0,234.0,12100.0,8690.0,3700.0,112.0,723.0,79.9,24000.0,14900.0,217.0,14000.0
2021-03-27,957.0,232000.0,1160000.0,1350000.0,430000.0,296000.0,378.0,991000.0,1060.0,356000.0,962000.0,644.0,616.0,390000.0,1480.0,1120.0,133000.0,584.0,399.0,76.5,234.0,11500.0,8850.0,3960.0,134.0,644.0,50.8,24400.0,15500.0,216.0,14000.0
2021-03-28,879.0,231000.0,1180000.0,1360000.0,426000.0,295000.0,307.0,996000.0,921.0,371000.0,981000.0,627.0,364.0,401000.0,1390.0,1070.0,138000.0,602.0,401.0,73.5,237.0,12200.0,9120.0,3600.0,103.0,627.0,48.3,19100.0,15300.0,215.0,14700.0
2021-03-29,767.0,230000.0,1170000.0,1370000.0,430000.0,294000.0,266.0,1000000.0,815.0,378000.0,974000.0,622.0,248.0,410000.0,1320.0,1040.0,135000.0,606.0,373.0,52.6,232.0,12800.0,8920.0,3220.0,88.1,622.0,50.9,16000.0,15000.0,202.0,15000.0
2021-03-30,712.0,231000.0,1150000.0,1390000.0,432000.0,294000.0,242.0,1010000.0,746.0,384000.0,987000.0,598.0,198.0,415000.0,1260.0,1050.0,139000.0,605.0,363.0,45.4,228.0,13200.0,9070.0,3210.0,79.7,598.0,43.5,16000.0,14800.0,195.0,15200.0
2021-03-31,621.0,230000.0,1150000.0,1400000.0,437000.0,290000.0,209.0,1030000.0,685.0,388000.0,994000.0,572.0,159.0,417000.0,1200.0,968.0,134000.0,564.0,342.0,39.6,224.0,10900.0,9140.0,2820.0,68.6,572.0,37.4,13600.0,13800.0,181.0,15400.0
2021-04-01,552.0,226000.0,1150000.0,1410000.0,440000.0,287000.0,196.0,1040000.0,621.0,381000.0,988000.0,546.0,124.0,415000.0,1140.0,880.0,136000.0,536.0,329.0,34.3,221.0,10400.0,9210.0,2560.0,63.1,546.0,31.8,11600.0,12300.0,171.0,14900.0
2021-04-02,519.0,218000.0,1150000.0,1410000.0,434000.0,292000.0,189.0,1060000.0,585.0,360000.0,1020000.0,527.0,106.0,402000.0,1080.0,810.0,137000.0,511.0,322.0,31.4,220.0,9270.0,8570.0,2200.0,60.7,527.0,28.7,9990.0,10800.0,165.0,14800.0
2021-04-03,505.0,212000.0,1160000.0,1420000.0,411000.0,301000.0,178.0,1060000.0,564.0,343000.0,1030000.0,518.0,100.0,383000.0,1040.0,761.0,137000.0,487.0,321.0,29.6,219.0,9240.0,9150.0,2040.0,58.9,518.0,27.6,8830.0,9950.0,164.0,14300.0
2021-04-04,481.0,210000.0,1180000.0,1420000.0,391000.0,307000.0,178.0,1060000.0,547.0,333000.0,1030000.0,516.0,98.0,368000.0,1020.0,725.0,133000.0,467.0,315.0,26.5,217.0,9280.0,8810.0,1880.0,55.8,516.0,26.6,8860.0,8810.0,158.0,14300.0
2021-04-05,457.0,202000.0,1190000.0,1420000.0,376000.0,313000.0,169.0,1060000.0,524.0,325000.0,1040000.0,516.0,93.3,357000.0,996.0,698.0,132000.0,458.0,322.0,25.5,217.0,8600.0,8640.0,1720.0,53.6,516.0,26.2,8220.0,8130.0,159.0,13700.0
2021-04-06,437.0,185000.0,1210000.0,1410000.0,364000.0,311000.0,161.0,1060000.0,507.0,314000.0,1040000.0,521.0,90.2,347000.0,975.0,667.0,133000.0,446.0,314.0,24.2,216.0,7460.0,8410.0,1610.0,51.1,521.0,27.8,8630.0,7690.0,155.0,13300.0
2021-04-07,432.0,183000.0,1220000.0,1410000.0,350000.0,305000.0,170.0,1050000.0,499.0,302000.0,1040000.0,533.0,294.0,333000.0,954.0,643.0,132000.0,479.0,307.0,65.8,210.0,7390.0,9060.0,1570.0,62.3,533.0,273.0,8670.0,8300.0,152.0,13600.0
2021-04-08,1070.0,208000.0,1220000.0,1410000.0,339000.0,301000.0,447.0,1060000.0,630.0,308000.0,1040000.0,548.0,4420.0,326000.0,940.0,630.0,135000.0,770.0,309.0,301.0,211.0,7410.0,11000.0,1600.0,85.7,548.0,138.0,13100.0,10200.0,153.0,15500.0
2021-04-09,1230.0,217000.0,1210000.0,1410000.0,341000.0,302000.0,327.0,1060000.0,854.0,328000.0,1030000.0,605.0,1700.0,338000.0,931.0,613.0,129000.0,973.0,315.0,114.0,212.0,7550.0,13300.0,1710.0,63.7,605.0,98.8,18500.0,11500.0,157.0,18000.0
2021-04-10,1870.0,217000.0,1190000.0,1420000.0,355000.0,299000.0,1730.0,1070000.0,1350.0,346000.0,1050000.0,659.0,4470.0,357000.0,910.0,590.0,132000.0,1170.0,310.0,539.0,211.0,9370.0,15300.0,2400.0,770.0,659.0,171.0,20300.0,12800.0,156.0,20700.0
2021-04-11,4970.0,235000.0,1140000.0,1420000.0,371000.0,300000.0,4550.0,1070000.0,4410.0,377000.0,1060000.0,651.0,8580.0,376000.0,892.0,586.0,161000.0,1240.0,340.0,289.0,212.0,11400.0,16900.0,3040.0,821.0,651.0,85.3,21300.0,13700.0,176.0,22600.0
2021-04-12,5480.0,266000.0,1070000.0,1410000.0,401000.0,295000.0,1870.0,1070000.0,4800.0,443000.0,1050000.0,606.0,2420.0,420000.0,868.0,555.0,172000.0,1290.0,314.0,128.0,209.0,12600.0,17400.0,3320.0,251.0,606.0,55.3,20200.0,14800.0,158.0,24300.0
2021-04-13,3220.0,276000.0,1010000.0,1390000.0,450000.0,295000.0,775.0,1070000.0,7260.0,477000.0,1040000.0,591.0,634.0,467000.0,840.0,530.0,169000.0,1340.0,296.0,80.7,205.0,12500.0,17700.0,3690.0,157.0,591.0,48.3,18200.0,15000.0,146.0,25400.0
2021-04-14,1710.0,280000.0,962000.0,1360000.0,490000.0,296000.0,458.0,1080000.0,6140.0,476000.0,1080000.0,557.0,379.0,491000.0,821.0,512.0,159000.0,1370.0,289.0,59.5,204.0,13500.0,18100.0,3900.0,120.0,557.0,44.1,19300.0,15900.0,139.0,26200.0
2021-04-15,1310.0,270000.0,928000.0,1340000.0,503000.0,288000.0,361.0,1090000.0,2620.0,451000.0,1080000.0,533.0,272.0,488000.0,808.0,496.0,148000.0,1380.0,288.0,48.5,204.0,13800.0,18300.0,3760.0,103.0,533.0,39.7,19500.0,16600.0,135.0,26700.0
2021-04-16,1120.0,252000.0,910000.0,1310000.0,490000.0,284000.0,316.0,1090000.0,1320.0,412000.0,1090000.0,518.0,213.0,463000.0,795.0,482.0,139000.0,1370.0,285.0,42.9,204.0,16200.0,18100.0,3220.0,94.5,518.0,35.9,19300.0,16100.0,131.0,26800.0
2021-04-17,990.0,233000.0,891000.0,1270000.0,455000.0,276000.0,286.0,1090000.0,1060.0,374000.0,1070000.0,508.0,182.0,424000.0,778.0,467.0,133000.0,1350.0,282.0,38.4,202.0,16500.0,18100.0,2650.0,85.0,508.0,32.6,17000.0,15200.0,128.0,26400.0
2021-04-18,884.0,218000.0,862000.0,1240000.0,411000.0,266000.0,260.0,1070000.0,925.0,336000.0,1060000.0,499.0,160.0,382000.0,772.0,451.0,130000.0,1320.0,277.0,33.5,201.0,16200.0,17600.0,2280.0,76.9,499.0,30.4,13500.0,13900.0,126.0,25900.0
2021-04-19,790.0,196000.0,824000.0,1200000.0,365000.0,262000.0,239.0,1050000.0,816.0,305000.0,1040000.0,499.0,138.0,341000.0,756.0,445.0,129000.0,1310.0,275.0,29.7,201.0,13900.0,17300.0,2050.0,72.3,499.0,29.8,13500.0,12200.0,124.0,24700.0
2021-04-20,713.0,167000.0,772000.0,1160000.0,326000.0,260000.0,225.0,1030000.0,749.0,292000.0,1020000.0,494.0,126.0,308000.0,744.0,437.0,130000.0,1280.0,272.0,29.6,200.0,13100.0,16600.0,1850.0,67.3,494.0,28.4,13200.0,10500.0,122.0,23600.0
2021-04-21,654.0,163000.0,703000.0,1120000.0,306000.0,255000.0,208.0,1010000.0,692.0,287000.0,1000000.0,491.0,122.0,295000.0,735.0,430.0,129000.0,1240.0,270.0,32.5,200.0,12300.0,16400.0,1640.0,63.2,491.0,27.0,10200.0,9400.0,121.0,22600.0
2021-04-22,606.0,167000.0,636000.0,1090000.0,298000.0,252000.0,196.0,985000.0,648.0,282000.0,974000.0,483.0,108.0,291000.0,735.0,418.0,131000.0,1200.0,268.0,27.0,199.0,10800.0,15800.0,1500.0,60.3,483.0,26.3,11200.0,8590.0,120.0,21900.0
2021-04-23,570.0,165000.0,587000.0,1060000.0,293000.0,253000.0,188.0,960000.0,610.0,273000.0,927000.0,478.0,96.9,283000.0,732.0,405.0,131000.0,1160.0,266.0,24.8,199.0,10200.0,15500.0,1430.0,58.1,478.0,26.1,9800.0,7880.0,119.0,21200.0
2021-04-24,543.0,182000.0,550000.0,1020000.0,288000.0,244000.0,185.0,949000.0,580.0,266000.0,917000.0,479.0,96.2,278000.0,727.0,399.0,131000.0,1120.0,266.0,421.0,199.0,8870.0,15000.0,1450.0,56.3,479.0,26.1,9890.0,7220.0,119.0,20400.0
2021-04-25,506.0,199000.0,524000.0,985000.0,291000.0,227000.0,170.0,938000.0,550.0,282000.0,915000.0,478.0,92.0,286000.0,719.0,395.0,129000.0,1070.0,262.0,205.0,199.0,8220.0,14500.0,1410.0,52.7,478.0,25.4,8920.0,6670.0,116.0,19900.0
2021-04-26,477.0,193000.0,511000.0,939000.0,302000.0,207000.0,162.0,912000.0,513.0,286000.0,893000.0,474.0,85.6,303000.0,714.0,390.0,127000.0,1050.0,261.0,103.0,199.0,8390.0,14300.0,1380.0,52.6,474.0,25.8,8270.0,6500.0,117.0,19100.0
2021-04-27,465.0,186000.0,498000.0,894000.0,308000.0,194000.0,155.0,876000.0,491.0,272000.0,872000.0,475.0,81.8,299000.0,711.0,380.0,120000.0,1030.0,263.0,72.5,201.0,7750.0,14000.0,1380.0,50.7,475.0,26.1,8490.0,6810.0,118.0,19000.0
2021-04-28,451.0,171000.0,486000.0,850000.0,296000.0,179000.0,157.0,837000.0,471.0,260000.0,825000.0,510.0,154.0,283000.0,732.0,360.0,117000.0,998.0,256.0,63.5,207.0,8210.0,13700.0,1360.0,46.8,510.0,27.2,9510.0,7590.0,114.0,18400.0
2021-04-29,577.0,179000.0,499000.0,806000.0,296000.0,164000.0,165.0,801000.0,472.0,258000.0,787000.0,515.0,1130.0,283000.0,722.0,350.0,114000.0,968.0,255.0,209.0,199.0,8150.0,13600.0,1350.0,40.0,515.0,27.6,10800.0,7760.0,113.0,17800.0
2021-04-30,544.0,194000.0,513000.0,764000.0,302000.0,146000.0,144.0,769000.0,453.0,287000.0,759000.0,501.0,328.0,296000.0,702.0,341.0,108000.0,940.0,251.0,90.5,194.0,8490.0,13000.0,1360.0,37.0,501.0,26.7,11400.0,7480.0,109.0,18000.0
2021-05-01,457.0,186000.0,524000.0,738000.0,317000.0,129000.0,128.0,741000.0,413.0,298000.0,712000.0,477.0,182.0,321000.0,695.0,329.0,100000.0,932.0,251.0,60.7,195.0,9120.0,12800.0,1320.0,36.2,477.0,25.4,10400.0,6940.0,108.0,16800.0
2021-05-02,436.0,170000.0,550000.0,744000.0,327000.0,119000.0,130.0,718000.0,396.0,285000.0,675000.0,471.0,139.0,316000.0,694.0,323.0,100000.0,935.0,255.0,46.1,196.0,8080.0,12100.0,1350.0,35.8,471.0,24.7,9610.0,6370.0,109.0,16500.0
2021-05-03,426.0,133000.0,594000.0,773000.0,315000.0,112000.0,136.0,700000.0,391.0,262000.0,650000.0,547.0,122.0,296000.0,827.0,356.0,96600.0,936.0,265.0,40.3,277.0,9470.0,11500.0,1500.0,92.8,547.0,24.2,9130.0,6110.0,131.0,16100.0
2021-05-04,544.0,117000.0,643000.0,804000.0,296000.0,107000.0,132.0,695000.0,405.0,235000.0,650000.0,599.0,143.0,266000.0,828.0,547.0,99300.0,940.0,282.0,34.6,234.0,9800.0,10900.0,1720.0,55.6,599.0,23.6,9060.0,5720.0,149.0,15300.0
2021-05-05,482.0,117000.0,674000.0,831000.0,277000.0,107000.0,122.0,704000.0,373.0,224000.0,657000.0,615.0,115.0,245000.0,763.0,538.0,98700.0,975.0,249.0,34.3,212.0,10500.0,10400.0,2200.0,38.9,615.0,23.5,8650.0,5720.0,116.0,14800.0
2021-05-06,418.0,123000.0,693000.0,854000.0,255000.0,113000.0,114.0,710000.0,342.0,224000.0,658000.0,552.0,84.8,233000.0,748.0,528.0,99600.0,1010.0,251.0,31.7,210.0,12200.0,9640.0,2130.0,36.1,552.0,23.8,7850.0,5500.0,117.0,13400.0
2021-05-07,395.0,111000.0,715000.0,875000.0,247000.0,113000.0,112.0,716000.0,327.0,229000.0,664000.0,508.0,73.8,235000.0,728.0,495.0,95900.0,1030.0,248.0,27.6,205.0,13100.0,8700.0,1950.0,34.4,508.0,23.3,7560.0,5160.0,112.0,12900.0
2021-05-08,379.0,99800.0,730000.0,895000.0,247000.0,126000.0,109.0,722000.0,317.0,218000.0,661000.0,490.0,64.8,233000.0,709.0,471.0,97000.0,1050.0,243.0,22.0,201.0,12400.0,8540.0,1800.0,42.2,490.0,22.6,7380.0,4780.0,108.0,12200.0
2021-05-09,1790.0,88400.0,749000.0,912000.0,239000.0,139000.0,879.0,727000.0,789.0,207000.0,676000.0,478.0,934.0,219000.0,698.0,452.0,107000.0,1050.0,246.0,30.3,200.0,12100.0,7880.0,1560.0,316.0,478.0,22.3,7280.0,4610.0,108.0,11600.0
2021-05-10,3080.0,125000.0,772000.0,931000.0,227000.0,144000.0,568.0,742000.0,1640.0,206000.0,703000.0,467.0,878.0,210000.0,684.0,434.0,127000.0,1060.0,242.0,28.1,199.0,9220.0,7090.0,1350.0,108.0,467.0,22.0,7240.0,4140.0,101.0,11000.0
2021-05-11,1780.0,185000.0,787000.0,944000.0,221000.0,146000.0,351.0,754000.0,1090.0,229000.0,715000.0,457.0,305.0,215000.0,668.0,416.0,123000.0,1060.0,237.0,27.4,198.0,8480.0,6690.0,1220.0,78.4,457.0,21.7,6930.0,4060.0,97.0,10300.0
2021-05-12,1210.0,207000.0,786000.0,957000.0,234000.0,147000.0,279.0,771000.0,803.0,259000.0,724000.0,450.0,182.0,243000.0,662.0,399.0,105000.0,1050.0,233.0,21.8,196.0,8400.0,6390.0,1160.0,66.5,450.0,21.3,6480.0,3870.0,95.5,9630.0
2021-05-13,993.0,178000.0,762000.0,972000.0,262000.0,145000.0,246.0,781000.0,686.0,263000.0,731000.0,444.0,131.0,268000.0,658.0,382.0,96000.0,1050.0,233.0,18.2,196.0,8490.0,6000.0,1130.0,59.6,444.0,21.2,6060.0,3900.0,94.4,9450.0
2021-05-14,850.0,129000.0,728000.0,983000.0,271000.0,146000.0,221.0,787000.0,613.0,247000.0,737000.0,441.0,105.0,261000.0,656.0,366.0,88200.0,1050.0,233.0,17.2,196.0,8370.0,5590.0,1130.0,55.2,441.0,21.3,5990.0,3680.0,93.8,8930.0
2021-05-15,918.0,112000.0,698000.0,983000.0,259000.0,148000.0,219.0,791000.0,578.0,239000.0,749000.0,440.0,116.0,248000.0,653.0,361.0,82500.0,1060.0,235.0,16.4,197.0,7390.0,5810.0,1110.0,93.4,440.0,22.3,5570.0,3630.0,95.5,8590.0
2021-05-16,1340.0,91300.0,677000.0,976000.0,249000.0,149000.0,222.0,795000.0,573.0,230000.0,747000.0,442.0,341.0,240000.0,663.0,354.0,84200.0,1060.0,239.0,17.0,199.0,7480.0,5550.0,1030.0,57.6,442.0,24.1,5120.0,3510.0,97.6,8390.0
2021-05-17,1350.0,143000.0,661000.0,966000.0,242000.0,152000.0,328.0,802000.0,595.0,240000.0,747000.0,442.0,1440.0,237000.0,655.0,352.0,85100.0,1050.0,234.0,20.8,197.0,6070.0,5470.0,989.0,98.5,442.0,23.1,5510.0,3570.0,94.8,8340.0
2021-05-18,2800.0,207000.0,642000.0,951000.0,249000.0,153000.0,706.0,814000.0,999.0,277000.0,771000.0,439.0,6480.0,258000.0,651.0,424.0,95400.0,1040.0,236.0,77.7,198.0,6960.0,5620.0,940.0,198.0,439.0,22.2,5430.0,3420.0,96.8,8000.0
2021-05-19,5160.0,230000.0,617000.0,933000.0,282000.0,153000.0,1270.0,806000.0,1910.0,335000.0,740000.0,443.0,4290.0,305000.0,668.0,416.0,103000.0,1040.0,255.0,61.3,203.0,7460.0,5300.0,925.0,158.0,443.0,22.4,5300.0,3440.0,107.0,8050.0
2021-05-20,5360.0,230000.0,592000.0,916000.0,340000.0,154000.0,563.0,808000.0,1920.0,386000.0,735000.0,480.0,1300.0,372000.0,690.0,414.0,94800.0,1050.0,243.0,43.8,207.0,8720.0,5460.0,927.0,108.0,480.0,24.6,5780.0,3600.0,102.0,8490.0
2021-05-21,2780.0,214000.0,577000.0,899000.0,394000.0,155000.0,388.0,813000.0,1310.0,379000.0,749000.0,544.0,451.0,400000.0,727.0,415.0,88900.0,1060.0,240.0,33.2,210.0,7560.0,5040.0,953.0,89.1,544.0,308.0,7280.0,4300.0,102.0,8590.0
2021-05-22,1570.0,180000.0,581000.0,884000.0,400000.0,154000.0,320.0,798000.0,986.0,343000.0,759000.0,557.0,305.0,383000.0,727.0,485.0,82000.0,1060.0,235.0,23.4,204.0,7750.0,5390.0,978.0,76.7,557.0,300.0,9600.0,4670.0,98.7,8580.0
2021-05-23,1250.0,145000.0,593000.0,867000.0,369000.0,157000.0,285.0,779000.0,839.0,325000.0,747000.0,532.0,236.0,354000.0,747.0,609.0,82500.0,1060.0,233.0,18.2,202.0,7760.0,5460.0,1060.0,69.3,532.0,90.5,14100.0,4850.0,99.0,8510.0
2021-05-24,1080.0,134000.0,595000.0,853000.0,345000.0,153000.0,259.0,758000.0,743.0,324000.0,722000.0,580.0,193.0,339000.0,873.0,667.0,78100.0,1070.0,245.0,17.5,199.0,7770.0,5260.0,1350.0,64.0,580.0,63.6,14700.0,4690.0,99.9,8300.0
2021-05-25,961.0,162000.0,574000.0,844000.0,338000.0,146000.0,235.0,742000.0,674.0,321000.0,695000.0,593.0,167.0,335000.0,966.0,646.0,81400.0,1080.0,232.0,15.8,198.0,7840.0,5010.0,2560.0,59.4,593.0,54.6,13600.0,4720.0,95.6,8150.0
2021-05-26,1020.0,159000.0,544000.0,844000.0,333000.0,135000.0,377.0,730000.0,657.0,312000.0,693000.0,852.0,175.0,328000.0,1030.0,615.0,86600.0,1070.0,226.0,15.0,195.0,8690.0,5110.0,3220.0,124.0,852.0,39.0,13600.0,4530.0,94.5,8100.0
2021-05-27,1180.0,164000.0,518000.0,834000.0,324000.0,132000.0,319.0,724000.0,832.0,301000.0,680000.0,882.0,148.0,315000.0,1030.0,586.0,87900.0,1060.0,227.0,620.0,205.0,9420.0,4800.0,4050.0,75.8,882.0,35.6,14400.0,4760.0,94.7,8070.0
2021-05-28,945.0,176000.0,501000.0,819000.0,316000.0,130000.0,274.0,719000.0,729.0,296000.0,677000.0,1010.0,386.0,309000.0,1110.0,612.0,95200.0,1050.0,263.0,158.0,230.0,11200.0,4670.0,4860.0,65.6,1010.0,92.4,15700.0,4560.0,111.0,7930.0
2021-05-29,805.0,175000.0,494000.0,796000.0,310000.0,131000.0,241.0,712000.0,642.0,286000.0,667000.0,1010.0,374.0,296000.0,1300.0,666.0,92700.0,1040.0,245.0,66.0,218.0,13500.0,4270.0,5700.0,51.8,1010.0,76.5,16000.0,4200.0,101.0,7750.0
2021-05-30,712.0,185000.0,491000.0,772000.0,300000.0,132000.0,222.0,705000.0,571.0,292000.0,665000.0,794.0,167.0,292000.0,1500.0,797.0,89800.0,1040.0,230.0,39.7,211.0,14600.0,4320.0,6890.0,43.2,794.0,47.2,14000.0,3850.0,94.9,7180.0
2021-05-31,658.0,144000.0,475000.0,752000.0,302000.0,130000.0,207.0,692000.0,524.0,302000.0,641000.0,659.0,124.0,300000.0,1390.0,779.0,90800.0,1030.0,226.0,28.0,208.0,14800.0,4330.0,6110.0,38.4,659.0,37.0,12000.0,3800.0,93.3,7070.0
2021-06-01,627.0,115000.0,464000.0,741000.0,310000.0,115000.0,197.0,680000.0,494.0,299000.0,629000.0,605.0,112.0,304000.0,1290.0,727.0,98600.0,1020.0,222.0,22.4,205.0,12200.0,4190.0,4380.0,34.3,605.0,32.0,11000.0,3850.0,91.6,7140.0
2021-06-02,588.0,124000.0,462000.0,739000.0,312000.0,99100.0,188.0,673000.0,464.0,288000.0,627000.0,569.0,102.0,295000.0,1200.0,676.0,101000.0,1000.0,218.0,21.5,201.0,10600.0,3800.0,3190.0,30.6,569.0,29.3,9890.0,3800.0,90.8,7240.0
2021-06-03,548.0,149000.0,473000.0,733000.0,308000.0,99400.0,176.0,669000.0,436.0,281000.0,634000.0,540.0,91.2,288000.0,1120.0,629.0,95000.0,967.0,217.0,18.9,198.0,10200.0,4100.0,2420.0,26.4,540.0,27.5,8450.0,3710.0,90.0,6760.0
2021-06-04,503.0,136000.0,493000.0,722000.0,301000.0,98400.0,161.0,665000.0,406.0,272000.0,630000.0,516.0,80.8,279000.0,1060.0,584.0,97200.0,969.0,213.0,18.8,194.0,9490.0,4020.0,2020.0,22.0,516.0,26.4,8020.0,3570.0,87.5,6540.0
2021-06-05,466.0,117000.0,506000.0,718000.0,289000.0,97100.0,149.0,659000.0,377.0,262000.0,614000.0,498.0,70.2,267000.0,1010.0,545.0,95800.0,969.0,209.0,14.8,192.0,9800.0,3330.0,1790.0,18.8,498.0,25.5,7470.0,3450.0,85.3,6370.0
2021-06-06,438.0,109000.0,515000.0,722000.0,278000.0,98200.0,145.0,659000.0,357.0,255000.0,612000.0,480.0,62.2,257000.0,949.0,510.0,94000.0,959.0,208.0,12.6,190.0,10000.0,3540.0,1580.0,16.1,480.0,24.6,6690.0,3270.0,84.3,5890.0
2021-06-07,415.0,106000.0,520000.0,729000.0,270000.0,97800.0,149.0,657000.0,341.0,249000.0,609000.0,466.0,56.1,250000.0,908.0,482.0,89500.0,954.0,207.0,14.4,188.0,8640.0,3350.0,1350.0,17.7,466.0,24.2,6460.0,2910.0,84.1,5530.0
2021-06-08,410.0,81100.0,523000.0,740000.0,265000.0,96900.0,160.0,651000.0,405.0,239000.0,600000.0,455.0,56.8,243000.0,870.0,459.0,81900.0,941.0,206.0,15.2,187.0,7330.0,3320.0,1240.0,24.2,455.0,24.0,6960.0,2850.0,83.3,5400.0
2021-06-09,402.0,77200.0,520000.0,753000.0,255000.0,96900.0,148.0,649000.0,492.0,227000.0,606000.0,447.0,52.6,231000.0,837.0,436.0,74900.0,908.0,204.0,12.6,185.0,7020.0,3010.0,1180.0,17.2,447.0,23.9,5820.0,2570.0,81.3,5080.0
2021-06-10,375.0,74000.0,510000.0,777000.0,243000.0,104000.0,134.0,651000.0,413.0,217000.0,606000.0,448.0,45.5,220000.0,803.0,418.0,69200.0,885.0,203.0,11.0,184.0,6600.0,3320.0,1080.0,19.2,448.0,23.5,5450.0,2640.0,80.3,4990.0
2021-06-11,361.0,70600.0,518000.0,808000.0,232000.0,124000.0,128.0,655000.0,366.0,203000.0,606000.0,438.0,41.4,208000.0,781.0,402.0,68700.0,858.0,202.0,9.87,183.0,6220.0,2820.0,948.0,14.5,438.0,22.8,5650.0,2520.0,79.3,5060.0
2021-06-12,348.0,78500.0,525000.0,823000.0,219000.0,131000.0,116.0,660000.0,345.0,197000.0,614000.0,429.0,38.5,197000.0,754.0,385.0,67900.0,829.0,199.0,9.0,182.0,7640.0,2510.0,922.0,12.6,429.0,22.6,5470.0,2260.0,78.0,4860.0
2021-06-13,320.0,83000.0,525000.0,829000.0,211000.0,127000.0,109.0,668000.0,315.0,195000.0,622000.0,419.0,34.6,192000.0,736.0,363.0,64900.0,812.0,195.0,8.22,180.0,6850.0,2200.0,943.0,10.7,419.0,22.1,5920.0,2230.0,75.7,4200.0
2021-06-14,301.0,84400.0,527000.0,829000.0,206000.0,125000.0,103.0,678000.0,292.0,190000.0,634000.0,412.0,30.3,187000.0,718.0,347.0,59900.0,794.0,193.0,9.57,180.0,7690.0,1960.0,943.0,9.92,412.0,21.6,5780.0,1990.0,75.1,3870.0
2021-06-15,291.0,74200.0,528000.0,825000.0,201000.0,123000.0,97.9,686000.0,276.0,183000.0,635000.0,404.0,26.6,183000.0,699.0,331.0,57500.0,759.0,191.0,10.5,179.0,9640.0,2260.0,1060.0,9.24,404.0,21.5,5480.0,1950.0,74.1,3240.0
2021-06-16,277.0,76900.0,523000.0,815000.0,194000.0,127000.0,93.4,690000.0,261.0,176000.0,643000.0,399.0,23.9,173000.0,687.0,318.0,53900.0,716.0,190.0,8.89,178.0,10400.0,2150.0,1000.0,8.41,399.0,21.5,4940.0,1950.0,72.8,3160.0
2021-06-17,268.0,74200.0,510000.0,804000.0,186000.0,130000.0,87.4,690000.0,250.0,169000.0,637000.0,408.0,22.2,168000.0,676.0,308.0,51000.0,665.0,191.0,8.8,180.0,8020.0,1880.0,930.0,8.02,408.0,21.6,4590.0,1940.0,74.1,3400.0
2021-06-18,265.0,73400.0,493000.0,794000.0,180000.0,130000.0,87.1,689000.0,242.0,166000.0,635000.0,583.0,20.7,161000.0,713.0,341.0,49700.0,600.0,212.0,7.81,193.0,8850.0,1760.0,999.0,12.3,583.0,21.4,4560.0,1990.0,93.7,3130.0
2021-06-19,2560.0,70300.0,475000.0,783000.0,174000.0,131000.0,81.3,689000.0,252.0,157000.0,658000.0,466.0,275.0,156000.0,671.0,306.0,50800.0,549.0,207.0,15.8,184.0,9040.0,1950.0,917.0,8.29,466.0,21.1,4540.0,1990.0,83.7,2970.0
2021-06-20,1760.0,88600.0,460000.0,767000.0,167000.0,132000.0,82.3,682000.0,233.0,168000.0,648000.0,438.0,319.0,150000.0,652.0,292.0,58100.0,526.0,201.0,17.2,182.0,8020.0,1920.0,933.0,10.4,438.0,23.1,4690.0,2030.0,80.1,2860.0
2021-06-21,985.0,86600.0,441000.0,747000.0,169000.0,135000.0,84.8,673000.0,231.0,176000.0,644000.0,466.0,95.7,159000.0,685.0,320.0,54700.0,517.0,219.0,41.4,187.0,7760.0,2190.0,928.0,14.3,466.0,26.1,5820.0,2150.0,88.6,2950.0
2021-06-22,719.0,89100.0,421000.0,726000.0,177000.0,138000.0,69.9,665000.0,225.0,178000.0,638000.0,441.0,60.9,163000.0,672.0,301.0,55200.0,474.0,197.0,16.2,182.0,6770.0,1950.0,873.0,8.03,441.0,24.1,6050.0,2240.0,78.0,3210.0
2021-06-23,1030.0,83000.0,415000.0,696000.0,181000.0,137000.0,83.8,655000.0,238.0,187000.0,628000.0,422.0,39.6,170000.0,650.0,285.0,54900.0,430.0,193.0,11.1,180.0,6560.0,1950.0,825.0,95.3,422.0,23.0,5640.0,2310.0,76.5,3000.0
2021-06-24,959.0,82500.0,423000.0,667000.0,188000.0,134000.0,77.4,641000.0,233.0,173000.0,611000.0,414.0,30.5,173000.0,638.0,279.0,59100.0,399.0,193.0,10.0,179.0,6250.0,2250.0,786.0,15.0,414.0,22.7,5480.0,2500.0,76.7,2770.0
2021-06-25,3600.0,112000.0,431000.0,639000.0,184000.0,126000.0,1660.0,626000.0,491.0,172000.0,597000.0,415.0,966.0,162000.0,625.0,274.0,61600.0,343.0,195.0,178.0,178.0,7360.0,2050.0,1040.0,65.6,415.0,22.1,5400.0,2420.0,78.2,2990.0
2021-06-26,6460.0,225000.0,432000.0,615000.0,179000.0,123000.0,1810.0,611000.0,1800.0,286000.0,578000.0,424.0,1060.0,184000.0,700.0,419.0,83700.0,293.0,199.0,827.0,199.0,7850.0,1580.0,1850.0,39.9,424.0,22.4,5960.0,2390.0,81.4,3080.0
2021-06-27,5890.0,257000.0,434000.0,600000.0,274000.0,120000.0,583.0,595000.0,1960.0,457000.0,563000.0,473.0,337.0,363000.0,881.0,494.0,85100.0,291.0,199.0,415.0,258.0,7880.0,1690.0,2440.0,14.2,473.0,25.6,7040.0,2270.0,81.1,2810.0
2021-06-28,2620.0,228000.0,432000.0,590000.0,434000.0,117000.0,363.0,577000.0,1340.0,492000.0,555000.0,602.0,269.0,460000.0,783.0,572.0,81600.0,284.0,191.0,387.0,217.0,8400.0,1870.0,2970.0,14.4,602.0,32.9,6520.0,2460.0,77.3,2700.0
2021-06-29,1580.0,205000.0,432000.0,580000.0,497000.0,112000.0,303.0,561000.0,964.0,482000.0,548000.0,826.0,541.0,489000.0,770.0,776.0,81300.0,274.0,204.0,213.0,216.0,10200.0,1730.0,3980.0,14.5,826.0,28.3,6580.0,2330.0,101.0,2970.0
2021-06-30,1360.0,216000.0,489000.0,577000.0,516000.0,108000.0,263.0,547000.0,829.0,469000.0,541000.0,643.0,1170.0,490000.0,751.0,687.0,77900.0,265.0,203.0,198.0,214.0,11200.0,1630.0,4360.0,20.4,643.0,25.4,6490.0,2300.0,96.5,2910.0
2021-07-01,1440.0,233000.0,560000.0,578000.0,516000.0,108000.0,228.0,536000.0,700.0,470000.0,526000.0,535.0,1580.0,487000.0,724.0,719.0,77400.0,262.0,194.0,1380.0,202.0,12000.0,1400.0,5070.0,10.6,535.0,23.9,7480.0,2310.0,81.5,2700.0
2021-07-02,1100.0,233000.0,611000.0,597000.0,516000.0,114000.0,199.0,527000.0,580.0,483000.0,515000.0,478.0,814.0,492000.0,691.0,668.0,74200.0,254.0,185.0,241.0,196.0,14100.0,1410.0,5180.0,8.0,478.0,22.8,7770.0,2350.0,74.9,2560.0
2021-07-03,930.0,202000.0,638000.0,632000.0,521000.0,125000.0,182.0,524000.0,494.0,464000.0,504000.0,446.0,187.0,494000.0,660.0,584.0,68700.0,248.0,182.0,102.0,192.0,15900.0,1410.0,3720.0,7.14,446.0,22.3,6290.0,2240.0,72.7,2390.0
2021-07-04,815.0,187000.0,665000.0,679000.0,515000.0,135000.0,167.0,526000.0,443.0,420000.0,507000.0,428.0,113.0,472000.0,651.0,521.0,64300.0,245.0,181.0,64.3,191.0,15100.0,1250.0,2650.0,6.67,428.0,21.8,5260.0,2030.0,72.2,2100.0
2021-07-05,724.0,132000.0,690000.0,728000.0,483000.0,142000.0,149.0,539000.0,402.0,365000.0,504000.0,416.0,80.8,429000.0,639.0,471.0,62100.0,242.0,180.0,46.6,190.0,11700.0,1260.0,1860.0,6.13,416.0,21.4,5010.0,2030.0,71.0,2160.0
2021-07-06,645.0,134000.0,710000.0,773000.0,428000.0,154000.0,137.0,561000.0,364.0,320000.0,514000.0,412.0,61.7,373000.0,630.0,430.0,59800.0,249.0,177.0,35.8,191.0,10600.0,1340.0,1610.0,5.45,412.0,21.5,4580.0,1990.0,69.2,2140.0
2021-07-07,587.0,140000.0,712000.0,811000.0,370000.0,169000.0,128.0,583000.0,335.0,298000.0,538000.0,448.0,53.1,327000.0,656.0,436.0,59500.0,265.0,183.0,28.4,197.0,10400.0,1520.0,1790.0,11.2,448.0,23.0,4610.0,2040.0,74.5,2170.0
2021-07-08,549.0,140000.0,678000.0,842000.0,331000.0,179000.0,120.0,603000.0,313.0,279000.0,565000.0,481.0,116.0,299000.0,683.0,413.0,54400.0,260.0,199.0,25.0,196.0,11300.0,1450.0,2590.0,8.35,481.0,23.4,5160.0,2150.0,83.2,2210.0
2021-07-09,506.0,127000.0,626000.0,869000.0,306000.0,192000.0,112.0,622000.0,295.0,262000.0,580000.0,464.0,87.2,278000.0,716.0,385.0,54000.0,249.0,195.0,22.8,191.0,11600.0,1210.0,2520.0,11.0,464.0,23.1,5200.0,2380.0,76.4,2200.0
2021-07-10,527.0,152000.0,571000.0,886000.0,288000.0,197000.0,113.0,637000.0,310.0,262000.0,591000.0,441.0,1460.0,264000.0,698.0,369.0,51700.0,241.0,191.0,1100.0,190.0,11500.0,1170.0,2020.0,13.2,441.0,22.7,4970.0,2250.0,73.8,2170.0
2021-07-11,1260.0,176000.0,525000.0,894000.0,292000.0,210000.0,286.0,653000.0,320.0,279000.0,613000.0,425.0,5450.0,283000.0,683.0,347.0,63200.0,238.0,185.0,445.0,187.0,10400.0,1170.0,1630.0,42.3,425.0,22.2,4500.0,2180.0,71.5,2010.0
2021-07-12,2800.0,191000.0,493000.0,882000.0,309000.0,209000.0,430.0,665000.0,524.0,286000.0,636000.0,411.0,5390.0,295000.0,661.0,331.0,76800.0,238.0,180.0,816.0,178.0,9030.0,1110.0,1420.0,9.15,411.0,21.9,4480.0,2080.0,69.2,1950.0
2021-07-13,1920.0,227000.0,501000.0,845000.0,323000.0,199000.0,336.0,671000.0,636.0,355000.0,635000.0,402.0,1740.0,331000.0,639.0,317.0,61000.0,237.0,181.0,203.0,177.0,9030.0,1120.0,1270.0,5.44,402.0,21.7,4300.0,1940.0,69.7,1900.0
2021-07-14,1190.0,223000.0,525000.0,795000.0,374000.0,205000.0,241.0,668000.0,545.0,376000.0,640000.0,405.0,358.0,379000.0,668.0,344.0,56500.0,235.0,203.0,100.0,186.0,9350.0,1180.0,1210.0,32.7,405.0,23.0,4410.0,2030.0,82.2,2070.0
2021-07-15,2110.0,159000.0,546000.0,749000.0,404000.0,203000.0,1090.0,653000.0,861.0,352000.0,631000.0,450.0,918.0,386000.0,755.0,493.0,56200.0,235.0,313.0,69.4,217.0,10800.0,1120.0,1190.0,350.0,450.0,24.5,5000.0,1800.0,130.0,1990.0
2021-07-16,3920.0,179000.0,570000.0,716000.0,402000.0,193000.0,601.0,631000.0,1570.0,329000.0,609000.0,449.0,2330.0,378000.0,712.0,475.0,85300.0,197.0,209.0,642.0,200.0,12000.0,914.0,1290.0,53.8,449.0,23.6,4540.0,1860.0,85.7,1980.0
2021-07-17,2250.0,227000.0,596000.0,699000.0,401000.0,187000.0,345.0,611000.0,1000.0,361000.0,585000.0,430.0,1160.0,380000.0,666.0,434.0,85800.0,201.0,190.0,189.0,186.0,11400.0,782.0,1270.0,29.6,430.0,22.9,4510.0,1810.0,74.9,1910.0
2021-07-18,1350.0,228000.0,612000.0,706000.0,422000.0,175000.0,267.0,592000.0,711.0,373000.0,566000.0,411.0,269.0,401000.0,628.0,404.0,73800.0,203.0,181.0,91.2,182.0,9660.0,806.0,1250.0,22.3,411.0,22.2,4310.0,1790.0,70.9,1700.0
2021-07-19,1090.0,198000.0,624000.0,732000.0,436000.0,177000.0,229.0,581000.0,580.0,341000.0,553000.0,397.0,159.0,395000.0,611.0,371.0,66800.0,211.0,177.0,61.4,180.0,8820.0,993.0,1160.0,19.6,397.0,21.7,4300.0,1820.0,69.0,1580.0
2021-07-20,921.0,167000.0,652000.0,766000.0,405000.0,183000.0,203.0,580000.0,495.0,305000.0,554000.0,390.0,114.0,359000.0,600.0,345.0,57500.0,236.0,176.0,45.9,180.0,8290.0,1150.0,1030.0,18.0,390.0,21.3,4050.0,1750.0,68.1,1520.0
2021-07-21,790.0,133000.0,706000.0,796000.0,367000.0,219000.0,184.0,587000.0,437.0,270000.0,555000.0,390.0,89.6,319000.0,591.0,326.0,52900.0,247.0,175.0,38.8,180.0,8250.0,1240.0,946.0,17.0,390.0,21.1,3740.0,1620.0,67.9,1570.0
2021-07-22,693.0,127000.0,741000.0,822000.0,325000.0,219000.0,168.0,597000.0,393.0,239000.0,569000.0,381.0,74.4,279000.0,588.0,315.0,46100.0,247.0,175.0,31.4,181.0,8620.0,972.0,940.0,16.2,381.0,21.4,3760.0,1750.0,67.9,1640.0
2021-07-23,621.0,132000.0,738000.0,845000.0,289000.0,219000.0,155.0,609000.0,357.0,225000.0,584000.0,382.0,63.7,248000.0,582.0,303.0,39000.0,242.0,172.0,25.8,179.0,7670.0,895.0,945.0,15.5,382.0,21.5,3610.0,1840.0,67.0,1650.0
2021-07-24,565.0,118000.0,704000.0,866000.0,266000.0,219000.0,140.0,620000.0,328.0,215000.0,595000.0,394.0,55.3,235000.0,581.0,293.0,38300.0,242.0,170.0,21.7,179.0,8040.0,978.0,941.0,15.0,394.0,20.5,4100.0,2130.0,65.7,1660.0
2021-07-25,518.0,111000.0,648000.0,884000.0,252000.0,219000.0,132.0,631000.0,301.0,207000.0,608000.0,390.0,68.2,224000.0,570.0,279.0,38200.0,238.0,166.0,32.1,178.0,8180.0,1240.0,904.0,14.7,390.0,20.0,6140.0,2130.0,63.9,1600.0
2021-07-26,464.0,97300.0,597000.0,889000.0,244000.0,219000.0,120.0,641000.0,276.0,192000.0,621000.0,391.0,109.0,218000.0,560.0,266.0,36600.0,242.0,162.0,20.6,176.0,7600.0,1470.0,885.0,14.1,391.0,19.9,7160.0,2240.0,62.3,1740.0
2021-07-27,422.0,98200.0,551000.0,880000.0,227000.0,219000.0,111.0,650000.0,254.0,180000.0,625000.0,402.0,55.5,198000.0,566.0,277.0,34500.0,260.0,162.0,16.6,181.0,7770.0,1150.0,1150.0,12.8,402.0,20.2,6860.0,2290.0,62.1,1890.0
2021-07-28,389.0,91800.0,511000.0,859000.0,210000.0,219000.0,104.0,655000.0,238.0,182000.0,629000.0,416.0,42.2,190000.0,581.0,273.0,32700.0,265.0,193.0,14.7,182.0,7950.0,976.0,1850.0,12.2,416.0,21.4,9240.0,2410.0,118.0,1960.0
2021-07-29,376.0,77800.0,473000.0,826000.0,205000.0,217000.0,121.0,650000.0,232.0,177000.0,630000.0,530.0,36.2,190000.0,676.0,282.0,36500.0,284.0,448.0,13.7,182.0,8960.0,977.0,2730.0,30.9,530.0,27.5,11800.0,2380.0,158.0,1750.0
2021-07-30,426.0,95500.0,438000.0,783000.0,200000.0,213000.0,127.0,640000.0,244.0,177000.0,622000.0,498.0,31.4,183000.0,642.0,279.0,49300.0,281.0,254.0,13.2,178.0,10300.0,1010.0,3830.0,9.38,498.0,24.6,15800.0,2520.0,101.0,1540.0
2021-07-31,373.0,112000.0,411000.0,732000.0,197000.0,208000.0,106.0,623000.0,264.0,186000.0,595000.0,494.0,151.0,187000.0,605.0,275.0,54000.0,277.0,197.0,13.3,178.0,12700.0,1120.0,3940.0,8.44,494.0,22.4,16200.0,2490.0,81.0,1550.0
2021-08-01,427.0,152000.0,390000.0,680000.0,203000.0,202000.0,96.5,601000.0,227.0,218000.0,586000.0,491.0,169.0,203000.0,598.0,263.0,55400.0,277.0,189.0,14.1,178.0,14400.0,1120.0,2930.0,7.68,491.0,21.2,12900.0,2380.0,75.7,1550.0
2021-08-02,346.0,140000.0,380000.0,631000.0,226000.0,195000.0,87.5,573000.0,204.0,216000.0,558000.0,450.0,74.5,230000.0,580.0,253.0,57900.0,272.0,179.0,13.0,176.0,11300.0,921.0,2220.0,6.82,450.0,20.5,7350.0,2250.0,70.9,1610.0
2021-08-03,305.0,135000.0,381000.0,585000.0,236000.0,175000.0,80.6,541000.0,190.0,201000.0,529000.0,418.0,45.9,221000.0,568.0,254.0,57400.0,268.0,175.0,11.0,172.0,8340.0,867.0,1880.0,6.59,418.0,20.2,6750.0,2050.0,69.0,1600.0
2021-08-04,281.0,115000.0,385000.0,544000.0,224000.0,164000.0,74.7,507000.0,178.0,187000.0,515000.0,406.0,34.9,206000.0,562.0,248.0,51000.0,269.0,174.0,9.84,171.0,8610.0,934.0,1520.0,5.96,406.0,19.9,5960.0,2030.0,67.9,1500.0
2021-08-05,264.0,91500.0,390000.0,517000.0,209000.0,127000.0,68.3,472000.0,170.0,173000.0,485000.0,401.0,29.4,189000.0,567.0,244.0,45800.0,279.0,172.0,9.14,172.0,8320.0,1050.0,1360.0,6.04,401.0,19.6,5760.0,2160.0,67.2,1310.0
2021-08-06,262.0,71300.0,383000.0,501000.0,193000.0,121000.0,63.0,448000.0,165.0,162000.0,456000.0,406.0,30.2,175000.0,570.0,241.0,44100.0,282.0,174.0,8.94,174.0,7460.0,959.0,1270.0,6.52,406.0,22.0,5690.0,2350.0,68.0,1360.0
2021-08-07,248.0,72000.0,362000.0,489000.0,180000.0,129000.0,60.4,425000.0,158.0,156000.0,441000.0,649.0,30.1,163000.0,621.0,239.0,42600.0,284.0,172.0,8.54,196.0,7890.0,857.0,1590.0,5.29,649.0,23.5,5560.0,2240.0,67.4,1620.0
2021-08-08,235.0,79000.0,338000.0,483000.0,170000.0,135000.0,53.2,404000.0,150.0,147000.0,420000.0,1030.0,30.6,155000.0,731.0,248.0,42000.0,284.0,176.0,8.36,206.0,8520.0,828.0,2620.0,6.0,1030.0,209.0,7960.0,2220.0,67.7,1600.0
2021-08-09,223.0,84700.0,320000.0,470000.0,163000.0,138000.0,49.2,387000.0,142.0,146000.0,397000.0,1140.0,90.4,150000.0,713.0,386.0,36200.0,277.0,214.0,16.4,246.0,9020.0,933.0,5940.0,11.8,1140.0,318.0,10000.0,2110.0,78.4,1580.0
2021-08-10,214.0,64600.0,310000.0,454000.0,159000.0,132000.0,96.6,374000.0,134.0,135000.0,384000.0,1000.0,84.8,149000.0,672.0,514.0,39500.0,268.0,216.0,14.1,211.0,12000.0,1040.0,9820.0,5.23,1000.0,78.1,14500.0,2150.0,83.4,1520.0
2021-08-11,272.0,69000.0,307000.0,438000.0,154000.0,121000.0,71.1,365000.0,171.0,131000.0,363000.0,837.0,38.7,138000.0,628.0,444.0,46200.0,266.0,209.0,11.3,193.0,16100.0,861.0,13700.0,5.49,837.0,38.9,15100.0,2310.0,102.0,1470.0
2021-08-12,318.0,79000.0,303000.0,420000.0,146000.0,121000.0,63.7,357000.0,187.0,133000.0,355000.0,692.0,83.3,137000.0,603.0,383.0,58300.0,260.0,184.0,42.6,185.0,21700.0,785.0,11100.0,4.3,692.0,28.3,12900.0,2210.0,83.0,1460.0
2021-08-13,310.0,108000.0,297000.0,407000.0,147000.0,126000.0,56.2,343000.0,160.0,151000.0,356000.0,565.0,53.3,143000.0,580.0,336.0,67000.0,259.0,175.0,39.5,180.0,25400.0,765.0,7090.0,3.99,565.0,24.2,8790.0,2080.0,71.8,1350.0
2021-08-14,231.0,115000.0,294000.0,391000.0,156000.0,110000.0,51.8,327000.0,139.0,158000.0,331000.0,496.0,31.7,158000.0,562.0,301.0,67200.0,256.0,167.0,19.4,177.0,27100.0,523.0,4490.0,3.38,496.0,22.2,7210.0,1950.0,66.1,1300.0
2021-08-15,198.0,111000.0,298000.0,384000.0,166000.0,99700.0,47.2,318000.0,126.0,167000.0,313000.0,466.0,24.5,166000.0,552.0,279.0,69800.0,249.0,165.0,13.4,175.0,28200.0,653.0,3510.0,2.98,466.0,21.2,6760.0,1900.0,64.3,1240.0
2021-08-16,182.0,101000.0,304000.0,385000.0,173000.0,95500.0,44.7,315000.0,118.0,160000.0,292000.0,445.0,19.2,170000.0,545.0,265.0,70000.0,249.0,164.0,11.0,174.0,27600.0,746.0,2880.0,2.86,445.0,20.6,5680.0,1760.0,63.1,1140.0
2021-08-17,174.0,92000.0,315000.0,382000.0,173000.0,113000.0,41.5,313000.0,111.0,159000.0,300000.0,432.0,16.0,166000.0,537.0,255.0,70500.0,246.0,163.0,10.1,173.0,17200.0,623.0,2280.0,2.73,432.0,20.3,5450.0,1790.0,62.2,1070.0
2021-08-18,165.0,92000.0,321000.0,372000.0,170000.0,97100.0,40.1,307000.0,106.0,160000.0,286000.0,422.0,14.2,164000.0,533.0,245.0,64600.0,242.0,161.0,9.27,173.0,13600.0,624.0,1920.0,2.7,422.0,20.0,5140.0,1760.0,61.5,1100.0
2021-08-19,157.0,93900.0,322000.0,370000.0,169000.0,95800.0,37.3,307000.0,101.0,153000.0,276000.0,414.0,12.9,164000.0,529.0,236.0,59700.0,237.0,159.0,8.49,174.0,12200.0,624.0,1660.0,2.56,414.0,19.9,4780.0,1710.0,60.8,1050.0
2021-08-20,150.0,87900.0,330000.0,377000.0,166000.0,92300.0,35.3,301000.0,93.8,147000.0,273000.0,408.0,12.1,156000.0,523.0,230.0,56000.0,236.0,164.0,8.15,177.0,11000.0,665.0,1500.0,2.37,408.0,19.7,4810.0,1740.0,59.4,934.0
2021-08-21,144.0,72100.0,352000.0,389000.0,160000.0,86300.0,33.4,300000.0,91.5,139000.0,274000.0,417.0,109.0,150000.0,531.0,235.0,47800.0,246.0,175.0,7.82,182.0,10300.0,1170.0,1360.0,2.22,417.0,19.4,4790.0,1840.0,71.2,930.0
2021-08-22,140.0,66500.0,388000.0,396000.0,153000.0,92600.0,33.5,306000.0,87.4,133000.0,278000.0,405.0,165.0,142000.0,527.0,230.0,33800.0,249.0,170.0,7.56,180.0,9170.0,1010.0,1290.0,2.2,405.0,19.0,4410.0,1680.0,68.0,1240.0
2021-08-23,154.0,56800.0,424000.0,404000.0,146000.0,91800.0,32.6,310000.0,89.1,121000.0,297000.0,415.0,50.0,136000.0,536.0,237.0,32300.0,244.0,182.0,7.49,179.0,8340.0,1030.0,1290.0,9.7,415.0,19.5,4390.0,1820.0,71.0,1670.0
2021-08-24,175.0,45200.0,457000.0,414000.0,140000.0,89500.0,32.2,316000.0,90.3,104000.0,289000.0,444.0,54.2,126000.0,540.0,231.0,30800.0,247.0,201.0,7.55,184.0,8530.0,861.0,1260.0,49.7,444.0,24.0,4860.0,1830.0,78.3,1860.0
2021-08-25,170.0,44200.0,476000.0,435000.0,128000.0,95100.0,80.1,326000.0,90.6,99300.0,307000.0,574.0,33.6,111000.0,556.0,241.0,35600.0,243.0,201.0,7.16,184.0,8030.0,1080.0,1600.0,24.2,574.0,24.9,6210.0,1780.0,93.0,2040.0
2021-08-26,199.0,49900.0,475000.0,459000.0,115000.0,110000.0,226.0,335000.0,111.0,99500.0,306000.0,547.0,20.0,105000.0,548.0,238.0,41800.0,243.0,177.0,6.54,184.0,8890.0,1170.0,3030.0,6.07,547.0,24.4,6000.0,1870.0,73.3,1930.0
2021-08-27,147.0,65800.0,446000.0,483000.0,110000.0,126000.0,83.9,349000.0,239.0,118000.0,317000.0,849.0,23.2,106000.0,797.0,635.0,42600.0,240.0,206.0,7.64,259.0,10800.0,1140.0,3120.0,3.77,849.0,94.5,6920.0,1910.0,107.0,2110.0
2021-08-28,132.0,61900.0,404000.0,497000.0,115000.0,134000.0,61.8,363000.0,136.0,123000.0,330000.0,1700.0,20.1,122000.0,1830.0,3120.0,43600.0,220.0,214.0,7.42,328.0,12900.0,1080.0,5290.0,3.1,1700.0,122.0,8850.0,2020.0,148.0,2160.0
2021-08-29,124.0,58500.0,358000.0,502000.0,128000.0,140000.0,52.2,401000.0,105.0,119000.0,228000.0,1470.0,20.5,126000.0,2480.0,5460.0,47500.0,234.0,188.0,6.82,251.0,14700.0,1530.0,20500.0,5.12,1470.0,104.0,11200.0,2240.0,99.4,2530.0
2021-08-30,128.0,62300.0,330000.0,491000.0,129000.0,147000.0,50.0,423000.0,99.4,118000.0,478000.0,1030.0,137.0,123000.0,2780.0,6720.0,56000.0,236.0,178.0,6.54,226.0,12800.0,1510.0,28100.0,2.44,1030.0,89.3,11800.0,2300.0,80.5,2460.0
2021-08-31,190.0,78200.0,323000.0,475000.0,129000.0,141000.0,70.3,391000.0,91.3,126000.0,428000.0,839.0,32.2,127000.0,2030.0,2950.0,73000.0,232.0,175.0,7.84,212.0,16000.0,1380.0,16000.0,95.9,839.0,49.8,10500.0,2220.0,75.6,2630.0
2021-09-01,443.0,103000.0,325000.0,453000.0,133000.0,138000.0,142.0,376000.0,578.0,142000.0,388000.0,654.0,18.8,134000.0,1600.0,1990.0,84200.0,210.0,172.0,9.39,203.0,18700.0,1150.0,10700.0,18.6,654.0,36.2,7850.0,2180.0,74.1,2550.0
2021-09-02,271.0,114000.0,330000.0,433000.0,143000.0,131000.0,73.1,362000.0,475.0,160000.0,374000.0,573.0,16.8,151000.0,1340.0,1520.0,95700.0,214.0,166.0,9.26,197.0,16700.0,1120.0,6230.0,4.39,573.0,29.4,6440.0,2090.0,70.3,2350.0
2021-09-03,171.0,114000.0,347000.0,412000.0,161000.0,110000.0,58.4,350000.0,232.0,158000.0,361000.0,600.0,15.1,164000.0,1200.0,1300.0,101000.0,226.0,172.0,7.27,202.0,19100.0,1230.0,3860.0,17.1,600.0,28.4,6030.0,1990.0,73.1,2390.0
2021-09-04,153.0,113000.0,369000.0,398000.0,169000.0,117000.0,55.7,344000.0,176.0,173000.0,350000.0,650.0,22.7,170000.0,1120.0,1260.0,103000.0,226.0,196.0,8.4,205.0,17200.0,1440.0,3120.0,8.16,650.0,26.0,5610.0,1980.0,79.0,2360.0
2021-09-05,136.0,106000.0,398000.0,391000.0,193000.0,129000.0,49.8,328000.0,150.0,175000.0,341000.0,613.0,17.1,187000.0,1070.0,1270.0,100000.0,226.0,181.0,8.48,198.0,14600.0,1440.0,2690.0,4.49,613.0,25.0,5020.0,1990.0,73.4,2470.0
2021-09-06,120.0,110000.0,441000.0,397000.0,199000.0,131000.0,45.9,314000.0,132.0,169000.0,319000.0,560.0,12.4,183000.0,1140.0,1220.0,96500.0,230.0,170.0,6.93,192.0,11500.0,1210.0,2410.0,3.57,560.0,24.0,4990.0,1910.0,69.1,2530.0
2021-09-07,109.0,112000.0,490000.0,407000.0,189000.0,131000.0,40.8,309000.0,117.0,177000.0,307000.0,524.0,9.98,181000.0,1050.0,1070.0,87400.0,243.0,166.0,6.19,189.0,11100.0,1190.0,2190.0,3.42,524.0,22.3,4920.0,1910.0,66.5,2570.0
2021-09-08,96.4,89900.0,524000.0,428000.0,190000.0,131000.0,41.4,312000.0,105.0,185000.0,309000.0,501.0,8.02,190000.0,965.0,941.0,73100.0,242.0,163.0,5.89,186.0,9980.0,1120.0,1890.0,2.8,501.0,21.1,4590.0,1960.0,64.6,2320.0
2021-09-09,89.7,86900.0,525000.0,460000.0,196000.0,131000.0,40.4,318000.0,95.6,176000.0,314000.0,487.0,6.65,191000.0,894.0,850.0,67600.0,245.0,160.0,5.59,184.0,11100.0,1090.0,1660.0,2.54,487.0,21.5,4820.0,1920.0,63.4,2340.0
2021-09-10,89.2,85600.0,494000.0,498000.0,193000.0,142000.0,39.7,332000.0,88.6,162000.0,317000.0,476.0,5.97,180000.0,837.0,770.0,56900.0,247.0,158.0,5.67,183.0,9970.0,1030.0,1590.0,2.59,476.0,21.3,4440.0,1860.0,63.0,2250.0
2021-09-11,99.5,82100.0,452000.0,527000.0,180000.0,154000.0,34.2,352000.0,84.3,148000.0,333000.0,465.0,5.75,164000.0,790.0,710.0,49000.0,246.0,158.0,5.26,182.0,8910.0,1090.0,1490.0,2.63,465.0,20.8,4150.0,1910.0,63.0,1930.0
2021-09-12,96.1,55900.0,409000.0,538000.0,165000.0,160000.0,29.6,370000.0,81.8,120000.0,359000.0,459.0,5.36,148000.0,755.0,660.0,40800.0,244.0,159.0,4.81,181.0,7940.0,855.0,1390.0,2.38,459.0,20.3,4060.0,1970.0,62.8,1750.0
2021-09-13,92.1,56900.0,370000.0,532000.0,146000.0,158000.0,29.1,387000.0,77.7,107000.0,364000.0,452.0,5.02,123000.0,727.0,621.0,36900.0,247.0,164.0,4.77,181.0,8200.0,794.0,1350.0,2.42,452.0,20.0,4180.0,1960.0,66.1,1760.0
2021-09-14,89.8,57300.0,341000.0,515000.0,126000.0,159000.0,26.3,400000.0,72.6,109000.0,380000.0,446.0,4.14,113000.0,712.0,587.0,43400.0,251.0,175.0,4.89,182.0,7590.0,1310.0,1350.0,2.19,446.0,20.1,4210.0,2050.0,76.0,2100.0
2021-09-15,88.2,55500.0,316000.0,491000.0,119000.0,152000.0,29.5,415000.0,68.8,105000.0,402000.0,441.0,3.46,113000.0,692.0,551.0,46300.0,248.0,163.0,5.54,180.0,7710.0,1250.0,1270.0,2.13,441.0,19.9,5350.0,2090.0,66.4,2110.0
2021-09-16,86.2,66900.0,297000.0,465000.0,117000.0,141000.0,28.3,414000.0,65.5,115000.0,411000.0,434.0,3.57,111000.0,674.0,520.0,44200.0,256.0,158.0,4.79,178.0,7580.0,1250.0,1140.0,2.11,434.0,19.8,5780.0,2180.0,62.1,2290.0
2021-09-17,84.1,57500.0,285000.0,437000.0,118000.0,131000.0,26.9,396000.0,62.6,122000.0,404000.0,427.0,3.73,120000.0,658.0,491.0,39500.0,248.0,156.0,4.69,178.0,7470.0,1210.0,1100.0,1.95,427.0,19.3,5680.0,2320.0,61.2,2440.0
2021-09-18,82.8,51600.0,269000.0,404000.0,126000.0,125000.0,26.7,368000.0,61.5,107000.0,377000.0,422.0,3.38,123000.0,642.0,464.0,36600.0,246.0,154.0,4.7,176.0,6570.0,992.0,1060.0,1.92,422.0,18.7,6130.0,2630.0,60.1,2690.0
2021-09-19,80.8,53300.0,262000.0,379000.0,123000.0,110000.0,25.9,343000.0,59.8,98300.0,355000.0,418.0,5.42,111000.0,636.0,443.0,37300.0,245.0,154.0,4.43,176.0,6310.0,949.0,1040.0,1.99,418.0,19.0,6020.0,2540.0,60.1,2290.0
2021-09-20,81.9,54200.0,273000.0,362000.0,113000.0,91000.0,22.7,326000.0,58.4,94100.0,333000.0,426.0,4.97,102000.0,635.0,441.0,37300.0,301.0,160.0,4.37,180.0,6010.0,1330.0,1050.0,11.7,426.0,19.8,5070.0,3000.0,64.0,2720.0
2021-09-21,167.0,56900.0,287000.0,346000.0,106000.0,91000.0,33.1,315000.0,70.4,101000.0,318000.0,466.0,13.5,98400.0,659.0,481.0,39000.0,313.0,245.0,23.2,188.0,6240.0,1640.0,1110.0,20.0,466.0,20.8,4850.0,4080.0,114.0,2900.0
2021-09-22,157.0,50600.0,298000.0,334000.0,107000.0,91000.0,26.3,299000.0,67.9,104000.0,315000.0,453.0,9.06,106000.0,680.0,436.0,39600.0,302.0,186.0,7.38,180.0,6400.0,1630.0,1140.0,3.39,453.0,20.1,4940.0,4280.0,86.2,3180.0
2021-09-23,104.0,56800.0,315000.0,336000.0,113000.0,91000.0,25.4,289000.0,66.8,105000.0,283000.0,438.0,6.23,107000.0,638.0,455.0,40900.0,297.0,165.0,4.77,178.0,6570.0,1150.0,1080.0,2.31,438.0,19.8,5210.0,4620.0,77.4,3320.0
2021-09-24,92.8,53700.0,346000.0,336000.0,113000.0,95200.0,22.5,280000.0,57.5,107000.0,280000.0,427.0,4.67,108000.0,628.0,440.0,39000.0,295.0,163.0,4.23,180.0,6710.0,1330.0,1010.0,2.31,427.0,20.3,5140.0,4420.0,76.3,2880.0
2021-09-25,87.2,50000.0,383000.0,339000.0,114000.0,90800.0,22.8,272000.0,55.0,99300.0,271000.0,421.0,5.4,108000.0,622.0,426.0,38100.0,289.0,161.0,4.18,181.0,6260.0,1380.0,972.0,2.09,421.0,20.5,5080.0,4050.0,74.6,2720.0
2021-09-26,83.6,48400.0,409000.0,349000.0,112000.0,102000.0,20.5,271000.0,52.8,94400.0,259000.0,417.0,5.07,101000.0,611.0,405.0,36500.0,285.0,160.0,3.77,179.0,5450.0,1580.0,972.0,1.82,417.0,20.3,4600.0,3780.0,74.1,2950.0
2021-09-27,80.2,50700.0,426000.0,365000.0,106000.0,80700.0,22.0,271000.0,51.1,89200.0,248000.0,417.0,4.75,96000.0,608.0,386.0,38000.0,281.0,159.0,3.69,178.0,5840.0,1610.0,964.0,1.85,417.0,20.7,4510.0,3410.0,73.7,2890.0
2021-09-28,77.4,63800.0,440000.0,387000.0,100000.0,104000.0,23.2,286000.0,50.0,92200.0,250000.0,416.0,4.57,92500.0,602.0,366.0,40700.0,279.0,156.0,3.67,177.0,5530.0,1150.0,951.0,1.81,416.0,20.8,4390.0,3290.0,70.4,2910.0
2021-09-29,67.5,65600.0,441000.0,410000.0,97400.0,140000.0,22.6,296000.0,50.0,101000.0,270000.0,411.0,4.15,95500.0,591.0,349.0,40000.0,278.0,154.0,3.59,177.0,6100.0,1040.0,925.0,1.74,411.0,20.8,4320.0,3170.0,69.3,2670.0
2021-09-30,63.7,56900.0,414000.0,430000.0,101000.0,149000.0,21.8,300000.0,49.0,103000.0,270000.0,409.0,4.49,102000.0,589.0,335.0,36800.0,274.0,153.0,3.52,177.0,8040.0,1520.0,931.0,2.02,409.0,20.7,4000.0,2890.0,69.0,2390.0
2021-10-01,61.8,52400.0,372000.0,445000.0,106000.0,150000.0,20.6,312000.0,48.4,103000.0,277000.0,406.0,4.07,103000.0,585.0,324.0,37000.0,288.0,151.0,3.76,177.0,8650.0,1630.0,940.0,1.8,406.0,20.0,4010.0,2860.0,67.6,2480.0
2021-10-02,60.0,47600.0,327000.0,454000.0,108000.0,151000.0,21.8,327000.0,47.7,98600.0,294000.0,430.0,4.23,103000.0,591.0,318.0,37700.0,292.0,154.0,5.15,182.0,8000.0,1570.0,924.0,1.83,430.0,19.1,4420.0,2850.0,69.6,3260.0
2021-10-03,61.8,51500.0,297000.0,453000.0,108000.0,150000.0,22.2,336000.0,47.9,97900.0,304000.0,463.0,4.33,99700.0,582.0,310.0,37900.0,283.0,154.0,5.5,178.0,7270.0,1640.0,936.0,2.05,463.0,19.0,4870.0,2900.0,71.4,3370.0
2021-10-04,63.1,51400.0,287000.0,435000.0,104000.0,140000.0,21.6,341000.0,50.2,103000.0,320000.0,465.0,4.3,100000.0,580.0,297.0,38000.0,275.0,152.0,5.19,176.0,6250.0,1680.0,1020.0,2.38,465.0,18.9,4160.0,2810.0,70.5,3150.0
2021-10-05,64.7,55200.0,278000.0,409000.0,105000.0,139000.0,21.0,340000.0,48.8,103000.0,324000.0,439.0,4.38,104000.0,574.0,287.0,37100.0,270.0,154.0,4.36,176.0,6500.0,1690.0,971.0,2.32,439.0,18.5,4450.0,3110.0,70.2,3210.0
2021-10-06,63.0,53700.0,267000.0,379000.0,107000.0,133000.0,20.2,329000.0,48.1,103000.0,324000.0,426.0,4.81,105000.0,575.0,281.0,34000.0,265.0,155.0,4.43,175.0,6440.0,1740.0,946.0,3.08,426.0,18.5,4770.0,2970.0,70.1,3690.0
2021-10-07,68.2,48200.0,269000.0,355000.0,108000.0,121000.0,37.1,312000.0,49.1,99400.0,317000.0,422.0,5.63,104000.0,574.0,287.0,34000.0,261.0,168.0,4.12,174.0,5830.0,1910.0,952.0,28.1,422.0,18.6,4610.0,3050.0,79.5,3440.0
2021-10-08,111.0,46700.0,278000.0,338000.0,106000.0,107000.0,134.0,295000.0,57.6,100000.0,293000.0,423.0,9.67,102000.0,585.0,360.0,33900.0,257.0,199.0,3.78,175.0,6870.0,1880.0,953.0,12.2,423.0,18.9,4660.0,2930.0,103.0,3610.0
2021-10-09,129.0,48300.0,290000.0,325000.0,105000.0,107000.0,52.6,282000.0,138.0,101000.0,265000.0,423.0,6.35,102000.0,584.0,353.0,35700.0,280.0,204.0,3.53,174.0,6930.0,1680.0,945.0,6.41,423.0,19.2,4690.0,2920.0,103.0,3700.0
2021-10-10,86.2,49300.0,315000.0,317000.0,105000.0,104000.0,37.8,269000.0,109.0,103000.0,248000.0,421.0,5.27,103000.0,587.0,341.0,37500.0,304.0,174.0,3.65,174.0,6480.0,1970.0,926.0,5.94,421.0,18.9,4270.0,3000.0,85.7,3640.0
2021-10-11,101.0,50800.0,342000.0,315000.0,106000.0,98000.0,632.0,260000.0,90.5,108000.0,233000.0,420.0,21.4,106000.0,586.0,348.0,43500.0,307.0,175.0,11.4,173.0,5820.0,2320.0,913.0,52.1,420.0,18.5,4330.0,3130.0,88.1,3730.0
2021-10-12,409.0,61700.0,362000.0,322000.0,110000.0,99900.0,470.0,254000.0,491.0,114000.0,230000.0,417.0,51.5,111000.0,575.0,364.0,45800.0,294.0,175.0,7.06,173.0,7190.0,2940.0,900.0,12.2,417.0,18.5,4670.0,2950.0,88.8,3920.0
2021-10-13,327.0,64500.0,375000.0,335000.0,114000.0,103000.0,614.0,252000.0,490.0,122000.0,218000.0,417.0,63.2,117000.0,577.0,357.0,48700.0,292.0,175.0,4.15,174.0,7170.0,2300.0,899.0,147.0,417.0,18.5,4400.0,2810.0,87.3,4340.0
2021-10-14,476.0,73300.0,378000.0,355000.0,120000.0,108000.0,494.0,257000.0,650.0,126000.0,223000.0,418.0,61.0,122000.0,576.0,372.0,50900.0,295.0,188.0,10.1,175.0,7520.0,2800.0,903.0,23.1,418.0,18.5,4090.0,2860.0,91.2,4170.0
2021-10-15,302.0,78000.0,371000.0,373000.0,126000.0,121000.0,268.0,264000.0,568.0,137000.0,226000.0,414.0,53.4,131000.0,567.0,357.0,46900.0,281.0,173.0,17.6,173.0,8030.0,2670.0,890.0,10.9,414.0,18.6,4060.0,2910.0,83.4,4250.0
2021-10-16,209.0,75900.0,352000.0,396000.0,137000.0,121000.0,209.0,272000.0,352.0,134000.0,253000.0,410.0,31.1,140000.0,558.0,342.0,44200.0,269.0,166.0,8.05,171.0,7270.0,2530.0,883.0,7.0,410.0,19.8,4000.0,2740.0,79.9,4420.0
2021-10-17,172.0,69800.0,334000.0,410000.0,143000.0,131000.0,177.0,290000.0,273.0,130000.0,262000.0,408.0,19.0,139000.0,556.0,333.0,43300.0,261.0,164.0,5.01,170.0,6140.0,2730.0,885.0,5.42,408.0,19.6,3940.0,2730.0,77.5,4260.0
2021-10-18,152.0,77100.0,324000.0,409000.0,141000.0,144000.0,157.0,299000.0,231.0,130000.0,271000.0,406.0,12.7,134000.0,557.0,323.0,42700.0,258.0,163.0,3.99,169.0,6100.0,2680.0,889.0,5.71,406.0,18.9,3910.0,2800.0,76.0,4080.0
2021-10-19,141.0,67100.0,321000.0,399000.0,137000.0,137000.0,136.0,302000.0,205.0,128000.0,269000.0,406.0,9.36,133000.0,555.0,318.0,42200.0,251.0,161.0,3.59,169.0,5470.0,2580.0,908.0,5.65,406.0,18.5,3880.0,2690.0,75.3,4140.0
2021-10-20,132.0,64300.0,324000.0,383000.0,136000.0,137000.0,120.0,309000.0,187.0,119000.0,266000.0,408.0,7.56,130000.0,555.0,315.0,42200.0,238.0,161.0,3.32,169.0,5190.0,2470.0,915.0,4.91,408.0,18.6,3960.0,2730.0,74.5,4360.0
2021-10-21,123.0,62200.0,327000.0,372000.0,131000.0,135000.0,105.0,303000.0,173.0,114000.0,278000.0,421.0,6.48,122000.0,558.0,311.0,39300.0,234.0,161.0,3.33,169.0,5570.0,2620.0,928.0,5.04,421.0,19.3,4740.0,2690.0,75.6,4380.0
2021-10-22,120.0,60600.0,328000.0,367000.0,125000.0,128000.0,104.0,294000.0,163.0,112000.0,278000.0,421.0,5.3,116000.0,549.0,308.0,35300.0,230.0,160.0,3.43,168.0,6030.0,2330.0,935.0,6.09,421.0,18.9,4600.0,2710.0,73.6,4320.0
2021-10-23,119.0,55600.0,328000.0,364000.0,121000.0,126000.0,99.4,289000.0,153.0,109000.0,258000.0,426.0,4.16,112000.0,542.0,307.0,35600.0,226.0,159.0,3.31,167.0,7200.0,2380.0,937.0,5.4,426.0,18.4,4960.0,2690.0,73.2,3990.0
2021-10-24,337.0,70500.0,324000.0,364000.0,118000.0,126000.0,471.0,287000.0,173.0,108000.0,261000.0,424.0,2160.0,110000.0,542.0,304.0,41900.0,222.0,162.0,3.26,169.0,7380.0,2610.0,925.0,154.0,424.0,18.1,5160.0,2880.0,77.0,3910.0
2021-10-25,2300.0,128000.0,318000.0,364000.0,123000.0,121000.0,1980.0,285000.0,786.0,164000.0,276000.0,419.0,1590.0,122000.0,544.0,318.0,50000.0,219.0,206.0,3.12,170.0,6070.0,2610.0,965.0,103.0,419.0,18.0,5090.0,2740.0,111.0,4050.0
2021-10-26,1840.0,99900.0,311000.0,360000.0,151000.0,122000.0,610.0,285000.0,1670.0,172000.0,260000.0,415.0,376.0,167000.0,547.0,311.0,55400.0,221.0,194.0,3.28,168.0,6360.0,2210.0,1040.0,26.7,415.0,18.0,4570.0,2670.0,100.0,4300.0
2021-10-27,1060.0,110000.0,307000.0,354000.0,177000.0,125000.0,372.0,286000.0,909.0,158000.0,248000.0,413.0,163.0,169000.0,548.0,306.0,61100.0,246.0,173.0,3.6,169.0,6070.0,2350.0,1040.0,14.7,413.0,18.3,4580.0,2740.0,86.5,3940.0
2021-10-28,800.0,111000.0,308000.0,349000.0,173000.0,95300.0,331.0,284000.0,668.0,165000.0,289000.0,415.0,256.0,161000.0,557.0,309.0,61000.0,359.0,173.0,11.1,170.0,5930.0,2730.0,969.0,41.1,415.0,19.2,4420.0,2880.0,88.0,4150.0
2021-10-29,862.0,123000.0,318000.0,345000.0,173000.0,95300.0,703.0,271000.0,635.0,187000.0,284000.0,432.0,543.0,175000.0,578.0,331.0,55900.0,341.0,190.0,13.8,177.0,5580.0,3770.0,938.0,49.6,432.0,19.7,4390.0,2910.0,101.0,4730.0
2021-10-30,1000.0,121000.0,337000.0,349000.0,193000.0,100000.0,489.0,261000.0,923.0,193000.0,255000.0,434.0,574.0,198000.0,571.0,324.0,55900.0,327.0,183.0,9.99,171.0,6090.0,3810.0,918.0,17.2,434.0,19.2,4740.0,2940.0,94.2,5270.0
2021-10-31,836.0,114000.0,370000.0,358000.0,208000.0,102000.0,328.0,258000.0,746.0,188000.0,233000.0,431.0,243.0,200000.0,570.0,310.0,56200.0,317.0,171.0,5.5,170.0,6110.0,3870.0,915.0,11.8,431.0,19.3,4580.0,2900.0,86.9,5630.0
2021-11-01,665.0,119000.0,408000.0,361000.0,208000.0,101000.0,270.0,259000.0,591.0,205000.0,232000.0,424.0,134.0,199000.0,564.0,305.0,56100.0,310.0,165.0,3.76,167.0,6440.0,4000.0,903.0,9.36,424.0,19.2,4270.0,2940.0,82.3,5880.0
2021-11-02,570.0,123000.0,446000.0,370000.0,215000.0,104000.0,239.0,265000.0,496.0,218000.0,238000.0,419.0,89.6,215000.0,565.0,304.0,54600.0,307.0,163.0,3.25,164.0,6960.0,3910.0,900.0,9.04,419.0,18.7,4180.0,2760.0,80.2,5890.0
2021-11-03,509.0,121000.0,480000.0,394000.0,229000.0,108000.0,216.0,271000.0,449.0,207000.0,228000.0,417.0,67.5,220000.0,563.0,292.0,52500.0,332.0,161.0,2.92,166.0,6510.0,3710.0,903.0,7.32,417.0,18.3,4270.0,2750.0,79.3,5880.0
2021-11-04,486.0,115000.0,504000.0,426000.0,227000.0,111000.0,200.0,280000.0,411.0,196000.0,255000.0,417.0,55.9,213000.0,564.0,285.0,51100.0,364.0,162.0,2.68,166.0,6050.0,3870.0,899.0,7.17,417.0,18.2,4390.0,2770.0,79.1,5840.0
2021-11-05,453.0,117000.0,525000.0,459000.0,215000.0,116000.0,183.0,297000.0,388.0,183000.0,261000.0,416.0,48.2,202000.0,567.0,278.0,48000.0,348.0,161.0,2.72,166.0,6230.0,3670.0,893.0,7.78,416.0,18.1,4170.0,2590.0,78.2,5790.0
2021-11-06,420.0,116000.0,533000.0,496000.0,202000.0,123000.0,170.0,314000.0,367.0,177000.0,290000.0,415.0,43.5,190000.0,567.0,279.0,51500.0,334.0,159.0,2.82,166.0,4910.0,3660.0,882.0,6.62,415.0,18.4,4100.0,2780.0,78.1,5690.0
2021-11-07,397.0,116000.0,524000.0,531000.0,193000.0,129000.0,160.0,332000.0,349.0,172000.0,313000.0,415.0,40.9,184000.0,568.0,278.0,49300.0,327.0,160.0,2.62,166.0,5730.0,3950.0,874.0,6.38,415.0,18.4,4000.0,2690.0,77.6,5630.0
2021-11-08,377.0,114000.0,503000.0,552000.0,186000.0,138000.0,150.0,353000.0,333.0,174000.0,323000.0,414.0,37.0,180000.0,568.0,275.0,48100.0,320.0,159.0,2.88,166.0,5410.0,3910.0,859.0,6.55,414.0,18.3,4070.0,2560.0,77.6,6070.0
2021-11-09,357.0,110000.0,479000.0,565000.0,183000.0,142000.0,144.0,370000.0,317.0,166000.0,339000.0,413.0,32.9,177000.0,565.0,272.0,47900.0,315.0,157.0,3.21,166.0,5140.0,3410.0,848.0,6.92,413.0,18.2,4250.0,2570.0,75.8,5740.0
2021-11-10,344.0,102000.0,451000.0,564000.0,178000.0,138000.0,131.0,385000.0,302.0,161000.0,343000.0,417.0,31.4,170000.0,569.0,270.0,48100.0,317.0,156.0,3.05,166.0,5090.0,3690.0,857.0,7.08,417.0,18.2,3930.0,2630.0,75.9,5310.0
2021-11-11,364.0,91600.0,427000.0,558000.0,172000.0,136000.0,127.0,399000.0,297.0,159000.0,377000.0,640.0,34.7,164000.0,759.0,346.0,48000.0,355.0,179.0,4.09,208.0,5220.0,4040.0,1010.0,25.0,640.0,22.0,4810.0,3040.0,98.7,5640.0
2021-11-12,367.0,89000.0,405000.0,546000.0,168000.0,133000.0,105.0,405000.0,303.0,156000.0,398000.0,893.0,36.5,162000.0,740.0,456.0,45000.0,374.0,191.0,4.95,208.0,5250.0,4250.0,1250.0,11.5,893.0,24.4,7630.0,3380.0,103.0,6140.0
2021-11-13,334.0,81700.0,388000.0,529000.0,165000.0,129000.0,105.0,404000.0,289.0,157000.0,407000.0,759.0,37.4,158000.0,782.0,614.0,48900.0,365.0,172.0,4.55,189.0,7220.0,4210.0,2170.0,8.82,759.0,24.9,12100.0,3800.0,89.5,6390.0
2021-11-14,311.0,88400.0,370000.0,508000.0,164000.0,126000.0,99.6,397000.0,274.0,153000.0,404000.0,646.0,33.8,158000.0,900.0,730.0,50500.0,362.0,166.0,4.74,178.0,7440.0,4480.0,2570.0,7.92,646.0,24.1,12900.0,4210.0,84.9,6130.0
2021-11-15,300.0,105000.0,353000.0,488000.0,162000.0,122000.0,100.0,385000.0,264.0,174000.0,392000.0,569.0,29.8,160000.0,865.0,677.0,58000.0,354.0,162.0,4.51,175.0,8030.0,4500.0,2410.0,7.04,569.0,22.0,12400.0,4060.0,82.0,6410.0
2021-11-16,291.0,93900.0,346000.0,460000.0,172000.0,118000.0,96.6,371000.0,255.0,191000.0,375000.0,530.0,27.0,187000.0,824.0,628.0,59400.0,351.0,161.0,3.97,173.0,8820.0,4300.0,1990.0,6.68,530.0,20.8,9750.0,4040.0,81.2,6390.0
2021-11-17,293.0,95400.0,344000.0,439000.0,194000.0,112000.0,95.3,357000.0,250.0,183000.0,360000.0,509.0,25.7,197000.0,792.0,589.0,60300.0,336.0,161.0,3.98,173.0,8420.0,4340.0,1780.0,6.57,509.0,21.0,8010.0,3880.0,81.2,6280.0
2021-11-18,276.0,82000.0,341000.0,424000.0,196000.0,108000.0,84.9,343000.0,248.0,169000.0,362000.0,497.0,23.4,187000.0,757.0,550.0,62200.0,305.0,157.0,3.86,170.0,7730.0,4480.0,1640.0,6.29,497.0,21.4,6980.0,3770.0,77.7,6310.0
2021-11-19,248.0,92300.0,345000.0,409000.0,185000.0,105000.0,93.3,333000.0,231.0,155000.0,337000.0,486.0,21.7,171000.0,734.0,520.0,62500.0,313.0,155.0,3.81,169.0,8100.0,4360.0,1550.0,6.21,486.0,20.3,6580.0,3580.0,75.5,6490.0
2021-11-20,244.0,92700.0,358000.0,399000.0,170000.0,103000.0,88.6,322000.0,224.0,156000.0,324000.0,478.0,21.2,161000.0,719.0,494.0,63900.0,307.0,156.0,3.67,169.0,7310.0,4100.0,1480.0,6.66,478.0,19.7,6560.0,3550.0,76.4,6110.0
2021-11-21,249.0,86900.0,361000.0,395000.0,165000.0,99000.0,80.7,311000.0,225.0,153000.0,315000.0,473.0,20.5,160000.0,706.0,470.0,67800.0,283.0,156.0,3.61,168.0,6640.0,4350.0,1360.0,6.57,473.0,19.7,5920.0,3470.0,76.1,5890.0
2021-11-22,239.0,86700.0,356000.0,391000.0,163000.0,94400.0,84.1,306000.0,220.0,149000.0,315000.0,468.0,18.5,158000.0,687.0,458.0,64500.0,286.0,154.0,3.48,169.0,5950.0,3450.0,1350.0,7.13,468.0,18.5,5660.0,2980.0,73.2,5970.0
2021-11-23,231.0,83600.0,345000.0,391000.0,160000.0,96500.0,84.0,306000.0,213.0,144000.0,295000.0,459.0,18.6,153000.0,675.0,440.0,60800.0,329.0,154.0,3.25,171.0,6130.0,2670.0,1250.0,6.39,459.0,18.9,5660.0,2550.0,72.9,5510.0
2021-11-24,233.0,77300.0,340000.0,395000.0,155000.0,99000.0,78.2,302000.0,211.0,133000.0,280000.0,455.0,18.8,147000.0,668.0,430.0,57600.0,332.0,157.0,3.15,171.0,5820.0,3070.0,1130.0,6.7,455.0,18.8,5020.0,3440.0,74.6,5370.0
2021-11-25,231.0,70200.0,345000.0,396000.0,149000.0,102000.0,73.1,301000.0,211.0,131000.0,279000.0,455.0,19.5,139000.0,667.0,413.0,53700.0,308.0,155.0,5.46,170.0,5560.0,3020.0,1100.0,6.77,455.0,18.4,4900.0,3120.0,73.2,4830.0
2021-11-26,214.0,56300.0,353000.0,389000.0,143000.0,102000.0,80.1,300000.0,202.0,125000.0,288000.0,453.0,18.6,135000.0,644.0,405.0,48000.0,317.0,151.0,4.5,169.0,5220.0,2320.0,1080.0,6.36,453.0,18.1,5090.0,2230.0,70.1,4230.0
2021-11-27,214.0,58200.0,359000.0,387000.0,138000.0,101000.0,78.0,299000.0,197.0,117000.0,275000.0,450.0,19.4,129000.0,623.0,396.0,47000.0,322.0,154.0,3.88,169.0,5490.0,2910.0,1060.0,6.56,450.0,18.1,4670.0,2440.0,72.1,4610.0
2021-11-28,216.0,52400.0,355000.0,388000.0,132000.0,97900.0,74.7,297000.0,201.0,117000.0,286000.0,446.0,21.0,124000.0,617.0,388.0,46300.0,323.0,154.0,3.33,168.0,5940.0,3490.0,1040.0,6.85,446.0,18.1,4020.0,2550.0,71.5,4180.0
2021-11-29,207.0,51500.0,342000.0,390000.0,128000.0,98000.0,71.8,297000.0,196.0,112000.0,283000.0,444.0,18.9,121000.0,622.0,379.0,42900.0,324.0,153.0,3.16,168.0,6570.0,3750.0,940.0,6.62,444.0,18.2,4490.0,2910.0,70.7,5190.0
2021-11-30,203.0,52600.0,325000.0,391000.0,125000.0,98800.0,69.7,298000.0,190.0,112000.0,271000.0,442.0,18.4,118000.0,620.0,370.0,40100.0,326.0,153.0,3.17,168.0,6310.0,3600.0,918.0,6.85,442.0,18.1,4870.0,3050.0,71.1,5280.0
2021-12-01,200.0,68700.0,309000.0,392000.0,122000.0,97900.0,63.2,297000.0,190.0,102000.0,262000.0,446.0,19.2,115000.0,636.0,364.0,41400.0,330.0,153.0,3.29,170.0,6330.0,3420.0,938.0,7.32,446.0,18.6,4650.0,2940.0,70.9,5330.0
2021-12-02,198.0,72300.0,294000.0,385000.0,117000.0,99600.0,62.3,299000.0,185.0,107000.0,262000.0,450.0,19.0,110000.0,636.0,360.0,42300.0,326.0,155.0,3.27,170.0,6050.0,3540.0,1010.0,7.12,450.0,18.4,4550.0,3170.0,71.7,5260.0
2021-12-03,196.0,67400.0,283000.0,373000.0,115000.0,99000.0,60.7,296000.0,183.0,106000.0,259000.0,452.0,18.7,113000.0,630.0,352.0,42900.0,318.0,151.0,3.13,168.0,5810.0,3450.0,1010.0,7.18,452.0,19.1,4640.0,2790.0,69.3,5230.0
2021-12-04,187.0,67400.0,278000.0,358000.0,116000.0,93900.0,61.6,292000.0,176.0,107000.0,263000.0,454.0,18.1,112000.0,615.0,342.0,43700.0,293.0,148.0,3.01,166.0,6120.0,3200.0,1010.0,6.64,454.0,18.5,4840.0,2700.0,67.4,5130.0
2021-12-05,181.0,76500.0,274000.0,344000.0,116000.0,85100.0,62.8,287000.0,172.0,103000.0,249000.0,454.0,17.8,112000.0,606.0,337.0,40900.0,296.0,149.0,2.99,166.0,5600.0,2730.0,953.0,6.87,454.0,18.5,4670.0,2690.0,68.2,5060.0
2021-12-06,166.0,67400.0,272000.0,329000.0,120000.0,68900.0,59.1,285000.0,168.0,105000.0,263000.0,447.0,17.3,111000.0,593.0,326.0,41700.0,264.0,147.0,2.74,166.0,6150.0,2060.0,949.0,6.35,447.0,17.8,4380.0,2080.0,63.6,4200.0
2021-12-07,146.0,55100.0,275000.0,318000.0,120000.0,69100.0,65.4,286000.0,139.0,101000.0,271000.0,407.0,15.9,111000.0,537.0,282.0,40000.0,255.0,125.0,2.83,154.0,6190.0,1370.0,804.0,6.14,407.0,18.1,3930.0,1250.0,61.2,2460.0
2021-12-08,151.0,49100.0,290000.0,309000.0,118000.0,76900.0,68.2,276000.0,97.2,93900.0,266000.0,397.0,15.8,106000.0,524.0,380.0,39100.0,256.0,151.0,2.87,161.0,6800.0,1520.0,704.0,6.18,397.0,18.2,3440.0,1380.0,66.7,2860.0
2021-12-09,151.0,63400.0,311000.0,307000.0,112000.0,79600.0,62.0,264000.0,126.0,93200.0,248000.0,419.0,15.9,100000.0,612.0,434.0,38500.0,257.0,144.0,2.97,166.0,6740.0,1890.0,666.0,6.58,419.0,18.3,3360.0,1690.0,67.3,3070.0
2021-12-10,160.0,63000.0,334000.0,308000.0,108000.0,78500.0,58.3,253000.0,150.0,93700.0,235000.0,429.0,16.5,99900.0,629.0,452.0,40500.0,261.0,153.0,9.72,164.0,6440.0,2270.0,660.0,87.3,429.0,18.8,4060.0,2240.0,70.4,3750.0
2021-12-11,166.0,55500.0,377000.0,315000.0,107000.0,92700.0,65.4,248000.0,163.0,94200.0,231000.0,419.0,19.3,100000.0,634.0,390.0,39900.0,270.0,175.0,15.9,172.0,6390.0,2390.0,678.0,67.5,419.0,21.0,5220.0,2470.0,88.1,4110.0
2021-12-12,163.0,64400.0,418000.0,334000.0,106000.0,101000.0,56.3,244000.0,173.0,92500.0,230000.0,412.0,21.7,99900.0,570.0,331.0,38600.0,275.0,158.0,7.88,166.0,6800.0,2430.0,723.0,17.2,412.0,19.4,5180.0,2660.0,74.5,4270.0
2021-12-13,160.0,68400.0,442000.0,360000.0,106000.0,105000.0,58.8,245000.0,177.0,92000.0,229000.0,407.0,20.5,99600.0,612.0,326.0,39500.0,276.0,152.0,5.69,165.0,6710.0,3340.0,682.0,11.3,407.0,18.5,4540.0,2810.0,70.1,4420.0
2021-12-14,157.0,72400.0,446000.0,389000.0,105000.0,104000.0,56.6,254000.0,181.0,94400.0,235000.0,406.0,20.8,101000.0,600.0,295.0,41400.0,275.0,149.0,4.89,164.0,6840.0,3060.0,672.0,9.56,406.0,18.1,4360.0,2760.0,67.4,4490.0
2021-12-15,157.0,72600.0,444000.0,421000.0,106000.0,108000.0,43.0,275000.0,181.0,96200.0,241000.0,424.0,19.8,103000.0,624.0,306.0,40400.0,277.0,153.0,4.28,169.0,7510.0,2960.0,672.0,9.18,424.0,18.5,5180.0,2920.0,70.2,4800.0
2021-12-16,158.0,76600.0,459000.0,448000.0,107000.0,108000.0,45.6,295000.0,177.0,98300.0,264000.0,466.0,18.0,105000.0,693.0,323.0,44900.0,289.0,191.0,6.57,182.0,6760.0,2850.0,806.0,9.1,466.0,32.4,5770.0,3360.0,71.6,5170.0
2021-12-17,157.0,79300.0,491000.0,466000.0,110000.0,113000.0,50.7,315000.0,169.0,107000.0,284000.0,459.0,15.0,108000.0,686.0,336.0,43500.0,302.0,169.0,7.09,177.0,7490.0,2740.0,2000.0,8.03,459.0,47.5,6890.0,2940.0,66.5,4200.0
2021-12-18,148.0,66900.0,510000.0,481000.0,132000.0,118000.0,53.0,331000.0,161.0,110000.0,305000.0,434.0,14.7,132000.0,691.0,423.0,46000.0,315.0,155.0,8.7,171.0,9390.0,3030.0,2830.0,7.68,434.0,36.2,9890.0,2940.0,64.5,4690.0
2021-12-19,144.0,60000.0,516000.0,505000.0,160000.0,124000.0,54.3,344000.0,158.0,105000.0,333000.0,420.0,14.1,136000.0,715.0,441.0,46700.0,324.0,152.0,7.59,169.0,8620.0,2840.0,2490.0,7.44,420.0,28.3,9620.0,2550.0,63.3,4880.0
2021-12-20,141.0,57700.0,522000.0,543000.0,148000.0,168000.0,54.5,351000.0,146.0,101000.0,347000.0,409.0,14.9,125000.0,683.0,446.0,45600.0,329.0,150.0,6.7,166.0,8360.0,2830.0,2290.0,7.31,409.0,23.8,8620.0,2880.0,61.9,5190.0
2021-12-21,121.0,57300.0,532000.0,576000.0,136000.0,168000.0,53.2,368000.0,115.0,102000.0,355000.0,396.0,14.9,120000.0,648.0,332.0,46600.0,330.0,137.0,6.02,163.0,8500.0,2870.0,2070.0,6.09,396.0,21.9,7390.0,2770.0,58.0,4760.0
2021-12-22,101.0,65200.0,531000.0,585000.0,132000.0,168000.0,60.1,386000.0,87.7,103000.0,375000.0,382.0,14.5,119000.0,626.0,396.0,48000.0,328.0,126.0,5.67,156.0,7300.0,2800.0,1850.0,5.47,382.0,20.8,7660.0,2580.0,57.3,4700.0
2021-12-23,106.0,70900.0,516000.0,591000.0,129000.0,172000.0,55.1,399000.0,99.1,107000.0,382000.0,381.0,14.9,119000.0,667.0,493.0,46700.0,324.0,145.0,5.34,169.0,6680.0,2830.0,1640.0,5.69,381.0,19.9,6070.0,2590.0,69.8,5180.0
2021-12-24,109.0,73000.0,497000.0,600000.0,127000.0,175000.0,50.2,405000.0,116.0,112000.0,389000.0,402.0,15.4,122000.0,744.0,523.0,44600.0,318.0,143.0,5.4,166.0,6770.0,3030.0,1510.0,6.11,402.0,19.5,5700.0,2830.0,64.4,5450.0
2021-12-25,106.0,65300.0,483000.0,601000.0,130000.0,177000.0,48.2,413000.0,123.0,108000.0,405000.0,407.0,16.5,126000.0,769.0,452.0,43300.0,310.0,142.0,5.57,168.0,7130.0,3140.0,1360.0,6.34,407.0,19.1,5900.0,2830.0,65.3,5140.0
2021-12-26,101.0,61800.0,473000.0,595000.0,129000.0,177000.0,42.2,417000.0,124.0,103000.0,420000.0,398.0,16.6,120000.0,705.0,328.0,42300.0,303.0,138.0,5.66,166.0,7310.0,2630.0,1240.0,6.65,398.0,18.8,5550.0,2740.0,62.7,5180.0
2021-12-27,92.6,65400.0,466000.0,584000.0,123000.0,175000.0,44.5,416000.0,120.0,99000.0,420000.0,383.0,17.2,115000.0,687.0,266.0,47800.0,297.0,139.0,5.56,169.0,8000.0,2680.0,1130.0,8.26,383.0,20.2,5330.0,2760.0,66.3,4930.0
2021-12-28,90.7,85200.0,454000.0,572000.0,117000.0,168000.0,47.0,415000.0,121.0,106000.0,413000.0,370.0,15.8,111000.0,644.0,245.0,52800.0,292.0,132.0,84.9,168.0,6990.0,2720.0,1030.0,8.78,370.0,19.8,4880.0,2530.0,66.4,4140.0
2021-12-29,95.7,85800.0,437000.0,559000.0,116000.0,166000.0,52.9,413000.0,117.0,121000.0,423000.0,357.0,16.6,119000.0,562.0,253.0,55500.0,288.0,123.0,28.1,163.0,6660.0,2760.0,956.0,7.39,357.0,19.1,4740.0,2560.0,62.0,3930.0
2021-12-30,99.6,77300.0,424000.0,552000.0,125000.0,166000.0,49.4,404000.0,119.0,120000.0,421000.0,350.0,17.2,132000.0,540.0,270.0,51400.0,285.0,131.0,15.7,163.0,6370.0,2760.0,866.0,7.57,350.0,18.4,4630.0,2430.0,62.8,4760.0
2021-12-31,95.3,73600.0,409000.0,548000.0,134000.0,165000.0,45.6,393000.0,113.0,119000.0,402000.0,352.0,16.3,135000.0,615.0,292.0,48000.0,283.0,134.0,11.0,165.0,6550.0,2760.0,838.0,7.71,352.0,18.1,4320.0,2590.0,63.1,5470.0
2022-01-01,83.3,67800.0,420000.0,540000.0,144000.0,161000.0,45.2,387000.0,73.1,116000.0,399000.0,348.0,15.8,135000.0,613.0,237.0,47700.0,281.0,119.0,30.7,155.0,6480.0,2800.0,841.0,6.88,348.0,17.9,4410.0,2570.0,53.5,4130.0
2022-01-02,80.6,65000.0,458000.0,531000.0,157000.0,156000.0,34.1,385000.0,67.6,114000.0,396000.0,335.0,15.3,140000.0,540.0,160.0,40300.0,280.0,120.0,22.5,139.0,6520.0,2830.0,832.0,6.55,335.0,17.5,4510.0,2750.0,43.1,3720.0
2022-01-03,81.5,65200.0,517000.0,532000.0,151000.0,154000.0,27.3,375000.0,86.6,110000.0,388000.0,330.0,14.7,135000.0,566.0,196.0,23100.0,279.0,131.0,14.5,137.0,6230.0,2910.0,831.0,5.47,330.0,17.3,4700.0,2760.0,56.3,3920.0
2022-01-04,80.2,46500.0,587000.0,550000.0,143000.0,153000.0,34.1,372000.0,103.0,99300.0,381000.0,327.0,13.9,128000.0,561.0,282.0,26600.0,279.0,128.0,10.6,140.0,5900.0,2930.0,831.0,5.78,327.0,17.5,4260.0,2570.0,64.4,4690.0
2022-01-05,76.9,39300.0,647000.0,581000.0,135000.0,155000.0,39.7,377000.0,105.0,90900.0,379000.0,338.0,13.8,115000.0,555.0,334.0,30400.0,278.0,124.0,8.74,149.0,5780.0,2920.0,822.0,6.67,338.0,18.1,3660.0,2690.0,59.2,4920.0
2022-01-06,76.0,50500.0,718000.0,623000.0,123000.0,157000.0,38.8,391000.0,103.0,99300.0,383000.0,339.0,13.1,107000.0,526.0,280.0,29900.0,279.0,121.0,7.53,153.0,5380.0,2820.0,816.0,6.85,339.0,18.1,3920.0,2560.0,52.3,3750.0
2022-01-07,75.0,34800.0,768000.0,680000.0,120000.0,163000.0,43.3,415000.0,93.5,96700.0,398000.0,336.0,11.6,111000.0,511.0,202.0,28900.0,294.0,118.0,6.91,151.0,5440.0,2790.0,814.0,5.3,336.0,17.7,4240.0,2610.0,48.6,3250.0
2022-01-08,75.5,46700.0,799000.0,737000.0,120000.0,169000.0,51.8,447000.0,89.9,82600.0,418000.0,335.0,10.4,106000.0,511.0,195.0,28100.0,339.0,118.0,6.74,149.0,5670.0,2790.0,797.0,6.7,335.0,17.5,4090.0,2600.0,55.0,3750.0
2022-01-09,74.6,58400.0,836000.0,792000.0,115000.0,173000.0,52.4,487000.0,84.0,87300.0,451000.0,334.0,9.84,95300.0,502.0,229.0,30700.0,346.0,121.0,8.65,148.0,5950.0,2790.0,781.0,7.54,334.0,17.4,3970.0,2690.0,56.5,4270.0
2022-01-10,73.0,53300.0,874000.0,838000.0,108000.0,235000.0,56.6,530000.0,79.9,94900.0,508000.0,333.0,9.28,99100.0,484.0,273.0,36100.0,344.0,120.0,6.66,146.0,6120.0,2790.0,761.0,6.2,333.0,17.0,4140.0,2620.0,56.1,3880.0
2022-01-11,70.2,61500.0,896000.0,882000.0,110000.0,253000.0,58.3,563000.0,84.8,93600.0,540000.0,331.0,9.11,104000.0,485.0,293.0,35000.0,344.0,120.0,5.98,146.0,6470.0,2790.0,743.0,5.93,331.0,16.9,4390.0,2600.0,56.1,3970.0
2022-01-12,66.9,60900.0,914000.0,917000.0,112000.0,261000.0,65.8,590000.0,86.2,92800.0,581000.0,330.0,9.71,104000.0,492.0,290.0,35700.0,360.0,122.0,5.6,147.0,6700.0,2790.0,723.0,6.67,330.0,17.2,3730.0,2590.0,61.9,4350.0
2022-01-13,66.2,67400.0,925000.0,947000.0,112000.0,269000.0,62.3,612000.0,88.5,92100.0,621000.0,330.0,10.9,103000.0,499.0,282.0,36000.0,398.0,122.0,5.87,148.0,6850.0,2800.0,698.0,8.14,330.0,17.5,3340.0,2620.0,64.8,4820.0
2022-01-14,66.7,65800.0,926000.0,968000.0,110000.0,273000.0,57.5,631000.0,87.6,97000.0,653000.0,330.0,13.3,103000.0,494.0,274.0,35700.0,484.0,120.0,5.98,142.0,7020.0,2840.0,694.0,8.68,330.0,17.8,4480.0,2640.0,63.0,4530.0
2022-01-15,66.3,62400.0,922000.0,987000.0,112000.0,274000.0,58.5,650000.0,88.2,95900.0,687000.0,329.0,16.4,107000.0,471.0,262.0,37100.0,583.0,119.0,28.3,134.0,7180.0,2810.0,682.0,8.61,329.0,17.6,4270.0,2470.0,55.9,3990.0
2022-01-16,66.0,58100.0,921000.0,1000000.0,115000.0,278000.0,54.1,664000.0,90.5,92400.0,715000.0,328.0,18.3,107000.0,453.0,266.0,37500.0,677.0,119.0,16.7,137.0,6970.0,2790.0,673.0,8.37,328.0,17.5,4250.0,2420.0,56.8,3620.0
2022-01-17,66.0,52800.0,912000.0,1020000.0,114000.0,281000.0,57.8,676000.0,92.3,91200.0,725000.0,326.0,19.6,104000.0,451.0,265.0,35900.0,751.0,119.0,12.6,149.0,6930.0,2790.0,658.0,8.24,326.0,17.4,4010.0,2430.0,65.7,3640.0
2022-01-18,67.1,66900.0,897000.0,1020000.0,111000.0,285000.0,73.5,687000.0,104.0,89300.0,781000.0,325.0,21.1,102000.0,450.0,242.0,35500.0,790.0,118.0,10.7,157.0,6790.0,2790.0,643.0,8.58,325.0,17.3,3960.0,2460.0,59.6,3940.0
2022-01-19,73.7,74500.0,877000.0,1030000.0,108000.0,287000.0,83.3,696000.0,113.0,91200.0,780000.0,323.0,22.5,100000.0,442.0,221.0,39400.0,793.0,116.0,10.7,156.0,6800.0,2790.0,639.0,10.9,323.0,16.8,3620.0,2460.0,52.9,3560.0
2022-01-20,84.2,63000.0,839000.0,1040000.0,106000.0,284000.0,63.9,708000.0,106.0,94400.0,776000.0,323.0,23.1,101000.0,429.0,190.0,38900.0,789.0,114.0,8.14,137.0,6740.0,2770.0,630.0,11.3,323.0,16.7,4040.0,2420.0,46.1,2850.0
2022-01-21,85.5,49800.0,770000.0,1040000.0,107000.0,285000.0,50.0,720000.0,90.8,82400.0,767000.0,322.0,21.8,100000.0,423.0,169.0,35700.0,785.0,114.0,6.62,128.0,6560.0,2750.0,617.0,11.0,322.0,16.9,4570.0,2440.0,56.4,2820.0
2022-01-22,86.5,57900.0,692000.0,1030000.0,102000.0,272000.0,39.6,725000.0,75.1,82800.0,757000.0,319.0,19.6,91000.0,424.0,166.0,33400.0,782.0,115.0,5.49,133.0,6500.0,2750.0,609.0,10.6,319.0,17.0,3800.0,2320.0,62.4,3340.0
2022-01-23,86.3,66000.0,634000.0,1010000.0,95500.0,279000.0,37.7,724000.0,68.3,85600.0,745000.0,317.0,17.8,90400.0,419.0,171.0,32900.0,778.0,114.0,4.63,133.0,6450.0,2750.0,608.0,8.75,317.0,17.5,3600.0,2340.0,64.6,3460.0
2022-01-24,86.3,63700.0,605000.0,980000.0,95000.0,281000.0,32.5,714000.0,68.5,88700.0,734000.0,316.0,16.0,92900.0,412.0,177.0,35900.0,771.0,114.0,6.44,133.0,6540.0,2750.0,607.0,7.11,316.0,17.5,3760.0,2380.0,67.6,3490.0
2022-01-25,86.3,45500.0,593000.0,943000.0,97700.0,277000.0,45.8,700000.0,82.3,93000.0,720000.0,316.0,14.9,96400.0,404.0,186.0,35200.0,767.0,114.0,6.89,130.0,6620.0,2750.0,600.0,6.99,316.0,17.0,3930.0,2280.0,57.3,3220.0
2022-01-26,85.8,51500.0,591000.0,902000.0,101000.0,271000.0,57.8,679000.0,92.3,84100.0,699000.0,316.0,14.4,97400.0,397.0,200.0,28800.0,764.0,113.0,6.26,125.0,6660.0,2750.0,594.0,6.89,316.0,16.8,3930.0,2290.0,63.0,2770.0
2022-01-27,85.9,53300.0,588000.0,865000.0,98200.0,266000.0,56.1,654000.0,83.2,80800.0,667000.0,314.0,14.0,90500.0,407.0,209.0,29100.0,764.0,114.0,6.06,131.0,6730.0,2750.0,587.0,7.08,314.0,16.7,3960.0,2350.0,76.7,2880.0
2022-01-28,87.5,54400.0,566000.0,831000.0,91500.0,256000.0,44.0,629000.0,79.8,81300.0,631000.0,310.0,14.0,86400.0,408.0,217.0,29300.0,772.0,114.0,5.96,127.0,6730.0,2750.0,589.0,8.04,310.0,16.8,3690.0,2300.0,70.8,2990.0
2022-01-29,88.0,46400.0,531000.0,806000.0,88600.0,249000.0,44.0,607000.0,81.8,83200.0,599000.0,307.0,13.9,87600.0,407.0,219.0,29800.0,807.0,115.0,5.96,126.0,6700.0,2750.0,585.0,8.78,307.0,16.8,3770.0,2310.0,69.0,3380.0
2022-01-30,88.0,50500.0,493000.0,782000.0,90400.0,242000.0,42.8,587000.0,80.6,81100.0,573000.0,306.0,13.3,89600.0,411.0,221.0,30800.0,876.0,116.0,6.07,128.0,6700.0,2750.0,583.0,9.48,306.0,16.9,4300.0,2340.0,69.4,3950.0
2022-01-31,89.3,54500.0,459000.0,755000.0,91000.0,235000.0,50.6,570000.0,78.7,82000.0,536000.0,304.0,13.4,89700.0,414.0,218.0,30300.0,895.0,120.0,6.04,131.0,6730.0,2750.0,590.0,8.49,304.0,17.0,3540.0,2250.0,69.2,3990.0
2022-02-01,92.7,58000.0,431000.0,720000.0,91400.0,229000.0,49.6,553000.0,70.2,83800.0,521000.0,302.0,14.2,90900.0,417.0,207.0,30500.0,936.0,120.0,7.19,138.0,6840.0,2750.0,585.0,7.45,302.0,16.8,3640.0,2360.0,72.2,3950.0
2022-02-02,96.7,48600.0,408000.0,686000.0,93900.0,218000.0,50.0,535000.0,73.5,87100.0,512000.0,301.0,16.1,94900.0,419.0,200.0,30600.0,983.0,119.0,62.4,134.0,6990.0,2750.0,574.0,8.51,301.0,16.8,3810.0,2310.0,63.7,3620.0
2022-02-03,101.0,34200.0,385000.0,656000.0,99500.0,205000.0,53.4,513000.0,82.5,79900.0,488000.0,300.0,17.4,98200.0,405.0,197.0,29700.0,1010.0,118.0,23.5,131.0,7120.0,2680.0,574.0,7.27,300.0,16.5,3950.0,2250.0,60.7,3300.0
2022-02-04,102.0,40400.0,376000.0,627000.0,99600.0,193000.0,52.8,494000.0,79.0,75200.0,477000.0,299.0,18.7,89600.0,400.0,194.0,29100.0,1020.0,117.0,19.1,128.0,7080.0,2640.0,579.0,11.6,299.0,16.3,3590.0,2240.0,71.5,3230.0
2022-02-05,102.0,74500.0,368000.0,604000.0,91700.0,185000.0,59.5,474000.0,74.9,78700.0,454000.0,299.0,19.3,82300.0,404.0,196.0,29300.0,1020.0,117.0,16.2,131.0,7060.0,2660.0,585.0,8.42,299.0,16.4,3530.0,2180.0,74.4,2910.0
2022-02-06,103.0,83900.0,383000.0,585000.0,87200.0,179000.0,55.0,453000.0,75.1,89300.0,435000.0,298.0,19.8,86200.0,405.0,201.0,28500.0,1010.0,117.0,14.1,140.0,7130.0,2610.0,584.0,12.4,298.0,16.7,3670.0,2180.0,71.9,3030.0
2022-02-07,104.0,72200.0,434000.0,565000.0,93400.0,176000.0,54.9,435000.0,76.7,96200.0,420000.0,297.0,19.9,96800.0,408.0,203.0,28800.0,1010.0,118.0,18.3,134.0,7180.0,2590.0,587.0,13.4,297.0,16.8,3580.0,2180.0,69.3,3030.0
2022-02-08,106.0,53600.0,525000.0,546000.0,103000.0,153000.0,58.1,419000.0,74.7,92700.0,401000.0,298.0,20.3,103000.0,409.0,199.0,30500.0,1030.0,125.0,33.5,130.0,7290.0,2570.0,584.0,10.5,298.0,16.6,3500.0,2140.0,66.2,3280.0
2022-02-09,109.0,51200.0,608000.0,545000.0,107000.0,149000.0,60.8,409000.0,73.6,85600.0,394000.0,298.0,24.4,102000.0,419.0,194.0,33100.0,1100.0,133.0,50.1,132.0,7430.0,2560.0,584.0,14.7,298.0,16.5,3580.0,2260.0,64.6,3960.0
2022-02-10,112.0,55700.0,665000.0,573000.0,108000.0,156000.0,130.0,400000.0,74.9,90100.0,393000.0,298.0,45.5,98500.0,423.0,189.0,33700.0,1170.0,135.0,62.3,129.0,7510.0,2550.0,586.0,14.9,298.0,16.9,3580.0,2170.0,61.7,3420.0
2022-02-11,123.0,47500.0,713000.0,630000.0,109000.0,168000.0,266.0,400000.0,87.9,97100.0,394000.0,298.0,610.0,103000.0,430.0,185.0,34600.0,1210.0,132.0,52.6,138.0,7550.0,2550.0,587.0,13.3,298.0,17.1,3650.0,2250.0,61.0,3100.0
2022-02-12,188.0,81200.0,745000.0,698000.0,115000.0,182000.0,366.0,415000.0,131.0,122000.0,403000.0,300.0,814.0,111000.0,436.0,175.0,33600.0,1230.0,124.0,48.7,123.0,7530.0,2550.0,580.0,11.2,300.0,16.5,4520.0,2240.0,53.1,2920.0
2022-02-13,224.0,52700.0,765000.0,759000.0,127000.0,199000.0,197.0,441000.0,205.0,139000.0,422000.0,299.0,285.0,137000.0,433.0,168.0,30900.0,1240.0,121.0,28.5,119.0,7610.0,2550.0,588.0,10.9,299.0,16.5,3830.0,2170.0,55.2,2840.0
2022-02-14,199.0,60200.0,771000.0,809000.0,149000.0,208000.0,173.0,473000.0,219.0,112000.0,440000.0,299.0,133.0,144000.0,426.0,161.0,31600.0,1250.0,120.0,20.8,131.0,7710.0,2560.0,591.0,10.9,299.0,16.7,3590.0,2190.0,55.2,2960.0
2022-02-15,201.0,70900.0,757000.0,846000.0,145000.0,223000.0,151.0,504000.0,163.0,106000.0,469000.0,299.0,117.0,126000.0,424.0,156.0,37300.0,1240.0,124.0,17.0,144.0,7830.0,2700.0,591.0,12.9,299.0,16.6,3700.0,2210.0,53.4,3090.0
2022-02-16,230.0,64400.0,719000.0,864000.0,133000.0,233000.0,205.0,530000.0,127.0,109000.0,506000.0,300.0,118.0,120000.0,427.0,155.0,37400.0,1230.0,136.0,19.6,150.0,7830.0,2700.0,600.0,17.6,300.0,16.6,3780.0,2210.0,57.5,3090.0
2022-02-17,899.0,84900.0,664000.0,874000.0,151000.0,235000.0,990.0,553000.0,322.0,120000.0,543000.0,300.0,554.0,147000.0,421.0,154.0,40400.0,1220.0,137.0,161.0,147.0,7880.0,2720.0,608.0,25.0,300.0,16.3,3680.0,2210.0,63.2,3010.0
2022-02-18,1050.0,94100.0,622000.0,875000.0,216000.0,239000.0,614.0,570000.0,1100.0,138000.0,543000.0,300.0,409.0,193000.0,411.0,151.0,40600.0,1210.0,130.0,103.0,129.0,8090.0,2740.0,605.0,24.2,300.0,16.0,3640.0,2180.0,57.5,2950.0
2022-02-19,575.0,98600.0,617000.0,864000.0,223000.0,241000.0,323.0,580000.0,594.0,132000.0,557000.0,300.0,156.0,192000.0,406.0,146.0,37400.0,1200.0,128.0,64.7,131.0,8140.0,2770.0,595.0,16.9,300.0,16.2,3780.0,2190.0,52.8,2970.0
2022-02-20,400.0,103000.0,663000.0,843000.0,210000.0,241000.0,327.0,582000.0,421.0,154000.0,569000.0,300.0,115.0,193000.0,421.0,146.0,35500.0,1190.0,129.0,49.1,144.0,8150.0,2790.0,594.0,13.9,300.0,16.2,3830.0,2170.0,82.9,3140.0
2022-02-21,463.0,108000.0,727000.0,823000.0,223000.0,239000.0,391.0,579000.0,340.0,174000.0,565000.0,301.0,450.0,218000.0,437.0,148.0,35000.0,1190.0,138.0,51.9,152.0,8240.0,2750.0,596.0,13.8,301.0,16.3,3730.0,2180.0,234.0,3300.0
2022-02-22,684.0,113000.0,790000.0,815000.0,241000.0,237000.0,466.0,572000.0,485.0,181000.0,561000.0,301.0,921.0,227000.0,436.0,153.0,43100.0,1190.0,138.0,43.4,150.0,8260.0,2690.0,599.0,15.1,301.0,17.3,3640.0,2200.0,81.4,3350.0
2022-02-23,837.0,114000.0,855000.0,839000.0,245000.0,234000.0,254.0,567000.0,768.0,182000.0,554000.0,301.0,509.0,228000.0,432.0,155.0,40700.0,1190.0,135.0,32.0,144.0,8310.0,2710.0,606.0,13.9,301.0,17.1,3910.0,2100.0,51.8,3310.0
2022-02-24,482.0,110000.0,923000.0,888000.0,240000.0,234000.0,148.0,571000.0,657.0,159000.0,558000.0,301.0,165.0,211000.0,432.0,160.0,40300.0,1180.0,134.0,26.7,141.0,8320.0,2720.0,603.0,11.3,301.0,17.0,3810.0,2170.0,51.5,3280.0
2022-02-25,362.0,106000.0,972000.0,942000.0,226000.0,242000.0,116.0,589000.0,346.0,155000.0,558000.0,304.0,102.0,190000.0,436.0,164.0,40100.0,1180.0,135.0,25.7,143.0,8470.0,2740.0,600.0,9.21,304.0,16.9,3690.0,2120.0,49.7,3340.0
2022-02-26,329.0,113000.0,1010000.0,987000.0,209000.0,247000.0,91.0,615000.0,276.0,157000.0,588000.0,305.0,82.8,182000.0,445.0,169.0,39600.0,1180.0,139.0,21.2,141.0,8640.0,2750.0,602.0,6.83,305.0,16.4,3840.0,2130.0,46.5,3400.0
2022-02-27,309.0,114000.0,1040000.0,1030000.0,206000.0,246000.0,89.5,643000.0,252.0,158000.0,615000.0,308.0,75.8,184000.0,484.0,172.0,38900.0,1190.0,148.0,21.9,142.0,8820.0,2760.0,599.0,6.51,308.0,16.3,4300.0,2140.0,50.1,3470.0
2022-02-28,293.0,115000.0,1070000.0,1060000.0,207000.0,252000.0,81.0,674000.0,246.0,149000.0,663000.0,328.0,72.9,182000.0,553.0,179.0,38800.0,1220.0,165.0,21.1,149.0,9100.0,2760.0,599.0,5.94,328.0,16.2,3840.0,2130.0,58.1,3540.0
2022-03-01,272.0,112000.0,1100000.0,1090000.0,201000.0,269000.0,84.5,704000.0,238.0,140000.0,704000.0,357.0,71.5,172000.0,650.0,204.0,40700.0,1250.0,214.0,20.6,154.0,9520.0,2770.0,596.0,5.09,357.0,16.2,3390.0,2230.0,135.0,3630.0
2022-03-02,258.0,114000.0,1120000.0,1110000.0,190000.0,272000.0,83.8,729000.0,236.0,141000.0,727000.0,391.0,70.8,163000.0,724.0,331.0,41100.0,1270.0,282.0,19.1,169.0,10200.0,2780.0,595.0,4.63,391.0,16.2,3480.0,2140.0,128.0,3840.0
2022-03-03,245.0,116000.0,1140000.0,1130000.0,182000.0,275000.0,77.0,753000.0,233.0,141000.0,748000.0,437.0,69.1,160000.0,777.0,433.0,42600.0,1270.0,234.0,16.9,184.0,10300.0,2790.0,597.0,3.95,437.0,16.0,4050.0,2140.0,89.7,4050.0
2022-03-04,212.0,119000.0,1160000.0,1150000.0,178000.0,276000.0,62.9,772000.0,223.0,142000.0,770000.0,518.0,68.3,158000.0,779.0,437.0,46100.0,1270.0,175.0,15.4,173.0,10300.0,2810.0,594.0,3.37,518.0,16.0,3680.0,2150.0,62.4,3950.0
2022-03-05,205.0,120000.0,1170000.0,1160000.0,177000.0,272000.0,67.1,791000.0,215.0,145000.0,786000.0,827.0,68.2,160000.0,922.0,559.0,46700.0,1270.0,252.0,15.0,184.0,10700.0,2820.0,600.0,13.5,827.0,16.9,4340.0,2280.0,185.0,4000.0
2022-03-06,259.0,117000.0,1180000.0,1180000.0,177000.0,273000.0,137.0,811000.0,238.0,145000.0,818000.0,1770.0,68.5,160000.0,5410.0,2570.0,49000.0,1280.0,896.0,201.0,986.0,11400.0,2870.0,711.0,42.0,1770.0,18.1,4590.0,2290.0,476.0,4110.0
2022-03-07,338.0,129000.0,1190000.0,1180000.0,199000.0,277000.0,108.0,825000.0,323.0,163000.0,843000.0,2340.0,69.2,181000.0,2320.0,1150.0,57100.0,1280.0,247.0,750.0,270.0,12700.0,2880.0,1560.0,25.2,2340.0,16.9,4600.0,2220.0,130.0,4040.0
2022-03-08,277.0,138000.0,1190000.0,1190000.0,227000.0,276000.0,96.1,839000.0,268.0,182000.0,837000.0,2670.0,69.1,213000.0,1490.0,858.0,61200.0,1280.0,191.0,136.0,198.0,12500.0,2880.0,3110.0,12.9,2670.0,16.4,4460.0,2320.0,86.9,4110.0
2022-03-09,257.0,136000.0,1190000.0,1210000.0,243000.0,279000.0,89.3,856000.0,230.0,187000.0,861000.0,2840.0,69.1,227000.0,1180.0,647.0,64900.0,1300.0,181.0,73.7,185.0,12600.0,2860.0,3350.0,9.46,2840.0,16.0,4710.0,2340.0,79.2,4160.0
2022-03-10,247.0,138000.0,1190000.0,1220000.0,249000.0,277000.0,92.2,873000.0,218.0,185000.0,889000.0,2650.0,69.1,228000.0,1010.0,536.0,72200.0,1310.0,165.0,50.0,176.0,11000.0,2860.0,2630.0,7.93,2650.0,15.9,4280.0,2320.0,66.6,4080.0
2022-03-11,231.0,137000.0,1190000.0,1220000.0,244000.0,273000.0,82.8,891000.0,205.0,186000.0,909000.0,1820.0,68.7,223000.0,838.0,458.0,79800.0,1310.0,147.0,39.6,169.0,10600.0,2870.0,2020.0,8.04,1820.0,15.5,4190.0,2300.0,59.7,4220.0
2022-03-12,264.0,137000.0,1190000.0,1230000.0,238000.0,276000.0,96.0,905000.0,189.0,184000.0,929000.0,1200.0,86.6,216000.0,718.0,399.0,72700.0,1310.0,138.0,33.3,157.0,9980.0,2910.0,1930.0,6.43,1200.0,15.5,4510.0,2370.0,52.3,4170.0
2022-03-13,220.0,136000.0,1180000.0,1230000.0,230000.0,285000.0,80.2,915000.0,154.0,176000.0,945000.0,1020.0,100.0,212000.0,715.0,338.0,64500.0,1300.0,164.0,28.7,169.0,9190.0,3000.0,2200.0,5.86,1020.0,15.7,4040.0,2340.0,62.6,4150.0
2022-03-14,242.0,128000.0,1160000.0,1230000.0,220000.0,291000.0,77.0,922000.0,218.0,169000.0,956000.0,980.0,133.0,204000.0,763.0,371.0,59100.0,1320.0,160.0,22.8,164.0,9640.0,3050.0,2190.0,6.17,980.0,16.1,4030.0,2330.0,63.9,4150.0
2022-03-15,219.0,121000.0,1140000.0,1230000.0,208000.0,293000.0,76.6,935000.0,196.0,157000.0,942000.0,958.0,140.0,191000.0,754.0,351.0,58600.0,1370.0,155.0,20.5,168.0,9130.0,3070.0,1690.0,6.12,958.0,16.4,5040.0,2330.0,59.4,4340.0
2022-03-16,207.0,119000.0,1120000.0,1220000.0,192000.0,299000.0,69.8,943000.0,184.0,151000.0,950000.0,921.0,117.0,177000.0,785.0,354.0,61300.0,1420.0,151.0,19.1,171.0,8360.0,3110.0,1830.0,5.95,921.0,29.9,4810.0,2460.0,58.2,4690.0
2022-03-17,201.0,121000.0,1100000.0,1220000.0,179000.0,298000.0,70.8,949000.0,179.0,154000.0,993000.0,1000.0,103.0,171000.0,799.0,377.0,63100.0,1440.0,155.0,18.0,174.0,8310.0,3160.0,2410.0,6.3,1000.0,260.0,7720.0,2610.0,60.9,5010.0
2022-03-18,209.0,116000.0,1080000.0,1210000.0,176000.0,300000.0,67.9,956000.0,185.0,153000.0,981000.0,889.0,397.0,171000.0,812.0,416.0,62400.0,1410.0,181.0,20.1,175.0,11100.0,3250.0,4180.0,67.9,889.0,351.0,8450.0,3020.0,70.7,5390.0
2022-03-19,365.0,116000.0,1050000.0,1210000.0,174000.0,300000.0,188.0,963000.0,290.0,161000.0,952000.0,751.0,1110.0,172000.0,771.0,570.0,60300.0,1370.0,334.0,23.3,173.0,12800.0,3570.0,5210.0,64.8,751.0,273.0,11800.0,3230.0,121.0,5920.0
2022-03-20,431.0,119000.0,1010000.0,1200000.0,177000.0,302000.0,162.0,965000.0,451.0,163000.0,987000.0,673.0,461.0,179000.0,729.0,593.0,66100.0,1320.0,227.0,17.4,170.0,13500.0,4110.0,5380.0,23.9,673.0,178.0,12900.0,3540.0,97.4,6560.0
2022-03-21,363.0,109000.0,967000.0,1180000.0,180000.0,290000.0,128.0,967000.0,363.0,160000.0,985000.0,633.0,256.0,180000.0,697.0,468.0,68300.0,1330.0,194.0,15.5,168.0,14000.0,5030.0,5430.0,16.4,633.0,189.0,13100.0,4190.0,83.3,8000.0
2022-03-22,358.0,112000.0,930000.0,1170000.0,181000.0,281000.0,126.0,972000.0,327.0,173000.0,975000.0,659.0,483.0,182000.0,697.0,449.0,87900.0,1340.0,195.0,48.1,173.0,15700.0,6880.0,5310.0,48.7,659.0,243.0,14100.0,5350.0,85.7,9620.0
2022-03-23,736.0,107000.0,907000.0,1170000.0,195000.0,282000.0,572.0,981000.0,419.0,196000.0,986000.0,987.0,1130.0,204000.0,777.0,622.0,98400.0,1290.0,346.0,46.4,195.0,18100.0,8550.0,5790.0,111.0,987.0,419.0,18700.0,6820.0,163.0,12400.0
2022-03-24,1860.0,126000.0,865000.0,1170000.0,215000.0,276000.0,742.0,981000.0,1180.0,208000.0,994000.0,1290.0,1580.0,223000.0,874.0,845.0,105000.0,1220.0,334.0,48.0,213.0,20000.0,9540.0,6730.0,49.3,1290.0,182.0,27000.0,8100.0,165.0,15200.0
2022-03-25,1480.0,165000.0,830000.0,1170000.0,234000.0,270000.0,418.0,977000.0,1160.0,243000.0,985000.0,1030.0,856.0,248000.0,950.0,827.0,115000.0,1120.0,256.0,58.9,198.0,22300.0,11400.0,10900.0,32.0,1030.0,78.8,31400.0,8530.0,126.0,17900.0
2022-03-26,1090.0,185000.0,810000.0,1170000.0,272000.0,267000.0,298.0,970000.0,840.0,294000.0,1000000.0,822.0,389.0,297000.0,941.0,822.0,114000.0,961.0,225.0,38.2,183.0,23200.0,11700.0,14300.0,24.2,822.0,52.8,31500.0,8680.0,106.0,18500.0
2022-03-27,845.0,186000.0,799000.0,1150000.0,324000.0,266000.0,246.0,965000.0,673.0,311000.0,1000000.0,668.0,242.0,342000.0,864.0,733.0,113000.0,938.0,205.0,26.1,174.0,24900.0,12500.0,11300.0,19.6,668.0,41.9,26400.0,9040.0,91.9,20000.0
2022-03-28,696.0,196000.0,800000.0,1130000.0,346000.0,264000.0,211.0,961000.0,560.0,289000.0,980000.0,594.0,176.0,340000.0,796.0,663.0,117000.0,892.0,194.0,22.0,170.0,25500.0,12100.0,7830.0,17.3,594.0,34.9,21100.0,8740.0,83.7,21200.0
2022-03-29,611.0,192000.0,813000.0,1120000.0,327000.0,258000.0,178.0,952000.0,490.0,268000.0,972000.0,561.0,146.0,315000.0,747.0,613.0,121000.0,777.0,187.0,19.6,168.0,23100.0,11500.0,5040.0,16.3,561.0,30.6,15800.0,9190.0,78.1,21200.0
2022-03-30,591.0,194000.0,821000.0,1100000.0,306000.0,257000.0,191.0,945000.0,465.0,271000.0,934000.0,548.0,219.0,307000.0,739.0,592.0,122000.0,673.0,204.0,425.0,169.0,19600.0,11000.0,3800.0,58.3,548.0,38.0,14200.0,8430.0,95.8,20100.0
2022-03-31,763.0,226000.0,816000.0,1100000.0,351000.0,263000.0,422.0,943000.0,502.0,313000.0,932000.0,541.0,1350.0,357000.0,720.0,567.0,125000.0,584.0,204.0,616.0,169.0,18800.0,10500.0,3040.0,108.0,541.0,71.8,12900.0,7830.0,98.3,19100.0
2022-04-01,992.0,229000.0,777000.0,1090000.0,391000.0,261000.0,345.0,930000.0,789.0,351000.0,924000.0,530.0,625.0,392000.0,705.0,528.0,129000.0,513.0,189.0,158.0,166.0,18200.0,10000.0,2990.0,50.5,530.0,50.3,13500.0,7410.0,87.3,18100.0
2022-04-02,803.0,222000.0,760000.0,1080000.0,416000.0,263000.0,281.0,918000.0,695.0,360000.0,911000.0,525.0,333.0,413000.0,701.0,519.0,134000.0,474.0,188.0,90.2,166.0,16100.0,9600.0,3100.0,67.4,525.0,39.6,12600.0,7270.0,87.1,17200.0
2022-04-03,717.0,217000.0,758000.0,1080000.0,430000.0,262000.0,251.0,906000.0,631.0,361000.0,899000.0,523.0,246.0,421000.0,694.0,516.0,134000.0,447.0,198.0,59.4,167.0,12800.0,9040.0,2940.0,53.2,523.0,37.0,12400.0,7170.0,91.9,16300.0
2022-04-04,645.0,215000.0,749000.0,1070000.0,426000.0,258000.0,236.0,896000.0,576.0,331000.0,883000.0,531.0,198.0,404000.0,677.0,496.0,134000.0,429.0,197.0,48.8,166.0,12400.0,8920.0,2990.0,65.4,531.0,44.0,14600.0,7180.0,96.9,15100.0
2022-04-05,594.0,216000.0,735000.0,1060000.0,394000.0,249000.0,221.0,891000.0,548.0,307000.0,886000.0,543.0,174.0,374000.0,670.0,491.0,135000.0,454.0,195.0,63.6,165.0,11400.0,8760.0,3430.0,71.6,543.0,110.0,16900.0,7480.0,96.0,14900.0
2022-04-06,1260.0,216000.0,726000.0,1050000.0,365000.0,250000.0,787.0,891000.0,662.0,298000.0,888000.0,618.0,1530.0,355000.0,683.0,501.0,134000.0,489.0,217.0,175.0,168.0,11800.0,9950.0,4320.0,149.0,618.0,324.0,20900.0,8580.0,120.0,15100.0
2022-04-07,1530.0,216000.0,710000.0,1040000.0,351000.0,252000.0,436.0,884000.0,1200.0,296000.0,868000.0,710.0,611.0,344000.0,699.0,508.0,134000.0,493.0,212.0,93.4,166.0,12700.0,11400.0,4900.0,78.9,710.0,220.0,25800.0,10300.0,116.0,16700.0
2022-04-08,1090.0,218000.0,688000.0,1030000.0,342000.0,251000.0,335.0,870000.0,859.0,293000.0,857000.0,670.0,316.0,335000.0,721.0,516.0,133000.0,492.0,203.0,61.0,165.0,14700.0,11900.0,5510.0,62.9,670.0,115.0,30300.0,12400.0,109.0,18400.0
2022-04-09,875.0,218000.0,671000.0,1020000.0,336000.0,249000.0,284.0,855000.0,722.0,290000.0,851000.0,617.0,229.0,328000.0,745.0,529.0,129000.0,532.0,195.0,46.2,164.0,16000.0,12500.0,6020.0,49.2,617.0,63.0,31000.0,13700.0,101.0,18900.0
2022-04-10,737.0,214000.0,662000.0,1000000.0,331000.0,242000.0,245.0,841000.0,635.0,279000.0,843000.0,571.0,182.0,320000.0,754.0,518.0,123000.0,599.0,188.0,37.5,163.0,18800.0,12900.0,5620.0,41.8,571.0,47.9,27500.0,13500.0,93.8,19800.0
2022-04-11,656.0,209000.0,658000.0,981000.0,322000.0,237000.0,225.0,830000.0,580.0,267000.0,846000.0,546.0,158.0,305000.0,760.0,504.0,119000.0,680.0,183.0,38.7,162.0,22200.0,13300.0,4540.0,36.9,546.0,44.1,21500.0,13100.0,89.4,20800.0
2022-04-12,568.0,197000.0,663000.0,963000.0,309000.0,228000.0,200.0,820000.0,512.0,260000.0,805000.0,551.0,136.0,292000.0,747.0,488.0,116000.0,794.0,176.0,35.8,161.0,23200.0,14100.0,3710.0,32.4,551.0,38.4,20000.0,12800.0,83.9,21200.0
2022-04-13,559.0,176000.0,688000.0,951000.0,304000.0,229000.0,201.0,811000.0,508.0,253000.0,773000.0,711.0,218.0,285000.0,1110.0,522.0,117000.0,959.0,179.0,259.0,175.0,21400.0,14700.0,3430.0,92.1,711.0,99.4,21100.0,13800.0,86.9,23200.0
2022-04-14,576.0,209000.0,739000.0,951000.0,316000.0,224000.0,207.0,805000.0,599.0,264000.0,786000.0,855.0,607.0,300000.0,4420.0,557.0,118000.0,1020.0,178.0,239.0,174.0,19400.0,14700.0,4150.0,57.6,855.0,106.0,32300.0,14400.0,82.9,23700.0
2022-04-15,509.0,210000.0,767000.0,950000.0,326000.0,208000.0,198.0,792000.0,557.0,279000.0,765000.0,714.0,276.0,312000.0,2940.0,1100.0,125000.0,1020.0,169.0,97.8,170.0,19500.0,15100.0,6210.0,40.5,714.0,56.1,43300.0,15100.0,76.2,23200.0
2022-04-16,459.0,199000.0,806000.0,963000.0,344000.0,204000.0,176.0,785000.0,500.0,291000.0,761000.0,614.0,185.0,330000.0,2070.0,1070.0,126000.0,1020.0,164.0,63.5,168.0,22600.0,14900.0,8230.0,34.8,614.0,42.1,46700.0,15100.0,72.9,23400.0
2022-04-17,425.0,185000.0,843000.0,985000.0,357000.0,214000.0,165.0,781000.0,460.0,287000.0,755000.0,563.0,143.0,333000.0,1710.0,889.0,129000.0,1040.0,160.0,53.1,167.0,24700.0,14300.0,7770.0,31.7,563.0,35.0,39200.0,14000.0,69.5,23100.0
2022-04-18,455.0,188000.0,878000.0,1010000.0,351000.0,216000.0,172.0,787000.0,455.0,278000.0,729000.0,540.0,129.0,319000.0,1490.0,792.0,130000.0,1050.0,160.0,71.9,166.0,27300.0,13900.0,5370.0,37.7,540.0,31.9,30000.0,13200.0,70.3,22400.0
2022-04-19,478.0,204000.0,910000.0,1030000.0,336000.0,217000.0,175.0,794000.0,463.0,271000.0,734000.0,528.0,115.0,306000.0,1350.0,729.0,134000.0,1040.0,158.0,52.6,164.0,29400.0,13500.0,3760.0,28.6,528.0,30.1,22900.0,12400.0,68.2,22100.0
2022-04-20,465.0,190000.0,930000.0,1050000.0,324000.0,223000.0,184.0,804000.0,446.0,266000.0,749000.0,528.0,275.0,296000.0,1260.0,689.0,138000.0,1070.0,157.0,56.8,166.0,28500.0,13300.0,3040.0,104.0,528.0,30.7,21700.0,11700.0,67.8,21400.0
2022-04-21,965.0,214000.0,943000.0,1080000.0,316000.0,229000.0,455.0,812000.0,766.0,277000.0,758000.0,563.0,1340.0,293000.0,1210.0,668.0,144000.0,1100.0,169.0,71.8,169.0,21600.0,13300.0,2940.0,90.5,563.0,40.1,21400.0,11600.0,75.2,21400.0
2022-04-22,1020.0,223000.0,932000.0,1100000.0,319000.0,232000.0,321.0,822000.0,968.0,306000.0,764000.0,637.0,509.0,313000.0,1210.0,657.0,145000.0,1160.0,226.0,57.5,173.0,18700.0,13400.0,3270.0,126.0,637.0,45.4,21200.0,12000.0,122.0,20900.0
2022-04-23,879.0,221000.0,905000.0,1120000.0,336000.0,232000.0,283.0,833000.0,803.0,306000.0,767000.0,753.0,303.0,330000.0,1340.0,692.0,146000.0,1300.0,340.0,42.3,179.0,18900.0,13900.0,3940.0,96.9,753.0,48.8,22600.0,12200.0,184.0,20900.0
2022-04-24,749.0,219000.0,862000.0,1140000.0,336000.0,235000.0,242.0,846000.0,736.0,291000.0,791000.0,755.0,234.0,320000.0,1590.0,717.0,154000.0,1490.0,254.0,210.0,176.0,17300.0,14400.0,4320.0,101.0,755.0,51.3,22000.0,12500.0,153.0,21600.0
2022-04-25,642.0,219000.0,833000.0,1160000.0,328000.0,235000.0,211.0,858000.0,656.0,286000.0,809000.0,683.0,195.0,308000.0,1660.0,757.0,167000.0,1600.0,224.0,442.0,171.0,17400.0,14700.0,4260.0,64.5,683.0,47.5,21300.0,13700.0,129.0,22300.0
2022-04-26,542.0,221000.0,815000.0,1160000.0,321000.0,240000.0,189.0,869000.0,577.0,284000.0,801000.0,604.0,140.0,300000.0,1570.0,753.0,173000.0,1660.0,207.0,135.0,169.0,17500.0,15300.0,3870.0,53.9,604.0,37.0,19500.0,14900.0,115.0,22400.0
2022-04-27,492.0,226000.0,790000.0,1160000.0,314000.0,244000.0,170.0,875000.0,522.0,285000.0,818000.0,558.0,116.0,298000.0,1420.0,710.0,176000.0,1730.0,196.0,80.5,167.0,17000.0,15500.0,3400.0,47.9,558.0,31.3,18600.0,13900.0,105.0,22700.0
2022-04-28,466.0,233000.0,753000.0,1160000.0,314000.0,249000.0,163.0,880000.0,491.0,291000.0,843000.0,535.0,109.0,300000.0,1320.0,677.0,172000.0,1790.0,194.0,58.9,167.0,17000.0,15800.0,2920.0,43.9,535.0,27.7,16300.0,12600.0,102.0,22900.0
2022-04-29,451.0,238000.0,709000.0,1140000.0,318000.0,248000.0,154.0,879000.0,465.0,297000.0,840000.0,519.0,133.0,308000.0,1240.0,657.0,168000.0,1830.0,192.0,59.1,167.0,16600.0,15700.0,2570.0,42.2,519.0,25.8,14700.0,11300.0,99.4,23100.0
2022-04-30,439.0,244000.0,667000.0,1110000.0,321000.0,241000.0,147.0,881000.0,457.0,304000.0,840000.0,545.0,204.0,313000.0,1270.0,650.0,164000.0,1870.0,193.0,92.8,173.0,16500.0,16100.0,2370.0,57.2,545.0,27.7,14300.0,10800.0,108.0,23300.0
2022-05-01,409.0,243000.0,636000.0,1070000.0,330000.0,235000.0,130.0,884000.0,443.0,323000.0,849000.0,676.0,162.0,325000.0,1580.0,675.0,160000.0,1940.0,217.0,61.8,174.0,15600.0,16900.0,2360.0,39.3,676.0,62.3,15100.0,12200.0,144.0,24500.0
2022-05-02,363.0,236000.0,615000.0,1030000.0,345000.0,225000.0,132.0,882000.0,409.0,333000.0,851000.0,734.0,116.0,341000.0,1750.0,757.0,158000.0,1990.0,192.0,41.3,173.0,14700.0,17600.0,3340.0,35.1,734.0,96.6,17200.0,14700.0,112.0,25100.0
2022-05-03,382.0,240000.0,604000.0,978000.0,361000.0,217000.0,154.0,875000.0,425.0,356000.0,852000.0,679.0,872.0,358000.0,1740.0,822.0,157000.0,1970.0,197.0,331.0,175.0,14600.0,18200.0,4420.0,180.0,679.0,57.1,21100.0,16400.0,121.0,26000.0
2022-05-04,400.0,246000.0,600000.0,933000.0,388000.0,217000.0,145.0,862000.0,473.0,386000.0,832000.0,604.0,504.0,386000.0,1650.0,951.0,159000.0,2020.0,200.0,92.3,185.0,15900.0,18300.0,4790.0,99.3,604.0,41.4,22000.0,16600.0,117.0,26500.0
2022-05-05,361.0,254000.0,597000.0,903000.0,418000.0,219000.0,136.0,846000.0,430.0,408000.0,799000.0,563.0,592.0,417000.0,1570.0,1040.0,162000.0,2060.0,187.0,2230.0,186.0,17700.0,18300.0,4200.0,79.1,563.0,33.3,20300.0,15500.0,108.0,26800.0
2022-05-06,462.0,278000.0,603000.0,885000.0,466000.0,220000.0,151.0,830000.0,445.0,469000.0,775000.0,539.0,925.0,463000.0,1510.0,1070.0,161000.0,2080.0,185.0,586.0,186.0,18600.0,17900.0,3290.0,73.3,539.0,29.0,16900.0,13900.0,105.0,27000.0
2022-05-07,450.0,285000.0,617000.0,879000.0,519000.0,218000.0,155.0,811000.0,489.0,494000.0,752000.0,518.0,447.0,508000.0,1430.0,1010.0,160000.0,2080.0,179.0,240.0,182.0,18100.0,17700.0,2740.0,56.2,518.0,26.7,12600.0,12500.0,99.4,26700.0
2022-05-08,407.0,281000.0,646000.0,875000.0,546000.0,213000.0,138.0,796000.0,467.0,479000.0,736000.0,507.0,282.0,522000.0,1350.0,937.0,161000.0,2070.0,174.0,146.0,179.0,16600.0,17400.0,2260.0,47.6,507.0,25.6,12200.0,11300.0,94.6,26300.0
2022-05-09,388.0,271000.0,697000.0,877000.0,552000.0,211000.0,131.0,784000.0,439.0,459000.0,717000.0,506.0,209.0,515000.0,1290.0,896.0,158000.0,2060.0,174.0,95.9,178.0,14500.0,17100.0,2130.0,43.7,506.0,26.4,11900.0,10700.0,93.5,26300.0
2022-05-10,364.0,263000.0,752000.0,892000.0,543000.0,197000.0,128.0,777000.0,419.0,439000.0,702000.0,643.0,165.0,498000.0,1250.0,1020.0,154000.0,2060.0,172.0,67.5,176.0,13500.0,17000.0,2150.0,39.0,643.0,194.0,11200.0,10900.0,89.7,26200.0
2022-05-11,333.0,257000.0,802000.0,914000.0,523000.0,197000.0,121.0,777000.0,396.0,417000.0,696000.0,821.0,133.0,470000.0,1190.0,971.0,147000.0,2040.0,166.0,51.2,176.0,13400.0,16800.0,2160.0,36.1,821.0,103.0,11500.0,10400.0,85.2,26100.0
2022-05-12,320.0,249000.0,842000.0,936000.0,494000.0,205000.0,116.0,779000.0,371.0,392000.0,686000.0,707.0,111.0,441000.0,1140.0,911.0,146000.0,2060.0,161.0,40.9,170.0,11500.0,18200.0,2320.0,34.2,707.0,1430.0,13300.0,11800.0,81.1,29200.0
2022-05-13,304.0,242000.0,873000.0,956000.0,461000.0,214000.0,115.0,787000.0,355.0,367000.0,686000.0,617.0,96.0,411000.0,1100.0,861.0,145000.0,2070.0,156.0,37.4,167.0,11900.0,22300.0,2290.0,31.6,617.0,301.0,17200.0,15900.0,77.9,34200.0
2022-05-14,373.0,238000.0,897000.0,979000.0,426000.0,223000.0,194.0,796000.0,344.0,352000.0,700000.0,561.0,84.5,384000.0,1060.0,814.0,144000.0,2070.0,153.0,115.0,164.0,11300.0,22900.0,3540.0,29.1,561.0,107.0,19300.0,22200.0,74.4,40800.0
2022-05-15,331.0,236000.0,907000.0,998000.0,399000.0,233000.0,171.0,804000.0,421.0,345000.0,704000.0,524.0,75.6,368000.0,1020.0,774.0,142000.0,2060.0,151.0,49.9,162.0,12200.0,22900.0,3330.0,28.9,524.0,59.7,18400.0,25500.0,73.1,43600.0
2022-05-16,295.0,231000.0,913000.0,1020000.0,383000.0,236000.0,148.0,814000.0,387.0,336000.0,714000.0,499.0,72.0,357000.0,980.0,732.0,139000.0,2050.0,150.0,34.5,161.0,13500.0,23000.0,2490.0,27.3,499.0,46.6,14400.0,25200.0,71.3,45600.0
2022-05-17,274.0,228000.0,902000.0,1040000.0,367000.0,240000.0,133.0,823000.0,356.0,328000.0,731000.0,480.0,68.8,345000.0,953.0,701.0,134000.0,2050.0,149.0,26.9,160.0,13600.0,22600.0,1880.0,24.9,480.0,40.0,12700.0,23500.0,69.5,47200.0
2022-05-18,270.0,224000.0,871000.0,1050000.0,354000.0,246000.0,149.0,831000.0,375.0,324000.0,754000.0,477.0,172.0,338000.0,956.0,693.0,132000.0,2040.0,153.0,32.3,161.0,12000.0,21700.0,1670.0,31.2,477.0,37.0,10200.0,21300.0,73.7,48200.0
2022-05-19,287.0,219000.0,816000.0,1070000.0,346000.0,251000.0,149.0,838000.0,407.0,314000.0,756000.0,484.0,105.0,333000.0,964.0,672.0,129000.0,2040.0,152.0,28.3,161.0,11200.0,21200.0,1580.0,26.3,484.0,32.1,9230.0,18900.0,73.0,47600.0
2022-05-20,268.0,214000.0,734000.0,1080000.0,341000.0,254000.0,132.0,845000.0,376.0,308000.0,764000.0,539.0,83.3,334000.0,2040.0,659.0,127000.0,2030.0,153.0,28.1,163.0,10800.0,20400.0,2230.0,24.9,539.0,29.7,10500.0,16400.0,73.1,45800.0
2022-05-21,264.0,213000.0,652000.0,1080000.0,336000.0,256000.0,131.0,853000.0,347.0,364000.0,759000.0,506.0,127.0,325000.0,2480.0,630.0,126000.0,2020.0,148.0,623.0,159.0,9650.0,19700.0,2000.0,22.6,506.0,33.0,12200.0,14400.0,69.0,43100.0
2022-05-22,361.0,215000.0,611000.0,1070000.0,345000.0,258000.0,141.0,861000.0,334.0,379000.0,771000.0,515.0,114.0,348000.0,1800.0,597.0,123000.0,2000.0,143.0,233.0,156.0,11300.0,19200.0,2520.0,20.6,515.0,32.1,13400.0,12900.0,65.3,40000.0
2022-05-23,315.0,193000.0,592000.0,1060000.0,370000.0,256000.0,125.0,867000.0,329.0,344000.0,787000.0,481.0,76.6,369000.0,1510.0,568.0,126000.0,1990.0,141.0,105.0,155.0,15200.0,18500.0,2670.0,19.6,481.0,30.5,12600.0,11300.0,63.2,37200.0
2022-05-24,278.0,154000.0,591000.0,1030000.0,383000.0,255000.0,111.0,864000.0,307.0,328000.0,776000.0,458.0,63.5,370000.0,1350.0,543.0,127000.0,1970.0,142.0,63.4,154.0,17400.0,17800.0,2510.0,19.9,458.0,29.5,10500.0,9840.0,63.5,34700.0
2022-05-25,293.0,140000.0,602000.0,1000000.0,375000.0,257000.0,127.0,859000.0,317.0,315000.0,772000.0,592.0,300.0,359000.0,1380.0,613.0,130000.0,1960.0,177.0,54.5,176.0,17500.0,16900.0,2250.0,129.0,592.0,32.3,9370.0,8910.0,86.5,32800.0
2022-05-26,436.0,161000.0,615000.0,976000.0,362000.0,256000.0,365.0,846000.0,386.0,305000.0,754000.0,942.0,1000.0,343000.0,1700.0,748.0,131000.0,1950.0,220.0,73.8,191.0,15900.0,16000.0,2380.0,118.0,942.0,54.9,11800.0,8380.0,116.0,30600.0
2022-05-27,981.0,191000.0,628000.0,956000.0,344000.0,253000.0,458.0,828000.0,584.0,300000.0,729000.0,955.0,1150.0,327000.0,2290.0,960.0,139000.0,1950.0,175.0,58.4,178.0,14100.0,15200.0,3520.0,66.0,955.0,56.0,15100.0,7960.0,92.6,28600.0
2022-05-28,638.0,209000.0,636000.0,938000.0,334000.0,252000.0,276.0,809000.0,673.0,300000.0,724000.0,782.0,721.0,323000.0,2270.0,1240.0,142000.0,1950.0,160.0,45.4,172.0,13400.0,14800.0,3840.0,48.9,782.0,45.5,15000.0,7480.0,80.1,26900.0
2022-05-29,521.0,213000.0,628000.0,926000.0,333000.0,250000.0,227.0,789000.0,510.0,311000.0,707000.0,650.0,238.0,328000.0,2020.0,1190.0,146000.0,1960.0,156.0,33.4,170.0,13400.0,14200.0,3560.0,41.5,650.0,38.4,13600.0,7320.0,77.4,25900.0
2022-05-30,447.0,213000.0,619000.0,917000.0,343000.0,247000.0,190.0,771000.0,443.0,338000.0,692000.0,580.0,153.0,346000.0,1810.0,1090.0,148000.0,1990.0,152.0,27.1,170.0,13300.0,14100.0,2950.0,36.1,580.0,34.5,11300.0,7110.0,75.0,24900.0
2022-05-31,392.0,213000.0,623000.0,911000.0,365000.0,248000.0,170.0,756000.0,394.0,345000.0,685000.0,543.0,112.0,366000.0,1650.0,974.0,152000.0,2040.0,147.0,31.2,164.0,13600.0,15500.0,2430.0,34.9,543.0,30.1,10400.0,7480.0,72.0,24800.0
2022-06-01,381.0,217000.0,641000.0,905000.0,377000.0,242000.0,167.0,743000.0,372.0,332000.0,676000.0,511.0,4290.0,364000.0,1500.0,882.0,155000.0,2050.0,143.0,38.2,160.0,12900.0,17000.0,2020.0,32.0,511.0,27.3,10600.0,8250.0,70.8,25900.0
2022-06-02,361.0,235000.0,668000.0,899000.0,368000.0,242000.0,150.0,733000.0,352.0,344000.0,654000.0,487.0,3570.0,356000.0,1390.0,812.0,152000.0,2040.0,141.0,31.2,159.0,11600.0,17600.0,1730.0,29.9,487.0,25.6,8970.0,8270.0,69.7,26500.0
2022-06-03,322.0,246000.0,684000.0,898000.0,376000.0,245000.0,136.0,725000.0,323.0,403000.0,642000.0,464.0,676.0,383000.0,1300.0,756.0,151000.0,2020.0,139.0,23.7,158.0,10400.0,17700.0,1440.0,27.0,464.0,23.7,8180.0,7690.0,69.1,27000.0
2022-06-04,296.0,246000.0,681000.0,900000.0,420000.0,251000.0,124.0,715000.0,301.0,425000.0,631000.0,457.0,247.0,426000.0,1240.0,721.0,146000.0,2000.0,141.0,19.6,158.0,10500.0,17700.0,1260.0,24.8,457.0,24.0,7980.0,7070.0,71.8,26900.0
2022-06-05,282.0,236000.0,662000.0,907000.0,449000.0,247000.0,119.0,705000.0,287.0,400000.0,630000.0,453.0,158.0,434000.0,1200.0,716.0,143000.0,1980.0,149.0,15.9,164.0,10300.0,17300.0,1200.0,24.8,453.0,24.7,7660.0,6370.0,78.0,26900.0
2022-06-06,272.0,225000.0,648000.0,913000.0,439000.0,244000.0,117.0,700000.0,281.0,370000.0,634000.0,480.0,136.0,412000.0,1200.0,736.0,141000.0,1970.0,164.0,17.2,170.0,9470.0,16800.0,1200.0,80.9,480.0,27.2,7750.0,5740.0,87.2,26100.0
2022-06-07,322.0,218000.0,647000.0,919000.0,408000.0,244000.0,137.0,697000.0,275.0,343000.0,635000.0,522.0,315.0,382000.0,1160.0,737.0,137000.0,1950.0,155.0,16.3,163.0,8900.0,16200.0,1230.0,41.0,522.0,26.5,7720.0,5120.0,79.7,25300.0
2022-06-08,319.0,216000.0,647000.0,918000.0,376000.0,224000.0,118.0,697000.0,283.0,328000.0,629000.0,535.0,516.0,357000.0,1170.0,943.0,134000.0,1930.0,146.0,20.6,173.0,9960.0,15500.0,1410.0,39.7,535.0,25.2,7040.0,4470.0,78.4,24200.0
2022-06-09,278.0,218000.0,630000.0,915000.0,353000.0,224000.0,113.0,699000.0,280.0,323000.0,626000.0,503.0,385.0,341000.0,1130.0,1440.0,131000.0,1910.0,146.0,14.4,181.0,11100.0,14400.0,1400.0,28.3,503.0,24.0,6730.0,3990.0,79.8,23300.0
2022-06-10,257.0,217000.0,608000.0,913000.0,343000.0,224000.0,106.0,698000.0,263.0,327000.0,616000.0,465.0,215.0,338000.0,1070.0,1400.0,133000.0,1900.0,140.0,14.3,169.0,9150.0,13900.0,1240.0,48.6,465.0,23.9,6090.0,3470.0,73.3,21700.0
2022-06-11,258.0,219000.0,596000.0,916000.0,344000.0,224000.0,109.0,697000.0,258.0,335000.0,622000.0,460.0,192.0,344000.0,1060.0,1260.0,129000.0,1910.0,142.0,13.9,168.0,9100.0,13200.0,1190.0,32.9,460.0,23.8,5700.0,3340.0,76.9,20800.0
2022-06-12,269.0,221000.0,593000.0,915000.0,353000.0,224000.0,256.0,695000.0,263.0,340000.0,632000.0,477.0,144.0,354000.0,1040.0,1150.0,126000.0,1910.0,167.0,12.6,168.0,9880.0,12600.0,1160.0,155.0,477.0,23.8,5650.0,3610.0,80.7,20000.0
2022-06-13,260.0,222000.0,594000.0,913000.0,359000.0,224000.0,178.0,693000.0,386.0,335000.0,632000.0,699.0,282.0,356000.0,1200.0,1080.0,122000.0,1970.0,149.0,11.4,183.0,10600.0,12100.0,1270.0,48.2,699.0,24.1,5770.0,3610.0,77.1,19100.0
2022-06-14,235.0,223000.0,592000.0,910000.0,355000.0,224000.0,135.0,690000.0,335.0,319000.0,633000.0,719.0,105.0,346000.0,1310.0,1290.0,120000.0,2010.0,146.0,10.4,238.0,9250.0,11500.0,1650.0,37.1,719.0,24.2,5350.0,3390.0,77.5,18500.0
2022-06-15,215.0,221000.0,583000.0,906000.0,339000.0,224000.0,114.0,688000.0,283.0,307000.0,619000.0,644.0,73.2,328000.0,1370.0,1270.0,118000.0,2020.0,141.0,8.89,227.0,9860.0,11000.0,1560.0,66.2,644.0,23.9,5510.0,3400.0,75.3,17100.0
2022-06-16,234.0,215000.0,567000.0,895000.0,323000.0,224000.0,105.0,686000.0,260.0,298000.0,613000.0,726.0,55.9,316000.0,1670.0,1750.0,114000.0,2030.0,156.0,7.34,271.0,10700.0,10400.0,2010.0,92.1,726.0,22.9,6520.0,3200.0,92.4,16700.0
2022-06-17,262.0,210000.0,546000.0,876000.0,313000.0,219000.0,95.6,685000.0,238.0,289000.0,625000.0,743.0,707.0,303000.0,1720.0,2320.0,113000.0,2030.0,141.0,13.8,242.0,11000.0,10100.0,2970.0,34.9,743.0,22.2,6960.0,3240.0,75.6,16100.0
2022-06-18,203.0,197000.0,531000.0,854000.0,301000.0,216000.0,88.3,679000.0,220.0,285000.0,620000.0,609.0,271.0,295000.0,1650.0,2030.0,111000.0,2050.0,133.0,10.0,222.0,13800.0,9690.0,3760.0,30.1,609.0,22.0,7160.0,2960.0,70.2,15100.0
2022-06-19,186.0,185000.0,523000.0,833000.0,294000.0,214000.0,85.5,671000.0,207.0,278000.0,626000.0,529.0,97.2,287000.0,1510.0,1690.0,112000.0,2080.0,130.0,7.52,208.0,13700.0,9010.0,3100.0,26.4,529.0,21.9,6490.0,2880.0,68.4,14400.0
2022-06-20,179.0,175000.0,518000.0,811000.0,286000.0,212000.0,82.6,661000.0,197.0,270000.0,624000.0,491.0,60.3,280000.0,1410.0,1470.0,110000.0,2100.0,130.0,6.21,199.0,13400.0,8910.0,2250.0,24.7,491.0,22.3,5960.0,2790.0,68.2,13500.0
2022-06-21,176.0,167000.0,509000.0,779000.0,278000.0,212000.0,76.7,648000.0,190.0,263000.0,616000.0,472.0,46.4,272000.0,1330.0,1300.0,112000.0,2180.0,130.0,5.75,192.0,11300.0,9290.0,1850.0,23.1,472.0,22.3,5610.0,2960.0,67.0,13600.0
2022-06-22,171.0,159000.0,488000.0,746000.0,271000.0,214000.0,72.6,632000.0,182.0,266000.0,595000.0,455.0,40.0,266000.0,1250.0,1170.0,113000.0,2190.0,127.0,5.79,186.0,9480.0,8880.0,1520.0,22.8,455.0,21.5,5200.0,2830.0,64.7,13700.0
2022-06-23,163.0,142000.0,463000.0,714000.0,270000.0,209000.0,69.7,613000.0,173.0,265000.0,578000.0,441.0,36.6,269000.0,1180.0,1060.0,110000.0,2210.0,126.0,6.3,181.0,8490.0,8550.0,1260.0,20.6,441.0,21.2,5250.0,2730.0,63.5,12600.0
2022-06-24,159.0,130000.0,437000.0,684000.0,269000.0,197000.0,67.5,592000.0,166.0,256000.0,565000.0,430.0,31.8,265000.0,1130.0,972.0,105000.0,2220.0,125.0,7.2,178.0,7840.0,10200.0,1080.0,19.7,430.0,20.9,5030.0,3190.0,62.9,13800.0
2022-06-25,382.0,132000.0,419000.0,653000.0,261000.0,190000.0,576.0,570000.0,392.0,239000.0,550000.0,437.0,29.8,253000.0,1130.0,941.0,101000.0,2330.0,137.0,6.46,186.0,7610.0,13500.0,1030.0,358.0,437.0,20.6,4940.0,2890.0,72.8,15700.0
2022-06-26,2030.0,141000.0,404000.0,623000.0,246000.0,177000.0,418.0,547000.0,1820.0,230000.0,531000.0,461.0,30.0,236000.0,1190.0,892.0,100000.0,2350.0,146.0,11.1,187.0,7160.0,15500.0,973.0,98.3,461.0,19.4,4780.0,3030.0,74.6,18500.0
2022-06-27,1220.0,134000.0,395000.0,595000.0,234000.0,164000.0,243.0,524000.0,964.0,219000.0,513000.0,432.0,44.5,225000.0,1120.0,818.0,104000.0,2360.0,129.0,11.2,176.0,5990.0,15000.0,903.0,54.1,432.0,18.7,5020.0,3690.0,65.0,20000.0
2022-06-28,678.0,139000.0,384000.0,573000.0,222000.0,152000.0,194.0,502000.0,633.0,215000.0,506000.0,420.0,25.9,215000.0,1110.0,767.0,97300.0,2360.0,125.0,7.15,173.0,6090.0,14100.0,875.0,43.1,420.0,19.4,4950.0,3870.0,63.0,19700.0
2022-06-29,507.0,152000.0,365000.0,549000.0,216000.0,145000.0,170.0,482000.0,504.0,220000.0,500000.0,417.0,18.0,214000.0,1070.0,968.0,92500.0,2370.0,128.0,6.51,172.0,5830.0,13000.0,829.0,36.2,417.0,19.7,4700.0,3410.0,63.3,18400.0
2022-06-30,416.0,115000.0,353000.0,525000.0,218000.0,138000.0,145.0,463000.0,430.0,212000.0,472000.0,417.0,14.5,216000.0,1040.0,828.0,86300.0,2370.0,126.0,5.14,170.0,6000.0,12700.0,801.0,31.9,417.0,19.9,4680.0,3310.0,61.6,17100.0
2022-07-01,365.0,98400.0,347000.0,503000.0,213000.0,130000.0,145.0,444000.0,392.0,192000.0,454000.0,423.0,13.3,203000.0,991.0,732.0,87700.0,2360.0,123.0,5.24,169.0,6110.0,12100.0,818.0,29.2,423.0,19.5,4610.0,3140.0,60.1,16800.0
2022-07-02,361.0,107000.0,342000.0,486000.0,198000.0,121000.0,133.0,427000.0,394.0,175000.0,452000.0,413.0,13.8,185000.0,958.0,694.0,83500.0,2360.0,122.0,15.1,174.0,6910.0,11700.0,845.0,27.9,413.0,18.9,4380.0,2870.0,59.4,15900.0
2022-07-03,301.0,113000.0,337000.0,472000.0,188000.0,116000.0,119.0,410000.0,348.0,170000.0,425000.0,408.0,12.3,173000.0,945.0,660.0,81400.0,2360.0,121.0,15.0,179.0,6500.0,11300.0,814.0,25.2,408.0,19.1,4260.0,2620.0,59.4,15000.0
2022-07-04,265.0,101000.0,323000.0,457000.0,176000.0,124000.0,111.0,394000.0,310.0,162000.0,422000.0,417.0,10.9,166000.0,952.0,670.0,80800.0,2370.0,126.0,8.18,178.0,6360.0,11000.0,825.0,357.0,417.0,19.9,4240.0,2530.0,65.5,15000.0
2022-07-05,248.0,96700.0,307000.0,444000.0,168000.0,122000.0,108.0,376000.0,295.0,154000.0,411000.0,447.0,9.62,158000.0,1030.0,805.0,78900.0,2370.0,157.0,5.81,190.0,6340.0,10600.0,843.0,95.2,447.0,20.8,4130.0,2800.0,123.0,14400.0
2022-07-06,239.0,95000.0,299000.0,431000.0,160000.0,126000.0,105.0,359000.0,301.0,153000.0,390000.0,599.0,17.4,153000.0,1080.0,2420.0,82600.0,2380.0,257.0,5.17,189.0,6550.0,9890.0,830.0,54.5,599.0,21.1,3920.0,2700.0,187.0,13800.0
2022-07-07,234.0,109000.0,289000.0,418000.0,156000.0,103000.0,95.7,346000.0,283.0,158000.0,378000.0,515.0,213.0,151000.0,1390.0,2010.0,80800.0,2380.0,179.0,4.62,183.0,6570.0,9920.0,808.0,41.5,515.0,20.8,3680.0,2450.0,125.0,13000.0
2022-07-08,309.0,138000.0,282000.0,403000.0,155000.0,98300.0,316.0,340000.0,546.0,172000.0,370000.0,574.0,1550.0,158000.0,1330.0,2250.0,80900.0,2370.0,156.0,5.06,180.0,6810.0,9350.0,788.0,98.0,574.0,20.9,3830.0,2480.0,104.0,12900.0
2022-07-09,2010.0,160000.0,280000.0,393000.0,165000.0,96100.0,409.0,330000.0,1350.0,199000.0,374000.0,530.0,535.0,178000.0,1880.0,2710.0,82100.0,2370.0,151.0,6.39,335.0,6740.0,8780.0,763.0,53.1,530.0,20.3,4140.0,2310.0,92.9,12500.0
2022-07-10,1120.0,145000.0,280000.0,386000.0,188000.0,99800.0,186.0,320000.0,723.0,203000.0,345000.0,473.0,142.0,204000.0,1790.0,2350.0,88800.0,2380.0,139.0,5.86,253.0,6510.0,8420.0,796.0,35.9,473.0,20.4,4260.0,2400.0,84.6,11800.0
2022-07-11,618.0,126000.0,290000.0,368000.0,202000.0,100000.0,160.0,312000.0,489.0,205000.0,348000.0,449.0,77.2,209000.0,1500.0,1970.0,87900.0,2390.0,137.0,4.73,230.0,6200.0,8230.0,835.0,82.2,449.0,19.6,3970.0,2370.0,82.8,11300.0
2022-07-12,478.0,134000.0,315000.0,357000.0,204000.0,94800.0,140.0,301000.0,439.0,208000.0,315000.0,437.0,52.6,211000.0,1330.0,1630.0,85100.0,2400.0,135.0,7.73,214.0,5960.0,7900.0,802.0,36.7,437.0,18.3,3870.0,2540.0,79.9,10900.0
2022-07-13,373.0,132000.0,344000.0,354000.0,205000.0,95300.0,117.0,288000.0,373.0,213000.0,303000.0,432.0,39.7,212000.0,1230.0,1390.0,85400.0,2410.0,129.0,5.47,205.0,5920.0,8040.0,742.0,26.6,432.0,20.0,4220.0,2590.0,75.3,10600.0
2022-07-14,315.0,126000.0,362000.0,362000.0,207000.0,99300.0,105.0,278000.0,326.0,206000.0,283000.0,418.0,31.1,214000.0,1130.0,1230.0,81000.0,2410.0,126.0,4.14,196.0,5330.0,7630.0,728.0,22.2,418.0,19.7,4650.0,2650.0,71.4,10400.0
2022-07-15,308.0,112000.0,363000.0,370000.0,204000.0,103000.0,190.0,273000.0,322.0,196000.0,277000.0,485.0,28.1,207000.0,1090.0,3080.0,77300.0,2410.0,839.0,3.67,193.0,6120.0,7640.0,832.0,153.0,485.0,20.3,4740.0,2940.0,192.0,9930.0
2022-07-16,405.0,105000.0,355000.0,384000.0,196000.0,106000.0,208.0,274000.0,580.0,182000.0,271000.0,496.0,26.9,196000.0,1700.0,3280.0,75800.0,2400.0,553.0,3.56,276.0,7090.0,7610.0,1380.0,55.4,496.0,20.4,6300.0,2890.0,148.0,10100.0
2022-07-17,331.0,101000.0,345000.0,398000.0,186000.0,113000.0,149.0,278000.0,483.0,178000.0,270000.0,463.0,39.4,184000.0,1590.0,2160.0,78500.0,2400.0,233.0,18.7,227.0,6720.0,7580.0,2890.0,39.9,463.0,20.4,6880.0,2660.0,106.0,9890.0
2022-07-18,279.0,104000.0,342000.0,406000.0,183000.0,114000.0,126.0,287000.0,379.0,172000.0,282000.0,437.0,51.2,180000.0,1420.0,1810.0,81900.0,2390.0,197.0,14.5,211.0,8670.0,7270.0,1750.0,29.8,437.0,20.0,7290.0,2740.0,94.3,10000.0
2022-07-19,242.0,115000.0,336000.0,406000.0,175000.0,117000.0,111.0,294000.0,332.0,169000.0,285000.0,422.0,37.3,174000.0,1280.0,1570.0,81900.0,2390.0,180.0,6.59,202.0,5900.0,7110.0,1320.0,26.4,422.0,19.1,5370.0,2480.0,87.4,9360.0
2022-07-20,216.0,110000.0,335000.0,402000.0,170000.0,118000.0,99.3,297000.0,296.0,167000.0,289000.0,411.0,25.5,174000.0,1190.0,1390.0,75000.0,2390.0,169.0,4.45,196.0,5890.0,6960.0,1230.0,24.9,411.0,18.3,4720.0,2590.0,82.9,9430.0
2022-07-21,198.0,97900.0,331000.0,399000.0,169000.0,121000.0,88.1,298000.0,267.0,162000.0,289000.0,402.0,18.9,171000.0,1110.0,1260.0,71200.0,2370.0,161.0,3.52,191.0,5540.0,6590.0,1120.0,22.2,402.0,18.6,4770.0,2390.0,79.5,9300.0
2022-07-22,178.0,84200.0,324000.0,398000.0,165000.0,123000.0,82.0,298000.0,241.0,155000.0,290000.0,391.0,15.1,165000.0,1050.0,1130.0,67500.0,2360.0,153.0,3.01,188.0,6420.0,6400.0,990.0,20.2,391.0,18.5,4030.0,2150.0,75.9,8630.0
2022-07-23,163.0,75500.0,325000.0,396000.0,159000.0,119000.0,76.1,295000.0,223.0,140000.0,299000.0,390.0,12.8,156000.0,1060.0,1040.0,62100.0,2360.0,150.0,2.84,192.0,7840.0,6220.0,883.0,21.0,390.0,18.8,3700.0,2170.0,74.3,8330.0
2022-07-24,156.0,72900.0,331000.0,393000.0,149000.0,114000.0,71.9,295000.0,217.0,131000.0,289000.0,400.0,11.2,143000.0,2740.0,5980.0,63600.0,2350.0,175.0,2.69,876.0,7090.0,6250.0,791.0,27.5,400.0,19.0,3670.0,2180.0,133.0,8220.0
2022-07-25,159.0,80700.0,329000.0,386000.0,140000.0,114000.0,67.3,297000.0,203.0,121000.0,282000.0,393.0,10.2,134000.0,6740.0,4010.0,61600.0,2340.0,196.0,2.74,388.0,5500.0,5720.0,796.0,18.2,393.0,18.2,4030.0,2120.0,100.0,7950.0
2022-07-26,143.0,129000.0,320000.0,381000.0,132000.0,115000.0,63.1,295000.0,192.0,173000.0,291000.0,392.0,11.2,137000.0,4890.0,3400.0,57800.0,2350.0,151.0,2430.0,293.0,7640.0,5740.0,794.0,18.6,392.0,18.4,3770.0,2000.0,81.7,7490.0
2022-07-27,134.0,141000.0,310000.0,379000.0,159000.0,103000.0,65.9,292000.0,183.0,210000.0,273000.0,387.0,11.4,207000.0,2840.0,2720.0,57400.0,2360.0,147.0,1290.0,270.0,7070.0,5820.0,749.0,16.7,387.0,17.9,3510.0,1900.0,78.0,7830.0
2022-07-28,126.0,110000.0,307000.0,375000.0,210000.0,107000.0,71.3,294000.0,174.0,186000.0,276000.0,382.0,11.8,222000.0,2400.0,2180.0,56900.0,2350.0,149.0,169.0,255.0,5370.0,5450.0,688.0,15.7,382.0,17.1,3350.0,2060.0,78.0,7610.0
2022-07-29,117.0,75800.0,317000.0,369000.0,211000.0,110000.0,66.9,290000.0,163.0,163000.0,281000.0,372.0,10.1,206000.0,2140.0,1880.0,58100.0,2330.0,143.0,103.0,231.0,5370.0,5320.0,654.0,14.4,372.0,17.0,3180.0,1940.0,73.2,7230.0
2022-07-30,107.0,73800.0,351000.0,365000.0,193000.0,109000.0,63.9,283000.0,153.0,146000.0,272000.0,367.0,8.81,178000.0,1920.0,1670.0,60400.0,2320.0,139.0,51.3,223.0,4720.0,5250.0,631.0,13.4,367.0,17.5,3070.0,1860.0,70.4,6890.0
2022-07-31,101.0,77300.0,402000.0,365000.0,172000.0,108000.0,61.2,278000.0,145.0,141000.0,265000.0,364.0,8.05,163000.0,1690.0,1490.0,56700.0,2340.0,137.0,33.4,216.0,4600.0,4870.0,615.0,16.0,364.0,17.7,2920.0,1800.0,68.8,6760.0
2022-08-01,119.0,61600.0,436000.0,377000.0,163000.0,101000.0,66.7,277000.0,164.0,134000.0,269000.0,364.0,7.75,160000.0,1550.0,1370.0,52800.0,2380.0,138.0,25.1,222.0,4650.0,4710.0,598.0,45.1,364.0,18.8,3070.0,1930.0,69.8,6620.0
2022-08-02,161.0,71100.0,454000.0,396000.0,155000.0,100000.0,62.4,282000.0,167.0,116000.0,277000.0,385.0,7.27,146000.0,1410.0,1250.0,44600.0,2380.0,135.0,19.0,209.0,4240.0,4640.0,565.0,43.5,385.0,18.2,3020.0,1890.0,67.4,6290.0
2022-08-03,190.0,68100.0,462000.0,426000.0,140000.0,104000.0,59.0,294000.0,169.0,114000.0,291000.0,375.0,6.76,127000.0,1300.0,1160.0,44400.0,2380.0,145.0,123.0,204.0,4550.0,4480.0,567.0,35.2,375.0,18.9,3620.0,1890.0,103.0,5990.0
2022-08-04,131.0,71700.0,466000.0,458000.0,131000.0,109000.0,55.7,311000.0,154.0,123000.0,300000.0,368.0,6.7,133000.0,1210.0,1080.0,40100.0,2370.0,177.0,915.0,200.0,4610.0,4540.0,565.0,17.2,368.0,17.5,4210.0,1830.0,97.0,5860.0
2022-08-05,107.0,62500.0,467000.0,480000.0,140000.0,121000.0,52.9,329000.0,138.0,119000.0,332000.0,361.0,6.4,141000.0,1120.0,1000.0,41000.0,2360.0,144.0,140.0,196.0,5700.0,4470.0,544.0,13.0,361.0,17.6,4090.0,1980.0,74.2,5680.0
2022-08-06,97.3,66900.0,458000.0,495000.0,138000.0,133000.0,50.0,345000.0,130.0,114000.0,342000.0,360.0,5.83,132000.0,1070.0,950.0,37800.0,2380.0,137.0,73.4,199.0,6850.0,4730.0,554.0,11.9,360.0,17.8,3910.0,2070.0,72.4,5960.0
2022-08-07,93.6,54200.0,444000.0,505000.0,132000.0,139000.0,64.3,358000.0,127.0,115000.0,355000.0,369.0,5.57,129000.0,1440.0,1080.0,36300.0,2360.0,439.0,48.7,312.0,7650.0,4860.0,1050.0,72.5,369.0,18.5,3980.0,1920.0,183.0,6210.0
2022-08-08,196.0,53000.0,437000.0,510000.0,131000.0,139000.0,69.4,367000.0,139.0,109000.0,363000.0,409.0,5.73,126000.0,1960.0,1220.0,43300.0,2360.0,674.0,33.1,285.0,8360.0,4760.0,1140.0,39.0,409.0,20.3,4430.0,2000.0,204.0,6730.0
2022-08-09,231.0,63100.0,430000.0,508000.0,127000.0,137000.0,59.6,374000.0,178.0,115000.0,376000.0,407.0,4.99,120000.0,2510.0,1130.0,62100.0,2290.0,305.0,84.5,241.0,7290.0,4760.0,1040.0,17.5,407.0,19.7,4410.0,2000.0,203.0,6270.0
2022-08-10,128.0,76000.0,414000.0,504000.0,126000.0,137000.0,48.6,379000.0,148.0,125000.0,387000.0,392.0,4.11,124000.0,2250.0,1030.0,69700.0,2170.0,215.0,33.3,219.0,8510.0,4620.0,1450.0,13.2,392.0,19.4,5290.0,1890.0,151.0,6100.0
2022-08-11,99.1,95400.0,399000.0,500000.0,129000.0,140000.0,44.1,380000.0,125.0,139000.0,391000.0,379.0,3.81,133000.0,1830.0,957.0,78600.0,2040.0,189.0,22.3,210.0,9360.0,4860.0,2590.0,11.4,379.0,19.0,5310.0,1890.0,126.0,5810.0
2022-08-12,87.3,93100.0,388000.0,494000.0,138000.0,136000.0,43.1,377000.0,114.0,144000.0,399000.0,374.0,3.59,146000.0,1610.0,934.0,79900.0,1910.0,176.0,16.8,206.0,9640.0,4910.0,2720.0,11.2,374.0,20.2,4780.0,1890.0,113.0,6480.0
2022-08-13,80.9,97000.0,379000.0,483000.0,147000.0,135000.0,42.4,374000.0,109.0,138000.0,400000.0,388.0,3.42,148000.0,2010.0,1110.0,70800.0,1770.0,174.0,13.7,214.0,8770.0,4960.0,1850.0,10.4,388.0,20.4,4390.0,2070.0,112.0,6990.0
2022-08-14,75.0,86000.0,374000.0,470000.0,146000.0,130000.0,38.4,367000.0,106.0,136000.0,390000.0,392.0,3.6,144000.0,2080.0,1030.0,68300.0,1620.0,182.0,12.0,207.0,6070.0,4810.0,1530.0,9.68,392.0,19.3,4470.0,1960.0,118.0,6730.0
2022-08-15,71.0,79000.0,379000.0,457000.0,143000.0,130000.0,37.4,360000.0,103.0,121000.0,384000.0,384.0,3.43,139000.0,1810.0,988.0,63300.0,1480.0,168.0,10.7,201.0,4440.0,4810.0,1110.0,9.53,384.0,19.0,4120.0,2000.0,108.0,6320.0
2022-08-16,67.6,79200.0,385000.0,446000.0,135000.0,133000.0,35.8,349000.0,98.8,120000.0,378000.0,378.0,3.59,127000.0,1640.0,935.0,62800.0,1360.0,162.0,29.4,198.0,5260.0,4800.0,932.0,8.94,378.0,18.8,3690.0,2000.0,100.0,6200.0
2022-08-17,63.5,70600.0,388000.0,439000.0,127000.0,135000.0,34.5,337000.0,94.3,115000.0,360000.0,370.0,3.35,125000.0,1500.0,885.0,61000.0,1290.0,157.0,20.1,194.0,5560.0,4290.0,863.0,8.0,370.0,18.3,3670.0,1910.0,94.5,6270.0
2022-08-18,59.2,64700.0,378000.0,437000.0,124000.0,129000.0,32.0,327000.0,89.4,113000.0,343000.0,405.0,2.96,121000.0,1410.0,845.0,57100.0,1230.0,153.0,14.1,194.0,5270.0,4400.0,831.0,7.47,405.0,22.6,3730.0,2050.0,90.5,6340.0
2022-08-19,61.6,57900.0,351000.0,440000.0,120000.0,129000.0,30.8,333000.0,86.5,115000.0,344000.0,641.0,3.1,121000.0,1340.0,831.0,51800.0,1210.0,156.0,11.0,196.0,5400.0,4660.0,888.0,8.67,641.0,28.0,5540.0,2270.0,100.0,6470.0
2022-08-20,133.0,55400.0,322000.0,438000.0,120000.0,121000.0,42.8,340000.0,112.0,114000.0,348000.0,536.0,4.11,120000.0,1370.0,850.0,50200.0,1200.0,198.0,9.58,230.0,5760.0,5330.0,900.0,72.1,536.0,24.6,4500.0,2630.0,126.0,6480.0
2022-08-21,160.0,61700.0,306000.0,432000.0,120000.0,118000.0,40.4,330000.0,157.0,106000.0,348000.0,476.0,4.12,118000.0,1340.0,819.0,54200.0,1200.0,193.0,8.65,209.0,6190.0,5080.0,906.0,23.7,476.0,21.7,5050.0,2730.0,113.0,6960.0
2022-08-22,94.5,67300.0,292000.0,419000.0,116000.0,119000.0,32.5,325000.0,137.0,109000.0,344000.0,445.0,3.37,114000.0,1230.0,803.0,55300.0,1200.0,167.0,8.1,196.0,6310.0,5400.0,851.0,11.6,445.0,20.2,4690.0,2710.0,99.8,6900.0
2022-08-23,69.5,69500.0,281000.0,409000.0,114000.0,107000.0,28.5,325000.0,104.0,112000.0,326000.0,416.0,4.45,116000.0,1170.0,780.0,55600.0,1200.0,158.0,7.38,192.0,6510.0,5300.0,821.0,9.06,416.0,19.4,4000.0,2570.0,93.9,6950.0
2022-08-24,59.8,68400.0,274000.0,405000.0,116000.0,94600.0,27.9,335000.0,90.9,113000.0,329000.0,447.0,4.12,119000.0,1120.0,752.0,55400.0,1210.0,152.0,6.75,193.0,5580.0,5360.0,925.0,10.3,447.0,18.6,3650.0,2430.0,89.6,6930.0
2022-08-25,56.6,62000.0,270000.0,398000.0,117000.0,83800.0,32.2,359000.0,85.1,109000.0,364000.0,710.0,3.86,120000.0,1400.0,741.0,55200.0,1240.0,174.0,6.31,843.0,5930.0,5170.0,1090.0,12.9,710.0,18.0,3820.0,2410.0,102.0,6800.0
2022-08-26,53.9,63500.0,276000.0,383000.0,117000.0,68700.0,29.5,365000.0,83.8,110000.0,379000.0,479.0,3.61,118000.0,1110.0,704.0,51500.0,1240.0,179.0,6.62,252.0,6300.0,5190.0,893.0,13.1,479.0,17.7,4830.0,2430.0,93.5,6670.0
2022-08-27,52.2,64900.0,288000.0,368000.0,116000.0,54200.0,25.4,365000.0,84.4,108000.0,390000.0,463.0,3.18,117000.0,1060.0,709.0,51700.0,1240.0,157.0,6.26,230.0,5870.0,4770.0,830.0,9.93,463.0,19.0,5010.0,2470.0,87.0,6700.0
2022-08-28,44.7,57500.0,295000.0,353000.0,114000.0,41100.0,23.3,358000.0,78.4,102000.0,395000.0,951.0,3.23,115000.0,1160.0,2130.0,50600.0,1250.0,153.0,5.76,239.0,5620.0,4940.0,1350.0,8.76,951.0,27.1,6530.0,2550.0,87.7,6420.0
2022-08-29,41.6,59600.0,287000.0,345000.0,112000.0,38300.0,24.2,347000.0,74.0,102000.0,388000.0,1230.0,3.4,111000.0,1670.0,1570.0,50900.0,1260.0,152.0,6.05,246.0,6380.0,4450.0,2140.0,20.3,1230.0,33.4,8360.0,2500.0,91.7,6490.0
2022-08-30,38.5,56100.0,268000.0,343000.0,110000.0,36100.0,22.0,333000.0,72.5,102000.0,370000.0,777.0,3.16,111000.0,1810.0,1350.0,51400.0,1260.0,147.0,5.54,227.0,8050.0,4520.0,2090.0,12.0,777.0,29.2,8390.0,2720.0,83.9,6200.0
2022-08-31,36.5,60000.0,258000.0,342000.0,109000.0,34900.0,19.5,326000.0,69.7,104000.0,358000.0,672.0,2.78,111000.0,1650.0,1340.0,52500.0,1260.0,143.0,4.91,216.0,7970.0,4260.0,1930.0,7.84,672.0,26.1,7600.0,2630.0,80.4,5870.0
2022-09-01,34.1,62400.0,250000.0,338000.0,110000.0,38800.0,19.3,320000.0,67.2,103000.0,350000.0,549.0,2.88,112000.0,1470.0,1150.0,52500.0,1260.0,142.0,4.69,209.0,7820.0,4570.0,1750.0,7.25,549.0,23.4,6710.0,2430.0,79.1,5710.0
2022-09-02,32.7,64000.0,244000.0,328000.0,110000.0,40900.0,18.0,314000.0,64.9,104000.0,332000.0,465.0,2.7,112000.0,1350.0,1020.0,58900.0,1250.0,141.0,4.7,200.0,6280.0,4610.0,1500.0,6.24,465.0,21.9,5450.0,2390.0,78.6,5630.0
2022-09-03,41.6,68900.0,246000.0,317000.0,110000.0,39900.0,47.1,306000.0,61.5,111000.0,326000.0,449.0,2.62,112000.0,1250.0,983.0,57000.0,1240.0,144.0,8.45,200.0,5610.0,4400.0,1210.0,322.0,449.0,20.4,4960.0,2300.0,78.2,5710.0
2022-09-04,134.0,67400.0,246000.0,308000.0,114000.0,41300.0,56.1,294000.0,87.6,115000.0,307000.0,421.0,2.73,120000.0,1170.0,894.0,59100.0,1240.0,141.0,9.41,196.0,5460.0,4320.0,988.0,80.2,421.0,19.1,4560.0,2220.0,78.6,5680.0
2022-09-05,58.1,73100.0,244000.0,303000.0,120000.0,43200.0,26.0,282000.0,170.0,115000.0,289000.0,403.0,2.68,125000.0,1130.0,830.0,59700.0,1230.0,140.0,9.23,194.0,5930.0,4150.0,893.0,25.3,403.0,18.6,4450.0,2080.0,78.1,5460.0
2022-09-06,43.1,73900.0,249000.0,293000.0,123000.0,51600.0,22.8,272000.0,104.0,113000.0,277000.0,391.0,2.67,125000.0,1080.0,788.0,52600.0,1230.0,139.0,8.4,191.0,5980.0,4060.0,897.0,17.0,391.0,18.2,4160.0,2080.0,76.9,5190.0
2022-09-07,38.2,70800.0,268000.0,289000.0,123000.0,62800.0,21.4,257000.0,81.3,109000.0,261000.0,378.0,2.54,124000.0,1030.0,753.0,47600.0,1220.0,138.0,6.53,189.0,5980.0,4090.0,874.0,13.5,378.0,18.0,3920.0,2030.0,76.0,5030.0
2022-09-08,34.0,69800.0,285000.0,287000.0,120000.0,63100.0,19.6,244000.0,72.5,97900.0,238000.0,376.0,2.26,119000.0,991.0,725.0,34800.0,1210.0,137.0,5.67,187.0,5710.0,3900.0,795.0,10.3,376.0,17.7,3710.0,1900.0,75.0,4870.0
2022-09-09,31.8,65500.0,297000.0,289000.0,114000.0,63300.0,18.6,240000.0,67.2,92800.0,218000.0,370.0,2.24,109000.0,958.0,701.0,32300.0,1200.0,136.0,5.55,184.0,5340.0,3940.0,727.0,8.52,370.0,17.1,3720.0,2020.0,74.8,5110.0
2022-09-10,43.7,58200.0,307000.0,297000.0,105000.0,70300.0,17.7,238000.0,63.2,87400.0,220000.0,378.0,2.34,102000.0,946.0,699.0,33700.0,1180.0,136.0,5.11,192.0,5730.0,3910.0,707.0,7.48,378.0,17.8,3850.0,2580.0,77.1,5280.0
2022-09-11,197.0,58400.0,310000.0,308000.0,99400.0,70600.0,113.0,235000.0,87.3,85500.0,233000.0,376.0,7.88,95000.0,938.0,782.0,44900.0,1140.0,150.0,45.6,197.0,4940.0,3540.0,734.0,233.0,376.0,18.4,4410.0,2640.0,90.9,5110.0
2022-09-12,207.0,61300.0,304000.0,318000.0,94400.0,74300.0,63.8,239000.0,190.0,89900.0,238000.0,373.0,6.77,92500.0,912.0,728.0,54300.0,1100.0,145.0,22.0,188.0,6810.0,3610.0,740.0,40.6,373.0,17.8,4270.0,2530.0,83.8,4910.0
2022-09-13,96.2,75600.0,290000.0,325000.0,93600.0,80500.0,34.4,243000.0,181.0,101000.0,234000.0,370.0,4.84,97200.0,880.0,680.0,45000.0,1060.0,141.0,11.2,184.0,8940.0,3480.0,727.0,21.9,370.0,17.8,3840.0,2370.0,80.0,4630.0
2022-09-14,68.8,67200.0,271000.0,330000.0,98700.0,87000.0,28.3,248000.0,111.0,105000.0,242000.0,361.0,4.29,108000.0,858.0,650.0,49900.0,1030.0,138.0,7.51,180.0,8760.0,3410.0,731.0,15.1,361.0,17.7,3670.0,2190.0,77.0,4550.0
2022-09-15,59.4,61300.0,249000.0,330000.0,106000.0,93300.0,25.3,249000.0,87.2,95300.0,251000.0,356.0,3.5,109000.0,840.0,628.0,51100.0,1000.0,136.0,5.75,179.0,8000.0,3380.0,715.0,12.1,356.0,17.4,3710.0,2160.0,74.4,4300.0
2022-09-16,52.8,70300.0,239000.0,324000.0,105000.0,102000.0,23.1,250000.0,73.5,99700.0,240000.0,352.0,2.95,104000.0,823.0,609.0,48500.0,1010.0,134.0,5.43,178.0,7030.0,3230.0,697.0,10.7,352.0,17.3,3510.0,2150.0,72.9,4330.0
2022-09-17,52.0,63100.0,242000.0,311000.0,102000.0,99300.0,22.0,248000.0,66.9,101000.0,233000.0,351.0,2.73,106000.0,809.0,592.0,47800.0,1000.0,134.0,4.13,177.0,5990.0,3700.0,684.0,49.2,351.0,17.8,3400.0,2190.0,72.3,4470.0
2022-09-18,60.9,62100.0,244000.0,294000.0,104000.0,91600.0,24.0,241000.0,68.9,94200.0,243000.0,350.0,55.3,106000.0,802.0,581.0,44900.0,1020.0,136.0,6.29,176.0,5410.0,3470.0,668.0,167.0,350.0,17.2,3570.0,2380.0,73.1,4620.0
2022-09-19,61.9,70100.0,238000.0,281000.0,102000.0,82200.0,60.1,229000.0,67.1,98700.0,243000.0,348.0,902.0,103000.0,791.0,566.0,48500.0,1000.0,135.0,8.16,176.0,5560.0,3360.0,647.0,178.0,348.0,17.1,3550.0,2490.0,72.2,4810.0
2022-09-20,56.0,70700.0,230000.0,275000.0,100000.0,72100.0,30.9,219000.0,76.1,103000.0,221000.0,345.0,462.0,107000.0,780.0,551.0,46400.0,987.0,133.0,5.4,175.0,5530.0,3430.0,635.0,37.0,345.0,17.3,3810.0,2530.0,71.1,4350.0
2022-09-21,53.4,66100.0,222000.0,273000.0,104000.0,72600.0,23.3,212000.0,89.5,106000.0,218000.0,344.0,101.0,111000.0,766.0,535.0,44600.0,970.0,132.0,4.23,173.0,5550.0,3370.0,622.0,21.0,344.0,18.5,5540.0,2370.0,70.1,4330.0
2022-09-22,52.1,57600.0,217000.0,269000.0,107000.0,74500.0,22.3,204000.0,64.2,104000.0,211000.0,342.0,546.0,111000.0,743.0,506.0,39100.0,951.0,129.0,3.51,173.0,5060.0,3310.0,1390.0,14.9,342.0,17.9,5320.0,2350.0,67.7,4390.0
2022-09-23,48.8,57300.0,215000.0,264000.0,108000.0,74600.0,22.7,197000.0,53.3,96900.0,203000.0,346.0,98.6,108000.0,728.0,486.0,38700.0,945.0,129.0,3.05,174.0,6100.0,3390.0,1670.0,12.7,346.0,17.3,5330.0,2220.0,67.8,4270.0
2022-09-24,48.3,54800.0,215000.0,260000.0,105000.0,74800.0,22.3,193000.0,47.6,92100.0,183000.0,345.0,38.3,102000.0,725.0,486.0,41200.0,973.0,132.0,3.45,176.0,5230.0,3560.0,1200.0,11.2,345.0,17.4,5280.0,2260.0,70.1,4390.0
2022-09-25,46.7,43800.0,207000.0,253000.0,98700.0,72900.0,19.0,189000.0,45.4,92400.0,177000.0,356.0,23.1,98400.0,719.0,477.0,38200.0,971.0,134.0,3.25,176.0,4510.0,3770.0,941.0,9.86,356.0,18.7,4430.0,2320.0,71.3,4490.0
2022-09-26,42.7,43000.0,203000.0,247000.0,96200.0,68000.0,18.2,187000.0,42.8,90400.0,166000.0,375.0,14.1,96700.0,705.0,462.0,36700.0,955.0,131.0,2.84,174.0,4890.0,3360.0,879.0,7.84,375.0,18.9,4260.0,2290.0,69.3,4740.0
2022-09-27,39.4,48100.0,210000.0,244000.0,94900.0,63600.0,17.0,192000.0,38.5,86500.0,162000.0,372.0,9.81,94500.0,690.0,449.0,41000.0,938.0,129.0,2.87,172.0,6200.0,3700.0,888.0,7.1,372.0,17.7,4040.0,2350.0,68.0,4570.0
2022-09-28,31.2,49800.0,206000.0,240000.0,92200.0,66500.0,16.7,202000.0,35.5,88800.0,169000.0,359.0,6.84,92100.0,679.0,440.0,40900.0,928.0,128.0,3.14,172.0,7350.0,3500.0,848.0,6.48,359.0,17.0,3840.0,2200.0,67.3,4480.0
2022-09-29,28.9,49000.0,192000.0,236000.0,90300.0,69200.0,16.7,193000.0,34.6,87700.0,175000.0,351.0,5.81,91900.0,674.0,432.0,37100.0,922.0,128.0,2.95,172.0,7410.0,3350.0,771.0,6.39,351.0,16.6,3840.0,2120.0,67.7,4440.0
2022-09-30,29.4,47900.0,188000.0,235000.0,90100.0,69300.0,17.0,171000.0,34.1,86600.0,181000.0,346.0,4.23,91300.0,669.0,427.0,35700.0,919.0,129.0,2.84,174.0,5440.0,3550.0,724.0,6.33,346.0,16.6,3670.0,2150.0,68.5,4340.0
2022-10-01,28.7,42500.0,188000.0,233000.0,88800.0,67300.0,16.2,163000.0,34.2,84800.0,167000.0,345.0,3.56,91100.0,661.0,421.0,35800.0,920.0,130.0,2.9,175.0,5140.0,3450.0,703.0,6.24,345.0,16.6,3410.0,2090.0,68.9,4170.0
2022-10-02,27.6,45000.0,191000.0,228000.0,87600.0,64900.0,15.0,163000.0,33.4,82000.0,167000.0,344.0,3.22,88200.0,657.0,418.0,34700.0,921.0,130.0,2.98,174.0,5090.0,3490.0,691.0,5.9,344.0,16.5,3310.0,1970.0,68.5,4250.0
2022-10-03,26.6,46200.0,183000.0,223000.0,85300.0,64900.0,14.7,161000.0,32.4,84100.0,153000.0,343.0,2.76,86600.0,650.0,410.0,36400.0,906.0,128.0,2.9,169.0,5060.0,3250.0,674.0,5.6,343.0,16.4,3420.0,2070.0,68.3,4350.0
2022-10-04,26.1,42000.0,186000.0,220000.0,83800.0,64600.0,14.2,160000.0,31.5,84100.0,138000.0,342.0,2.51,88200.0,646.0,403.0,36800.0,859.0,128.0,2.75,167.0,5340.0,3180.0,668.0,5.62,342.0,16.4,3330.0,2100.0,68.6,4290.0
2022-10-05,25.0,40800.0,196000.0,219000.0,84000.0,63000.0,14.0,159000.0,30.8,81800.0,146000.0,340.0,2.61,88200.0,634.0,399.0,36300.0,856.0,128.0,2.77,167.0,5290.0,2890.0,660.0,5.31,340.0,16.3,3330.0,2110.0,69.2,4450.0
2022-10-06,25.9,46500.0,203000.0,218000.0,83600.0,61000.0,14.2,158000.0,30.3,80500.0,142000.0,342.0,3.32,85900.0,622.0,395.0,36500.0,852.0,129.0,2.7,168.0,5120.0,3020.0,647.0,5.38,342.0,16.8,3430.0,2060.0,69.8,3810.0
2022-10-07,25.8,47500.0,210000.0,217000.0,81500.0,61500.0,12.7,154000.0,29.8,82800.0,155000.0,337.0,2.75,84100.0,612.0,386.0,36400.0,860.0,127.0,2.56,169.0,4730.0,2880.0,631.0,4.96,337.0,16.4,3430.0,1970.0,68.2,3770.0
2022-10-08,24.9,47700.0,216000.0,220000.0,81300.0,62900.0,12.3,154000.0,29.0,84200.0,134000.0,339.0,2.71,84900.0,599.0,381.0,34200.0,886.0,126.0,2.82,168.0,4350.0,2820.0,626.0,4.76,339.0,16.2,3700.0,1940.0,67.8,3690.0
2022-10-09,25.5,40500.0,221000.0,226000.0,82000.0,65700.0,13.0,157000.0,28.0,82800.0,135000.0,340.0,2.55,86400.0,600.0,378.0,30900.0,910.0,127.0,2.83,169.0,4500.0,2960.0,628.0,4.78,340.0,16.4,3400.0,1940.0,69.4,3650.0
2022-10-10,25.5,36600.0,212000.0,230000.0,82400.0,65100.0,12.8,159000.0,27.7,79200.0,131000.0,339.0,2.47,86700.0,601.0,372.0,30600.0,920.0,129.0,2.88,168.0,4940.0,3060.0,630.0,4.91,339.0,16.3,3200.0,1870.0,71.3,3600.0
2022-10-11,27.9,38700.0,194000.0,233000.0,80800.0,63600.0,16.0,164000.0,29.4,76600.0,146000.0,339.0,3.43,83500.0,607.0,365.0,29900.0,903.0,130.0,3.78,168.0,3970.0,2780.0,622.0,14.1,339.0,16.3,3360.0,1980.0,72.4,3560.0
2022-10-12,33.5,35600.0,181000.0,235000.0,78500.0,63600.0,18.9,166000.0,31.8,75300.0,146000.0,340.0,5.08,80900.0,608.0,367.0,29300.0,906.0,133.0,3.39,169.0,4580.0,2930.0,620.0,10.4,340.0,16.6,3400.0,2010.0,85.2,3700.0
2022-10-13,34.0,35800.0,175000.0,234000.0,76100.0,64500.0,17.2,170000.0,34.9,76000.0,149000.0,342.0,4.28,78700.0,598.0,365.0,28900.0,915.0,135.0,3.23,169.0,4330.0,2860.0,615.0,5.62,342.0,17.1,3360.0,2020.0,82.6,3940.0
2022-10-14,28.9,41300.0,172000.0,229000.0,74700.0,66000.0,13.3,174000.0,33.8,76900.0,157000.0,345.0,6.45,78500.0,591.0,363.0,29400.0,932.0,133.0,3.2,169.0,4540.0,3000.0,625.0,4.96,345.0,17.0,3590.0,1910.0,76.5,3930.0
2022-10-15,25.7,47700.0,168000.0,222000.0,74600.0,64600.0,13.0,169000.0,32.6,76200.0,165000.0,347.0,3.01,79600.0,591.0,359.0,28700.0,952.0,131.0,3.1,169.0,4690.0,3010.0,640.0,4.82,347.0,16.7,3690.0,2010.0,74.4,3750.0
2022-10-16,26.6,47300.0,160000.0,215000.0,74700.0,62900.0,12.1,165000.0,30.4,77700.0,152000.0,347.0,2.35,80200.0,579.0,353.0,29200.0,956.0,130.0,3.07,168.0,4370.0,2820.0,627.0,4.57,347.0,16.5,3660.0,2080.0,70.6,3630.0
2022-10-17,27.8,42000.0,149000.0,207000.0,74900.0,62300.0,12.3,162000.0,29.3,80600.0,147000.0,348.0,2.15,80700.0,568.0,342.0,29000.0,940.0,128.0,3.63,166.0,5130.0,2860.0,594.0,4.06,348.0,16.9,3500.0,2160.0,66.1,3640.0
2022-10-18,26.1,43200.0,150000.0,201000.0,76100.0,61100.0,13.0,161000.0,29.0,82200.0,155000.0,347.0,2.41,81800.0,566.0,342.0,29400.0,940.0,127.0,3.55,166.0,4220.0,3000.0,586.0,4.85,347.0,16.5,3330.0,1990.0,65.2,3800.0
2022-10-19,22.6,38900.0,149000.0,198000.0,77700.0,62900.0,13.9,153000.0,28.8,81900.0,143000.0,348.0,2.91,83300.0,564.0,341.0,28900.0,942.0,127.0,3.56,167.0,4830.0,2960.0,593.0,5.88,348.0,16.4,3210.0,1930.0,65.4,3760.0
2022-10-20,22.9,33700.0,148000.0,191000.0,78800.0,57900.0,12.6,139000.0,28.9,77600.0,143000.0,351.0,3.31,83200.0,571.0,341.0,29300.0,970.0,130.0,3.21,167.0,5630.0,2820.0,626.0,8.23,351.0,16.3,3270.0,2050.0,66.1,3670.0
2022-10-21,25.5,33400.0,147000.0,186000.0,78100.0,56200.0,13.0,134000.0,29.8,75800.0,124000.0,350.0,4.06,81000.0,575.0,341.0,29200.0,1000.0,132.0,3.01,168.0,4070.0,3030.0,637.0,9.0,350.0,16.3,3630.0,2050.0,66.6,3640.0
2022-10-22,25.5,34100.0,148000.0,185000.0,76000.0,54400.0,11.6,133000.0,28.4,74400.0,121000.0,350.0,5.43,79400.0,580.0,337.0,27600.0,998.0,131.0,2.94,169.0,4210.0,3140.0,634.0,9.2,350.0,16.4,3720.0,2060.0,66.1,3670.0
2022-10-23,26.3,33200.0,153000.0,184000.0,74600.0,50500.0,10.3,136000.0,27.9,73900.0,108000.0,347.0,5.15,77800.0,575.0,328.0,27900.0,995.0,130.0,3.3,167.0,4190.0,3370.0,642.0,8.94,347.0,16.6,3780.0,2020.0,65.9,3930.0
2022-10-24,25.5,33500.0,161000.0,183000.0,73700.0,49200.0,10.7,139000.0,29.1,73500.0,126000.0,353.0,5.74,76800.0,580.0,352.0,29400.0,1010.0,133.0,3.27,168.0,4270.0,3250.0,647.0,12.5,353.0,17.0,3680.0,2110.0,67.5,4110.0
2022-10-25,33.4,46800.0,166000.0,182000.0,73400.0,46600.0,18.6,144000.0,31.7,89300.0,132000.0,380.0,13.7,77900.0,611.0,416.0,35900.0,1010.0,161.0,84.8,174.0,4770.0,3400.0,694.0,28.7,380.0,17.6,3860.0,2150.0,73.6,4140.0
2022-10-26,66.4,58600.0,167000.0,183000.0,77900.0,49100.0,42.6,141000.0,33.4,99400.0,133000.0,390.0,38.1,93900.0,587.0,382.0,37900.0,992.0,141.0,29.7,167.0,4790.0,3520.0,780.0,18.1,390.0,16.9,3930.0,2120.0,68.6,4170.0
2022-10-27,98.3,49200.0,162000.0,190000.0,91900.0,50600.0,28.7,142000.0,46.6,90500.0,116000.0,391.0,87.4,99200.0,569.0,353.0,38200.0,985.0,130.0,12.0,163.0,4780.0,3520.0,764.0,6.11,391.0,16.4,4160.0,2250.0,65.3,4280.0
2022-10-28,61.4,46700.0,160000.0,199000.0,93500.0,52500.0,20.1,143000.0,64.8,91500.0,123000.0,376.0,35.0,93600.0,562.0,336.0,38100.0,1010.0,128.0,7.97,161.0,5710.0,3330.0,734.0,4.81,376.0,16.3,4130.0,2370.0,64.5,4300.0
2022-10-29,51.1,47300.0,166000.0,199000.0,90700.0,49900.0,19.2,153000.0,46.4,92500.0,133000.0,365.0,17.2,93500.0,554.0,328.0,38100.0,1060.0,127.0,5.55,160.0,5500.0,3230.0,730.0,5.09,365.0,16.2,4080.0,2230.0,64.4,4180.0
2022-10-30,48.4,48300.0,179000.0,197000.0,91500.0,52700.0,18.9,153000.0,37.9,93900.0,138000.0,362.0,9.87,94900.0,549.0,325.0,37300.0,1040.0,128.0,26.8,160.0,4850.0,3510.0,766.0,4.01,362.0,16.2,4250.0,2360.0,64.8,4190.0
2022-10-31,49.8,47300.0,181000.0,197000.0,93000.0,56000.0,17.6,153000.0,36.0,92200.0,135000.0,361.0,6.67,96100.0,551.0,323.0,36000.0,1020.0,129.0,14.9,160.0,4370.0,3250.0,806.0,5.38,361.0,16.2,4040.0,2290.0,65.4,4140.0
2022-11-01,48.7,45800.0,181000.0,198000.0,93700.0,58200.0,16.7,152000.0,34.1,91600.0,134000.0,358.0,4.98,94200.0,551.0,318.0,34900.0,1010.0,129.0,11.4,159.0,4280.0,3200.0,802.0,3.64,358.0,16.2,3940.0,2260.0,64.7,4540.0
2022-11-02,49.3,45600.0,181000.0,202000.0,92500.0,58600.0,14.7,148000.0,31.5,90800.0,134000.0,355.0,4.0,93900.0,551.0,312.0,30600.0,1010.0,126.0,10.5,157.0,4240.0,2800.0,773.0,4.05,355.0,16.1,3780.0,2320.0,63.9,3830.0
2022-11-03,47.2,42000.0,179000.0,205000.0,92100.0,59600.0,13.9,147000.0,29.4,86000.0,127000.0,353.0,3.4,92000.0,552.0,309.0,31600.0,1010.0,126.0,11.7,156.0,4220.0,3030.0,708.0,4.99,353.0,16.2,3880.0,2350.0,63.9,3670.0
2022-11-04,51.3,39900.0,183000.0,208000.0,89700.0,56800.0,14.7,152000.0,32.3,82800.0,119000.0,362.0,3.94,87500.0,573.0,335.0,30300.0,979.0,133.0,8.08,156.0,3990.0,2920.0,743.0,159.0,362.0,18.2,4060.0,2350.0,72.0,4050.0
2022-11-05,73.1,40700.0,193000.0,209000.0,87000.0,56000.0,34.7,163000.0,75.4,87200.0,141000.0,391.0,5.75,85700.0,626.0,462.0,32700.0,920.0,245.0,144.0,173.0,6170.0,3180.0,827.0,270.0,391.0,17.7,4390.0,2380.0,141.0,4070.0
2022-11-06,84.1,43800.0,189000.0,212000.0,87700.0,51800.0,34.7,166000.0,93.7,89800.0,154000.0,445.0,5.98,88000.0,626.0,564.0,42900.0,883.0,275.0,33.3,176.0,10100.0,2970.0,1000.0,68.1,445.0,17.4,4920.0,2410.0,138.0,3890.0
2022-11-07,81.5,49500.0,181000.0,219000.0,89800.0,53300.0,25.1,165000.0,105.0,94600.0,160000.0,472.0,4.09,89900.0,574.0,491.0,47300.0,820.0,168.0,16.2,161.0,11300.0,2770.0,1420.0,35.6,472.0,16.6,5540.0,2340.0,88.1,3880.0
2022-11-08,62.5,58100.0,178000.0,228000.0,91900.0,62500.0,21.4,166000.0,79.2,105000.0,168000.0,445.0,3.37,93400.0,551.0,427.0,49600.0,777.0,150.0,10.4,155.0,11300.0,3380.0,2120.0,26.5,445.0,16.3,6980.0,2330.0,78.4,3700.0
2022-11-09,57.1,62200.0,177000.0,231000.0,97000.0,62900.0,20.7,167000.0,67.0,115000.0,146000.0,427.0,3.71,105000.0,551.0,415.0,50100.0,762.0,145.0,8.35,154.0,10100.0,3230.0,2020.0,24.5,427.0,21.6,7020.0,2510.0,75.8,4450.0
2022-11-10,52.8,60300.0,180000.0,227000.0,106000.0,61300.0,19.6,177000.0,63.2,116000.0,174000.0,414.0,5.02,115000.0,560.0,405.0,50100.0,744.0,147.0,7.3,157.0,9200.0,4250.0,1810.0,25.3,414.0,20.8,10300.0,3240.0,78.7,5040.0
2022-11-11,50.0,59800.0,181000.0,222000.0,112000.0,56100.0,19.4,171000.0,64.2,114000.0,170000.0,418.0,5.5,115000.0,553.0,400.0,50500.0,741.0,177.0,6.07,155.0,9480.0,4690.0,2070.0,27.5,418.0,19.1,12200.0,4520.0,147.0,5570.0
2022-11-12,48.7,59300.0,183000.0,217000.0,112000.0,56600.0,19.4,169000.0,61.6,112000.0,177000.0,411.0,4.78,111000.0,541.0,393.0,56500.0,738.0,161.0,5.56,154.0,9660.0,4990.0,2690.0,20.5,411.0,17.7,12000.0,5310.0,112.0,6590.0
2022-11-13,45.1,66400.0,193000.0,217000.0,110000.0,62200.0,19.1,168000.0,59.2,110000.0,173000.0,397.0,4.47,110000.0,534.0,386.0,57000.0,731.0,148.0,5.73,152.0,10900.0,5150.0,2510.0,16.1,397.0,16.7,11000.0,5440.0,95.2,6730.0
2022-11-14,42.6,72300.0,200000.0,216000.0,108000.0,65700.0,18.8,168000.0,57.0,111000.0,147000.0,391.0,3.97,110000.0,529.0,378.0,56200.0,725.0,143.0,5.26,152.0,10700.0,5430.0,2050.0,12.8,391.0,16.6,9250.0,5060.0,87.5,6860.0
2022-11-15,43.1,74400.0,216000.0,215000.0,107000.0,58900.0,19.5,174000.0,56.9,115000.0,176000.0,388.0,4.49,112000.0,533.0,378.0,58000.0,687.0,144.0,7.18,153.0,11000.0,5270.0,1770.0,13.2,388.0,16.8,7650.0,4850.0,84.9,7190.0
2022-11-16,44.2,71100.0,243000.0,219000.0,109000.0,44000.0,18.4,164000.0,58.0,120000.0,169000.0,392.0,5.21,117000.0,540.0,385.0,55900.0,654.0,146.0,6.8,155.0,10000.0,5360.0,1540.0,12.8,392.0,16.8,7370.0,4680.0,84.5,6760.0
2022-11-17,44.0,73600.0,265000.0,226000.0,113000.0,33800.0,18.1,163000.0,58.4,114000.0,172000.0,394.0,5.07,120000.0,534.0,378.0,55900.0,623.0,142.0,5.92,154.0,7820.0,5360.0,1370.0,11.2,394.0,16.8,6870.0,4640.0,81.3,6950.0
2022-11-18,42.7,68500.0,287000.0,234000.0,113000.0,59800.0,23.3,159000.0,55.6,110000.0,150000.0,394.0,4.98,116000.0,527.0,370.0,55800.0,617.0,139.0,5.72,153.0,7660.0,5140.0,1280.0,10.1,394.0,16.6,6540.0,4320.0,78.8,6850.0
2022-11-19,31.4,65300.0,306000.0,248000.0,109000.0,56900.0,32.0,164000.0,37.9,109000.0,143000.0,382.0,4.42,113000.0,510.0,333.0,57100.0,615.0,134.0,5.48,152.0,7330.0,4510.0,1180.0,9.76,382.0,16.3,5830.0,3500.0,71.4,6280.0
2022-11-20,33.7,70900.0,317000.0,265000.0,106000.0,87100.0,39.5,172000.0,35.1,108000.0,155000.0,374.0,4.2,113000.0,487.0,306.0,56100.0,614.0,154.0,4.64,152.0,7130.0,3560.0,1130.0,8.54,374.0,16.0,4870.0,2160.0,74.9,5550.0
2022-11-21,31.4,71000.0,308000.0,284000.0,105000.0,82800.0,29.4,177000.0,40.8,107000.0,165000.0,381.0,4.72,113000.0,514.0,334.0,51300.0,613.0,172.0,4.84,154.0,6240.0,4110.0,1070.0,9.02,381.0,15.8,4470.0,2380.0,77.7,5150.0
2022-11-22,30.1,68200.0,296000.0,301000.0,104000.0,85500.0,27.9,187000.0,44.9,106000.0,173000.0,386.0,4.75,112000.0,540.0,342.0,46100.0,611.0,157.0,5.82,151.0,5890.0,4850.0,967.0,9.02,386.0,15.8,4430.0,3060.0,73.6,5210.0
2022-11-23,36.5,63400.0,291000.0,314000.0,103000.0,95200.0,22.4,203000.0,43.5,104000.0,187000.0,386.0,4.79,111000.0,540.0,306.0,43200.0,612.0,152.0,5.24,151.0,5240.0,5010.0,941.0,9.92,386.0,15.9,4770.0,3260.0,72.8,5920.0
2022-11-24,37.7,58100.0,286000.0,320000.0,102000.0,124000.0,19.7,217000.0,48.2,102000.0,194000.0,392.0,4.85,109000.0,535.0,339.0,42800.0,613.0,133.0,8.53,152.0,5820.0,5400.0,1030.0,9.52,392.0,16.0,5190.0,3680.0,72.3,6350.0
2022-11-25,37.1,53900.0,278000.0,319000.0,101000.0,120000.0,18.6,234000.0,52.0,97100.0,231000.0,392.0,4.54,107000.0,525.0,342.0,42500.0,615.0,132.0,7.86,152.0,6610.0,5260.0,1020.0,8.91,392.0,16.2,5340.0,3560.0,72.1,6840.0
2022-11-26,35.9,57400.0,266000.0,313000.0,97900.0,102000.0,17.9,244000.0,52.3,93900.0,235000.0,378.0,4.1,101000.0,519.0,339.0,38300.0,614.0,130.0,6.66,153.0,6760.0,5500.0,951.0,8.44,378.0,16.4,5180.0,3800.0,71.6,6500.0
2022-11-27,39.2,62100.0,251000.0,307000.0,94800.0,97600.0,19.6,250000.0,52.6,98000.0,257000.0,377.0,13.8,99100.0,516.0,338.0,38500.0,609.0,131.0,71.4,154.0,6670.0,5300.0,905.0,9.45,377.0,16.1,5010.0,3520.0,72.0,6880.0
2022-11-28,42.6,56300.0,239000.0,301000.0,94100.0,87700.0,21.1,243000.0,52.3,101000.0,249000.0,377.0,39.7,103000.0,516.0,333.0,40800.0,603.0,131.0,38.2,153.0,6630.0,4970.0,900.0,9.4,377.0,16.0,5030.0,3120.0,71.2,6650.0
2022-11-29,36.4,52100.0,229000.0,295000.0,97200.0,73400.0,18.0,244000.0,54.3,98300.0,238000.0,378.0,37.2,104000.0,513.0,331.0,41200.0,598.0,130.0,19.9,154.0,6640.0,4700.0,949.0,12.1,378.0,16.7,4790.0,2820.0,71.4,6410.0
2022-11-30,28.6,49700.0,221000.0,292000.0,96800.0,68700.0,14.9,249000.0,52.5,100000.0,251000.0,376.0,22.7,101000.0,508.0,325.0,39500.0,595.0,129.0,12.9,155.0,6610.0,4230.0,998.0,12.1,376.0,16.9,4750.0,2050.0,71.3,5590.0
2022-12-01,22.3,56100.0,212000.0,291000.0,94900.0,73000.0,18.7,253000.0,36.0,103000.0,244000.0,364.0,13.9,102000.0,458.0,224.0,38500.0,595.0,127.0,9.38,149.0,6780.0,2910.0,1080.0,9.27,364.0,16.4,4660.0,2000.0,63.9,4870.0
2022-12-02,22.1,52700.0,221000.0,284000.0,96200.0,66400.0,17.3,248000.0,35.7,95600.0,261000.0,352.0,10.6,103000.0,492.0,190.0,40100.0,597.0,151.0,8.05,156.0,7130.0,2630.0,1090.0,9.94,352.0,16.1,3340.0,2240.0,71.3,4560.0
2022-12-03,21.5,61800.0,236000.0,272000.0,96300.0,67700.0,9.85,242000.0,38.0,97400.0,249000.0,349.0,8.68,98700.0,442.0,204.0,41200.0,597.0,124.0,7.52,153.0,6440.0,2180.0,907.0,9.06,349.0,16.0,3770.0,2260.0,66.1,3780.0
2022-12-04,21.9,57800.0,251000.0,259000.0,93200.0,66100.0,24.6,233000.0,34.7,105000.0,242000.0,357.0,6.0,100000.0,429.0,212.0,41400.0,597.0,143.0,6.73,148.0,5520.0,2430.0,873.0,7.85,357.0,15.8,4850.0,2350.0,63.5,3470.0
2022-12-05,27.8,53700.0,276000.0,254000.0,96100.0,62000.0,23.2,224000.0,35.4,94900.0,218000.0,361.0,5.64,103000.0,500.0,216.0,39300.0,597.0,168.0,6.53,157.0,5140.0,2680.0,878.0,9.39,361.0,15.8,3730.0,2690.0,72.5,3480.0
2022-12-06,33.5,62100.0,301000.0,256000.0,95800.0,61800.0,20.5,219000.0,41.7,91500.0,217000.0,363.0,5.52,95300.0,511.0,218.0,38600.0,597.0,137.0,6.26,152.0,5250.0,2770.0,875.0,10.6,363.0,15.8,3220.0,2530.0,68.4,3620.0
2022-12-07,34.9,58400.0,321000.0,264000.0,89800.0,59800.0,19.9,213000.0,45.5,93700.0,222000.0,364.0,5.38,92100.0,453.0,220.0,37500.0,595.0,128.0,6.2,152.0,5160.0,2710.0,873.0,10.6,364.0,15.5,4480.0,2720.0,67.0,3670.0
2022-12-08,34.8,45900.0,339000.0,277000.0,88600.0,62000.0,17.7,212000.0,50.5,94100.0,223000.0,369.0,5.09,94600.0,438.0,216.0,33900.0,595.0,135.0,6.13,149.0,5680.0,2450.0,851.0,8.82,369.0,15.4,4680.0,2410.0,65.9,3350.0
2022-12-09,39.1,45300.0,345000.0,300000.0,90300.0,80700.0,24.1,215000.0,54.4,82000.0,217000.0,375.0,8.2,93600.0,515.0,218.0,34500.0,597.0,136.0,7.52,155.0,6580.0,2690.0,828.0,57.9,375.0,15.5,4170.0,2480.0,73.2,3510.0
2022-12-10,42.0,45300.0,343000.0,326000.0,87400.0,85600.0,24.9,222000.0,58.0,80100.0,221000.0,379.0,13.4,86800.0,510.0,216.0,34400.0,598.0,141.0,6.38,157.0,6570.0,3090.0,809.0,16.9,379.0,15.9,3710.0,2510.0,73.2,4000.0
2022-12-11,42.9,41000.0,351000.0,366000.0,83200.0,100000.0,22.3,244000.0,64.0,77100.0,237000.0,376.0,15.2,83800.0,502.0,180.0,35400.0,599.0,137.0,5.62,153.0,6030.0,3350.0,809.0,12.5,376.0,16.1,4400.0,2630.0,71.6,4590.0
2022-12-12,38.0,45500.0,367000.0,390000.0,80600.0,95200.0,20.3,268000.0,59.0,76100.0,260000.0,374.0,15.2,81300.0,491.0,160.0,38300.0,599.0,134.0,5.38,152.0,5430.0,3430.0,799.0,11.0,374.0,16.3,4600.0,2750.0,70.6,4880.0
2022-12-13,39.9,60900.0,381000.0,397000.0,78500.0,112000.0,23.2,292000.0,52.6,76600.0,280000.0,372.0,111.0,79400.0,472.0,153.0,39900.0,599.0,135.0,29.2,154.0,5430.0,3350.0,789.0,37.9,372.0,16.2,4690.0,2880.0,70.2,5010.0
2022-12-14,115.0,64600.0,402000.0,413000.0,80200.0,130000.0,90.2,312000.0,62.3,92600.0,302000.0,371.0,1040.0,82000.0,532.0,174.0,40100.0,600.0,204.0,95.1,166.0,6240.0,3310.0,799.0,103.0,371.0,18.2,4820.0,2750.0,58.4,5010.0
2022-12-15,179.0,69100.0,420000.0,443000.0,86300.0,138000.0,235.0,354000.0,134.0,103000.0,351000.0,371.0,344.0,100000.0,577.0,253.0,40900.0,599.0,339.0,43.5,181.0,7910.0,3310.0,876.0,76.1,371.0,20.0,4950.0,2630.0,66.6,5030.0
2022-12-16,147.0,65500.0,422000.0,484000.0,100000.0,128000.0,124.0,374000.0,219.0,95300.0,383000.0,369.0,118.0,107000.0,590.0,289.0,44900.0,600.0,259.0,24.8,181.0,8840.0,3200.0,941.0,25.7,369.0,20.0,5160.0,2770.0,74.9,5060.0
2022-12-17,102.0,74700.0,421000.0,516000.0,103000.0,124000.0,93.0,378000.0,166.0,102000.0,395000.0,370.0,62.0,102000.0,561.0,245.0,53600.0,601.0,205.0,17.3,170.0,8270.0,3380.0,1010.0,19.9,370.0,19.1,4680.0,2800.0,65.3,4730.0
2022-12-18,77.9,70900.0,430000.0,527000.0,101000.0,132000.0,73.4,392000.0,100.0,117000.0,419000.0,371.0,45.0,112000.0,487.0,213.0,61600.0,606.0,173.0,13.3,161.0,8000.0,2770.0,1020.0,22.9,371.0,18.4,4500.0,2710.0,68.2,3520.0
2022-12-19,72.4,99400.0,451000.0,525000.0,111000.0,126000.0,56.1,412000.0,93.7,120000.0,442000.0,372.0,29.5,120000.0,388.0,208.0,49800.0,606.0,163.0,11.2,156.0,7250.0,2910.0,1020.0,21.5,372.0,17.7,4750.0,2570.0,71.9,3810.0
2022-12-20,68.1,97400.0,470000.0,525000.0,116000.0,105000.0,35.5,439000.0,124.0,131000.0,494000.0,371.0,22.6,126000.0,430.0,211.0,44100.0,604.0,166.0,9.98,157.0,5880.0,3100.0,1000.0,20.1,371.0,17.2,4550.0,2620.0,57.9,3370.0
2022-12-21,73.8,92100.0,479000.0,529000.0,123000.0,93700.0,22.5,451000.0,150.0,120000.0,514000.0,371.0,17.8,131000.0,458.0,197.0,31100.0,603.0,191.0,9.19,156.0,5760.0,3150.0,986.0,23.9,371.0,17.4,4800.0,2460.0,56.9,3220.0
2022-12-22,77.7,75400.0,481000.0,537000.0,123000.0,92500.0,39.0,453000.0,111.0,104000.0,517000.0,371.0,18.6,119000.0,436.0,186.0,33900.0,602.0,189.0,8.58,152.0,6520.0,3190.0,983.0,21.7,371.0,18.0,4590.0,2480.0,53.4,3130.0
2022-12-23,60.6,62400.0,470000.0,545000.0,111000.0,100000.0,47.1,454000.0,89.7,84300.0,514000.0,372.0,22.0,101000.0,412.0,175.0,27900.0,602.0,196.0,8.27,148.0,7120.0,3180.0,983.0,23.9,372.0,17.3,4500.0,2650.0,54.7,3190.0
2022-12-24,52.4,49200.0,440000.0,547000.0,95700.0,116000.0,52.5,453000.0,68.4,71900.0,510000.0,372.0,22.0,80600.0,424.0,266.0,28200.0,600.0,204.0,7.72,147.0,7310.0,3060.0,983.0,27.0,372.0,16.9,4540.0,2580.0,53.3,3290.0
2022-12-25,43.6,52900.0,409000.0,547000.0,79800.0,135000.0,64.8,451000.0,55.6,71500.0,506000.0,372.0,20.6,73000.0,435.0,346.0,32600.0,600.0,202.0,7.19,146.0,7350.0,3070.0,983.0,29.0,372.0,16.8,6300.0,2660.0,53.3,3480.0
2022-12-26,34.7,44100.0,380000.0,539000.0,74400.0,157000.0,88.6,447000.0,44.7,77400.0,494000.0,374.0,18.0,74400.0,464.0,427.0,33900.0,600.0,203.0,8.35,147.0,7390.0,3100.0,983.0,30.8,374.0,17.1,7210.0,2690.0,55.6,3660.0
2022-12-27,33.5,43700.0,352000.0,521000.0,76200.0,170000.0,100.0,440000.0,41.3,82500.0,484000.0,377.0,15.6,79000.0,504.0,457.0,32900.0,604.0,207.0,9.39,148.0,7500.0,3110.0,980.0,28.4,377.0,16.7,5890.0,2780.0,60.3,3950.0
2022-12-28,43.9,46900.0,327000.0,490000.0,79900.0,169000.0,112.0,427000.0,57.1,82400.0,455000.0,388.0,14.1,84100.0,553.0,491.0,29900.0,605.0,216.0,8.23,151.0,7520.0,3010.0,970.0,30.7,388.0,16.4,4730.0,2850.0,66.8,4350.0
2022-12-29,80.2,55500.0,311000.0,463000.0,83900.0,169000.0,126.0,408000.0,84.6,77000.0,435000.0,399.0,16.6,84600.0,575.0,512.0,34400.0,604.0,232.0,8.18,154.0,7530.0,3000.0,976.0,37.1,399.0,16.3,6260.0,2830.0,81.5,4630.0
2022-12-30,122.0,55000.0,305000.0,442000.0,83200.0,166000.0,143.0,392000.0,97.6,83800.0,412000.0,403.0,27.1,83100.0,580.0,515.0,38000.0,603.0,255.0,8.0,154.0,7530.0,3140.0,980.0,26.2,403.0,16.5,5390.0,2910.0,106.0,4440.0
2022-12-31,116.0,49200.0,288000.0,424000.0,84000.0,115000.0,99.6,380000.0,129.0,83400.0,407000.0,403.0,46.6,88200.0,568.0,493.0,40100.0,603.0,236.0,7.61,153.0,7540.0,3240.0,980.0,15.6,403.0,16.5,5180.0,2770.0,85.7,4380.0
2023-01-01,100.0,54600.0,271000.0,410000.0,87200.0,72100.0,85.1,373000.0,123.0,78300.0,393000.0,404.0,32.9,87600.0,577.0,479.0,39700.0,604.0,226.0,7.28,153.0,7550.0,3250.0,982.0,14.2,404.0,16.2,5330.0,2810.0,62.4,4480.0
2023-01-02,93.6,63200.0,265000.0,396000.0,85400.0,62600.0,78.0,373000.0,97.6,90200.0,376000.0,412.0,28.9,84800.0,574.0,463.0,46000.0,604.0,221.0,7.25,152.0,7550.0,3250.0,983.0,19.0,412.0,16.2,4650.0,2690.0,60.9,4350.0
2023-01-03,163.0,63900.0,288000.0,379000.0,94500.0,56400.0,191.0,373000.0,108.0,109000.0,380000.0,423.0,381.0,102000.0,560.0,448.0,54700.0,604.0,331.0,223.0,154.0,7560.0,3260.0,973.0,148.0,423.0,17.4,4570.0,2830.0,53.5,4370.0
2023-01-04,275.0,65200.0,304000.0,378000.0,113000.0,49000.0,163.0,377000.0,177.0,115000.0,388000.0,427.0,439.0,123000.0,549.0,419.0,61200.0,603.0,438.0,65.9,160.0,7570.0,3270.0,995.0,42.1,427.0,19.4,5300.0,2690.0,50.1,4560.0
2023-01-05,166.0,74100.0,323000.0,409000.0,124000.0,43400.0,111.0,382000.0,219.0,111000.0,394000.0,429.0,127.0,127000.0,546.0,398.0,57300.0,603.0,312.0,35.6,159.0,7590.0,3260.0,1050.0,29.2,429.0,18.5,5140.0,2630.0,54.2,4560.0
2023-01-06,124.0,85800.0,382000.0,444000.0,127000.0,48900.0,96.7,391000.0,192.0,115000.0,395000.0,430.0,69.0,125000.0,539.0,374.0,57200.0,603.0,263.0,23.5,155.0,7600.0,3160.0,1110.0,22.3,430.0,17.5,4890.0,2530.0,54.9,4370.0
2023-01-07,86.0,71300.0,484000.0,460000.0,125000.0,59700.0,86.6,402000.0,175.0,112000.0,406000.0,432.0,44.3,128000.0,521.0,361.0,57400.0,604.0,223.0,18.6,149.0,7600.0,3180.0,1150.0,23.2,432.0,16.7,4990.0,2480.0,79.5,4150.0
2023-01-08,74.9,84900.0,572000.0,479000.0,123000.0,70900.0,81.0,413000.0,148.0,114000.0,419000.0,432.0,33.9,121000.0,513.0,351.0,58200.0,605.0,213.0,16.1,145.0,7590.0,3220.0,1160.0,21.1,432.0,16.6,4570.0,2520.0,60.7,4120.0
2023-01-09,73.7,73400.0,621000.0,519000.0,119000.0,81200.0,78.4,420000.0,128.0,124000.0,429000.0,435.0,27.5,123000.0,522.0,342.0,54700.0,610.0,200.0,14.1,148.0,7590.0,3220.0,1160.0,24.5,435.0,16.5,4700.0,2560.0,82.1,4430.0
2023-01-10,78.6,84000.0,645000.0,576000.0,122000.0,97300.0,75.6,433000.0,114.0,119000.0,447000.0,437.0,25.0,126000.0,532.0,339.0,51700.0,641.0,225.0,12.6,152.0,7610.0,3220.0,1160.0,21.3,437.0,16.2,4890.0,2560.0,87.7,4780.0
2023-01-11,85.5,83100.0,655000.0,627000.0,122000.0,108000.0,73.2,455000.0,109.0,112000.0,467000.0,439.0,24.3,124000.0,542.0,342.0,54100.0,692.0,210.0,11.8,151.0,7630.0,3220.0,1150.0,19.8,439.0,16.4,4890.0,2550.0,91.9,4740.0
2023-01-12,81.7,85600.0,648000.0,670000.0,120000.0,113000.0,68.3,489000.0,102.0,108000.0,488000.0,439.0,22.1,115000.0,546.0,342.0,55500.0,722.0,208.0,16.5,150.0,7620.0,3220.0,1120.0,19.0,439.0,16.3,5330.0,2610.0,98.3,4530.0
2023-01-13,75.7,85100.0,611000.0,703000.0,112000.0,143000.0,66.0,523000.0,95.6,109000.0,528000.0,438.0,18.2,112000.0,545.0,332.0,49600.0,722.0,199.0,18.3,149.0,7640.0,3210.0,1100.0,17.9,438.0,16.2,4860.0,2630.0,94.2,4580.0
2023-01-14,71.5,87500.0,554000.0,723000.0,111000.0,162000.0,63.8,550000.0,93.8,105000.0,584000.0,440.0,13.8,111000.0,544.0,330.0,47100.0,718.0,191.0,14.4,148.0,7690.0,3200.0,1110.0,17.1,440.0,16.2,4660.0,2580.0,92.2,4440.0
2023-01-15,72.0,86600.0,499000.0,719000.0,109000.0,171000.0,63.5,570000.0,93.0,96200.0,610000.0,442.0,13.6,107000.0,553.0,345.0,46700.0,716.0,188.0,13.0,149.0,7900.0,3200.0,1110.0,16.7,442.0,16.2,4620.0,2710.0,88.1,4320.0
2023-01-16,75.8,78000.0,458000.0,698000.0,103000.0,182000.0,66.7,582000.0,95.9,91000.0,628000.0,442.0,13.6,99300.0,563.0,393.0,45800.0,714.0,421.0,12.9,153.0,8250.0,3190.0,1120.0,49.2,442.0,16.9,4800.0,2670.0,85.8,4710.0
2023-01-17,78.0,78000.0,441000.0,663000.0,97300.0,182000.0,71.5,582000.0,106.0,91500.0,644000.0,442.0,14.8,93800.0,567.0,602.0,51300.0,713.0,613.0,12.6,168.0,8550.0,3190.0,1130.0,26.3,442.0,18.4,5210.0,2670.0,254.0,4650.0
2023-01-18,79.4,73300.0,442000.0,623000.0,95100.0,168000.0,66.9,569000.0,113.0,96000.0,626000.0,442.0,15.8,95800.0,569.0,625.0,53100.0,717.0,266.0,51.5,177.0,8980.0,3210.0,1290.0,52.7,442.0,17.7,5600.0,2760.0,145.0,4650.0
2023-01-19,112.0,83400.0,460000.0,594000.0,114000.0,140000.0,180.0,549000.0,125.0,104000.0,614000.0,442.0,29.7,114000.0,568.0,588.0,58500.0,749.0,236.0,150.0,171.0,9610.0,3300.0,1500.0,103.0,442.0,18.5,5240.0,2800.0,101.0,4650.0
2023-01-20,186.0,87600.0,473000.0,572000.0,122000.0,119000.0,175.0,528000.0,153.0,110000.0,589000.0,442.0,65.1,117000.0,566.0,543.0,61100.0,795.0,210.0,54.2,161.0,9990.0,3130.0,1640.0,53.7,442.0,17.6,5560.0,2810.0,78.6,4560.0
2023-01-21,156.0,89900.0,497000.0,560000.0,124000.0,114000.0,134.0,511000.0,196.0,115000.0,550000.0,442.0,44.5,121000.0,565.0,480.0,63400.0,853.0,194.0,34.3,158.0,10900.0,3050.0,1700.0,41.9,442.0,17.1,5860.0,2780.0,82.2,4350.0
2023-01-22,145.0,77600.0,531000.0,558000.0,127000.0,114000.0,124.0,502000.0,187.0,120000.0,549000.0,442.0,33.0,126000.0,564.0,424.0,60700.0,882.0,190.0,28.1,158.0,10400.0,3010.0,1700.0,44.1,442.0,16.8,5910.0,2770.0,86.6,4300.0
2023-01-23,137.0,82800.0,550000.0,559000.0,132000.0,116000.0,109.0,493000.0,166.0,116000.0,544000.0,441.0,30.7,128000.0,559.0,379.0,62000.0,886.0,184.0,23.9,156.0,9970.0,2960.0,1690.0,36.4,441.0,16.5,5700.0,2850.0,95.9,4450.0
2023-01-24,125.0,85000.0,558000.0,568000.0,129000.0,131000.0,103.0,487000.0,148.0,117000.0,506000.0,441.0,28.1,124000.0,553.0,368.0,61000.0,887.0,179.0,19.0,155.0,9330.0,2970.0,1650.0,33.3,441.0,16.4,5590.0,2750.0,84.5,4460.0
2023-01-25,112.0,80200.0,575000.0,602000.0,129000.0,116000.0,105.0,504000.0,129.0,123000.0,522000.0,440.0,27.1,124000.0,544.0,368.0,64400.0,906.0,177.0,31.6,154.0,9730.0,3090.0,1530.0,42.0,440.0,16.4,5400.0,2740.0,83.8,4370.0
2023-01-26,97.4,72700.0,585000.0,639000.0,132000.0,119000.0,101.0,524000.0,110.0,129000.0,530000.0,433.0,28.4,132000.0,528.0,365.0,59800.0,943.0,177.0,35.0,155.0,8980.0,3140.0,1420.0,30.5,433.0,16.6,5350.0,2800.0,101.0,4190.0
2023-01-27,76.0,82600.0,589000.0,664000.0,137000.0,119000.0,74.9,537000.0,101.0,121000.0,567000.0,408.0,24.3,134000.0,501.0,355.0,56600.0,961.0,150.0,25.8,152.0,8720.0,3140.0,1340.0,32.4,408.0,16.8,5390.0,2670.0,107.0,4080.0
2023-01-28,70.2,87000.0,590000.0,684000.0,135000.0,123000.0,85.1,553000.0,97.4,115000.0,565000.0,394.0,26.1,128000.0,468.0,403.0,56100.0,959.0,124.0,18.9,144.0,8300.0,3160.0,1280.0,37.7,394.0,16.8,4970.0,2770.0,85.1,3990.0
2023-01-29,68.2,91400.0,592000.0,695000.0,129000.0,145000.0,76.2,575000.0,115.0,114000.0,609000.0,382.0,28.7,122000.0,453.0,539.0,47900.0,948.0,133.0,17.1,143.0,8060.0,3150.0,1220.0,32.7,382.0,16.3,5250.0,2600.0,79.4,3930.0
2023-01-30,68.7,81100.0,584000.0,706000.0,125000.0,149000.0,48.8,601000.0,100.0,114000.0,638000.0,375.0,21.4,121000.0,439.0,589.0,29100.0,941.0,134.0,15.3,145.0,7120.0,3060.0,1160.0,30.6,375.0,16.1,4670.0,2670.0,81.8,3760.0
2023-01-31,70.4,51600.0,572000.0,718000.0,125000.0,148000.0,47.1,614000.0,119.0,85900.0,644000.0,373.0,37.0,115000.0,446.0,609.0,27100.0,939.0,134.0,12.8,145.0,6960.0,3040.0,1080.0,28.4,373.0,15.8,4890.0,2660.0,86.1,3620.0
2023-02-01,70.6,47500.0,562000.0,731000.0,112000.0,131000.0,47.6,619000.0,137.0,76100.0,628000.0,372.0,20.7,93000.0,451.0,591.0,36800.0,940.0,136.0,11.9,148.0,6960.0,3030.0,1010.0,25.7,372.0,15.8,4490.0,2620.0,95.8,3580.0
2023-02-02,71.7,47300.0,564000.0,738000.0,94500.0,125000.0,50.1,629000.0,144.0,77600.0,651000.0,371.0,12.3,83400.0,452.0,557.0,43100.0,939.0,140.0,11.3,149.0,6920.0,3030.0,928.0,25.1,371.0,16.0,4730.0,2510.0,92.6,3550.0
2023-02-03,72.8,61400.0,564000.0,747000.0,87100.0,125000.0,54.6,643000.0,147.0,87300.0,650000.0,371.0,14.0,83800.0,441.0,537.0,42700.0,940.0,143.0,10.7,148.0,6950.0,3030.0,895.0,22.1,371.0,15.8,4680.0,2700.0,90.3,3570.0
2023-02-04,73.4,57800.0,551000.0,748000.0,87900.0,107000.0,96.8,654000.0,150.0,89100.0,683000.0,371.0,11.8,90800.0,442.0,515.0,39300.0,942.0,144.0,9.89,151.0,6970.0,3030.0,881.0,25.1,371.0,15.6,4670.0,2690.0,91.0,3650.0
2023-02-05,75.0,72400.0,534000.0,740000.0,93700.0,103000.0,110.0,659000.0,148.0,89800.0,682000.0,371.0,12.0,92800.0,455.0,492.0,40400.0,959.0,154.0,9.9,155.0,7070.0,3030.0,872.0,25.9,371.0,15.6,5040.0,2510.0,94.0,3840.0
2023-02-06,76.3,61700.0,520000.0,730000.0,95200.0,99300.0,109.0,660000.0,152.0,93700.0,700000.0,371.0,15.2,94500.0,466.0,471.0,42600.0,970.0,177.0,9.72,159.0,7120.0,3020.0,875.0,24.1,371.0,15.6,4890.0,2440.0,96.9,4220.0
2023-02-07,80.5,67700.0,512000.0,720000.0,98300.0,99700.0,111.0,658000.0,167.0,90200.0,691000.0,376.0,22.1,97100.0,485.0,470.0,47900.0,972.0,222.0,10.4,161.0,7170.0,3010.0,890.0,25.9,376.0,15.3,4640.0,2420.0,105.0,4610.0
2023-02-08,98.0,78700.0,503000.0,704000.0,102000.0,94300.0,93.6,654000.0,188.0,95300.0,681000.0,380.0,21.2,95500.0,504.0,478.0,54200.0,975.0,341.0,10.5,152.0,7330.0,2990.0,893.0,23.0,380.0,15.6,4750.0,2470.0,127.0,4660.0
2023-02-09,560.0,73100.0,495000.0,700000.0,124000.0,97100.0,556.0,655000.0,285.0,113000.0,665000.0,384.0,250.0,108000.0,514.0,488.0,57900.0,989.0,339.0,258.0,153.0,7370.0,2950.0,888.0,308.0,384.0,15.5,4660.0,2420.0,130.0,4540.0
2023-02-10,1560.0,83400.0,489000.0,710000.0,137000.0,95500.0,492.0,651000.0,1360.0,119000.0,640000.0,393.0,687.0,123000.0,516.0,498.0,61500.0,1020.0,293.0,92.5,153.0,7250.0,2910.0,880.0,126.0,393.0,15.4,4880.0,2440.0,121.0,4290.0
2023-02-11,975.0,106000.0,492000.0,731000.0,143000.0,94700.0,291.0,646000.0,868.0,139000.0,643000.0,404.0,197.0,131000.0,526.0,503.0,64400.0,1020.0,250.0,49.9,151.0,7490.0,2910.0,889.0,76.5,404.0,15.3,4820.0,2490.0,112.0,4410.0
2023-02-12,755.0,102000.0,493000.0,760000.0,154000.0,95800.0,236.0,643000.0,651.0,148000.0,652000.0,424.0,119.0,151000.0,539.0,509.0,64400.0,1020.0,246.0,35.0,152.0,7530.0,2910.0,879.0,63.9,424.0,15.4,4840.0,2430.0,108.0,4270.0
2023-02-13,632.0,98800.0,487000.0,769000.0,171000.0,91600.0,205.0,648000.0,553.0,158000.0,667000.0,446.0,97.7,160000.0,546.0,516.0,66300.0,1020.0,255.0,27.5,153.0,7750.0,2940.0,866.0,58.4,446.0,15.5,4630.0,2510.0,119.0,4140.0
2023-02-14,546.0,102000.0,479000.0,758000.0,178000.0,87400.0,184.0,657000.0,484.0,161000.0,674000.0,473.0,79.3,167000.0,556.0,560.0,67500.0,1020.0,254.0,30.0,157.0,8520.0,2950.0,881.0,55.0,473.0,17.4,4620.0,2520.0,140.0,4380.0
2023-02-15,491.0,106000.0,478000.0,745000.0,185000.0,85600.0,176.0,665000.0,463.0,169000.0,680000.0,517.0,210.0,173000.0,1030.0,748.0,67700.0,1030.0,388.0,38.9,299.0,9760.0,2980.0,923.0,57.9,517.0,21.7,5420.0,2690.0,260.0,4780.0
2023-02-16,442.0,102000.0,486000.0,729000.0,193000.0,86900.0,157.0,668000.0,423.0,156000.0,676000.0,569.0,219.0,172000.0,1610.0,1420.0,68400.0,1030.0,247.0,101.0,256.0,11100.0,2990.0,1280.0,55.5,569.0,20.0,6370.0,2960.0,202.0,4830.0
2023-02-17,386.0,95200.0,496000.0,717000.0,190000.0,91600.0,150.0,671000.0,353.0,149000.0,677000.0,618.0,119.0,165000.0,1510.0,1310.0,69000.0,1020.0,187.0,69.7,194.0,10400.0,2990.0,1750.0,54.3,618.0,22.8,6030.0,3170.0,157.0,4750.0
2023-02-18,352.0,103000.0,510000.0,714000.0,179000.0,98800.0,144.0,662000.0,336.0,143000.0,670000.0,643.0,84.1,157000.0,1270.0,1060.0,66400.0,1030.0,168.0,41.1,188.0,11700.0,3000.0,2210.0,51.2,643.0,27.8,6710.0,3270.0,153.0,4970.0
2023-02-19,357.0,98400.0,551000.0,714000.0,170000.0,102000.0,146.0,651000.0,371.0,142000.0,657000.0,646.0,73.0,153000.0,1290.0,920.0,66800.0,1030.0,191.0,31.7,183.0,11400.0,3000.0,2500.0,52.4,646.0,25.8,8350.0,3210.0,149.0,5000.0
2023-02-20,357.0,89700.0,604000.0,715000.0,166000.0,106000.0,142.0,642000.0,372.0,137000.0,644000.0,617.0,64.4,152000.0,1180.0,812.0,71400.0,1030.0,193.0,27.4,181.0,11400.0,3050.0,2700.0,51.9,617.0,23.0,7520.0,3390.0,154.0,4680.0
2023-02-21,341.0,108000.0,648000.0,725000.0,162000.0,106000.0,135.0,638000.0,357.0,143000.0,632000.0,598.0,55.6,146000.0,999.0,781.0,76600.0,1030.0,187.0,22.9,179.0,11100.0,3070.0,2800.0,47.5,598.0,20.8,8310.0,3390.0,144.0,4660.0
2023-02-22,361.0,113000.0,688000.0,741000.0,160000.0,121000.0,192.0,636000.0,357.0,155000.0,619000.0,599.0,429.0,153000.0,895.0,781.0,85800.0,1030.0,185.0,31.6,178.0,10700.0,3050.0,2850.0,156.0,599.0,20.7,6830.0,3390.0,139.0,4860.0
2023-02-23,1090.0,141000.0,727000.0,767000.0,169000.0,129000.0,515.0,635000.0,743.0,188000.0,623000.0,621.0,1630.0,166000.0,766.0,778.0,94600.0,1030.0,186.0,46.8,173.0,10800.0,3060.0,2860.0,168.0,621.0,20.8,6490.0,3330.0,136.0,4350.0
2023-02-24,948.0,145000.0,765000.0,795000.0,192000.0,126000.0,278.0,639000.0,881.0,219000.0,622000.0,660.0,669.0,204000.0,700.0,772.0,96200.0,1030.0,165.0,30.7,167.0,11000.0,3080.0,2870.0,96.1,660.0,18.6,6520.0,3200.0,117.0,4500.0
2023-02-25,730.0,144000.0,798000.0,830000.0,230000.0,136000.0,233.0,648000.0,644.0,218000.0,631000.0,699.0,210.0,226000.0,695.0,770.0,78200.0,1030.0,185.0,23.4,171.0,11300.0,3090.0,2870.0,81.4,699.0,18.1,6380.0,3160.0,125.0,4660.0
2023-02-26,648.0,101000.0,818000.0,863000.0,240000.0,152000.0,210.0,658000.0,572.0,201000.0,645000.0,723.0,152.0,223000.0,707.0,799.0,74200.0,1030.0,172.0,20.8,171.0,12200.0,3130.0,2820.0,70.3,723.0,17.4,6010.0,3080.0,124.0,4550.0
2023-02-27,723.0,96000.0,823000.0,888000.0,227000.0,175000.0,354.0,669000.0,622.0,188000.0,647000.0,731.0,514.0,201000.0,856.0,2440.0,71300.0,1030.0,1970.0,33.8,215.0,12200.0,3140.0,2750.0,477.0,731.0,19.3,6430.0,3080.0,246.0,4940.0
2023-02-28,1050.0,97400.0,808000.0,912000.0,207000.0,182000.0,326.0,682000.0,953.0,187000.0,674000.0,736.0,849.0,193000.0,1860.0,4400.0,85200.0,1030.0,915.0,33.8,605.0,14300.0,3180.0,2670.0,168.0,736.0,19.5,6850.0,3110.0,293.0,4780.0
2023-03-01,798.0,116000.0,774000.0,926000.0,201000.0,191000.0,255.0,694000.0,771.0,195000.0,688000.0,723.0,310.0,193000.0,2710.0,3990.0,124000.0,1040.0,381.0,24.5,390.0,13800.0,3200.0,2610.0,114.0,723.0,18.5,7030.0,3110.0,290.0,4850.0
2023-03-02,678.0,177000.0,748000.0,936000.0,205000.0,199000.0,218.0,705000.0,655.0,212000.0,696000.0,706.0,188.0,203000.0,3450.0,3460.0,124000.0,1020.0,320.0,20.3,491.0,14700.0,3140.0,2440.0,87.3,706.0,17.6,6970.0,3130.0,272.0,4600.0
2023-03-03,608.0,207000.0,737000.0,943000.0,258000.0,218000.0,205.0,714000.0,577.0,244000.0,719000.0,662.0,137.0,248000.0,2950.0,2490.0,131000.0,1010.0,280.0,1180.0,297.0,14400.0,3100.0,2410.0,77.4,662.0,17.7,6960.0,3110.0,241.0,4750.0
2023-03-04,559.0,221000.0,735000.0,954000.0,345000.0,222000.0,182.0,719000.0,536.0,292000.0,731000.0,631.0,118.0,325000.0,2360.0,1940.0,138000.0,1040.0,259.0,345.0,274.0,14000.0,3100.0,2230.0,65.9,631.0,18.4,7230.0,3100.0,221.0,4730.0
2023-03-05,489.0,223000.0,776000.0,960000.0,390000.0,218000.0,163.0,725000.0,477.0,310000.0,741000.0,612.0,93.3,357000.0,2140.0,1620.0,122000.0,1060.0,239.0,141.0,260.0,13800.0,3100.0,2120.0,59.2,612.0,19.2,7510.0,3050.0,204.0,4660.0
2023-03-06,462.0,218000.0,861000.0,974000.0,411000.0,221000.0,161.0,731000.0,447.0,310000.0,751000.0,629.0,78.9,365000.0,2090.0,2110.0,122000.0,1050.0,266.0,88.2,268.0,12300.0,3100.0,2140.0,60.4,629.0,20.3,7370.0,3100.0,227.0,4750.0
2023-03-07,428.0,203000.0,931000.0,995000.0,409000.0,226000.0,143.0,735000.0,429.0,304000.0,750000.0,663.0,70.8,360000.0,2090.0,2330.0,122000.0,1050.0,249.0,57.8,344.0,12300.0,3110.0,2140.0,49.7,663.0,18.9,7180.0,3070.0,203.0,4590.0
2023-03-08,390.0,196000.0,981000.0,1020000.0,397000.0,225000.0,135.0,744000.0,388.0,293000.0,754000.0,689.0,59.6,346000.0,2100.0,1790.0,120000.0,1050.0,232.0,58.4,284.0,12200.0,3060.0,2160.0,45.7,689.0,18.2,7220.0,3030.0,191.0,4950.0
2023-03-09,388.0,191000.0,1020000.0,1040000.0,374000.0,220000.0,140.0,758000.0,375.0,276000.0,764000.0,672.0,60.4,324000.0,2120.0,1560.0,113000.0,1050.0,228.0,66.1,262.0,12200.0,3080.0,2270.0,63.6,672.0,18.2,7040.0,3050.0,187.0,4880.0
2023-03-10,425.0,183000.0,1050000.0,1060000.0,347000.0,218000.0,147.0,777000.0,389.0,261000.0,775000.0,649.0,224.0,300000.0,1870.0,1410.0,106000.0,1050.0,236.0,54.3,253.0,12300.0,3260.0,2370.0,67.1,649.0,18.8,7450.0,3170.0,188.0,4850.0
2023-03-11,436.0,178000.0,1060000.0,1080000.0,321000.0,221000.0,148.0,798000.0,391.0,252000.0,794000.0,621.0,172.0,281000.0,1570.0,1240.0,101000.0,1050.0,224.0,43.6,238.0,12100.0,3310.0,2320.0,56.4,621.0,19.3,7970.0,3040.0,180.0,4830.0
2023-03-12,476.0,168000.0,1060000.0,1110000.0,301000.0,232000.0,218.0,819000.0,408.0,243000.0,812000.0,604.0,187.0,266000.0,1400.0,1140.0,100000.0,1050.0,225.0,60.9,233.0,12000.0,3310.0,2300.0,69.8,604.0,20.2,7230.0,3110.0,181.0,4900.0
2023-03-13,639.0,162000.0,1060000.0,1140000.0,283000.0,239000.0,250.0,840000.0,506.0,234000.0,817000.0,585.0,215.0,253000.0,1280.0,1040.0,102000.0,1050.0,217.0,50.7,223.0,11600.0,3310.0,2160.0,59.5,585.0,18.9,6950.0,2950.0,171.0,4870.0
2023-03-14,611.0,161000.0,1040000.0,1160000.0,268000.0,241000.0,201.0,863000.0,520.0,226000.0,846000.0,561.0,128.0,242000.0,1170.0,937.0,97300.0,1050.0,208.0,40.0,215.0,11700.0,3320.0,1990.0,52.2,561.0,18.2,6500.0,2960.0,161.0,4920.0
2023-03-15,553.0,154000.0,1020000.0,1170000.0,255000.0,242000.0,186.0,882000.0,455.0,222000.0,872000.0,556.0,96.8,234000.0,1100.0,868.0,95300.0,1050.0,206.0,41.5,213.0,11600.0,3350.0,1980.0,49.5,556.0,17.9,5620.0,2980.0,162.0,4930.0
2023-03-16,560.0,152000.0,971000.0,1180000.0,246000.0,240000.0,187.0,901000.0,446.0,224000.0,897000.0,623.0,96.6,232000.0,1150.0,899.0,94700.0,1050.0,231.0,36.1,228.0,11300.0,3350.0,2030.0,55.3,623.0,19.4,6680.0,3260.0,184.0,5140.0
2023-03-17,1180.0,149000.0,908000.0,1180000.0,246000.0,242000.0,245.0,927000.0,500.0,223000.0,911000.0,811.0,635.0,233000.0,2670.0,1310.0,90800.0,1030.0,330.0,36.4,301.0,11600.0,3350.0,2370.0,63.1,811.0,20.6,8070.0,3180.0,238.0,4940.0
2023-03-18,1120.0,159000.0,818000.0,1180000.0,242000.0,246000.0,204.0,949000.0,545.0,215000.0,925000.0,805.0,335.0,227000.0,3220.0,1560.0,90100.0,1030.0,290.0,27.9,255.0,12200.0,3360.0,3170.0,44.2,805.0,22.8,8550.0,3330.0,211.0,4930.0
2023-03-19,860.0,159000.0,734000.0,1170000.0,232000.0,248000.0,185.0,960000.0,463.0,208000.0,945000.0,706.0,157.0,220000.0,2060.0,1290.0,88400.0,1040.0,271.0,21.9,236.0,12700.0,3390.0,3830.0,42.4,706.0,30.3,8190.0,3220.0,200.0,4840.0
2023-03-20,751.0,152000.0,667000.0,1150000.0,224000.0,253000.0,175.0,964000.0,457.0,201000.0,959000.0,652.0,126.0,213000.0,1720.0,1120.0,86900.0,1040.0,269.0,19.1,232.0,12200.0,3460.0,3550.0,41.9,652.0,35.1,9660.0,3200.0,194.0,5060.0
2023-03-21,682.0,150000.0,620000.0,1120000.0,215000.0,254000.0,168.0,959000.0,434.0,199000.0,975000.0,650.0,109.0,206000.0,1620.0,1040.0,87200.0,1030.0,258.0,18.0,228.0,12700.0,3490.0,3330.0,40.5,650.0,28.9,9300.0,3270.0,187.0,5080.0
2023-03-22,615.0,136000.0,584000.0,1080000.0,213000.0,252000.0,161.0,948000.0,415.0,201000.0,959000.0,750.0,103.0,205000.0,1830.0,986.0,92400.0,1030.0,250.0,17.7,232.0,12700.0,3490.0,3300.0,38.9,750.0,27.6,8690.0,3400.0,182.0,5430.0
2023-03-23,708.0,139000.0,552000.0,1040000.0,214000.0,246000.0,183.0,930000.0,412.0,204000.0,945000.0,963.0,476.0,209000.0,2390.0,1010.0,97100.0,982.0,248.0,146.0,237.0,13200.0,3490.0,3280.0,42.1,963.0,27.1,9120.0,3470.0,180.0,5390.0
2023-03-24,839.0,154000.0,532000.0,985000.0,245000.0,239000.0,181.0,906000.0,433.0,224000.0,923000.0,1040.0,515.0,254000.0,2390.0,1020.0,99700.0,976.0,241.0,1480.0,230.0,13900.0,3490.0,3790.0,35.6,1040.0,33.7,8800.0,3510.0,172.0,5370.0
2023-03-25,2130.0,165000.0,545000.0,938000.0,330000.0,235000.0,841.0,875000.0,512.0,240000.0,882000.0,1040.0,856.0,305000.0,2000.0,979.0,107000.0,1030.0,236.0,458.0,223.0,14000.0,3490.0,4450.0,114.0,1040.0,44.7,9670.0,3640.0,168.0,5570.0
2023-03-26,3270.0,200000.0,573000.0,900000.0,341000.0,224000.0,704.0,838000.0,1480.0,264000.0,857000.0,1060.0,972.0,314000.0,1850.0,918.0,110000.0,1060.0,230.0,174.0,220.0,13900.0,3490.0,5110.0,178.0,1060.0,56.5,10200.0,3630.0,163.0,5590.0
2023-03-27,1760.0,216000.0,666000.0,887000.0,350000.0,213000.0,406.0,804000.0,1200.0,295000.0,823000.0,1020.0,335.0,340000.0,1730.0,877.0,113000.0,1070.0,226.0,156.0,218.0,11900.0,3490.0,5690.0,169.0,1020.0,74.3,11700.0,3860.0,158.0,5870.0
2023-03-28,1170.0,210000.0,775000.0,896000.0,378000.0,201000.0,310.0,778000.0,880.0,316000.0,785000.0,941.0,202.0,366000.0,1580.0,828.0,111000.0,1130.0,218.0,98.3,213.0,11400.0,3500.0,6070.0,106.0,941.0,77.9,13000.0,4010.0,152.0,5680.0
2023-03-29,963.0,166000.0,855000.0,919000.0,394000.0,196000.0,262.0,764000.0,746.0,325000.0,754000.0,872.0,152.0,382000.0,1450.0,790.0,109000.0,1250.0,215.0,70.0,213.0,11300.0,3520.0,6360.0,83.7,872.0,62.9,13700.0,3880.0,150.0,5710.0
2023-03-30,838.0,149000.0,918000.0,943000.0,378000.0,192000.0,229.0,761000.0,662.0,295000.0,762000.0,805.0,123.0,364000.0,1360.0,757.0,108000.0,1330.0,213.0,54.1,211.0,12900.0,3500.0,6420.0,72.1,805.0,52.2,12800.0,3780.0,147.0,6060.0
2023-03-31,783.0,163000.0,964000.0,965000.0,349000.0,192000.0,286.0,766000.0,652.0,266000.0,767000.0,940.0,115.0,329000.0,1390.0,798.0,104000.0,1330.0,230.0,51.1,222.0,13800.0,3570.0,6130.0,221.0,940.0,118.0,13200.0,3950.0,175.0,6580.0
2023-04-01,903.0,168000.0,996000.0,994000.0,323000.0,201000.0,675.0,775000.0,924.0,251000.0,766000.0,1500.0,117.0,300000.0,2850.0,965.0,110000.0,1330.0,301.0,44.5,246.0,17300.0,3690.0,6180.0,100.0,1500.0,353.0,16900.0,3890.0,241.0,6160.0
2023-04-02,742.0,164000.0,1010000.0,1020000.0,303000.0,202000.0,314.0,789000.0,960.0,238000.0,780000.0,1820.0,91.1,281000.0,4160.0,1330.0,109000.0,1320.0,250.0,31.9,239.0,19500.0,3740.0,8590.0,68.1,1820.0,252.0,22600.0,4110.0,192.0,7070.0
2023-04-03,671.0,167000.0,1010000.0,1040000.0,289000.0,212000.0,262.0,806000.0,710.0,232000.0,791000.0,2200.0,74.6,270000.0,3430.0,1820.0,115000.0,1320.0,241.0,29.9,230.0,22300.0,3910.0,19500.0,61.6,2200.0,241.0,26100.0,4610.0,184.0,7090.0
2023-04-04,618.0,190000.0,989000.0,1060000.0,281000.0,226000.0,228.0,823000.0,637.0,235000.0,814000.0,2280.0,207.0,265000.0,3370.0,1450.0,120000.0,1310.0,235.0,28.2,229.0,24800.0,3960.0,16900.0,113.0,2280.0,276.0,28700.0,4980.0,179.0,7440.0
2023-04-05,621.0,199000.0,965000.0,1070000.0,282000.0,231000.0,271.0,839000.0,599.0,240000.0,830000.0,1890.0,1260.0,265000.0,2970.0,1320.0,121000.0,1310.0,249.0,101.0,231.0,27000.0,4160.0,14400.0,97.2,1890.0,319.0,29800.0,5170.0,185.0,7420.0
2023-04-06,602.0,194000.0,952000.0,1090000.0,289000.0,232000.0,227.0,855000.0,607.0,241000.0,846000.0,1600.0,681.0,270000.0,2790.0,1250.0,126000.0,1290.0,234.0,68.5,225.0,30100.0,4260.0,13500.0,63.8,1600.0,268.0,31400.0,5110.0,167.0,7440.0
2023-04-07,522.0,199000.0,930000.0,1100000.0,286000.0,233000.0,204.0,884000.0,539.0,240000.0,848000.0,1250.0,182.0,268000.0,2430.0,1240.0,135000.0,1290.0,221.0,45.2,220.0,34000.0,4580.0,14000.0,56.1,1250.0,182.0,32900.0,5650.0,159.0,8030.0
2023-04-08,502.0,195000.0,911000.0,1110000.0,283000.0,229000.0,193.0,908000.0,502.0,244000.0,865000.0,1030.0,121.0,267000.0,2140.0,1130.0,140000.0,1280.0,219.0,37.9,218.0,38100.0,4990.0,12300.0,51.4,1030.0,418.0,31500.0,6250.0,157.0,8630.0
2023-04-09,476.0,190000.0,900000.0,1100000.0,282000.0,228000.0,179.0,922000.0,476.0,247000.0,870000.0,936.0,94.0,269000.0,1960.0,1040.0,143000.0,1290.0,216.0,30.3,215.0,39200.0,5730.0,10100.0,47.8,936.0,648.0,30700.0,7690.0,153.0,9540.0
2023-04-10,453.0,193000.0,889000.0,1100000.0,284000.0,225000.0,169.0,935000.0,450.0,247000.0,890000.0,878.0,77.3,272000.0,1810.0,978.0,148000.0,1330.0,213.0,25.9,213.0,39500.0,7070.0,8920.0,47.1,878.0,490.0,36100.0,9690.0,151.0,11800.0
2023-04-11,429.0,200000.0,874000.0,1090000.0,284000.0,222000.0,160.0,943000.0,430.0,247000.0,891000.0,832.0,67.8,272000.0,1680.0,923.0,149000.0,1390.0,210.0,23.9,213.0,40100.0,9350.0,9410.0,47.4,832.0,270.0,44300.0,12600.0,149.0,15400.0
2023-04-12,413.0,208000.0,848000.0,1080000.0,283000.0,222000.0,155.0,948000.0,416.0,251000.0,883000.0,792.0,62.0,271000.0,1590.0,879.0,152000.0,1450.0,208.0,20.6,212.0,39300.0,15000.0,10000.0,45.5,792.0,155.0,53000.0,20400.0,148.0,22400.0
2023-04-13,394.0,210000.0,804000.0,1070000.0,279000.0,223000.0,149.0,950000.0,402.0,257000.0,899000.0,758.0,57.2,272000.0,1500.0,842.0,157000.0,1530.0,206.0,18.6,210.0,39000.0,19100.0,9830.0,43.1,758.0,90.5,61700.0,31800.0,145.0,32500.0
2023-04-14,371.0,210000.0,746000.0,1060000.0,278000.0,224000.0,143.0,943000.0,391.0,263000.0,904000.0,722.0,53.3,276000.0,1430.0,806.0,157000.0,1640.0,204.0,18.7,209.0,38800.0,22300.0,9260.0,46.2,722.0,62.0,72100.0,40800.0,143.0,39300.0
2023-04-15,353.0,211000.0,683000.0,1040000.0,279000.0,220000.0,138.0,936000.0,372.0,262000.0,899000.0,693.0,53.5,278000.0,1350.0,776.0,161000.0,1720.0,203.0,182.0,210.0,38400.0,25200.0,8070.0,53.8,693.0,50.4,78800.0,49200.0,143.0,46200.0
2023-04-16,399.0,212000.0,626000.0,1030000.0,287000.0,221000.0,407.0,930000.0,394.0,265000.0,884000.0,714.0,201.0,281000.0,1320.0,765.0,160000.0,1750.0,222.0,223.0,215.0,38700.0,27200.0,7010.0,68.7,714.0,50.6,74100.0,51600.0,169.0,53200.0
2023-04-17,435.0,210000.0,580000.0,1000000.0,289000.0,224000.0,310.0,914000.0,651.0,263000.0,870000.0,804.0,200.0,286000.0,1340.0,785.0,162000.0,1740.0,239.0,95.4,221.0,39900.0,27300.0,5980.0,47.4,804.0,60.0,62600.0,50900.0,175.0,58700.0
2023-04-18,372.0,208000.0,550000.0,968000.0,288000.0,223000.0,238.0,896000.0,570.0,259000.0,867000.0,879.0,101.0,284000.0,1290.0,764.0,166000.0,1730.0,232.0,58.3,218.0,42500.0,27500.0,6140.0,38.3,879.0,58.7,54800.0,48700.0,167.0,61500.0
2023-04-19,341.0,211000.0,526000.0,927000.0,283000.0,224000.0,208.0,873000.0,483.0,258000.0,856000.0,1080.0,71.9,279000.0,1410.0,791.0,165000.0,1710.0,224.0,40.9,228.0,44900.0,27300.0,7320.0,36.5,1080.0,55.1,48900.0,44100.0,164.0,62700.0
2023-04-20,355.0,213000.0,499000.0,878000.0,277000.0,219000.0,196.0,844000.0,456.0,257000.0,836000.0,1520.0,64.9,276000.0,1980.0,1040.0,166000.0,1690.0,248.0,39.8,277.0,46100.0,26900.0,8450.0,60.1,1520.0,110.0,47400.0,40700.0,179.0,64900.0
2023-04-21,512.0,216000.0,492000.0,829000.0,294000.0,212000.0,195.0,813000.0,460.0,258000.0,795000.0,1780.0,76.2,279000.0,3100.0,1920.0,168000.0,1670.0,260.0,38.6,310.0,46100.0,26700.0,14300.0,43.5,1780.0,202.0,53300.0,40100.0,177.0,65200.0
2023-04-22,435.0,217000.0,491000.0,788000.0,293000.0,205000.0,174.0,781000.0,438.0,259000.0,745000.0,2140.0,59.7,277000.0,3380.0,2310.0,172000.0,1620.0,242.0,27.5,295.0,44400.0,25800.0,34300.0,35.7,2140.0,103.0,69300.0,39600.0,170.0,64300.0
2023-04-23,381.0,219000.0,488000.0,753000.0,285000.0,196000.0,161.0,746000.0,407.0,259000.0,716000.0,2440.0,45.7,276000.0,2860.0,2060.0,181000.0,1570.0,248.0,21.4,274.0,41900.0,25000.0,24700.0,33.1,2440.0,63.9,81000.0,38600.0,165.0,62600.0
2023-04-24,345.0,223000.0,495000.0,724000.0,282000.0,184000.0,152.0,712000.0,381.0,258000.0,672000.0,2160.0,39.8,275000.0,2480.0,1750.0,193000.0,1540.0,261.0,18.2,260.0,37900.0,24300.0,14800.0,33.4,2160.0,51.7,72200.0,36100.0,159.0,60600.0
2023-04-25,346.0,230000.0,484000.0,700000.0,280000.0,170000.0,147.0,681000.0,374.0,260000.0,639000.0,1430.0,36.3,276000.0,2190.0,1550.0,207000.0,1520.0,289.0,19.5,251.0,35400.0,23900.0,10800.0,33.4,1430.0,44.0,57200.0,32200.0,155.0,58800.0
2023-04-26,338.0,237000.0,466000.0,680000.0,282000.0,155000.0,138.0,655000.0,368.0,268000.0,613000.0,1030.0,34.3,282000.0,1990.0,1390.0,216000.0,1500.0,320.0,17.1,243.0,34500.0,23200.0,7490.0,30.5,1030.0,38.8,43200.0,27700.0,152.0,56900.0
2023-04-27,302.0,243000.0,457000.0,669000.0,290000.0,144000.0,136.0,637000.0,372.0,277000.0,589000.0,902.0,32.0,291000.0,1830.0,1270.0,228000.0,1510.0,350.0,15.4,239.0,30300.0,22900.0,5480.0,31.0,902.0,35.9,34200.0,24200.0,150.0,54500.0
2023-04-28,293.0,249000.0,458000.0,661000.0,299000.0,135000.0,132.0,621000.0,398.0,284000.0,571000.0,842.0,30.4,301000.0,1710.0,1190.0,238000.0,1510.0,367.0,14.5,235.0,22700.0,22600.0,4270.0,30.6,842.0,33.6,29400.0,21900.0,148.0,51900.0
2023-04-29,275.0,253000.0,466000.0,647000.0,306000.0,126000.0,122.0,609000.0,423.0,287000.0,556000.0,818.0,31.0,307000.0,1620.0,1120.0,245000.0,1510.0,373.0,14.2,234.0,17000.0,22400.0,3700.0,29.0,818.0,32.8,26700.0,20100.0,148.0,49300.0
2023-04-30,260.0,258000.0,465000.0,637000.0,309000.0,124000.0,119.0,598000.0,440.0,290000.0,551000.0,874.0,33.6,308000.0,1530.0,1050.0,254000.0,1500.0,346.0,14.5,232.0,14800.0,21600.0,3470.0,27.8,874.0,35.8,25300.0,18400.0,148.0,46300.0
2023-05-01,248.0,264000.0,460000.0,630000.0,310000.0,129000.0,113.0,585000.0,451.0,295000.0,541000.0,922.0,33.3,311000.0,1450.0,981.0,258000.0,1490.0,303.0,13.8,228.0,14100.0,21100.0,3810.0,26.0,922.0,34.8,25300.0,17200.0,146.0,43100.0
2023-05-02,225.0,270000.0,462000.0,624000.0,314000.0,129000.0,105.0,573000.0,449.0,301000.0,531000.0,875.0,27.8,318000.0,1370.0,916.0,261000.0,1470.0,257.0,12.1,221.0,14000.0,20400.0,4760.0,26.3,875.0,33.2,25700.0,16100.0,140.0,40800.0
2023-05-03,206.0,275000.0,466000.0,613000.0,321000.0,133000.0,101.0,562000.0,452.0,307000.0,521000.0,782.0,23.4,324000.0,1310.0,865.0,260000.0,1450.0,222.0,10.9,216.0,16700.0,19800.0,5090.0,25.7,782.0,30.6,25600.0,15600.0,135.0,38600.0
2023-05-04,196.0,278000.0,482000.0,600000.0,328000.0,134000.0,99.8,551000.0,440.0,313000.0,512000.0,723.0,21.3,330000.0,1260.0,820.0,268000.0,1420.0,202.0,10.5,216.0,19300.0,19100.0,4420.0,24.3,723.0,27.3,21600.0,14900.0,133.0,36600.0
2023-05-05,192.0,279000.0,497000.0,593000.0,335000.0,123000.0,95.7,539000.0,412.0,315000.0,499000.0,697.0,20.3,335000.0,1230.0,784.0,265000.0,1380.0,193.0,10.2,215.0,19400.0,18300.0,3580.0,25.2,697.0,27.0,20400.0,13800.0,132.0,34800.0
2023-05-06,187.0,280000.0,517000.0,589000.0,339000.0,119000.0,94.0,533000.0,370.0,316000.0,494000.0,764.0,20.9,337000.0,1210.0,771.0,261000.0,1350.0,196.0,9.61,215.0,17700.0,17600.0,3210.0,29.7,764.0,30.2,21300.0,12800.0,135.0,33000.0
2023-05-07,189.0,281000.0,530000.0,594000.0,339000.0,120000.0,93.9,528000.0,332.0,316000.0,492000.0,1060.0,21.4,338000.0,1200.0,751.0,255000.0,1380.0,193.0,9.68,213.0,16900.0,17300.0,3680.0,68.8,1060.0,33.5,21900.0,11700.0,132.0,31500.0
2023-05-08,771.0,283000.0,536000.0,604000.0,341000.0,121000.0,152.0,523000.0,463.0,319000.0,485000.0,1240.0,108.0,340000.0,1210.0,737.0,251000.0,1400.0,194.0,11.2,212.0,17200.0,16800.0,5700.0,360.0,1240.0,39.2,22900.0,11200.0,141.0,30100.0
2023-05-09,1180.0,284000.0,546000.0,618000.0,347000.0,126000.0,152.0,523000.0,490.0,324000.0,488000.0,1110.0,274.0,346000.0,1190.0,723.0,238000.0,1390.0,190.0,10.6,214.0,17200.0,16400.0,8090.0,76.5,1110.0,39.9,25800.0,11000.0,134.0,28600.0
2023-05-10,749.0,285000.0,569000.0,628000.0,352000.0,130000.0,128.0,526000.0,431.0,325000.0,489000.0,947.0,92.4,349000.0,1160.0,697.0,240000.0,1370.0,184.0,8.99,210.0,19800.0,16200.0,7320.0,55.6,947.0,38.8,23600.0,11200.0,127.0,27900.0
2023-05-11,606.0,285000.0,606000.0,632000.0,355000.0,131000.0,120.0,532000.0,367.0,326000.0,492000.0,801.0,57.1,350000.0,1120.0,677.0,231000.0,1350.0,180.0,8.27,207.0,22700.0,16700.0,6110.0,44.4,801.0,34.1,18100.0,11600.0,124.0,27100.0
2023-05-12,538.0,283000.0,634000.0,645000.0,357000.0,127000.0,115.0,538000.0,336.0,327000.0,503000.0,737.0,46.4,352000.0,1190.0,694.0,224000.0,1330.0,180.0,9.84,209.0,24600.0,16800.0,5050.0,37.5,737.0,31.0,15100.0,11600.0,124.0,26900.0
2023-05-13,519.0,282000.0,647000.0,671000.0,357000.0,119000.0,107.0,546000.0,328.0,326000.0,508000.0,708.0,340.0,352000.0,2460.0,896.0,221000.0,1300.0,182.0,11.5,220.0,24200.0,16900.0,3930.0,36.7,708.0,29.4,15000.0,11000.0,123.0,26700.0
2023-05-14,526.0,281000.0,655000.0,699000.0,357000.0,117000.0,101.0,559000.0,338.0,328000.0,523000.0,710.0,1130.0,354000.0,2270.0,1600.0,213000.0,1270.0,372.0,41.3,220.0,20900.0,16500.0,3240.0,29.5,710.0,30.0,14100.0,10100.0,182.0,26700.0
2023-05-15,451.0,280000.0,659000.0,719000.0,360000.0,122000.0,98.2,575000.0,305.0,331000.0,534000.0,719.0,245.0,357000.0,2430.0,2990.0,203000.0,1240.0,549.0,109.0,233.0,19000.0,16100.0,2860.0,25.0,719.0,32.1,14100.0,9010.0,210.0,25700.0
2023-05-16,412.0,277000.0,656000.0,733000.0,369000.0,127000.0,99.1,590000.0,287.0,331000.0,551000.0,693.0,109.0,358000.0,2960.0,3400.0,194000.0,1170.0,299.0,53.2,224.0,18800.0,15700.0,2630.0,23.5,693.0,31.3,11700.0,8170.0,156.0,25000.0
2023-05-17,392.0,270000.0,652000.0,743000.0,368000.0,152000.0,94.4,602000.0,277.0,324000.0,564000.0,659.0,75.7,355000.0,2430.0,2780.0,187000.0,1120.0,259.0,43.4,219.0,16300.0,15100.0,2430.0,22.0,659.0,29.1,9780.0,7530.0,143.0,24300.0
2023-05-18,352.0,262000.0,640000.0,751000.0,359000.0,171000.0,89.1,607000.0,263.0,316000.0,576000.0,631.0,56.5,347000.0,2080.0,2160.0,185000.0,1130.0,237.0,27.7,213.0,13300.0,14400.0,2270.0,19.0,631.0,27.3,9930.0,6850.0,135.0,23400.0
2023-05-19,326.0,254000.0,629000.0,756000.0,349000.0,170000.0,84.8,609000.0,248.0,309000.0,577000.0,632.0,43.7,338000.0,1840.0,1810.0,182000.0,1130.0,227.0,20.9,210.0,10700.0,13700.0,2000.0,21.1,632.0,26.1,9100.0,6240.0,133.0,22400.0
2023-05-20,301.0,248000.0,625000.0,761000.0,341000.0,169000.0,81.0,611000.0,236.0,306000.0,583000.0,607.0,35.8,331000.0,1640.0,1560.0,180000.0,1130.0,214.0,17.0,205.0,10500.0,12900.0,1940.0,16.5,607.0,25.2,9090.0,5610.0,127.0,21700.0
2023-05-21,281.0,243000.0,618000.0,758000.0,333000.0,167000.0,79.2,614000.0,223.0,303000.0,583000.0,591.0,29.3,326000.0,1500.0,1380.0,176000.0,1110.0,206.0,14.6,202.0,10000.0,12600.0,1800.0,15.3,591.0,24.4,8400.0,5190.0,124.0,20900.0
2023-05-22,270.0,238000.0,600000.0,755000.0,328000.0,164000.0,77.4,616000.0,215.0,300000.0,590000.0,571.0,24.9,322000.0,1400.0,1240.0,174000.0,1090.0,201.0,13.1,200.0,9550.0,12100.0,1610.0,14.4,571.0,23.7,7940.0,4870.0,124.0,20100.0
2023-05-23,255.0,232000.0,578000.0,750000.0,324000.0,163000.0,74.8,617000.0,207.0,292000.0,592000.0,553.0,21.7,317000.0,1320.0,1140.0,168000.0,1070.0,196.0,12.9,198.0,9670.0,11600.0,1560.0,13.1,553.0,22.7,7960.0,4500.0,122.0,19500.0
2023-05-24,238.0,227000.0,557000.0,741000.0,316000.0,160000.0,71.0,617000.0,199.0,283000.0,585000.0,542.0,19.1,308000.0,1260.0,1050.0,158000.0,1070.0,191.0,12.1,194.0,9580.0,11300.0,1510.0,11.7,542.0,22.5,7420.0,3840.0,120.0,18600.0
2023-05-25,220.0,221000.0,536000.0,724000.0,304000.0,158000.0,66.2,617000.0,188.0,272000.0,587000.0,529.0,16.7,296000.0,1200.0,973.0,152000.0,1070.0,186.0,11.0,188.0,9090.0,10300.0,1400.0,10.0,529.0,22.0,7130.0,3530.0,117.0,17200.0
2023-05-26,204.0,215000.0,510000.0,704000.0,292000.0,158000.0,65.7,612000.0,178.0,261000.0,587000.0,513.0,14.0,282000.0,1150.0,913.0,144000.0,1040.0,183.0,10.1,186.0,7600.0,10000.0,1250.0,8.0,513.0,21.7,6880.0,3240.0,115.0,16200.0
2023-05-27,195.0,201000.0,484000.0,682000.0,278000.0,156000.0,64.8,603000.0,171.0,248000.0,577000.0,503.0,11.9,268000.0,1110.0,860.0,139000.0,987.0,181.0,9.5,186.0,7400.0,9330.0,1200.0,6.66,503.0,21.5,6520.0,3490.0,114.0,15500.0
2023-05-28,189.0,166000.0,454000.0,654000.0,264000.0,145000.0,64.0,590000.0,167.0,233000.0,566000.0,494.0,10.6,254000.0,1080.0,821.0,134000.0,977.0,180.0,8.48,186.0,7240.0,8590.0,1150.0,6.27,494.0,21.3,6230.0,3680.0,113.0,14600.0
2023-05-29,185.0,147000.0,424000.0,624000.0,249000.0,137000.0,62.4,575000.0,163.0,221000.0,552000.0,488.0,9.95,238000.0,1050.0,788.0,132000.0,969.0,179.0,7.8,185.0,7160.0,8040.0,1090.0,5.58,488.0,21.2,6280.0,3490.0,114.0,13500.0
2023-05-30,177.0,153000.0,402000.0,591000.0,234000.0,134000.0,60.9,556000.0,158.0,209000.0,537000.0,481.0,9.74,225000.0,1020.0,757.0,130000.0,968.0,177.0,7.29,183.0,6870.0,7350.0,1050.0,5.44,481.0,21.2,6090.0,3230.0,112.0,12600.0
2023-05-31,171.0,159000.0,382000.0,556000.0,222000.0,127000.0,59.6,536000.0,151.0,204000.0,518000.0,474.0,9.38,215000.0,999.0,728.0,129000.0,984.0,174.0,6.83,181.0,6410.0,6740.0,999.0,4.44,474.0,21.4,5710.0,3250.0,111.0,11900.0
2023-06-01,163.0,161000.0,361000.0,525000.0,214000.0,121000.0,57.7,512000.0,144.0,201000.0,497000.0,470.0,8.95,209000.0,978.0,704.0,127000.0,981.0,172.0,6.47,180.0,6040.0,5920.0,946.0,3.91,470.0,21.5,5340.0,3130.0,108.0,10800.0
2023-06-02,161.0,157000.0,346000.0,498000.0,209000.0,115000.0,56.4,486000.0,142.0,198000.0,479000.0,462.0,8.27,206000.0,964.0,684.0,124000.0,973.0,173.0,13.2,179.0,5800.0,5700.0,890.0,3.93,462.0,21.7,5600.0,2970.0,106.0,9940.0
2023-06-03,156.0,162000.0,335000.0,475000.0,205000.0,112000.0,56.6,458000.0,138.0,193000.0,459000.0,466.0,7.75,201000.0,986.0,678.0,122000.0,966.0,169.0,9.72,184.0,6980.0,5590.0,868.0,3.7,466.0,22.2,5850.0,2890.0,104.0,9630.0
2023-06-04,147.0,150000.0,328000.0,453000.0,201000.0,108000.0,53.8,430000.0,130.0,190000.0,437000.0,467.0,7.08,197000.0,940.0,647.0,115000.0,956.0,166.0,7.23,181.0,8010.0,5230.0,856.0,3.37,467.0,21.5,5470.0,3010.0,101.0,8990.0
2023-06-05,136.0,135000.0,320000.0,433000.0,197000.0,98700.0,52.8,406000.0,123.0,185000.0,415000.0,455.0,6.52,192000.0,971.0,641.0,106000.0,945.0,163.0,6.01,178.0,7840.0,5240.0,851.0,3.72,455.0,20.8,5740.0,3020.0,99.7,8570.0
2023-06-06,132.0,124000.0,312000.0,422000.0,193000.0,89000.0,51.9,389000.0,118.0,181000.0,400000.0,449.0,5.77,187000.0,940.0,624.0,100000.0,936.0,164.0,6.01,176.0,7360.0,4980.0,824.0,3.49,449.0,20.9,5570.0,3070.0,100.0,8480.0
2023-06-07,130.0,116000.0,303000.0,413000.0,189000.0,87600.0,51.5,376000.0,115.0,176000.0,385000.0,442.0,5.99,183000.0,913.0,619.0,88000.0,913.0,167.0,8.17,176.0,7060.0,5040.0,889.0,3.47,442.0,20.7,4940.0,2870.0,99.7,8080.0
2023-06-08,125.0,106000.0,297000.0,402000.0,185000.0,91200.0,50.1,366000.0,112.0,167000.0,371000.0,434.0,5.53,177000.0,885.0,596.0,78600.0,863.0,162.0,7.04,174.0,6590.0,4600.0,899.0,2.76,434.0,20.5,4920.0,2740.0,96.4,7930.0
2023-06-09,120.0,76900.0,288000.0,387000.0,178000.0,95200.0,48.7,352000.0,109.0,156000.0,366000.0,427.0,4.9,168000.0,863.0,573.0,70700.0,860.0,160.0,5.77,172.0,6920.0,4570.0,850.0,2.69,427.0,20.3,4840.0,2600.0,94.8,7590.0
2023-06-10,113.0,69200.0,277000.0,373000.0,169000.0,89300.0,47.7,338000.0,105.0,138000.0,376000.0,422.0,5.02,154000.0,842.0,557.0,67900.0,872.0,159.0,5.56,172.0,6930.0,4230.0,762.0,2.43,422.0,20.6,4680.0,2390.0,94.5,7040.0
2023-06-11,114.0,83000.0,265000.0,363000.0,156000.0,86500.0,48.7,326000.0,105.0,136000.0,346000.0,422.0,5.27,141000.0,820.0,545.0,67000.0,873.0,162.0,8.82,172.0,6370.0,4210.0,732.0,3.2,422.0,20.3,4720.0,2370.0,95.9,6980.0
2023-06-12,115.0,74500.0,252000.0,352000.0,148000.0,86900.0,49.5,314000.0,105.0,139000.0,324000.0,422.0,4.71,140000.0,804.0,532.0,62600.0,871.0,162.0,6.84,171.0,5480.0,3880.0,735.0,2.87,422.0,19.7,4600.0,2380.0,95.2,6920.0
2023-06-13,111.0,71800.0,242000.0,344000.0,147000.0,85700.0,46.9,304000.0,102.0,129000.0,308000.0,422.0,3.85,137000.0,797.0,524.0,56800.0,868.0,164.0,5.31,171.0,5590.0,3930.0,770.0,2.66,422.0,19.7,4520.0,2280.0,95.7,6480.0
2023-06-14,106.0,57800.0,239000.0,336000.0,143000.0,84900.0,45.6,297000.0,98.8,118000.0,293000.0,419.0,3.33,131000.0,784.0,512.0,60000.0,868.0,162.0,4.66,170.0,5410.0,3430.0,761.0,2.27,419.0,20.0,4360.0,2170.0,94.3,6110.0
2023-06-15,102.0,64900.0,232000.0,326000.0,136000.0,81800.0,43.0,289000.0,96.0,108000.0,287000.0,423.0,2.99,119000.0,763.0,497.0,53200.0,864.0,156.0,4.47,168.0,5730.0,3450.0,751.0,1.97,423.0,19.9,4310.0,2290.0,91.2,5900.0
2023-06-16,96.0,67500.0,228000.0,318000.0,124000.0,76900.0,40.5,285000.0,91.1,114000.0,279000.0,414.0,2.8,114000.0,745.0,480.0,53000.0,862.0,152.0,3.87,168.0,5500.0,3070.0,737.0,1.66,414.0,19.2,4270.0,2010.0,88.7,5590.0
2023-06-17,91.4,69300.0,230000.0,312000.0,123000.0,71600.0,40.0,278000.0,85.8,110000.0,260000.0,407.0,2.48,115000.0,733.0,465.0,52000.0,864.0,150.0,3.67,166.0,5600.0,3090.0,733.0,1.59,407.0,18.9,4090.0,2070.0,88.4,5120.0
2023-06-18,100.0,78200.0,228000.0,306000.0,121000.0,70400.0,39.3,275000.0,89.3,107000.0,253000.0,429.0,2.3,111000.0,742.0,485.0,49700.0,868.0,150.0,13.4,169.0,5650.0,2830.0,745.0,16.3,429.0,18.9,4170.0,2120.0,88.0,4890.0
2023-06-19,112.0,78500.0,229000.0,300000.0,118000.0,69100.0,38.3,271000.0,99.9,108000.0,246000.0,528.0,2.18,111000.0,781.0,552.0,47100.0,871.0,151.0,9.98,178.0,5490.0,3030.0,771.0,5.06,528.0,19.5,4480.0,2090.0,88.2,4810.0
2023-06-20,106.0,75300.0,225000.0,298000.0,118000.0,66200.0,35.2,271000.0,85.9,105000.0,248000.0,473.0,1.86,110000.0,723.0,492.0,46200.0,867.0,147.0,8.68,171.0,4900.0,2640.0,776.0,2.16,473.0,19.1,4450.0,2070.0,84.4,4780.0
2023-06-21,85.5,75100.0,225000.0,293000.0,116000.0,65600.0,32.3,272000.0,78.4,104000.0,262000.0,456.0,1.63,107000.0,707.0,447.0,46900.0,864.0,144.0,4.85,164.0,4840.0,2680.0,761.0,1.83,456.0,18.5,4270.0,2090.0,82.2,4750.0
2023-06-22,79.3,66900.0,231000.0,287000.0,113000.0,70300.0,31.8,270000.0,72.8,103000.0,259000.0,433.0,1.51,105000.0,689.0,429.0,44400.0,860.0,142.0,3.46,162.0,4730.0,2740.0,716.0,1.51,433.0,18.2,4120.0,1890.0,81.6,4560.0
2023-06-23,76.2,62700.0,231000.0,285000.0,111000.0,69400.0,31.0,262000.0,69.2,105000.0,253000.0,415.0,1.36,105000.0,677.0,416.0,43100.0,868.0,141.0,3.25,161.0,4300.0,2490.0,698.0,1.36,415.0,18.0,3800.0,1980.0,80.7,4480.0
2023-06-24,73.0,63800.0,219000.0,285000.0,111000.0,66600.0,29.4,258000.0,66.3,104000.0,243000.0,407.0,1.47,106000.0,668.0,410.0,40700.0,872.0,146.0,2.93,161.0,4280.0,2670.0,668.0,23.9,407.0,19.3,4020.0,2020.0,84.7,4460.0
2023-06-25,79.3,60700.0,209000.0,284000.0,111000.0,70700.0,30.6,257000.0,65.4,102000.0,234000.0,405.0,1.91,106000.0,672.0,455.0,39000.0,895.0,198.0,2.69,166.0,4450.0,3160.0,670.0,120.0,405.0,24.1,4350.0,2420.0,101.0,4440.0
2023-06-26,81.9,52100.0,207000.0,283000.0,110000.0,75300.0,30.0,237000.0,68.6,99400.0,235000.0,408.0,1.29,103000.0,676.0,453.0,39700.0,902.0,166.0,2.29,165.0,4740.0,3160.0,679.0,12.8,408.0,22.9,4370.0,2540.0,89.5,4740.0
2023-06-27,74.0,43200.0,211000.0,278000.0,108000.0,73400.0,28.4,225000.0,65.2,96300.0,227000.0,409.0,0.91,100000.0,670.0,436.0,44200.0,900.0,152.0,2.65,163.0,5140.0,2900.0,665.0,9.83,409.0,21.3,4710.0,2600.0,85.7,5010.0
2023-06-28,69.6,49000.0,214000.0,275000.0,105000.0,72000.0,26.5,221000.0,63.1,94000.0,222000.0,406.0,0.85,97000.0,665.0,417.0,42300.0,915.0,147.0,2.35,160.0,5190.0,2890.0,646.0,10.8,406.0,21.2,4640.0,2550.0,83.5,4810.0
2023-06-29,71.3,57500.0,221000.0,267000.0,102000.0,68500.0,27.5,220000.0,63.8,93500.0,220000.0,399.0,1.76,95700.0,653.0,404.0,34700.0,927.0,145.0,2.35,158.0,6200.0,2960.0,776.0,174.0,399.0,23.5,4730.0,2690.0,82.4,4600.0
2023-06-30,120.0,61200.0,229000.0,262000.0,100000.0,68000.0,31.0,217000.0,67.2,95700.0,220000.0,414.0,3.01,95600.0,646.0,392.0,36000.0,923.0,144.0,2.65,160.0,5860.0,3020.0,735.0,36.6,414.0,22.2,4570.0,2680.0,81.5,4310.0
2023-07-01,157.0,61200.0,234000.0,261000.0,100000.0,61200.0,29.5,211000.0,73.8,99100.0,203000.0,402.0,22.1,97000.0,640.0,385.0,43200.0,918.0,146.0,154.0,159.0,5260.0,3210.0,642.0,22.8,402.0,21.2,4300.0,2680.0,91.7,4370.0
2023-07-02,386.0,73300.0,239000.0,264000.0,103000.0,60200.0,30.6,209000.0,79.8,108000.0,195000.0,391.0,986.0,101000.0,632.0,379.0,45100.0,915.0,156.0,108.0,158.0,5100.0,2970.0,610.0,165.0,391.0,20.4,4070.0,2700.0,93.9,4440.0
2023-07-03,465.0,78800.0,252000.0,266000.0,108000.0,65100.0,29.2,209000.0,80.1,122000.0,182000.0,385.0,118.0,112000.0,622.0,368.0,45300.0,910.0,146.0,27.2,158.0,4050.0,2760.0,613.0,66.0,385.0,20.1,3950.0,2570.0,83.0,4400.0
2023-07-04,307.0,71300.0,259000.0,269000.0,119000.0,66600.0,25.0,212000.0,72.1,119000.0,196000.0,423.0,45.4,122000.0,651.0,387.0,43900.0,916.0,145.0,14.7,163.0,4170.0,3070.0,654.0,37.0,423.0,309.0,4150.0,2180.0,85.1,4360.0
2023-07-05,243.0,71600.0,272000.0,272000.0,125000.0,69300.0,30.2,212000.0,61.7,113000.0,199000.0,445.0,22.8,120000.0,688.0,381.0,42500.0,926.0,147.0,8.12,167.0,4140.0,2770.0,713.0,38.1,445.0,155.0,4650.0,2360.0,81.5,4240.0
2023-07-06,524.0,74500.0,292000.0,279000.0,123000.0,68700.0,97.1,212000.0,62.1,112000.0,197000.0,441.0,14.0,117000.0,637.0,363.0,41000.0,927.0,139.0,6.23,163.0,4050.0,2540.0,670.0,24.7,441.0,66.8,4480.0,2360.0,79.5,4150.0
2023-07-07,341.0,70300.0,312000.0,286000.0,120000.0,74900.0,49.6,212000.0,229.0,113000.0,196000.0,423.0,9.1,115000.0,606.0,358.0,42200.0,932.0,135.0,5.18,158.0,3880.0,2750.0,626.0,19.3,423.0,41.9,4230.0,2280.0,78.6,3990.0
2023-07-08,973.0,66500.0,323000.0,298000.0,118000.0,74000.0,52.7,218000.0,166.0,112000.0,206000.0,403.0,7.34,114000.0,599.0,350.0,43400.0,951.0,133.0,4.59,159.0,3860.0,2630.0,611.0,34.2,403.0,30.6,4180.0,2240.0,79.1,3720.0
2023-07-09,1080.0,66400.0,330000.0,316000.0,117000.0,77700.0,44.8,225000.0,148.0,113000.0,212000.0,387.0,5.25,113000.0,596.0,340.0,43200.0,937.0,132.0,4.1,158.0,3830.0,2450.0,595.0,16.1,387.0,24.5,4020.0,2080.0,78.0,3530.0
2023-07-10,587.0,75700.0,334000.0,333000.0,116000.0,89300.0,36.1,233000.0,133.0,114000.0,223000.0,381.0,3.72,114000.0,593.0,329.0,42000.0,947.0,131.0,3.56,152.0,4010.0,2380.0,588.0,14.2,381.0,22.0,3820.0,1960.0,76.6,3410.0
2023-07-11,441.0,75400.0,314000.0,343000.0,117000.0,90700.0,32.7,244000.0,112.0,117000.0,233000.0,385.0,2.95,115000.0,592.0,322.0,38100.0,944.0,130.0,3.16,146.0,3770.0,2310.0,586.0,13.1,385.0,20.4,3680.0,1860.0,75.3,3480.0
2023-07-12,372.0,69500.0,296000.0,352000.0,118000.0,86300.0,40.2,255000.0,116.0,113000.0,246000.0,382.0,2.63,117000.0,595.0,349.0,35800.0,946.0,156.0,3.67,147.0,4010.0,2190.0,578.0,269.0,382.0,19.5,3640.0,1780.0,93.6,3590.0
2023-07-13,365.0,66400.0,286000.0,358000.0,119000.0,83700.0,49.8,265000.0,133.0,108000.0,255000.0,394.0,2.37,115000.0,609.0,406.0,39800.0,946.0,208.0,33.7,153.0,5210.0,2060.0,624.0,41.8,394.0,19.4,3570.0,1930.0,111.0,3430.0
2023-07-14,290.0,66400.0,278000.0,358000.0,116000.0,79800.0,37.2,275000.0,134.0,105000.0,269000.0,414.0,1.93,110000.0,615.0,376.0,40700.0,933.0,162.0,10.3,151.0,5020.0,1960.0,665.0,94.9,414.0,19.2,3560.0,1860.0,106.0,3310.0
2023-07-15,395.0,68500.0,267000.0,353000.0,112000.0,74800.0,42.9,282000.0,116.0,110000.0,274000.0,415.0,1.98,109000.0,607.0,362.0,39500.0,893.0,171.0,6.19,150.0,4970.0,2210.0,642.0,46.1,415.0,19.0,3510.0,1830.0,102.0,3000.0
2023-07-16,322.0,62500.0,252000.0,354000.0,112000.0,70200.0,37.0,290000.0,117.0,113000.0,245000.0,395.0,1.62,112000.0,605.0,334.0,36800.0,852.0,147.0,5.93,149.0,5300.0,2060.0,601.0,21.6,395.0,17.7,3900.0,1780.0,86.1,2940.0
2023-07-17,238.0,54100.0,240000.0,352000.0,116000.0,72000.0,32.7,292000.0,106.0,108000.0,232000.0,377.0,1.46,115000.0,594.0,322.0,35500.0,829.0,140.0,9.96,147.0,4480.0,1960.0,575.0,17.4,377.0,16.8,3560.0,1720.0,82.3,2930.0
2023-07-18,199.0,63300.0,233000.0,343000.0,116000.0,82100.0,30.9,290000.0,94.5,106000.0,291000.0,369.0,1.31,109000.0,584.0,311.0,34700.0,812.0,137.0,6.98,148.0,4300.0,1810.0,553.0,15.0,369.0,16.9,3630.0,1750.0,80.0,2920.0
2023-07-19,177.0,62900.0,239000.0,333000.0,120000.0,64000.0,28.7,287000.0,87.8,113000.0,291000.0,365.0,1.19,111000.0,579.0,302.0,35300.0,812.0,136.0,5.43,148.0,4590.0,2070.0,559.0,13.5,365.0,18.0,3670.0,1730.0,78.7,2960.0
2023-07-20,157.0,55600.0,250000.0,318000.0,126000.0,56700.0,25.4,283000.0,83.5,111000.0,293000.0,372.0,1.34,117000.0,576.0,292.0,34100.0,805.0,134.0,4.81,147.0,4090.0,2100.0,574.0,12.2,372.0,20.8,3830.0,1860.0,77.9,2980.0
2023-07-21,141.0,54500.0,290000.0,303000.0,128000.0,54400.0,24.1,275000.0,78.7,111000.0,286000.0,367.0,0.85,117000.0,574.0,290.0,35100.0,781.0,132.0,3.97,147.0,4250.0,1850.0,547.0,10.8,367.0,18.9,4630.0,1950.0,76.7,2700.0
2023-07-22,127.0,55200.0,341000.0,296000.0,124000.0,51100.0,23.3,270000.0,73.5,109000.0,271000.0,363.0,0.66,117000.0,581.0,291.0,35800.0,756.0,132.0,3.38,147.0,4090.0,1760.0,548.0,11.8,363.0,19.4,4130.0,1910.0,76.5,2820.0
2023-07-23,117.0,54200.0,368000.0,300000.0,124000.0,52600.0,21.4,266000.0,70.5,107000.0,268000.0,366.0,0.6,114000.0,595.0,312.0,32300.0,742.0,139.0,17.4,152.0,3960.0,1850.0,556.0,10.0,366.0,42.8,3660.0,1860.0,79.8,2810.0
2023-07-24,109.0,50100.0,375000.0,321000.0,119000.0,57600.0,20.0,262000.0,68.9,102000.0,270000.0,364.0,0.5,111000.0,597.0,292.0,29700.0,719.0,135.0,9.08,149.0,4490.0,1960.0,555.0,8.99,364.0,42.4,3870.0,2010.0,76.5,2810.0
2023-07-25,98.8,43200.0,358000.0,347000.0,114000.0,67400.0,18.2,260000.0,62.9,96700.0,266000.0,357.0,0.4,106000.0,580.0,287.0,26800.0,686.0,131.0,9.16,147.0,4390.0,1810.0,545.0,8.18,357.0,34.1,3910.0,2010.0,74.8,2850.0
2023-07-26,92.5,41500.0,335000.0,372000.0,108000.0,78600.0,16.7,267000.0,59.4,89400.0,266000.0,422.0,0.4,99500.0,594.0,291.0,25100.0,640.0,146.0,9.25,149.0,4000.0,1820.0,610.0,6.95,422.0,30.2,3980.0,1900.0,87.9,2890.0
2023-07-27,87.3,41600.0,312000.0,386000.0,101000.0,78600.0,15.5,280000.0,59.8,84900.0,271000.0,423.0,0.34,92900.0,599.0,297.0,25800.0,581.0,166.0,5.28,151.0,3860.0,1800.0,633.0,6.47,423.0,30.3,3910.0,2180.0,103.0,2650.0
2023-07-28,80.8,42300.0,289000.0,388000.0,94600.0,78600.0,14.4,286000.0,57.7,84200.0,282000.0,411.0,0.31,89400.0,659.0,290.0,27800.0,551.0,151.0,3.32,161.0,3910.0,1800.0,616.0,8.34,411.0,34.4,5120.0,2500.0,111.0,2950.0
2023-07-29,82.5,42500.0,272000.0,380000.0,91000.0,78600.0,15.1,291000.0,54.2,83400.0,290000.0,478.0,0.23,86600.0,623.0,279.0,32700.0,525.0,187.0,17.5,154.0,4040.0,1510.0,835.0,14.8,478.0,120.0,6230.0,2680.0,152.0,3020.0
2023-07-30,104.0,54600.0,259000.0,365000.0,88700.0,78600.0,14.3,290000.0,52.4,92000.0,287000.0,590.0,0.19,87000.0,562.0,269.0,36500.0,502.0,157.0,13.1,150.0,5060.0,1760.0,1030.0,6.66,590.0,78.8,5730.0,2360.0,95.1,2880.0
2023-07-31,76.0,56500.0,248000.0,347000.0,90200.0,78600.0,11.1,282000.0,51.4,101000.0,281000.0,510.0,0.16,94300.0,545.0,263.0,42300.0,488.0,138.0,6.23,148.0,6800.0,1670.0,1090.0,6.22,510.0,51.9,5320.0,2290.0,84.7,2640.0
2023-08-01,66.1,61100.0,243000.0,329000.0,97300.0,78600.0,8.29,270000.0,48.9,103000.0,272000.0,470.0,0.17,101000.0,537.0,257.0,42700.0,487.0,134.0,4.7,145.0,7310.0,1730.0,963.0,5.66,470.0,40.4,4720.0,2260.0,81.0,2580.0
2023-08-02,60.8,65500.0,239000.0,315000.0,103000.0,78600.0,8.59,267000.0,47.0,104000.0,259000.0,420.0,0.68,103000.0,533.0,255.0,38700.0,499.0,133.0,33.0,145.0,5930.0,1720.0,894.0,5.07,420.0,33.8,4280.0,2200.0,80.1,2480.0
2023-08-03,59.4,56100.0,234000.0,303000.0,114000.0,78600.0,8.53,245000.0,45.0,113000.0,254000.0,392.0,1.14,110000.0,529.0,252.0,38500.0,486.0,133.0,36.3,147.0,4620.0,1990.0,765.0,6.23,392.0,30.3,3920.0,2090.0,80.0,2680.0
2023-08-04,57.2,48900.0,227000.0,294000.0,127000.0,78600.0,8.75,229000.0,43.7,159000.0,241000.0,379.0,0.74,128000.0,526.0,249.0,37100.0,465.0,133.0,18.2,146.0,4790.0,1740.0,699.0,5.27,379.0,26.7,3570.0,1980.0,78.8,2900.0
2023-08-05,163.0,40300.0,241000.0,287000.0,168000.0,78600.0,19.6,218000.0,50.8,181000.0,224000.0,370.0,7.29,189000.0,524.0,251.0,47700.0,440.0,130.0,83.5,145.0,4340.0,1300.0,667.0,10.2,370.0,23.7,3520.0,1930.0,77.5,2880.0
2023-08-06,476.0,67900.0,271000.0,281000.0,213000.0,78600.0,16.5,211000.0,61.7,182000.0,211000.0,367.0,11.1,205000.0,539.0,291.0,35600.0,431.0,129.0,16.8,144.0,3880.0,1530.0,656.0,24.9,367.0,22.1,3500.0,1890.0,76.6,2650.0
2023-08-07,381.0,41800.0,297000.0,276000.0,213000.0,78600.0,58.0,208000.0,103.0,171000.0,207000.0,379.0,260.0,208000.0,551.0,267.0,32800.0,430.0,129.0,10.5,146.0,4170.0,1530.0,632.0,32.9,379.0,21.5,3370.0,1830.0,76.8,2360.0
2023-08-08,445.0,41800.0,331000.0,282000.0,201000.0,78600.0,39.1,204000.0,119.0,142000.0,197000.0,366.0,88.8,177000.0,536.0,251.0,33600.0,397.0,128.0,7.27,144.0,3850.0,1340.0,566.0,67.4,366.0,20.2,3270.0,1850.0,75.4,2290.0
2023-08-09,273.0,46700.0,363000.0,297000.0,168000.0,88600.0,27.8,205000.0,124.0,147000.0,194000.0,357.0,31.3,152000.0,533.0,244.0,29300.0,377.0,126.0,11.1,144.0,3860.0,1530.0,525.0,15.1,357.0,20.2,3270.0,1780.0,74.8,2290.0
2023-08-10,209.0,43100.0,401000.0,323000.0,155000.0,88600.0,31.9,202000.0,83.5,143000.0,191000.0,355.0,16.5,150000.0,532.0,245.0,27500.0,353.0,126.0,14.2,143.0,3710.0,1490.0,498.0,12.8,355.0,20.5,3180.0,1760.0,75.5,2180.0
2023-08-11,199.0,40200.0,398000.0,356000.0,151000.0,96900.0,164.0,215000.0,139.0,121000.0,193000.0,358.0,10.1,143000.0,541.0,256.0,28300.0,353.0,130.0,6.92,146.0,3720.0,1540.0,493.0,149.0,358.0,20.0,3180.0,1810.0,76.9,2400.0
2023-08-12,492.0,48400.0,380000.0,385000.0,139000.0,96900.0,106.0,238000.0,421.0,115000.0,213000.0,381.0,8.54,125000.0,542.0,254.0,29200.0,348.0,129.0,36.9,147.0,3670.0,1900.0,493.0,17.7,381.0,19.0,3770.0,1930.0,75.4,2680.0
2023-08-13,287.0,51000.0,364000.0,406000.0,126000.0,116000.0,49.5,260000.0,248.0,114000.0,218000.0,370.0,21.2,120000.0,533.0,246.0,28200.0,338.0,125.0,17.3,144.0,4150.0,1690.0,499.0,8.92,370.0,18.7,3390.0,1890.0,74.2,2630.0
2023-08-14,189.0,43500.0,354000.0,416000.0,130000.0,116000.0,36.0,278000.0,145.0,123000.0,229000.0,382.0,12.1,123000.0,534.0,256.0,26800.0,323.0,150.0,56.9,145.0,5340.0,1710.0,536.0,21.1,382.0,49.8,4650.0,2250.0,113.0,3690.0
2023-08-15,150.0,44500.0,345000.0,416000.0,136000.0,129000.0,29.2,293000.0,115.0,123000.0,281000.0,403.0,6.42,127000.0,543.0,247.0,28800.0,301.0,175.0,19.9,148.0,5560.0,1600.0,575.0,10.3,403.0,133.0,5880.0,2050.0,117.0,3510.0
2023-08-16,121.0,42300.0,341000.0,415000.0,134000.0,129000.0,23.8,303000.0,95.7,124000.0,294000.0,399.0,3.67,129000.0,529.0,236.0,33800.0,292.0,139.0,11.7,145.0,5090.0,1540.0,572.0,8.07,399.0,63.9,4820.0,2030.0,90.9,3270.0
2023-08-17,101.0,48200.0,361000.0,413000.0,137000.0,132000.0,20.0,302000.0,84.2,153000.0,308000.0,378.0,2.31,138000.0,519.0,224.0,37100.0,288.0,131.0,7.63,143.0,4470.0,1480.0,565.0,6.03,378.0,40.2,4190.0,1980.0,84.4,2980.0
2023-08-18,89.5,50300.0,379000.0,413000.0,150000.0,132000.0,17.0,299000.0,74.9,150000.0,312000.0,366.0,1.56,156000.0,515.0,223.0,37700.0,281.0,128.0,6.0,142.0,4540.0,1320.0,574.0,5.2,366.0,32.1,4010.0,1920.0,80.7,2850.0
2023-08-19,78.8,62300.0,381000.0,413000.0,158000.0,132000.0,15.0,296000.0,67.0,137000.0,311000.0,349.0,1.18,148000.0,511.0,218.0,37100.0,278.0,126.0,4.93,142.0,4840.0,1360.0,630.0,4.49,349.0,31.5,4140.0,2070.0,79.8,2850.0
2023-08-20,72.2,51800.0,375000.0,415000.0,147000.0,125000.0,13.2,297000.0,60.8,126000.0,311000.0,341.0,1.15,140000.0,509.0,215.0,34900.0,269.0,126.0,4.85,141.0,4350.0,1540.0,621.0,5.65,341.0,30.3,4510.0,2120.0,78.7,2660.0
2023-08-21,67.4,48900.0,368000.0,418000.0,138000.0,124000.0,12.0,302000.0,56.8,113000.0,297000.0,340.0,0.94,129000.0,503.0,211.0,34400.0,266.0,123.0,4.7,140.0,4450.0,1390.0,604.0,4.49,340.0,26.0,4130.0,2140.0,75.7,2570.0
2023-08-22,63.1,51400.0,356000.0,424000.0,126000.0,127000.0,10.7,306000.0,52.7,102000.0,320000.0,335.0,0.71,117000.0,503.0,208.0,31800.0,271.0,122.0,4.08,140.0,3910.0,1240.0,599.0,3.98,335.0,24.8,3800.0,1850.0,74.6,2580.0
2023-08-23,60.0,53000.0,339000.0,424000.0,114000.0,127000.0,9.36,304000.0,49.5,97000.0,324000.0,332.0,0.72,107000.0,503.0,205.0,26000.0,274.0,123.0,3.55,140.0,3820.0,1230.0,583.0,3.64,332.0,24.6,3510.0,1940.0,74.8,2550.0
2023-08-24,56.3,54400.0,314000.0,418000.0,106000.0,127000.0,8.31,309000.0,46.5,92800.0,319000.0,330.0,0.68,102000.0,497.0,201.0,25600.0,271.0,122.0,6.68,140.0,3930.0,1230.0,521.0,3.57,330.0,23.9,3500.0,1860.0,74.2,2410.0
2023-08-25,53.0,58700.0,280000.0,408000.0,102000.0,133000.0,6.78,307000.0,43.4,89000.0,321000.0,326.0,0.6,98200.0,494.0,199.0,24600.0,255.0,121.0,13.5,140.0,4200.0,1160.0,492.0,3.32,326.0,33.5,3440.0,1820.0,73.5,2340.0
2023-08-26,49.6,57700.0,257000.0,396000.0,97700.0,118000.0,6.85,301000.0,40.6,88200.0,315000.0,323.0,386.0,93400.0,493.0,198.0,24700.0,260.0,121.0,21.8,139.0,4440.0,1200.0,483.0,3.02,323.0,33.5,3250.0,1800.0,73.5,2270.0
2023-08-27,46.2,57800.0,242000.0,379000.0,94700.0,118000.0,6.84,292000.0,38.0,88300.0,301000.0,320.0,611.0,91700.0,487.0,191.0,22200.0,268.0,121.0,20.4,139.0,4350.0,1340.0,482.0,2.86,320.0,26.4,3080.0,1840.0,72.7,2160.0
2023-08-28,44.7,57100.0,230000.0,355000.0,94800.0,118000.0,6.56,293000.0,35.9,87800.0,291000.0,317.0,57.5,91400.0,485.0,189.0,20200.0,270.0,121.0,14.4,138.0,3910.0,1130.0,480.0,2.86,317.0,23.0,2960.0,1760.0,72.5,2040.0
2023-08-29,43.2,51100.0,231000.0,328000.0,94600.0,114000.0,6.99,284000.0,34.6,84800.0,284000.0,316.0,17.4,90700.0,486.0,183.0,17700.0,273.0,120.0,11.7,138.0,3930.0,1060.0,475.0,2.71,316.0,20.8,3000.0,1800.0,71.8,1910.0
2023-08-30,40.5,41900.0,240000.0,305000.0,93600.0,99000.0,8.26,269000.0,33.2,80800.0,266000.0,313.0,7.24,88500.0,482.0,180.0,19400.0,278.0,118.0,11.4,137.0,3640.0,1120.0,464.0,2.55,313.0,19.5,2880.0,1950.0,70.6,2000.0
2023-08-31,39.1,34000.0,249000.0,288000.0,90500.0,99000.0,6.32,253000.0,31.5,77600.0,249000.0,309.0,3.45,84200.0,479.0,176.0,20500.0,278.0,117.0,10.3,137.0,3930.0,1080.0,447.0,2.67,309.0,18.9,2870.0,1750.0,70.1,1960.0
2023-09-01,37.1,27900.0,256000.0,281000.0,86900.0,95200.0,3.27,234000.0,30.1,75600.0,238000.0,306.0,1.83,81000.0,473.0,173.0,21300.0,278.0,117.0,9.36,137.0,3970.0,1080.0,435.0,2.4,306.0,18.5,2970.0,1810.0,69.9,1890.0
2023-09-02,37.0,23800.0,250000.0,280000.0,83800.0,63300.0,5.05,220000.0,28.5,75100.0,217000.0,302.0,1.06,78500.0,473.0,170.0,24700.0,283.0,117.0,8.64,137.0,3640.0,1020.0,436.0,2.34,302.0,18.6,2900.0,1950.0,69.8,1820.0
2023-09-03,36.6,28900.0,232000.0,282000.0,81700.0,63300.0,5.43,210000.0,27.6,73400.0,204000.0,300.0,0.71,76600.0,474.0,167.0,24400.0,285.0,117.0,5.23,137.0,3640.0,998.0,443.0,2.2,300.0,19.0,2920.0,1780.0,69.6,1870.0
2023-09-04,34.8,32500.0,214000.0,284000.0,80900.0,63300.0,4.37,211000.0,26.4,74600.0,198000.0,297.0,0.56,76500.0,475.0,164.0,24400.0,285.0,115.0,1.59,136.0,3750.0,931.0,454.0,2.21,297.0,19.2,2900.0,1650.0,68.9,1790.0
2023-09-05,32.5,36000.0,200000.0,284000.0,80000.0,63300.0,5.28,214000.0,25.8,73800.0,204000.0,296.0,0.63,76400.0,475.0,161.0,22700.0,292.0,115.0,4.27,137.0,3900.0,947.0,454.0,2.2,296.0,19.2,2840.0,1600.0,68.4,1730.0
2023-09-06,33.5,30000.0,186000.0,278000.0,79000.0,63300.0,4.96,213000.0,24.9,73700.0,205000.0,296.0,0.7,76100.0,474.0,162.0,21500.0,308.0,117.0,11.7,137.0,3570.0,1330.0,457.0,2.76,296.0,20.6,2970.0,1720.0,69.7,1640.0
2023-09-07,35.5,23000.0,173000.0,269000.0,78100.0,63300.0,4.97,213000.0,24.4,72700.0,210000.0,297.0,0.45,75100.0,479.0,160.0,21200.0,306.0,118.0,12.6,139.0,3400.0,1440.0,455.0,2.69,297.0,20.8,2920.0,1610.0,69.4,1600.0
2023-09-08,34.8,24900.0,165000.0,259000.0,77400.0,63300.0,6.1,214000.0,23.9,72100.0,219000.0,299.0,0.28,73600.0,479.0,158.0,19600.0,302.0,116.0,12.9,139.0,3320.0,1030.0,452.0,2.56,299.0,21.0,2990.0,1890.0,68.7,2030.0
2023-09-09,33.2,33400.0,152000.0,248000.0,76500.0,63300.0,7.0,199000.0,23.4,71100.0,196000.0,300.0,0.2,72300.0,479.0,157.0,19800.0,300.0,115.0,11.8,138.0,3540.0,1190.0,446.0,2.36,300.0,20.7,3160.0,2030.0,68.4,2010.0
2023-09-10,50.3,32700.0,140000.0,240000.0,75700.0,63300.0,7.2,192000.0,23.1,69700.0,176000.0,302.0,0.16,71800.0,485.0,158.0,19900.0,300.0,116.0,12.1,138.0,3410.0,1550.0,449.0,2.22,302.0,20.2,3040.0,2020.0,68.2,1810.0
2023-09-11,67.0,28600.0,136000.0,230000.0,74600.0,63300.0,9.15,182000.0,31.5,69900.0,167000.0,303.0,0.17,70700.0,484.0,161.0,17800.0,302.0,120.0,12.9,139.0,3480.0,1260.0,448.0,31.2,303.0,19.1,2960.0,1960.0,69.9,1940.0
2023-09-12,98.6,32800.0,141000.0,219000.0,73900.0,63300.0,11.7,175000.0,34.4,70300.0,156000.0,304.0,0.17,70400.0,482.0,161.0,18700.0,312.0,119.0,12.9,139.0,3510.0,1050.0,450.0,9.33,304.0,18.9,2930.0,1950.0,69.3,2160.0
2023-09-13,77.6,32200.0,134000.0,210000.0,73800.0,63300.0,4.25,169000.0,37.6,70300.0,157000.0,305.0,0.13,71300.0,483.0,158.0,21700.0,316.0,117.0,12.2,142.0,3780.0,1110.0,453.0,10.2,305.0,19.1,3010.0,1970.0,68.5,1970.0
2023-09-14,61.0,33400.0,138000.0,204000.0,73900.0,63300.0,0.75,163000.0,34.1,70300.0,142000.0,307.0,0.1,71900.0,480.0,155.0,23300.0,315.0,117.0,13.1,140.0,3180.0,1080.0,453.0,3.64,307.0,18.8,3010.0,1930.0,68.3,1750.0
2023-09-15,56.1,38100.0,154000.0,199000.0,74100.0,63300.0,0.48,155000.0,28.6,70400.0,135000.0,309.0,0.11,72000.0,479.0,153.0,22000.0,312.0,117.0,17.2,140.0,2750.0,893.0,452.0,2.78,309.0,18.9,2910.0,1870.0,67.5,1630.0
2023-09-16,56.4,40900.0,156000.0,195000.0,74400.0,60500.0,2.91,148000.0,25.9,70400.0,126000.0,316.0,2.59,72200.0,481.0,157.0,19700.0,317.0,119.0,16.3,147.0,2740.0,822.0,453.0,32.4,316.0,19.5,2810.0,1890.0,68.3,1610.0
2023-09-17,110.0,41200.0,158000.0,193000.0,74400.0,58500.0,19.1,146000.0,25.2,70500.0,119000.0,315.0,3.88,72000.0,482.0,171.0,20200.0,320.0,129.0,12.5,146.0,2880.0,926.0,460.0,15.5,315.0,19.7,2750.0,1910.0,71.7,1540.0
2023-09-18,97.8,42100.0,163000.0,196000.0,74400.0,56300.0,11.9,147000.0,25.9,71300.0,121000.0,314.0,0.94,72300.0,473.0,157.0,23000.0,320.0,122.0,11.5,139.0,2970.0,1280.0,447.0,4.08,314.0,20.2,2820.0,2010.0,68.6,1510.0
2023-09-19,72.1,43800.0,158000.0,197000.0,74700.0,56300.0,12.5,145000.0,42.4,70400.0,124000.0,312.0,0.86,72500.0,474.0,158.0,22500.0,325.0,135.0,9.4,140.0,2750.0,1150.0,437.0,12.2,312.0,20.0,2960.0,2000.0,77.7,1470.0
2023-09-20,64.0,47300.0,148000.0,198000.0,74700.0,56700.0,12.9,148000.0,34.5,75300.0,119000.0,311.0,0.71,72200.0,466.0,152.0,22100.0,324.0,138.0,10.5,139.0,2370.0,992.0,427.0,6.16,311.0,19.8,2950.0,2020.0,73.9,1680.0
2023-09-21,61.5,41900.0,151000.0,200000.0,75300.0,56700.0,13.2,158000.0,30.1,80300.0,134000.0,311.0,0.62,77400.0,462.0,147.0,23100.0,324.0,127.0,11.7,138.0,2130.0,1010.0,417.0,3.64,311.0,19.7,2960.0,1990.0,70.0,1680.0
2023-09-22,59.3,41200.0,157000.0,199000.0,79700.0,58300.0,9.59,156000.0,28.1,79200.0,133000.0,314.0,0.53,81400.0,460.0,149.0,22800.0,324.0,123.0,12.2,137.0,2910.0,1040.0,410.0,14.2,314.0,20.2,2920.0,1830.0,69.2,1620.0
2023-09-23,66.2,41800.0,159000.0,195000.0,82000.0,58300.0,14.5,153000.0,25.8,78900.0,137000.0,408.0,0.61,81600.0,572.0,463.0,22300.0,334.0,125.0,11.6,168.0,3380.0,1200.0,481.0,4.06,408.0,23.2,3280.0,1890.0,71.1,1710.0
2023-09-24,66.7,46400.0,155000.0,195000.0,82300.0,57400.0,11.1,154000.0,24.3,78300.0,140000.0,468.0,0.85,80700.0,580.0,459.0,21600.0,374.0,123.0,11.0,187.0,4010.0,1170.0,656.0,78.7,468.0,27.8,4780.0,2540.0,68.9,2610.0
2023-09-25,60.8,45200.0,153000.0,195000.0,82000.0,55900.0,15.1,153000.0,24.9,79900.0,131000.0,496.0,0.64,81000.0,627.0,378.0,21900.0,386.0,121.0,10.7,154.0,3720.0,1420.0,1770.0,36.7,496.0,27.0,5020.0,3210.0,68.0,2900.0
2023-09-26,64.9,40300.0,155000.0,198000.0,82100.0,55900.0,15.9,155000.0,30.3,82200.0,123000.0,487.0,0.55,82700.0,614.0,405.0,27000.0,380.0,162.0,10.6,154.0,4090.0,1660.0,1560.0,12.3,487.0,26.4,6140.0,5170.0,100.0,2820.0
2023-09-27,61.6,39700.0,152000.0,204000.0,83500.0,58500.0,22.4,154000.0,36.4,84700.0,114000.0,534.0,0.45,84900.0,562.0,405.0,34100.0,370.0,179.0,38.9,159.0,4550.0,1600.0,2080.0,7.85,534.0,25.4,6770.0,5290.0,143.0,3070.0
2023-09-28,75.8,49800.0,153000.0,203000.0,86200.0,60400.0,15.8,168000.0,31.0,89600.0,111000.0,512.0,0.42,88200.0,524.0,353.0,41900.0,358.0,155.0,11.8,150.0,5090.0,1690.0,2420.0,5.65,512.0,23.8,6330.0,4570.0,98.5,2930.0
2023-09-29,58.4,47800.0,154000.0,197000.0,88900.0,60600.0,10.6,172000.0,35.7,102000.0,124000.0,488.0,0.5,94700.0,500.0,317.0,39300.0,364.0,133.0,9.02,147.0,4410.0,1980.0,1850.0,4.99,488.0,24.4,5460.0,4400.0,80.7,3290.0
2023-09-30,43.7,41900.0,157000.0,192000.0,96200.0,59000.0,5.11,168000.0,29.8,98600.0,126000.0,470.0,0.59,103000.0,485.0,289.0,37900.0,366.0,128.0,7.86,143.0,4480.0,2140.0,1520.0,4.52,470.0,25.6,5290.0,4620.0,75.6,4140.0
2023-10-01,35.5,43400.0,161000.0,189000.0,101000.0,55400.0,5.35,167000.0,25.9,91300.0,162000.0,453.0,0.54,101000.0,476.0,268.0,38500.0,351.0,125.0,6.98,137.0,4630.0,2290.0,1400.0,4.23,453.0,23.9,5960.0,5380.0,72.5,4290.0
2023-10-02,32.9,42600.0,162000.0,188000.0,98000.0,51400.0,9.32,170000.0,24.0,88800.0,162000.0,453.0,0.49,94900.0,464.0,255.0,38300.0,330.0,122.0,6.68,139.0,4700.0,2140.0,2090.0,4.06,453.0,19.6,7150.0,5860.0,70.8,4220.0
2023-10-03,31.6,39800.0,166000.0,187000.0,93600.0,51800.0,10.6,168000.0,22.3,87600.0,162000.0,448.0,0.47,92300.0,457.0,245.0,38400.0,315.0,121.0,6.63,138.0,4690.0,2200.0,2540.0,4.17,448.0,18.2,8770.0,5440.0,70.0,3540.0
2023-10-04,30.7,41300.0,167000.0,188000.0,91600.0,47500.0,10.4,160000.0,21.5,87000.0,154000.0,422.0,0.57,90200.0,451.0,238.0,37000.0,315.0,120.0,6.13,137.0,4390.0,2450.0,1970.0,3.8,422.0,18.2,7200.0,4840.0,69.5,4050.0
2023-10-05,31.1,42500.0,171000.0,190000.0,90700.0,46200.0,13.1,163000.0,21.0,88100.0,146000.0,402.0,1.02,89300.0,442.0,228.0,33900.0,301.0,119.0,25.9,137.0,4010.0,2650.0,1520.0,3.74,402.0,19.0,5860.0,4300.0,68.9,3760.0
2023-10-06,30.5,42000.0,171000.0,193000.0,90500.0,49800.0,13.8,164000.0,20.3,90600.0,140000.0,392.0,0.69,89800.0,436.0,223.0,34000.0,307.0,118.0,12.9,138.0,4200.0,2110.0,1270.0,4.27,392.0,19.7,5470.0,4090.0,68.6,3970.0
2023-10-07,31.0,39500.0,164000.0,197000.0,91300.0,52800.0,15.3,173000.0,21.1,90900.0,136000.0,389.0,0.53,90900.0,438.0,232.0,34100.0,310.0,119.0,6.54,140.0,3890.0,2960.0,1040.0,5.02,389.0,18.9,5460.0,3720.0,68.9,3740.0
2023-10-08,30.8,42600.0,159000.0,201000.0,93000.0,46900.0,14.8,168000.0,20.4,85600.0,143000.0,385.0,0.44,90800.0,429.0,221.0,30900.0,304.0,119.0,4.34,139.0,4190.0,2590.0,900.0,3.95,385.0,17.9,5000.0,3490.0,69.0,3760.0
2023-10-09,31.6,42200.0,156000.0,201000.0,91700.0,44500.0,13.1,162000.0,19.8,83200.0,144000.0,383.0,0.38,87400.0,427.0,214.0,32800.0,295.0,120.0,3.79,139.0,4320.0,2650.0,833.0,3.5,383.0,17.7,4850.0,3270.0,68.8,3990.0
2023-10-10,32.2,44500.0,147000.0,198000.0,88600.0,44500.0,10.9,163000.0,20.1,81100.0,143000.0,382.0,0.34,84600.0,424.0,214.0,31700.0,286.0,119.0,3.52,139.0,4010.0,2710.0,777.0,4.75,382.0,17.0,4840.0,3190.0,68.3,3830.0
2023-10-11,32.9,46500.0,140000.0,192000.0,85800.0,44500.0,14.1,175000.0,20.8,81800.0,109000.0,378.0,0.36,83000.0,422.0,211.0,30300.0,289.0,120.0,3.43,139.0,4040.0,2780.0,722.0,31.5,378.0,16.7,4710.0,3110.0,68.9,3800.0
2023-10-12,35.5,44100.0,143000.0,189000.0,84400.0,51400.0,22.9,192000.0,23.2,85100.0,174000.0,380.0,0.37,84000.0,426.0,222.0,31500.0,331.0,132.0,3.26,140.0,4330.0,2530.0,660.0,213.0,380.0,16.6,4850.0,2970.0,76.3,3790.0
2023-10-13,39.3,38200.0,144000.0,184000.0,85200.0,51400.0,34.1,167000.0,27.3,88000.0,164000.0,444.0,0.61,87100.0,512.0,303.0,34100.0,314.0,173.0,2.94,159.0,4560.0,2870.0,797.0,98.9,444.0,20.1,5490.0,3230.0,124.0,4710.0
2023-10-14,65.4,42700.0,146000.0,177000.0,88300.0,41400.0,73.9,162000.0,41.7,91700.0,179000.0,500.0,0.92,89400.0,527.0,346.0,40900.0,300.0,240.0,2.21,164.0,5900.0,2810.0,1280.0,65.4,500.0,33.2,6690.0,3640.0,141.0,5350.0
2023-10-15,78.6,50300.0,140000.0,175000.0,90300.0,45000.0,42.8,160000.0,75.2,96200.0,174000.0,554.0,0.85,93400.0,491.0,294.0,42700.0,286.0,152.0,1.59,150.0,5360.0,2750.0,3330.0,17.8,554.0,40.5,7280.0,3690.0,92.4,5310.0
2023-10-16,52.0,52100.0,132000.0,175000.0,94100.0,52700.0,30.6,148000.0,78.1,98900.0,143000.0,531.0,0.72,97300.0,465.0,263.0,39500.0,277.0,136.0,1.61,144.0,5290.0,2900.0,3510.0,11.3,531.0,31.7,8270.0,3490.0,82.7,5050.0
2023-10-17,44.6,55200.0,128000.0,176000.0,96900.0,49600.0,26.4,134000.0,56.0,99600.0,129000.0,492.0,0.45,100000.0,448.0,244.0,40900.0,270.0,132.0,1.64,142.0,5170.0,2540.0,2960.0,9.21,492.0,26.7,8230.0,3520.0,78.9,4960.0
2023-10-18,42.6,56200.0,132000.0,174000.0,98600.0,50100.0,23.6,131000.0,46.4,99400.0,123000.0,452.0,0.44,101000.0,439.0,236.0,42600.0,275.0,131.0,1.47,142.0,5050.0,2750.0,2430.0,7.22,452.0,23.8,7350.0,3430.0,77.1,4880.0
2023-10-19,44.3,51000.0,135000.0,171000.0,99300.0,47600.0,22.2,134000.0,43.4,99300.0,128000.0,434.0,0.83,100000.0,432.0,227.0,43700.0,273.0,130.0,1.78,142.0,5280.0,2750.0,2010.0,8.52,434.0,26.4,6560.0,3430.0,76.4,4790.0
2023-10-20,47.1,52900.0,140000.0,169000.0,99200.0,45800.0,22.8,134000.0,39.0,104000.0,131000.0,421.0,0.7,100000.0,426.0,219.0,43900.0,266.0,130.0,2.09,141.0,5400.0,2790.0,1650.0,7.37,421.0,24.8,6140.0,3310.0,76.2,4680.0
2023-10-21,50.5,55400.0,147000.0,169000.0,101000.0,47100.0,21.6,139000.0,36.7,105000.0,124000.0,415.0,0.48,104000.0,419.0,205.0,46700.0,261.0,127.0,2.37,140.0,5320.0,2620.0,1410.0,6.03,415.0,22.2,5570.0,3240.0,74.0,4680.0
2023-10-22,41.4,57600.0,155000.0,172000.0,103000.0,47400.0,18.0,141000.0,35.3,105000.0,123000.0,409.0,0.31,105000.0,413.0,201.0,43800.0,255.0,124.0,2.29,139.0,5390.0,2560.0,1280.0,5.76,409.0,20.5,5190.0,3260.0,72.2,4620.0
2023-10-23,39.4,54000.0,160000.0,175000.0,104000.0,41300.0,17.6,143000.0,35.9,103000.0,119000.0,413.0,0.22,107000.0,422.0,207.0,40800.0,262.0,125.0,2.1,142.0,5540.0,2620.0,1200.0,5.44,413.0,19.4,5210.0,3220.0,72.0,4370.0
2023-10-24,40.1,49400.0,161000.0,176000.0,103000.0,38500.0,17.3,153000.0,32.1,99200.0,111000.0,631.0,0.27,104000.0,433.0,209.0,36500.0,286.0,127.0,4.26,144.0,5690.0,2580.0,1270.0,6.27,631.0,25.1,5940.0,3230.0,72.8,4220.0
2023-10-25,45.6,45200.0,162000.0,177000.0,101000.0,41900.0,17.9,157000.0,33.6,97800.0,115000.0,1460.0,2.0,102000.0,449.0,201.0,36700.0,273.0,126.0,6.45,143.0,5900.0,2560.0,3180.0,6.52,1460.0,335.0,8740.0,3220.0,73.6,4420.0
2023-10-26,75.6,46800.0,167000.0,183000.0,99300.0,51700.0,36.1,157000.0,43.2,91800.0,117000.0,1580.0,6.18,99400.0,714.0,233.0,41300.0,279.0,132.0,8.08,145.0,8690.0,2720.0,8810.0,47.1,1580.0,177.0,12500.0,3670.0,78.7,4930.0
2023-10-27,106.0,49900.0,171000.0,187000.0,96400.0,51700.0,79.9,154000.0,49.7,93500.0,128000.0,1730.0,3.57,95000.0,872.0,245.0,45000.0,295.0,178.0,12.8,162.0,11600.0,2690.0,41700.0,11.2,1730.0,103.0,17600.0,4240.0,86.4,5030.0
2023-10-28,89.1,49400.0,172000.0,190000.0,94600.0,55100.0,52.3,156000.0,102.0,105000.0,124000.0,1930.0,1.88,95100.0,976.0,218.0,48100.0,356.0,155.0,11.1,154.0,15600.0,2540.0,28800.0,6.06,1930.0,66.9,19200.0,4150.0,80.3,4890.0
2023-10-29,74.3,54300.0,172000.0,196000.0,99700.0,54300.0,44.6,156000.0,97.5,109000.0,127000.0,2130.0,1.6,103000.0,830.0,223.0,51200.0,337.0,136.0,14.0,146.0,19100.0,2430.0,18100.0,4.69,2130.0,49.2,16700.0,4380.0,75.4,4840.0
2023-10-30,65.2,59600.0,169000.0,199000.0,106000.0,54300.0,39.6,175000.0,81.3,125000.0,138000.0,1360.0,1.2,109000.0,729.0,227.0,58800.0,319.0,132.0,4.05,143.0,20600.0,2550.0,12500.0,3.51,1360.0,37.5,12800.0,4230.0,74.1,4650.0
2023-10-31,59.5,49300.0,168000.0,209000.0,114000.0,59000.0,34.3,183000.0,71.7,132000.0,151000.0,823.0,0.59,122000.0,679.0,236.0,68000.0,313.0,130.0,1.97,143.0,19000.0,2740.0,8990.0,3.4,823.0,31.8,9490.0,4160.0,73.8,4890.0
2023-11-01,55.6,51300.0,174000.0,217000.0,125000.0,68300.0,31.6,187000.0,65.7,132000.0,151000.0,676.0,0.39,128000.0,651.0,233.0,69400.0,301.0,129.0,2.16,142.0,17200.0,2610.0,5990.0,3.71,676.0,27.9,9170.0,4050.0,73.5,4670.0
2023-11-02,53.7,54900.0,181000.0,213000.0,130000.0,71100.0,29.4,176000.0,61.7,130000.0,148000.0,607.0,0.31,129000.0,624.0,223.0,74300.0,300.0,128.0,1.86,140.0,14700.0,2660.0,4150.0,4.26,607.0,25.8,8070.0,4010.0,72.7,4670.0
2023-11-03,54.8,65500.0,187000.0,211000.0,132000.0,64800.0,28.4,168000.0,59.3,130000.0,157000.0,577.0,0.31,128000.0,606.0,217.0,77700.0,305.0,128.0,1.69,140.0,13800.0,2610.0,3290.0,4.22,577.0,24.4,7520.0,3980.0,72.4,4650.0
2023-11-04,54.7,70800.0,196000.0,215000.0,131000.0,54100.0,26.8,171000.0,57.9,136000.0,165000.0,554.0,0.37,130000.0,593.0,211.0,78300.0,308.0,128.0,2.07,140.0,13000.0,2510.0,2830.0,4.13,554.0,23.6,7620.0,3910.0,71.5,4610.0
2023-11-05,54.4,69900.0,212000.0,221000.0,133000.0,54100.0,24.9,174000.0,56.7,140000.0,170000.0,536.0,0.45,136000.0,581.0,208.0,73800.0,314.0,126.0,1.98,139.0,10800.0,2630.0,2510.0,4.13,536.0,23.2,6800.0,3740.0,70.2,4400.0
2023-11-06,55.5,61400.0,222000.0,227000.0,138000.0,56100.0,24.0,183000.0,54.1,137000.0,170000.0,525.0,0.52,140000.0,574.0,204.0,60500.0,320.0,128.0,2.09,139.0,9240.0,2590.0,2320.0,4.1,525.0,23.4,7290.0,3820.0,69.6,4300.0
2023-11-07,56.2,54400.0,219000.0,235000.0,139000.0,62100.0,23.9,184000.0,51.8,120000.0,172000.0,513.0,0.57,134000.0,566.0,201.0,54900.0,333.0,130.0,2.32,138.0,9010.0,2690.0,2100.0,3.6,513.0,22.6,7060.0,3540.0,68.4,4440.0
2023-11-08,55.9,52500.0,215000.0,247000.0,131000.0,66100.0,22.8,187000.0,51.6,110000.0,173000.0,503.0,0.48,121000.0,559.0,197.0,47900.0,377.0,130.0,2.15,137.0,9180.0,2660.0,2020.0,7.4,503.0,22.0,6770.0,3620.0,69.7,4570.0
2023-11-09,55.1,51200.0,213000.0,257000.0,120000.0,71300.0,22.2,194000.0,50.2,109000.0,181000.0,492.0,0.28,112000.0,552.0,195.0,41600.0,402.0,131.0,2.72,136.0,8630.0,2570.0,1900.0,5.35,492.0,21.6,6270.0,3710.0,69.7,4390.0
2023-11-10,55.3,38200.0,214000.0,260000.0,113000.0,77200.0,21.9,209000.0,48.4,104000.0,188000.0,483.0,0.22,109000.0,546.0,194.0,42200.0,407.0,127.0,2.57,136.0,7610.0,2850.0,1800.0,3.09,483.0,20.6,6730.0,3710.0,67.5,4340.0
2023-11-11,53.7,35800.0,208000.0,262000.0,110000.0,79400.0,21.7,216000.0,47.5,92600.0,191000.0,474.0,0.18,103000.0,541.0,191.0,39600.0,402.0,124.0,2.43,136.0,7330.0,2660.0,1670.0,2.81,474.0,20.3,6520.0,3700.0,66.5,4310.0
2023-11-12,55.1,46300.0,195000.0,264000.0,104000.0,78700.0,21.3,212000.0,45.9,85200.0,190000.0,469.0,0.18,93700.0,542.0,188.0,34600.0,395.0,124.0,2.72,135.0,7110.0,2820.0,1630.0,2.92,469.0,20.2,6430.0,3590.0,66.9,4420.0
2023-11-13,52.7,46400.0,186000.0,259000.0,95200.0,76500.0,21.4,217000.0,45.4,87600.0,185000.0,462.0,0.19,87900.0,538.0,186.0,31800.0,392.0,125.0,2.45,135.0,6700.0,2730.0,1570.0,3.22,462.0,20.4,6320.0,3660.0,66.6,4480.0
2023-11-14,53.5,42600.0,183000.0,252000.0,91300.0,73200.0,20.8,221000.0,44.9,87700.0,173000.0,456.0,0.19,88400.0,537.0,183.0,34300.0,394.0,123.0,3.11,135.0,5960.0,2780.0,1470.0,3.38,456.0,20.2,6360.0,3500.0,66.0,4430.0
2023-11-15,54.7,41700.0,180000.0,248000.0,91700.0,67600.0,20.5,232000.0,44.8,85900.0,175000.0,452.0,0.18,88400.0,538.0,182.0,37900.0,415.0,123.0,2.76,135.0,5780.0,2810.0,1400.0,3.52,452.0,20.1,5710.0,3440.0,66.8,4330.0
2023-11-16,55.1,47900.0,173000.0,244000.0,91100.0,66000.0,20.6,236000.0,45.2,84800.0,207000.0,447.0,0.27,88000.0,537.0,181.0,38600.0,474.0,124.0,3.04,135.0,5600.0,2930.0,1350.0,4.9,447.0,20.4,5520.0,3410.0,66.9,4410.0
2023-11-17,54.2,54900.0,166000.0,235000.0,90300.0,65200.0,20.2,216000.0,45.4,89200.0,220000.0,445.0,0.45,87700.0,532.0,178.0,41900.0,547.0,124.0,3.05,134.0,5150.0,2810.0,1310.0,3.1,445.0,20.1,5640.0,3320.0,66.8,4500.0
2023-11-18,55.2,51200.0,164000.0,229000.0,90900.0,64900.0,20.3,198000.0,44.6,98200.0,201000.0,441.0,0.38,92000.0,529.0,179.0,41800.0,573.0,122.0,2.29,134.0,6450.0,2810.0,1280.0,2.77,441.0,20.0,5530.0,3160.0,65.8,4500.0
2023-11-19,55.5,45200.0,166000.0,225000.0,96700.0,65800.0,18.9,188000.0,44.4,93900.0,188000.0,438.0,0.37,98100.0,525.0,179.0,36100.0,592.0,122.0,2.11,134.0,6760.0,2810.0,1220.0,2.69,438.0,19.5,5280.0,3110.0,66.0,4330.0
2023-11-20,55.4,48300.0,163000.0,219000.0,101000.0,63600.0,18.9,181000.0,44.6,86900.0,170000.0,434.0,0.89,95400.0,522.0,177.0,37200.0,604.0,122.0,2.55,134.0,6520.0,2800.0,1190.0,2.88,434.0,19.1,5330.0,3110.0,65.9,4320.0
2023-11-21,60.8,44000.0,164000.0,214000.0,97300.0,58100.0,23.0,185000.0,46.7,91500.0,175000.0,432.0,1.44,90600.0,520.0,174.0,39200.0,616.0,125.0,6.01,134.0,5830.0,2880.0,1180.0,20.6,432.0,19.5,4990.0,3100.0,67.6,4330.0
2023-11-22,69.9,41500.0,166000.0,213000.0,94800.0,63800.0,23.3,175000.0,49.1,93700.0,181000.0,431.0,0.82,93000.0,520.0,176.0,39300.0,623.0,124.0,4.77,133.0,5830.0,2810.0,1150.0,5.59,431.0,19.4,4890.0,2910.0,66.6,4300.0
2023-11-23,70.3,37500.0,173000.0,216000.0,97100.0,67000.0,21.6,170000.0,50.8,92200.0,163000.0,429.0,0.43,95400.0,517.0,173.0,38700.0,636.0,122.0,4.1,134.0,5780.0,2840.0,1150.0,3.69,429.0,19.3,5060.0,2880.0,65.8,4270.0
2023-11-24,61.3,35800.0,183000.0,213000.0,98000.0,63500.0,20.2,166000.0,49.4,89800.0,202000.0,426.0,0.32,93500.0,513.0,172.0,38600.0,668.0,120.0,3.74,132.0,5880.0,2630.0,1100.0,3.07,426.0,19.0,4900.0,2810.0,64.5,4380.0
2023-11-25,58.3,47600.0,195000.0,211000.0,96400.0,60200.0,19.6,167000.0,46.6,89700.0,164000.0,425.0,0.34,91600.0,513.0,169.0,34800.0,679.0,119.0,3.42,132.0,5900.0,2320.0,1060.0,2.77,425.0,18.8,4450.0,2260.0,64.1,4150.0
2023-11-26,56.8,42800.0,212000.0,211000.0,95200.0,59900.0,21.0,171000.0,46.4,95000.0,152000.0,426.0,1.01,91500.0,514.0,179.0,33100.0,675.0,126.0,4.94,135.0,5950.0,1860.0,1030.0,8.79,426.0,19.1,4420.0,2310.0,66.9,3930.0
2023-11-27,50.0,32100.0,225000.0,216000.0,96600.0,60900.0,22.5,167000.0,42.8,92000.0,159000.0,423.0,1.49,95000.0,517.0,176.0,33300.0,671.0,125.0,5.83,134.0,5740.0,1580.0,991.0,6.2,423.0,18.1,4540.0,1750.0,65.9,3390.0
2023-11-28,41.9,33500.0,230000.0,224000.0,98300.0,61900.0,21.4,164000.0,42.3,84100.0,162000.0,425.0,1.49,92100.0,468.0,157.0,33300.0,668.0,95.5,5.43,132.0,5410.0,1610.0,943.0,3.37,425.0,18.3,4460.0,1790.0,51.9,2760.0
2023-11-29,52.6,46200.0,231000.0,234000.0,94700.0,62100.0,22.5,160000.0,39.0,80700.0,147000.0,419.0,1.57,86300.0,487.0,191.0,32300.0,671.0,113.0,5.54,136.0,5340.0,1880.0,939.0,2.91,419.0,18.6,4010.0,2180.0,57.8,2880.0
2023-11-30,57.5,52500.0,230000.0,246000.0,89200.0,65500.0,28.5,170000.0,45.2,85100.0,148000.0,419.0,1.65,83300.0,554.0,208.0,32500.0,676.0,131.0,6.03,134.0,5210.0,2810.0,1000.0,3.75,419.0,19.0,3910.0,2400.0,61.5,3260.0
2023-12-01,62.5,49000.0,223000.0,255000.0,88100.0,68700.0,32.8,188000.0,53.0,93300.0,168000.0,422.0,5.39,87900.0,541.0,210.0,32600.0,681.0,123.0,7.94,133.0,5450.0,2750.0,950.0,10.5,422.0,18.9,4170.0,2610.0,64.9,3530.0
2023-12-02,89.9,42500.0,212000.0,262000.0,92800.0,69100.0,61.0,197000.0,62.5,93400.0,185000.0,425.0,5.26,94200.0,525.0,211.0,30900.0,686.0,125.0,4.5,132.0,5330.0,2980.0,932.0,10.7,425.0,18.7,4290.0,2780.0,64.7,3790.0
2023-12-03,105.0,40500.0,204000.0,270000.0,97200.0,71400.0,78.4,197000.0,94.1,89700.0,191000.0,427.0,6.73,95300.0,530.0,207.0,29300.0,690.0,132.0,3.65,134.0,5000.0,2940.0,947.0,34.7,427.0,18.8,4570.0,3100.0,68.7,4230.0
2023-12-04,106.0,41700.0,196000.0,272000.0,97100.0,66400.0,85.2,195000.0,110.0,85300.0,193000.0,420.0,4.14,92200.0,523.0,182.0,29000.0,691.0,132.0,2.88,133.0,5420.0,3180.0,930.0,9.51,420.0,18.8,4520.0,2900.0,67.8,4290.0
2023-12-05,96.8,44400.0,187000.0,265000.0,94200.0,66000.0,67.5,197000.0,136.0,82400.0,198000.0,418.0,3.18,87600.0,510.0,176.0,29100.0,689.0,128.0,2.58,132.0,5110.0,3150.0,920.0,8.46,418.0,18.5,4680.0,2850.0,67.0,4460.0
2023-12-06,85.8,51900.0,184000.0,256000.0,90300.0,66800.0,58.0,196000.0,115.0,83800.0,204000.0,421.0,2.69,85000.0,503.0,171.0,31200.0,689.0,126.0,2.59,131.0,5240.0,3170.0,922.0,5.65,421.0,18.7,4860.0,2640.0,65.6,4330.0
2023-12-07,82.2,53400.0,189000.0,249000.0,88500.0,63600.0,53.2,188000.0,101.0,87700.0,199000.0,423.0,1.92,86300.0,502.0,167.0,31100.0,696.0,125.0,3.21,132.0,5640.0,3180.0,917.0,4.84,423.0,19.0,4410.0,2850.0,65.5,4460.0
2023-12-08,78.8,50500.0,192000.0,243000.0,90100.0,57800.0,47.9,186000.0,94.5,87200.0,187000.0,421.0,1.93,89500.0,503.0,166.0,31200.0,707.0,126.0,4.39,132.0,6100.0,3060.0,913.0,5.42,421.0,18.7,4350.0,2760.0,65.8,4360.0
2023-12-09,86.2,47900.0,196000.0,235000.0,92400.0,52600.0,73.1,189000.0,98.5,85500.0,181000.0,420.0,3.87,89900.0,500.0,164.0,32900.0,712.0,126.0,4.85,132.0,5900.0,3200.0,964.0,53.5,420.0,18.6,4230.0,2770.0,66.1,4450.0
2023-12-10,113.0,49900.0,199000.0,233000.0,92200.0,51100.0,83.5,190000.0,109.0,86200.0,201000.0,418.0,3.07,87600.0,493.0,163.0,39900.0,705.0,123.0,3.83,131.0,5690.0,2860.0,985.0,9.45,418.0,18.6,4330.0,2620.0,64.8,4280.0
2023-12-11,106.0,54700.0,204000.0,235000.0,91200.0,57900.0,71.8,180000.0,138.0,87900.0,186000.0,417.0,2.58,88200.0,494.0,160.0,40100.0,704.0,120.0,3.3,130.0,6570.0,2630.0,983.0,5.6,417.0,18.3,4270.0,2580.0,63.3,4180.0
2023-12-12,93.2,57000.0,207000.0,238000.0,92200.0,57900.0,65.1,177000.0,117.0,88400.0,171000.0,410.0,2.03,89900.0,490.0,163.0,40200.0,701.0,118.0,3.31,130.0,6190.0,2910.0,972.0,4.43,410.0,17.9,4190.0,2190.0,62.3,3630.0
2023-12-13,88.7,58000.0,209000.0,240000.0,93300.0,59700.0,57.2,181000.0,108.0,89400.0,172000.0,414.0,1.42,90800.0,475.0,156.0,36600.0,709.0,114.0,3.08,128.0,6300.0,2580.0,918.0,3.8,414.0,17.8,3970.0,2120.0,59.3,3420.0
2023-12-14,84.5,47300.0,214000.0,243000.0,94400.0,53500.0,53.8,189000.0,100.0,84800.0,160000.0,420.0,0.91,91500.0,484.0,247.0,36700.0,720.0,143.0,3.15,130.0,5320.0,2870.0,871.0,3.49,420.0,17.9,3730.0,2320.0,61.4,3730.0
2023-12-15,82.9,39600.0,224000.0,244000.0,93900.0,52300.0,52.0,204000.0,93.6,78600.0,169000.0,398.0,0.74,87700.0,506.0,184.0,36900.0,730.0,120.0,3.2,130.0,5350.0,2920.0,883.0,3.34,398.0,18.0,3870.0,2830.0,62.5,3950.0
2023-12-16,84.7,42600.0,230000.0,245000.0,89700.0,58300.0,53.8,207000.0,95.6,78000.0,195000.0,402.0,1.51,82400.0,516.0,188.0,36200.0,726.0,124.0,6.72,132.0,5610.0,3630.0,867.0,14.1,402.0,19.8,4590.0,2970.0,64.5,4510.0
2023-12-17,93.5,39500.0,234000.0,246000.0,86000.0,56700.0,59.1,209000.0,97.7,81000.0,233000.0,410.0,2.15,81300.0,508.0,190.0,35400.0,727.0,138.0,8.98,132.0,5350.0,3170.0,873.0,8.3,410.0,19.8,4930.0,3360.0,66.9,4930.0
2023-12-18,101.0,36700.0,237000.0,253000.0,86000.0,68700.0,57.9,193000.0,106.0,79000.0,199000.0,413.0,2.02,82100.0,491.0,172.0,35300.0,736.0,130.0,5.2,130.0,5320.0,3410.0,879.0,4.53,413.0,19.9,4800.0,3110.0,63.9,4600.0
2023-12-19,74.1,45000.0,232000.0,257000.0,86400.0,77500.0,54.9,185000.0,82.3,77300.0,184000.0,420.0,1.33,80400.0,470.0,120.0,33400.0,750.0,108.0,4.13,126.0,5430.0,3080.0,846.0,2.9,420.0,19.5,4690.0,2620.0,59.1,3700.0
2023-12-20,82.3,48000.0,213000.0,261000.0,85100.0,79300.0,55.4,183000.0,48.3,74300.0,178000.0,420.0,0.89,78400.0,475.0,108.0,32800.0,787.0,137.0,3.27,131.0,5900.0,3280.0,868.0,3.21,420.0,18.9,3680.0,2960.0,63.0,4190.0
2023-12-21,82.5,51900.0,188000.0,265000.0,82800.0,78100.0,49.7,185000.0,85.5,73900.0,178000.0,396.0,0.89,76500.0,498.0,205.0,33400.0,806.0,119.0,2.71,130.0,6210.0,3380.0,842.0,3.25,396.0,18.5,3890.0,3270.0,61.4,4310.0
2023-12-22,84.8,57000.0,170000.0,265000.0,81000.0,76100.0,49.9,190000.0,106.0,75700.0,190000.0,393.0,1.25,76200.0,502.0,188.0,33500.0,804.0,119.0,2.64,130.0,6010.0,3490.0,833.0,27.5,393.0,18.5,4310.0,3860.0,62.0,4740.0
2023-12-23,95.5,54900.0,161000.0,261000.0,80700.0,77400.0,81.4,192000.0,101.0,80400.0,184000.0,400.0,2.54,78500.0,497.0,176.0,34000.0,791.0,119.0,4.44,131.0,5520.0,3610.0,826.0,15.4,400.0,18.9,5080.0,3590.0,62.6,5020.0
2023-12-24,108.0,47400.0,160000.0,253000.0,82900.0,75900.0,77.1,200000.0,133.0,78700.0,171000.0,404.0,1.73,82900.0,501.0,171.0,34500.0,794.0,119.0,5.33,131.0,5630.0,3790.0,828.0,7.93,404.0,19.2,4770.0,3980.0,62.9,5150.0
2023-12-25,108.0,47000.0,160000.0,240000.0,85700.0,62500.0,80.0,215000.0,148.0,79100.0,219000.0,434.0,3.34,82800.0,529.0,197.0,35400.0,832.0,130.0,39.0,137.0,5720.0,5060.0,880.0,64.3,434.0,24.9,4750.0,3900.0,69.5,6370.0
2023-12-26,130.0,50000.0,158000.0,225000.0,85600.0,65600.0,222.0,201000.0,158.0,83300.0,203000.0,541.0,4.36,83200.0,571.0,223.0,41000.0,853.0,165.0,29.4,144.0,5780.0,6030.0,999.0,35.6,541.0,266.0,6670.0,5900.0,82.6,8920.0
2023-12-27,154.0,53500.0,159000.0,223000.0,87200.0,61300.0,151.0,189000.0,296.0,87000.0,201000.0,628.0,2.62,86500.0,556.0,218.0,42600.0,879.0,154.0,15.1,140.0,6230.0,7430.0,1510.0,15.0,628.0,226.0,9040.0,8700.0,76.9,9910.0
2023-12-28,151.0,58300.0,164000.0,228000.0,90200.0,56600.0,123.0,175000.0,260.0,91700.0,178000.0,587.0,7.42,89600.0,547.0,209.0,44900.0,877.0,137.0,24.3,136.0,6610.0,8190.0,2480.0,17.9,587.0,77.9,9510.0,10300.0,71.7,12100.0
2023-12-29,153.0,64100.0,169000.0,230000.0,93700.0,55600.0,121.0,168000.0,221.0,102000.0,138000.0,530.0,10.5,95700.0,537.0,199.0,51600.0,870.0,134.0,17.6,135.0,6720.0,8510.0,2530.0,20.6,530.0,47.1,9960.0,10800.0,71.4,13000.0
2023-12-30,155.0,59200.0,171000.0,234000.0,100000.0,55600.0,133.0,166000.0,210.0,113000.0,136000.0,483.0,8.22,106000.0,526.0,190.0,57500.0,867.0,130.0,11.0,134.0,7050.0,8430.0,2340.0,12.4,483.0,35.5,8460.0,10000.0,69.0,13700.0
2023-12-31,154.0,60300.0,185000.0,239000.0,109000.0,52800.0,119.0,169000.0,203.0,122000.0,166000.0,457.0,6.87,117000.0,520.0,185.0,56100.0,857.0,127.0,7.41,134.0,7010.0,8200.0,2030.0,9.95,457.0,29.9,7040.0,9600.0,67.9,14000.0
