2012-01-01,0.0
2012-01-02,0.0
2012-01-03,2860390.7
2012-01-04,2901841.6
2012-01-05,2980370.3
2012-01-06,2954071.5
2012-01-07,2927942.0
2012-01-08,2902129.0
2012-01-09,2876614.5
2012-01-10,2851349.9
2012-01-11,2826288.8
2012-01-12,2801399.0
2012-01-13,2776660.0
2012-01-14,2787600.3
2012-01-15,2798833.1
2012-01-16,2810427.5
2012-01-17,2822479.2
2012-01-18,3049989.7
2012-01-19,2801598.6
2012-01-20,2842009.3
2012-01-21,2883540.6
2012-01-22,2925760.0
2012-01-23,2968503.4
2012-01-24,3011640.2
2012-01-25,2936687.0
2012-01-26,2837856.5
2012-01-27,2742898.1
2012-01-28,2728013.0
2012-01-29,3093335.1
2012-01-30,2938548.4
2012-01-31,2997070.5
2012-02-01,3263639.3
2012-02-02,3295954.0
2012-02-03,3228188.7
2012-02-04,3165056.4
2012-02-05,3190829.5
2012-02-06,3091424.3
2012-02-07,3115294.9
2012-02-08,3139376.6
2012-02-09,3364855.9
2012-02-10,2983182.6
2012-02-11,3066824.1
2012-02-12,3202634.8
2012-02-13,3173912.6
2012-02-14,3204676.2
2012-02-15,3115681.0
2012-02-16,3131611.8
2012-02-17,3147601.1
2012-02-18,3163639.2
2012-02-19,3164407.7
2012-02-20,3165196.6
2012-02-21,3166006.6
2012-02-22,3166838.4
2012-02-23,3167694.3
2012-02-24,3168576.0
2012-02-25,3169485.3
2012-02-26,3170424.0
2012-02-27,3222519.9
2012-02-28,3274682.1
2012-02-29,3326899.2
2012-03-01,3379175.8
2012-03-02,3431500.7
2012-03-03,3483860.2
2012-03-04,3238249.0
2012-03-05,3273012.8
2012-03-06,3273446.4
2012-03-07,3210969.2
2012-03-08,3280164.5
2012-03-09,3350410.6
2012-03-10,3421798.6
2012-03-11,3468269.3
2012-03-12,3466632.1
2012-03-13,3465088.5
2012-03-14,3464529.6
2012-03-15,3462675.3
2012-03-16,3505829.3
2012-03-17,3549181.6
2012-03-18,3592697.7
2012-03-19,3636296.0
2012-03-20,3679909.9
2012-03-21,3686190.0
2012-03-22,3692470.2
2012-03-23,3698750.3
2012-03-24,3705030.4
2012-03-25,3711310.6
2012-03-26,3717590.7
2012-03-27,3723871.3
2012-03-28,3679045.6
2012-03-29,3399491.5
2012-03-30,3456753.1
2012-03-31,3514102.8
2012-04-01,3571542.7
2012-04-02,3629023.3
2012-04-03,3686522.4
2012-04-04,3556998.5
2012-04-05,3427547.6
2012-04-06,3621435.6
2012-04-07,3504440.2
2012-04-08,3387447.4
2012-04-09,3270479.4
2012-04-10,3398491.8
2012-04-11,3526568.0
2012-04-12,3563447.6
2012-04-13,3600327.1
2012-04-14,3637209.9
2012-04-15,3674124.8
2012-04-16,3711113.2
2012-04-17,3748330.4
2012-04-18,3847660.2
2012-04-19,3849582.2
2012-04-20,3766714.0
2012-04-21,3715341.7
2012-04-22,3664923.9
2012-04-23,3580048.4
2012-04-24,3829654.2
2012-04-25,3821362.7
2012-04-26,3813181.4
2012-04-27,3805011.9
2012-04-28,3796842.5
2012-04-29,3788673.3
2012-04-30,3780504.1
2012-05-01,3772335.1
2012-05-02,3779488.0
2012-05-03,3786644.9
2012-05-04,3779571.2
2012-05-05,3772497.5
2012-05-06,3765423.8
2012-05-07,3758351.3
2012-05-08,3751468.3
2012-05-09,3765887.9
2012-05-10,3456766.4
2012-05-11,3524061.4
2012-05-12,3591456.6
2012-05-13,3658934.7
2012-05-14,3726473.0
2012-05-15,3794030.1
2012-05-16,3748244.5
2012-05-17,3734200.1
2012-05-18,3655935.9
2012-05-19,3668764.1
2012-05-20,3637308.4
2012-05-21,3614036.0
2012-05-22,3590763.6
2012-05-23,3852302.9
2012-05-24,3760198.9
2012-05-25,3766796.5
2012-05-26,3678678.9
2012-05-27,3590562.0
2012-05-28,3502446.0
2012-05-29,3414395.4
2012-05-30,3411269.0
2012-05-31,3402778.7
2012-06-01,3417996.9
2012-06-02,3433215.2
2012-06-03,3448433.5
2012-06-04,3463651.7
2012-06-05,3463540.9
2012-06-06,3605927.3
2012-06-07,3748313.8
2012-06-08,3725742.4
2012-06-09,3703171.1
2012-06-10,3680599.7
2012-06-11,3658028.4
2012-06-12,3635457.0
2012-06-13,3612885.6
2012-06-14,3609514.0
2012-06-15,3606142.3
2012-06-16,3602770.6
2012-06-17,3599398.9
2012-06-18,3596027.2
2012-06-19,3592655.5
2012-06-20,3427137.4
2012-06-21,3261619.2
2012-06-22,3292514.4
2012-06-23,3323409.6
2012-06-24,3354304.8
2012-06-25,3385200.0
2012-06-26,3416095.1
2012-06-27,3419427.8
2012-06-28,3422760.5
2012-06-29,3392311.2
2012-06-30,3361862.0
2012-07-01,3331412.7
2012-07-02,3300963.5
2012-07-03,3294477.3
2012-07-04,3287991.1
2012-07-05,3281504.8
2012-07-06,3266626.7
2012-07-07,3251748.6
2012-07-08,3236870.5
2012-07-09,3221992.4
2012-07-10,3187874.7
2012-07-11,3238279.8
2012-07-12,3288685.0
2012-07-13,3339090.1
2012-07-14,3389495.3
2012-07-15,3439900.4
2012-07-16,3490305.6
2012-07-17,3540710.7
2012-07-18,3367093.0
2012-07-19,3193475.3
2012-07-20,3247097.2
2012-07-21,3300719.0
2012-07-22,3354340.9
2012-07-23,3407962.7
2012-07-24,3461584.6
2012-07-25,3449768.7
2012-07-26,3437952.8
2012-07-27,3426137.0
2012-07-28,3414321.1
2012-07-29,3402505.3
2012-07-30,3390689.4
2012-07-31,3378873.5
2012-08-01,3429884.6
2012-08-02,3480895.6
2012-08-03,3429061.4
2012-08-04,3377227.2
2012-08-05,3325393.0
2012-08-06,3273558.8
2012-08-07,3221724.6
2012-08-08,3169890.3
2012-08-09,3129918.7
2012-08-10,3089947.1
2012-08-11,3049975.5
2012-08-12,3010003.9
2012-08-13,2970032.3
2012-08-14,3059183.6
2012-08-15,3148334.9
2012-08-16,3237486.3
2012-08-17,3207199.6
2012-08-18,3176913.0
2012-08-19,3146626.3
2012-08-20,3116339.6
2012-08-21,3086053.0
2012-08-22,3099989.8
2012-08-23,3113926.6
2012-08-24,3127863.3
2012-08-25,3141800.1
2012-08-26,3155736.9
2012-08-27,3169673.7
2012-08-28,3183610.5
2012-08-29,3197547.3
2012-08-30,3211484.1
2012-08-31,3225420.8
2012-09-01,3239357.6
2012-09-02,3253294.4
2012-09-03,3267231.2
2012-09-04,3281168.0
2012-09-05,3295104.8
2012-09-06,3309041.6
2012-09-07,3322978.3
2012-09-08,3336915.1
2012-09-09,3350851.9
2012-09-10,3364788.7
2012-09-11,3378725.5
2012-09-12,3280656.0
2012-09-13,3182586.6
2012-09-14,3122516.4
2012-09-15,3062446.2
2012-09-16,3002376.1
2012-09-17,2942305.9
2012-09-18,3156492.2
2012-09-19,3370678.5
2012-09-20,3367175.2
2012-09-21,3363671.9
2012-09-22,3360168.5
2012-09-23,3356665.2
2012-09-24,3353161.9
2012-09-25,3349658.6
2012-09-26,3236130.5
2012-09-27,3122602.4
2012-09-28,3119678.3
2012-09-29,3116754.2
2012-09-30,3113830.1
2012-10-01,3110905.9
2012-10-02,3107981.8
2012-10-03,3095412.7
2012-10-04,3082843.7
2012-10-05,3070274.6
2012-10-06,3057705.5
2012-10-07,3045136.4
2012-10-08,3032567.3
2012-10-09,3019998.2
2012-10-10,3007429.1
2012-10-11,2994860.0
2012-10-12,2982290.9
2012-10-13,2969721.8
2012-10-14,2957152.7
2012-10-15,2944583.7
2012-10-16,2932014.6
2012-10-17,2919445.5
2012-10-18,2991126.3
2012-10-19,3062807.2
2012-10-20,3134488.1
2012-10-21,3206169.0
2012-10-22,3277849.9
2012-10-23,3349530.7
2012-10-24,3300829.4
2012-10-25,3252128.1
2012-10-26,3203426.8
2012-10-27,3154725.5
2012-10-28,3106024.2
2012-10-29,3057322.9
2012-10-30,3008621.6
2012-10-31,2959920.3
2012-11-01,2961734.4
2012-11-02,2963548.6
2012-11-03,2965362.7
2012-11-04,2967176.9
2012-11-05,2968991.1
2012-11-06,2970805.2
2012-11-07,3021837.5
2012-11-08,3072869.8
2012-11-09,3028530.4
2012-11-10,2984190.9
2012-11-11,2939851.5
2012-11-12,2895512.0
2012-11-13,2851172.6
2012-11-14,2878754.0
2012-11-15,2906335.5
2012-11-16,2933916.9
2012-11-17,2961498.3
2012-11-18,2989079.8
2012-11-19,3016661.2
2012-11-20,3044242.6
2012-11-21,3051822.4
2012-11-22,3059402.1
2012-11-23,3066981.8
2012-11-24,3074561.6
2012-11-25,3082141.3
2012-11-26,3089721.0
2012-11-27,3097300.8
2012-11-28,3080796.3
2012-11-29,3064291.9
2012-11-30,3029792.2
2012-12-01,2995292.6
2012-12-02,2960793.0
2012-12-03,2926293.4
2012-12-04,2891793.7
2012-12-05,2936652.4
2012-12-06,2981511.0
2012-12-07,2987573.5
2012-12-08,2993636.0
2012-12-09,2999698.5
2012-12-10,3005761.0
2012-12-11,3011823.5
2012-12-12,3039333.4
2012-12-13,3066843.3
2012-12-14,3059683.6
2012-12-15,3052524.0
2012-12-16,3045364.4
2012-12-17,3038204.8
2012-12-18,3031045.1
2012-12-19,2996164.1
2012-12-20,2961283.1
2012-12-21,2926402.1
2012-12-22,2891521.0
2012-12-23,2856640.0
2012-12-24,2821759.0
2012-12-25,2786878.0
2012-12-26,2751996.9
2012-12-27,2717115.9
2012-12-28,2767861.4
2012-12-29,2818606.9
2012-12-30,2869352.4
2012-12-31,2920097.8
2013-01-01,2970843.3
2013-01-02,3021588.8
2013-01-03,3031927.5
2013-01-04,3042266.1
2013-01-05,3052604.8
2013-01-06,3062943.4
2013-01-07,3073282.1
2013-01-08,3083620.7
2013-01-09,3091406.9
2013-01-10,3099193.1
2013-01-11,3106979.3
2013-01-12,3114765.5
2013-01-13,3122551.7
2013-01-14,3130337.9
2013-01-15,3138124.0
2013-01-16,3145910.2
2013-01-17,3152340.1
2013-01-18,3158769.9
2013-01-19,3165199.7
2013-01-20,3171629.5
2013-01-21,3178059.3
2013-01-22,3184489.1
2013-01-23,3190918.9
2013-01-24,3212854.6
2013-01-25,3234790.2
2013-01-26,3256725.8
2013-01-27,3278661.5
2013-01-28,3300597.1
2013-01-29,3322532.7
2013-01-30,3344468.4
2013-01-31,3366404.0
2013-02-01,3359579.6
2013-02-02,3352755.1
2013-02-03,3345930.7
2013-02-04,3339106.3
2013-02-05,3332281.9
2013-02-06,3335409.8
2013-02-07,3338537.8
2013-02-08,3341665.8
2013-02-09,3344793.7
2013-02-10,3347921.7
2013-02-11,3351049.7
2013-02-12,3354177.6
2013-02-13,3357305.6
2013-02-14,3336175.6
2013-02-15,3315045.5
2013-02-16,3293915.4
2013-02-17,3272785.4
2013-02-18,3251655.3
2013-02-19,3230525.2
2013-02-20,3209395.2
2013-02-21,3251662.8
2013-02-22,3293930.4
2013-02-23,3336198.1
2013-02-24,3378465.7
2013-02-25,3420733.3
2013-02-26,3463001.0
2013-02-27,3505268.6
2013-02-28,3534671.4
2013-03-01,3564074.2
2013-03-02,3593477.1
2013-03-03,3622879.9
2013-03-04,3652282.7
2013-03-05,3681685.5
2013-03-06,3689816.3
2013-03-07,3697947.1
2013-03-08,3706077.8
2013-03-09,3714208.6
2013-03-10,3722339.4
2013-03-11,3730470.2
2013-03-12,3738600.9
2013-03-13,3759474.2
2013-03-14,3780347.5
2013-03-15,3801220.8
2013-03-16,3822094.1
2013-03-17,3842967.4
2013-03-18,3863840.7
2013-03-19,3884714.0
2013-03-20,3905058.1
2013-03-21,3925402.2
2013-03-22,3945746.3
2013-03-23,3966090.4
2013-03-24,3986434.5
2013-03-25,4006778.6
2013-03-26,4027122.7
2013-03-27,4047466.8
2013-03-28,4008176.1
2013-03-29,3968885.3
2013-03-30,3956047.9
2013-03-31,3943210.5
2013-04-01,3930373.1
2013-04-02,3917535.7
2013-04-03,3851204.2
2013-04-04,3784872.7
2013-04-05,3718541.2
2013-04-06,3782857.4
2013-04-07,3847173.6
2013-04-08,3911489.7
2013-04-09,4026175.0
2013-04-10,4006828.3
2013-04-11,3987481.6
2013-04-12,3968134.8
2013-04-13,3933369.6
2013-04-14,3898604.3
2013-04-15,3863839.1
2013-04-16,3829073.9
2013-04-17,3827734.9
2013-04-18,3826396.0
2013-04-19,3844042.1
2013-04-20,3861688.1
2013-04-21,3879334.2
2013-04-22,3896980.2
2013-04-23,3914626.2
2013-04-24,3855077.5
2013-04-25,3866427.7
2013-04-26,3877778.0
2013-04-27,3889128.2
2013-04-28,3900478.5
2013-04-29,3911828.7
2013-04-30,3923179.0
2013-05-01,3871738.6
2013-05-02,3820298.3
2013-05-03,3850450.7
2013-05-04,3880603.2
2013-05-05,3910755.6
2013-05-06,3940908.0
2013-05-07,3971060.4
2013-05-08,3917340.8
2013-05-09,4114651.2
2013-05-10,4084146.7
2013-05-11,4053642.3
2013-05-12,4023137.8
2013-05-13,3992633.4
2013-05-14,3972678.0
2013-05-15,3853084.7
2013-05-16,3665545.8
2013-05-17,3669812.3
2013-05-18,3674078.8
2013-05-19,3678345.3
2013-05-20,3682611.7
2013-05-21,3686878.2
2013-05-22,3885409.0
2013-05-23,3933422.9
2013-05-24,3875337.0
2013-05-25,3817251.1
2013-05-26,3759165.2
2013-05-27,3701079.3
2013-05-28,3642993.4
2013-05-29,3739212.3
2013-05-30,3720872.5
2013-05-31,3647733.8
2013-06-01,3574595.1
2013-06-02,3501456.5
2013-06-03,3428317.8
2013-06-04,3355179.1
2013-06-05,3457642.6
2013-06-06,3560106.1
2013-06-07,3468852.6
2013-06-08,3382420.2
2013-06-09,3460207.6
2013-06-10,3537995.0
2013-06-11,3552781.3
2013-06-12,3395427.1
2013-06-13,3463186.9
2013-06-14,3507652.3
2013-06-15,3552117.8
2013-06-16,3596583.3
2013-06-17,3641048.7
2013-06-18,3685514.2
2013-06-19,3509820.2
2013-06-20,3334126.1
2013-06-21,3371835.5
2013-06-22,3459833.2
2013-06-23,3547830.9
2013-06-24,3635828.7
2013-06-25,3723826.4
2013-06-26,3363974.7
2013-06-27,3722491.6
2013-06-28,3692320.4
2013-06-29,3662149.2
2013-06-30,3631978.1
2013-07-01,3601806.9
2013-07-02,3571635.7
2013-07-03,3846584.1
2013-07-04,3814079.8
2013-07-05,3781725.3
2013-07-06,3749375.0
2013-07-07,3632849.1
2013-07-08,3516323.2
2013-07-09,3399797.3
2013-07-10,3649986.6
2013-07-11,3612613.2
2013-07-12,3586911.6
2013-07-13,3841376.7
2013-07-14,3577582.8
2013-07-15,3313789.0
2013-07-16,3619472.9
2013-07-17,3433457.3
2013-07-18,3516132.8
2013-07-19,3514523.9
2013-07-20,3434994.1
2013-07-21,3355464.2
2013-07-22,3399945.1
2013-07-23,3444426.0
2013-07-24,3460492.7
2013-07-25,3427146.1
2013-07-26,3289567.5
2013-07-27,3262574.7
2013-07-28,3235581.8
2013-07-29,3208589.0
2013-07-30,3193275.6
2013-07-31,3181549.3
2013-08-01,3261719.1
2013-08-02,3112212.9
2013-08-03,3155305.5
2013-08-04,3198398.1
2013-08-05,3241490.8
2013-08-06,3284587.9
2013-08-07,3153415.2
2013-08-08,2963403.8
2013-08-09,3168433.2
2013-08-10,3181224.9
2013-08-11,3194016.7
2013-08-12,3206808.5
2013-08-13,3381321.3
2013-08-14,3555834.2
2013-08-15,3305717.6
2013-08-16,3664871.4
2013-08-17,3534429.0
2013-08-18,3403986.5
2013-08-19,3273544.1
2013-08-20,3216663.5
2013-08-21,3244314.6
2013-08-22,3278680.7
2013-08-23,3192252.1
2013-08-24,3105823.6
2013-08-25,3019395.0
2013-08-26,2932966.4
2013-08-27,2995157.4
2013-08-28,3063788.5
2013-08-29,3132419.5
2013-08-30,3105629.5
2013-08-31,3129639.9
2013-09-01,3153650.4
2013-09-02,3177660.8
2013-09-03,3201671.3
2013-09-04,3108635.0
2013-09-05,3015598.7
2013-09-06,3034668.1
2013-09-07,3053737.5
2013-09-08,3072806.9
2013-09-09,3091876.2
2013-09-10,3110945.6
2013-09-11,3197705.1
2013-09-12,3284464.5
2013-09-13,3222013.1
2013-09-14,3159561.6
2013-09-15,3097110.2
2013-09-16,3034658.7
2013-09-17,3206887.3
2013-09-18,3379116.0
2013-09-19,3000609.9
2013-09-20,3004670.5
2013-09-21,3008731.1
2013-09-22,3012791.7
2013-09-23,3016852.3
2013-09-24,3020912.9
2013-09-25,3173301.4
2013-09-26,3325689.9
2013-09-27,3265391.7
2013-09-28,3205093.5
2013-09-29,3144795.4
2013-09-30,3084497.2
2013-10-01,3102264.6
2013-10-02,3120032.0
2013-10-03,3137799.4
2013-10-04,3155566.8
2013-10-05,3173334.2
2013-10-06,3191101.6
2013-10-07,3208869.0
2013-10-08,3184583.8
2013-10-09,3160298.5
2013-10-10,3136013.2
2013-10-11,3134246.3
2013-10-12,3065293.6
2013-10-13,2996340.9
2013-10-14,2927388.2
2013-10-15,2858435.5
2013-10-16,2789482.8
2013-10-17,3049550.8
2013-10-18,3038073.7
2013-10-19,3026596.5
2013-10-20,3015119.4
2013-10-21,3003642.2
2013-10-22,2992165.1
2013-10-23,3266130.6
2013-10-24,3540096.2
2013-10-25,3533822.4
2013-10-26,3527548.6
2013-10-27,3521274.8
2013-10-28,3515001.0
2013-10-29,3508727.3
2013-10-30,3362336.6
2013-10-31,3215946.0
2013-11-01,3283220.2
2013-11-02,3350494.5
2013-11-03,3417768.8
2013-11-04,3485043.1
2013-11-05,3552317.4
2013-11-06,3507765.3
2013-11-07,3463213.2
2013-11-08,3426146.5
2013-11-09,3389079.8
2013-11-10,3352013.1
2013-11-11,3314946.4
2013-11-12,3277879.7
2013-11-13,3240813.0
2013-11-14,3203746.3
2013-11-15,3200814.1
2013-11-16,3197881.9
2013-11-17,3194949.7
2013-11-18,3192017.5
2013-11-19,3189085.4
2013-11-20,3353073.7
2013-11-21,3517062.1
2013-11-22,3512983.8
2013-11-23,3508905.6
2013-11-24,3504827.3
2013-11-25,3500749.0
2013-11-26,3496670.8
2013-11-27,3522644.3
2013-11-28,3548617.9
2013-11-29,3574591.5
2013-11-30,3600565.1
2013-12-01,3626538.7
2013-12-02,3652512.3
2013-12-03,3678485.9
2013-12-04,3494536.3
2013-12-05,3310586.8
2013-12-06,3350639.5
2013-12-07,3390692.2
2013-12-08,3430744.9
2013-12-09,3470797.7
2013-12-10,3510850.4
2013-12-11,3560208.7
2013-12-12,3609567.1
2013-12-13,3541143.6
2013-12-14,3472720.0
2013-12-15,3404296.5
2013-12-16,3335873.0
2013-12-17,3267449.4
2013-12-18,3429692.4
2013-12-19,3591935.4
2013-12-20,3536806.9
2013-12-21,3481678.4
2013-12-22,3426549.8
2013-12-23,3371421.3
2013-12-24,3316292.8
2013-12-25,3307360.2
2013-12-26,3298427.5
2013-12-27,3289494.9
2013-12-28,3280562.2
2013-12-29,3271629.6
2013-12-30,3262697.0
2013-12-31,3253764.3
2014-01-01,3336106.1
2014-01-02,3418447.9
2014-01-03,3320980.9
2014-01-04,3223513.9
2014-01-05,3126046.9
2014-01-06,3028579.9
2014-01-07,2931112.9
2014-01-08,3403361.0
2014-01-09,3317343.3
2014-01-10,3376770.3
2014-01-11,3436197.2
2014-01-12,3495624.2
2014-01-13,3555051.1
2014-01-14,3614478.0
2014-01-15,3627653.4
2014-01-16,3659509.7
2014-01-17,3704022.5
2014-01-18,3748535.2
2014-01-19,3793047.9
2014-01-20,3837560.7
2014-01-21,3882073.4
2014-01-22,3926586.1
2014-01-23,3551681.9
2014-01-24,4065820.8
2014-01-25,4010269.6
2014-01-26,3954718.4
2014-01-27,3899167.1
2014-01-28,3843615.9
2014-01-29,3936192.6
2014-01-30,4028769.3
2014-01-31,3776724.7
2014-02-01,3801770.2
2014-02-02,3826815.7
2014-02-03,3851861.3
2014-02-04,3921869.4
2014-02-05,3991877.5
2014-02-06,4199926.5
2014-02-07,4047107.9
2014-02-08,3925687.1
2014-02-09,3804266.4
2014-02-10,3682845.7
2014-02-11,3620254.8
2014-02-12,3601815.9
2014-02-13,3583376.9
2014-02-14,3634436.2
2014-02-15,3685495.5
2014-02-16,3736554.8
2014-02-17,3787614.0
2014-02-18,3838673.3
2014-02-19,3889732.6
2014-02-20,3940791.8
2014-02-21,3991851.1
2014-02-22,3946949.0
2014-02-23,3902046.9
2014-02-24,3857144.9
2014-02-25,3812242.8
2014-02-26,3767340.7
2014-02-27,4125528.7
2014-02-28,4120149.5
2014-03-01,4017688.6
2014-03-02,3915227.7
2014-03-03,3812766.8
2014-03-04,3813654.9
2014-03-05,3814543.0
2014-03-06,3907311.7
2014-03-07,3826879.0
2014-03-08,3898858.2
2014-03-09,3970837.4
2014-03-10,4042816.6
2014-03-11,4114795.8
2014-03-12,4186775.0
2014-03-13,4066399.7
2014-03-14,3954933.5
2014-03-15,3913054.3
2014-03-16,3871175.1
2014-03-17,3829296.0
2014-03-18,3794406.7
2014-03-19,4186633.5
2014-03-20,4005160.2
2014-03-21,3872029.4
2014-03-22,3844793.3
2014-03-23,3817557.2
2014-03-24,3790321.1
2014-03-25,3856931.2
2014-03-26,3923541.3
2014-03-27,4082992.7
2014-03-28,4024210.9
2014-03-29,3965429.1
2014-03-30,3906647.4
2014-03-31,3847877.9
2014-04-01,3733164.7
2014-04-02,4359897.3
2014-04-03,4219913.2
2014-04-04,3711753.3
2014-04-05,3697658.8
2014-04-06,3683564.3
2014-04-07,3669487.3
2014-04-08,3718613.0
2014-04-09,4092953.2
2014-04-10,4089952.7
2014-04-11,4086952.2
2014-04-12,3989162.2
2014-04-13,3891372.2
2014-04-14,3793582.2
2014-04-15,4156628.0
2014-04-16,3836845.2
2014-04-17,3730468.5
2014-04-18,3687615.3
2014-04-19,3644762.0
2014-04-20,3601908.7
2014-04-21,3559055.5
2014-04-22,3516202.2
2014-04-23,3473348.9
2014-04-24,3825831.0
2014-04-25,3397264.5
2014-04-26,3382207.6
2014-04-27,3367150.6
2014-04-28,3352093.7
2014-04-29,3337036.7
2014-04-30,3394981.7
2014-05-01,3445873.3
2014-05-02,3502620.0
2014-05-03,3363238.4
2014-05-04,3223856.9
2014-05-05,3084475.3
2014-05-06,3062244.1
2014-05-07,3248729.9
2014-05-08,3097772.2
2014-05-09,3436297.5
2014-05-10,3274237.1
2014-05-11,3112176.7
2014-05-12,2950116.3
2014-05-13,2965506.6
2014-05-14,2921193.6
2014-05-15,2876880.5
2014-05-16,3120141.6
2014-05-17,3078940.5
2014-05-18,3037739.4
2014-05-19,2996538.3
2014-05-20,2861061.7
2014-05-21,2882516.6
2014-05-22,3151874.9
2014-05-23,3047567.8
2014-05-24,2943260.7
2014-05-25,2838953.6
2014-05-26,2734646.5
2014-05-27,2630339.3
2014-05-28,2526032.2
2014-05-29,2557447.5
2014-05-30,2588862.8
2014-05-31,2620278.1
2014-06-01,2651693.4
2014-06-02,2683108.7
2014-06-03,2990341.2
2014-06-04,3104590.1
2014-06-05,2853900.7
2014-06-06,2844979.1
2014-06-07,2836057.5
2014-06-08,2827135.9
2014-06-09,2818214.4
2014-06-10,2809292.8
2014-06-11,2800371.2
2014-06-12,3067462.3
2014-06-13,3033308.6
2014-06-14,2999154.9
2014-06-15,2965001.2
2014-06-16,2930847.5
2014-06-17,2896732.7
2014-06-18,2894982.6
2014-06-19,2893271.4
2014-06-20,2865732.6
2014-06-21,2838193.8
2014-06-22,2810655.0
2014-06-23,2783116.2
2014-06-24,2755577.4
2014-06-25,2799287.0
2014-06-26,2765158.6
2014-06-27,2635905.6
2014-06-28,2634111.7
2014-06-29,2632317.9
2014-06-30,2630524.1
2014-07-01,2628730.2
2014-07-02,3085226.0
2014-07-03,2615273.6
2014-07-04,2626760.9
2014-07-05,2638248.1
2014-07-06,2649735.3
2014-07-07,2661222.5
2014-07-08,2672709.8
2014-07-09,3268874.4
2014-07-10,2849263.9
2014-07-11,2843560.1
2014-07-12,2837856.3
2014-07-13,2832152.4
2014-07-14,2826448.6
2014-07-15,2820744.7
2014-07-16,2984698.3
2014-07-17,3148651.9
2014-07-18,3072879.5
2014-07-19,2997107.1
2014-07-20,2921334.7
2014-07-21,2845562.3
2014-07-22,2769789.9
2014-07-23,2973288.6
2014-07-24,3151826.5
2014-07-25,3117980.1
2014-07-26,3084133.6
2014-07-27,3050287.2
2014-07-28,3016440.8
2014-07-29,2982594.4
2014-07-30,3034007.5
2014-07-31,3085420.6
2014-08-01,3136833.6
2014-08-02,3153084.2
2014-08-03,3169334.7
2014-08-04,3185585.2
2014-08-05,3201835.8
2014-08-06,3192957.7
2014-08-07,3184079.6
2014-08-08,3247072.8
2014-08-09,3310066.1
2014-08-10,3373059.3
2014-08-11,3436052.5
2014-08-12,3499045.7
2014-08-13,3353810.8
2014-08-14,3351218.3
2014-08-15,3326251.0
2014-08-16,3301283.7
2014-08-17,3276316.3
2014-08-18,3251349.0
2014-08-19,3226381.7
2014-08-20,3731792.9
2014-08-21,3479599.1
2014-08-22,3789040.8
2014-08-23,3671940.7
2014-08-24,3554840.7
2014-08-25,3437740.7
2014-08-26,3303221.6
2014-08-27,3506661.5
2014-08-28,3496709.1
2014-08-29,3486756.7
2014-08-30,3476804.3
2014-08-31,3466851.8
2014-09-01,3456899.4
2014-09-02,3446947.0
2014-09-03,3433155.3
2014-09-04,3415658.1
2014-09-05,3398160.8
2014-09-06,3411524.9
2014-09-07,3424889.0
2014-09-08,3438253.2
2014-09-09,3451617.3
2014-09-10,3472309.4
2014-09-11,3493001.5
2014-09-12,3513693.6
2014-09-13,3513681.3
2014-09-14,3513669.0
2014-09-15,3513656.7
2014-09-16,3513644.4
2014-09-17,3467235.8
2014-09-18,3420827.1
2014-09-19,3419224.0
2014-09-20,3417620.8
2014-09-21,3416017.6
2014-09-22,3414414.4
2014-09-23,3369012.4
2014-09-24,3323610.4
2014-09-25,3565809.2
2014-09-26,3605142.2
2014-09-27,3644475.1
2014-09-28,3683808.1
2014-09-29,3723141.1
2014-09-30,3762474.0
2014-10-01,3782685.9
2014-10-02,3802897.7
2014-10-03,3742368.7
2014-10-04,3681839.8
2014-10-05,3621310.8
2014-10-06,3560781.9
2014-10-07,3500252.9
2014-10-08,3420209.9
2014-10-09,3340166.8
2014-10-10,3343998.5
2014-10-11,3347830.2
2014-10-12,3351661.9
2014-10-13,3355493.6
2014-10-14,3359325.3
2014-10-15,3363157.0
2014-10-16,3510174.6
2014-10-17,3484684.2
2014-10-18,3459193.9
2014-10-19,3433703.5
2014-10-20,3408213.2
2014-10-21,3382722.8
2014-10-22,3298313.5
2014-10-23,3213904.2
2014-10-24,3324188.4
2014-10-25,3434472.6
2014-10-26,3544756.7
2014-10-27,3655040.9
2014-10-28,3765325.1
2014-10-29,3633251.3
2014-10-30,3501177.4
2014-10-31,3464213.9
2014-11-01,3427250.4
2014-11-02,3390286.8
2014-11-03,3353323.3
2014-11-04,3316359.8
2014-11-05,3272182.2
2014-11-06,3228004.6
2014-11-07,3183826.9
2014-11-08,3139649.3
2014-11-09,3095471.7
2014-11-10,3051294.1
2014-11-11,3007116.5
2014-11-12,2962938.9
2014-11-13,3115357.6
2014-11-14,3267776.3
2014-11-15,3420195.0
2014-11-16,3572613.7
2014-11-17,3725032.4
2014-11-18,3877451.1
2014-11-19,3858307.1
2014-11-20,3839163.0
2014-11-21,3758772.2
2014-11-22,3678381.4
2014-11-23,3597990.6
2014-11-24,3517599.8
2014-11-25,3437209.0
2014-11-26,3371446.4
2014-11-27,3414018.3
2014-11-28,3456590.2
2014-11-29,3499162.1
2014-11-30,3541734.0
2014-12-01,3584305.9
2014-12-02,3626877.8
2014-12-03,3580206.1
2014-12-04,3585319.8
2014-12-05,3590433.5
2014-12-06,3595547.1
2014-12-07,3600660.8
2014-12-08,3605774.5
2014-12-09,3610888.2
2014-12-10,3710326.8
2014-12-11,3809765.5
2014-12-12,3829786.5
2014-12-13,3849807.5
2014-12-14,3869828.6
2014-12-15,3889849.6
2014-12-16,3909870.6
2014-12-17,3799320.3
2014-12-18,3688770.0
2014-12-19,3711363.7
2014-12-20,3733957.5
2014-12-21,3756551.2
2014-12-22,3779145.0
2014-12-23,3801738.7
2014-12-24,3824332.5
2014-12-25,3846926.2
2014-12-26,3869520.0
2014-12-27,3892113.7
2014-12-28,3914707.5
2014-12-29,3937301.2
2014-12-30,3959895.0
2014-12-31,3972082.2
2015-01-01,3984269.3
2015-01-02,3996456.5
2015-01-03,4008643.7
2015-01-04,4020830.9
2015-01-05,4033018.1
2015-01-06,4045205.2
2015-01-07,4057392.4
2015-01-08,4069579.6
2015-01-09,4081766.8
2015-01-10,4093954.0
2015-01-11,4106141.1
2015-01-12,4118328.3
2015-01-13,4130515.5
2015-01-14,4142702.7
2015-01-15,4154889.9
2015-01-16,4167077.0
2015-01-17,4179264.2
2015-01-18,4191451.4
2015-01-19,4203638.6
2015-01-20,4215825.8
2015-01-21,4228012.9
2015-01-22,4240200.1
2015-01-23,4252387.3
2015-01-24,4264574.5
2015-01-25,4276761.7
2015-01-26,4288948.8
2015-01-27,4301136.0
2015-01-28,4203687.3
2015-01-29,4106238.5
2015-01-30,4106906.1
2015-01-31,4107573.6
2015-02-01,4108241.1
2015-02-02,4108908.7
2015-02-03,4109576.2
2015-02-04,4115208.1
2015-02-05,4120840.1
2015-02-06,4107545.7
2015-02-07,4094251.3
2015-02-08,4080957.0
2015-02-09,4067662.6
2015-02-10,4054368.2
2015-02-11,4060961.2
2015-02-12,4067554.1
2015-02-13,4096252.3
2015-02-14,4124950.5
2015-02-15,4153648.7
2015-02-16,4182346.9
2015-02-17,4211045.1
2015-02-18,4239743.3
2015-02-19,4164820.0
2015-02-20,4089896.6
2015-02-21,4014973.2
2015-02-22,3940049.9
2015-02-23,3865126.5
2015-02-24,3790203.1
2015-02-25,3847719.7
2015-02-26,3905236.3
2015-02-27,3831943.9
2015-02-28,3758651.5
2015-03-01,3685359.1
2015-03-02,3612066.8
2015-03-03,3538774.4
2015-03-04,3465482.0
2015-03-05,3392189.7
2015-03-06,3318897.3
2015-03-07,3276583.4
2015-03-08,3234269.6
2015-03-09,3191955.8
2015-03-10,3149641.9
2015-03-11,3107328.1
2015-03-12,3065014.3
2015-03-13,3022700.4
2015-03-14,2980386.6
2015-03-15,2938072.8
2015-03-16,2895758.9
2015-03-17,2927227.5
2015-03-18,2958696.0
2015-03-19,2861955.9
2015-03-20,2814048.5
2015-03-21,2766141.1
2015-03-22,2718233.7
2015-03-23,2670326.2
2015-03-24,2622418.8
2015-03-25,2814082.9
2015-03-26,2775488.0
2015-03-27,2736893.0
2015-03-28,2698298.0
2015-03-29,2659810.6
2015-03-30,2621853.5
2015-03-31,2587291.8
2015-04-01,2477704.0
2015-04-02,2369768.5
2015-04-03,2399725.9
2015-04-04,2429683.2
2015-04-05,2459641.0
2015-04-06,2489641.3
2015-04-07,2519739.0
2015-04-08,2549948.4
2015-04-09,2553487.7
2015-04-10,2557078.6
2015-04-11,2560719.7
2015-04-12,2564414.4
2015-04-13,2568166.2
2015-04-14,2571996.2
2015-04-15,2612134.1
2015-04-16,2652953.9
2015-04-17,2643771.3
2015-04-18,2634601.7
2015-04-19,2625445.4
2015-04-20,2616303.5
2015-04-21,2607176.5
2015-04-22,2598065.2
2015-04-23,2607455.0
2015-04-24,2616878.2
2015-04-25,2626333.7
2015-04-26,2635823.9
2015-04-27,2645355.3
2015-04-28,2654946.0
2015-04-29,2559508.8
2015-04-30,2464398.0
2015-05-01,2487527.3
2015-05-02,2510956.0
2015-05-03,2534453.3
2015-05-04,2558000.4
2015-05-05,2581596.9
2015-05-06,2582644.0
2015-05-07,2551103.1
2015-05-08,2572812.4
2015-05-09,2594620.1
2015-05-10,2616511.1
2015-05-11,2638532.3
2015-05-12,2660782.5
2015-05-13,2545261.6
2015-05-14,2430674.0
2015-05-15,2436753.4
2015-05-16,2443048.3
2015-05-17,2449547.4
2015-05-18,2456257.7
2015-05-19,2463224.3
2015-05-20,2515662.2
2015-05-21,2568483.8
2015-05-22,2427025.1
2015-05-23,2483020.8
2015-05-24,2539468.1
2015-05-25,2596466.1
2015-05-26,2653924.1
2015-05-27,2711521.6
2015-05-28,2535508.2
2015-05-29,2576835.9
2015-05-30,2619083.8
2015-05-31,2662041.6
2015-06-01,2705459.7
2015-06-02,2735223.0
2015-06-03,2765055.0
2015-06-04,2661445.9
2015-06-05,2841205.7
2015-06-06,2854978.5
2015-06-07,2868751.4
2015-06-08,2882524.3
2015-06-09,2896297.1
2015-06-10,2910070.0
2015-06-11,2903276.7
2015-06-12,2882236.2
2015-06-13,2861195.7
2015-06-14,2840155.2
2015-06-15,2819114.8
2015-06-16,2798074.3
2015-06-17,2675880.4
2015-06-18,2693308.3
2015-06-19,2710836.9
2015-06-20,2728426.1
2015-06-21,2746020.3
2015-06-22,2763614.6
2015-06-23,2781208.8
2015-06-24,2696154.5
2015-06-25,2611100.2
2015-06-26,2526049.5
2015-06-27,2441042.0
2015-06-28,2356211.7
2015-06-29,2271637.6
2015-06-30,2187358.2
2015-07-01,2198041.3
2015-07-02,2208910.9
2015-07-03,2219945.6
2015-07-04,2231119.0
2015-07-05,2242372.1
2015-07-06,2253666.5
2015-07-07,2226033.9
2015-07-08,2310096.4
2015-07-09,2394608.9
2015-07-10,2479284.4
2015-07-11,2564012.0
2015-07-12,2648766.8
2015-07-13,2733540.6
2015-07-14,2818329.7
2015-07-15,2903129.6
2015-07-16,2853345.0
2015-07-17,2859872.7
2015-07-18,2866446.7
2015-07-19,2873157.8
2015-07-20,2880270.7
2015-07-21,2887745.1
2015-07-22,3093213.5
2015-07-23,2817903.8
2015-07-24,2813056.3
2015-07-25,2808340.9
2015-07-26,2803819.0
2015-07-27,2748499.0
2015-07-28,2693945.6
2015-07-29,2689401.6
2015-07-30,2717060.2
2015-07-31,2744778.4
2015-08-01,2772535.8
2015-08-02,2738522.7
2015-08-03,2704852.5
2015-08-04,2695692.1
2015-08-05,2686823.7
2015-08-06,2587723.1
2015-08-07,2555371.5
2015-08-08,2523031.0
2015-08-09,2490703.8
2015-08-10,2458391.5
2015-08-11,2426097.9
2015-08-12,2393826.0
2015-08-13,2407298.3
2015-08-14,2422233.8
2015-08-15,2437230.2
2015-08-16,2452288.2
2015-08-17,2467404.8
2015-08-18,2482578.7
2015-08-19,2343364.4
2015-08-20,2348073.8
2015-08-21,2352796.7
2015-08-22,2357533.6
2015-08-23,2362283.4
2015-08-24,2367042.8
2015-08-25,2371814.5
2015-08-26,2376597.2
2015-08-27,2438946.4
2015-08-28,2501451.2
2015-08-29,2564062.4
2015-08-30,2626775.9
2015-08-31,2689602.4
2015-09-01,2699897.6
2015-09-02,2717382.2
2015-09-03,2734900.9
2015-09-04,2729364.0
2015-09-05,2723829.3
2015-09-06,2718297.0
2015-09-07,2712767.8
2015-09-08,2707243.1
2015-09-09,2701722.1
2015-09-10,2696204.6
2015-09-11,2659679.0
2015-09-12,2623272.8
2015-09-13,2586970.8
2015-09-14,2550769.5
2015-09-15,2514672.6
2015-09-16,2610453.1
2015-09-17,2706817.1
2015-09-18,2663077.7
2015-09-19,2619387.4
2015-09-20,2575747.1
2015-09-21,2532161.1
2015-09-22,2488634.8
2015-09-23,2445176.3
2015-09-24,2447800.8
2015-09-25,2450446.7
2015-09-26,2453110.0
2015-09-27,2455787.7
2015-09-28,2458477.8
2015-09-29,2461178.6
2015-09-30,2572446.7
2015-10-01,2684365.3
2015-10-02,2660710.4
2015-10-03,2637074.3
2015-10-04,2613458.4
2015-10-05,2589866.0
2015-10-06,2566303.2
2015-10-07,2534395.5
2015-10-08,2502527.8
2015-10-09,2512592.9
2015-10-10,2522699.5
2015-10-11,2532849.2
2015-10-12,2543045.0
2015-10-13,2553289.8
2015-10-14,2563587.7
2015-10-15,2575595.7
2015-10-16,2587644.7
2015-10-17,2599739.1
2015-10-18,2611879.5
2015-10-19,2624063.8
2015-10-20,2636290.5
2015-10-21,2636944.4
2015-10-22,2637603.3
2015-10-23,2638266.9
2015-10-24,2638934.7
2015-10-25,2639607.6
2015-10-26,2640285.3
2015-10-27,2640968.1
2015-10-28,2641656.4
2015-10-29,2576118.3
2015-10-30,2510826.4
2015-10-31,2515717.7
2015-11-01,2520637.5
2015-11-02,2525584.1
2015-11-03,2530555.4
2015-11-04,2568790.8
2015-11-05,2607384.4
2015-11-06,2581135.9
2015-11-07,2554912.5
2015-11-08,2528724.5
2015-11-09,2502609.8
2015-11-10,2476590.5
2015-11-11,2553958.5
2015-11-12,2631636.9
2015-11-13,2630931.7
2015-11-14,2630227.5
2015-11-15,2629524.8
2015-11-16,2628824.1
2015-11-17,2628127.2
2015-11-18,2647667.5
2015-11-19,2667252.8
2015-11-20,2664466.2
2015-11-21,2661679.7
2015-11-22,2658894.4
2015-11-23,2656110.4
2015-11-24,2653327.7
2015-11-25,2685226.2
2015-11-26,2717130.2
2015-11-27,2749035.4
2015-11-28,2780940.6
2015-11-29,2812845.8
2015-11-30,2844751.0
2015-12-01,2876656.2
2015-12-02,2676350.9
2015-12-03,2701286.6
2015-12-04,2590365.4
2015-12-05,2480138.2
2015-12-06,2371236.7
2015-12-07,2264183.1
2015-12-08,2160982.4
2015-12-09,2397952.3
2015-12-10,2774987.5
2015-12-11,2792474.5
2015-12-12,2810361.4
2015-12-13,2828649.9
2015-12-14,2847348.5
2015-12-15,2866360.1
2015-12-16,2885501.6
2015-12-17,2904678.4
2015-12-18,2906321.8
2015-12-19,2907965.4
2015-12-20,2909609.1
2015-12-21,2911252.7
2015-12-22,2912896.3
2015-12-23,2914540.0
2015-12-24,2916183.6
2015-12-25,2917827.3
2015-12-26,2919470.9
2015-12-27,2921114.6
2015-12-28,2922758.2
2015-12-29,2924401.8
2015-12-30,2926045.5
2015-12-31,2927689.1
2016-01-01,2929332.8
2016-01-02,2930976.4
2016-01-03,2932620.0
2016-01-04,2934263.7
2016-01-05,2936638.7
2016-01-06,2962507.2
2016-01-07,2988617.2
2016-01-08,2942311.7
2016-01-09,2896039.6
2016-01-10,2849837.3
2016-01-11,2803938.6
2016-01-12,2759348.8
2016-01-13,2821674.7
2016-01-14,2885214.0
2016-01-15,2853582.9
2016-01-16,2822393.3
2016-01-17,2791597.1
2016-01-18,2761163.1
2016-01-19,2731085.0
2016-01-20,2701433.1
2016-01-21,2686476.3
2016-01-22,2672001.6
2016-01-23,2657991.6
2016-01-24,2644246.7
2016-01-25,2630773.1
2016-01-26,2617544.1
2016-01-27,2604507.9
2016-01-28,2591666.7
2016-01-29,2593390.2
2016-01-30,2595327.9
2016-01-31,2597456.7
2016-02-01,2599778.8
2016-02-02,2602298.7
2016-02-03,2605029.1
2016-02-04,2641387.8
2016-02-05,2624208.7
2016-02-06,2607103.8
2016-02-07,2590068.8
2016-02-08,2573097.3
2016-02-09,2526852.1
2016-02-10,2663965.9
2016-02-11,2545994.2
2016-02-12,2539761.9
2016-02-13,2533648.4
2016-02-14,2527631.1
2016-02-15,2521688.5
2016-02-16,2515827.1
2016-02-17,2510037.2
2016-02-18,2504324.1
2016-02-19,2514464.4
2016-02-20,2524800.9
2016-02-21,2535333.0
2016-02-22,2546049.7
2016-02-23,2556939.5
2016-02-24,2567942.7
2016-02-25,2578966.5
2016-02-26,2606698.3
2016-02-27,2634464.0
2016-02-28,2662258.9
2016-02-29,2690077.8
2016-03-01,2717918.6
2016-03-02,2426492.6
2016-03-03,2425038.8
2016-03-04,2423599.9
2016-03-05,2422179.3
2016-03-06,2420782.1
2016-03-07,2419414.3
2016-03-08,2418081.4
2016-03-09,1906206.8
2016-03-10,2079591.8
2016-03-11,2257971.8
2016-03-12,2440456.9
2016-03-13,2473119.9
2016-03-14,2505868.9
2016-03-15,2538676.6
2016-03-16,2571522.5
2016-03-17,2569416.1
2016-03-18,2567321.6
2016-03-19,2565240.4
2016-03-20,2563178.3
2016-03-21,2561136.8
2016-03-22,2559145.1
2016-03-23,2527649.5
2016-03-24,2496196.4
2016-03-25,2464791.0
2016-03-26,2433432.8
2016-03-27,2402171.3
2016-03-28,2371104.4
2016-03-29,2340282.0
2016-03-30,2172878.5
2016-03-31,2253325.2
2016-04-01,2335860.3
2016-04-02,2419599.3
2016-04-03,2504205.0
2016-04-04,2589426.3
2016-04-05,2675198.4
2016-04-06,2556989.9
2016-04-07,2439266.5
2016-04-08,2461334.4
2016-04-09,2483620.9
2016-04-10,2506357.8
2016-04-11,2529553.5
2016-04-12,2553007.5
2016-04-13,2428505.1
2016-04-14,2306309.0
2016-04-15,2335368.4
2016-04-16,2364799.0
2016-04-17,2394381.3
2016-04-18,2427259.4
2016-04-19,2460808.5
2016-04-20,2507471.0
2016-04-21,2537305.8
2016-04-22,2533932.2
2016-04-23,2530581.7
2016-04-24,2527268.4
2016-04-25,2523996.5
2016-04-26,2520790.6
2016-04-27,2560843.6
2016-04-28,2601609.5
2016-04-29,2606497.7
2016-04-30,2611771.4
2016-05-01,2618024.9
2016-05-02,2625269.2
2016-05-03,2633415.3
2016-05-04,2415305.0
2016-05-05,2501053.2
2016-05-06,2588988.6
2016-05-07,2576166.2
2016-05-08,2564833.0
2016-05-09,2553856.4
2016-05-10,2542879.9
2016-05-11,2497282.8
2016-05-12,2678094.2
2016-05-13,2718904.7
2016-05-14,2784129.5
2016-05-15,2849549.1
2016-05-16,2915076.5
2016-05-17,2980659.0
2016-05-18,2652572.7
2016-05-19,2332817.9
2016-05-20,2385692.7
2016-05-21,2439919.0
2016-05-22,2495757.7
2016-05-23,2552845.3
2016-05-24,2610318.2
2016-05-25,2685299.6
2016-05-26,2760291.7
2016-05-27,2526602.3
2016-05-28,2508462.5
2016-05-29,2490336.8
2016-05-30,2472221.4
2016-05-31,2454257.5
2016-06-01,2436709.7
2016-06-02,2460887.9
2016-06-03,2485351.9
2016-06-04,2509952.5
2016-06-05,2534575.1
2016-06-06,2559260.5
2016-06-07,2584210.7
2016-06-08,2648978.7
2016-06-09,2714239.2
2016-06-10,2740292.4
2016-06-11,2766468.8
2016-06-12,2792682.2
2016-06-13,2818910.1
2016-06-14,2845279.9
2016-06-15,2848149.7
2016-06-16,3281855.7
2016-06-17,3253052.5
2016-06-18,3224251.9
2016-06-19,3195451.5
2016-06-20,3166739.5
2016-06-21,3138437.2
2016-06-22,2937596.4
2016-06-23,2737640.6
2016-06-24,2737983.1
2016-06-25,2738342.9
2016-06-26,2738715.1
2016-06-27,2739098.0
2016-06-28,2739529.7
2016-06-29,3060773.8
2016-06-30,3382187.0
2016-07-01,3368782.5
2016-07-02,3355378.1
2016-07-03,3341973.6
2016-07-04,3328569.1
2016-07-05,3315164.6
2016-07-06,3251323.3
2016-07-07,3187482.1
2016-07-08,3123643.1
2016-07-09,3224517.5
2016-07-10,3325394.2
2016-07-11,3426270.9
2016-07-12,3408150.3
2016-07-13,3390029.7
2016-07-14,3371909.0
2016-07-15,3322807.3
2016-07-16,3273705.7
2016-07-17,3224604.0
2016-07-18,3175502.3
2016-07-19,3126400.6
2016-07-20,3125736.6
2016-07-21,3260222.7
2016-07-22,3158081.8
2016-07-23,3230557.9
2016-07-24,3303033.9
2016-07-25,3375509.9
2016-07-26,3206102.7
2016-07-27,3036695.6
2016-07-28,3253258.2
2016-07-29,3106872.6
2016-07-30,3178664.6
2016-07-31,3250456.7
2016-08-01,3322248.7
2016-08-02,3394040.8
2016-08-03,3304104.3
2016-08-04,3214167.9
2016-08-05,3154041.3
2016-08-06,3093914.7
2016-08-07,3033788.0
2016-08-08,2973661.4
2016-08-09,2913534.8
2016-08-10,2937762.6
2016-08-11,2961990.3
2016-08-12,2986218.1
2016-08-13,3010445.8
2016-08-14,3034673.6
2016-08-15,3058901.3
2016-08-16,2820213.4
2016-08-17,2948868.3
2016-08-18,3021131.9
2016-08-19,3093395.5
2016-08-20,3094797.1
2016-08-21,3096198.8
2016-08-22,3097600.4
2016-08-23,3099002.1
2016-08-24,3125797.3
2016-08-25,3152592.5
2016-08-26,3179387.7
2016-08-27,3206182.8
2016-08-28,3232978.0
2016-08-29,3259773.2
2016-08-30,3286568.4
2016-08-31,3327402.1
2016-09-01,3263348.5
2016-09-02,3201193.2
2016-09-03,3241079.5
2016-09-04,3282481.6
2016-09-05,3324074.9
2016-09-06,3365668.2
2016-09-07,3292329.2
2016-09-08,3218990.2
2016-09-09,3226979.7
2016-09-10,3234969.1
2016-09-11,3242958.6
2016-09-12,3250948.1
2016-09-13,3258937.6
2016-09-14,3227983.3
2016-09-15,3197029.1
2016-09-16,3207085.0
2016-09-17,3217141.0
2016-09-18,3227196.9
2016-09-19,3237252.9
2016-09-20,3247308.8
2016-09-21,3257364.8
2016-09-22,3227958.4
2016-09-23,3198552.0
2016-09-24,3256661.6
2016-09-25,3314771.1
2016-09-26,3372880.6
2016-09-27,3430990.1
2016-09-28,3489099.6
2016-09-29,3434097.7
2016-09-30,3379095.9
2016-10-01,3324094.0
2016-10-02,3269092.1
2016-10-03,3214090.3
2016-10-04,3143105.6
2016-10-05,3072120.9
2016-10-06,3108534.7
2016-10-07,3144948.5
2016-10-08,3181362.3
2016-10-09,3217776.1
2016-10-10,3254189.9
2016-10-11,3290603.7
2016-10-12,3327017.5
2016-10-13,3284044.2
2016-10-14,3241071.0
2016-10-15,3213549.8
2016-10-16,3186028.5
2016-10-17,3158507.3
2016-10-18,3130986.0
2016-10-19,3190033.2
2016-10-20,3249080.4
2016-10-21,3185240.6
2016-10-22,3121400.8
2016-10-23,3057561.0
2016-10-24,2993721.2
2016-10-25,2929881.4
2016-10-26,3068934.4
2016-10-27,3207987.4
2016-10-28,3130833.0
2016-10-29,3053678.7
2016-10-30,2976524.3
2016-10-31,2899370.0
2016-11-01,2822215.7
2016-11-02,2826472.8
2016-11-03,2830729.9
2016-11-04,2883833.9
2016-11-05,2936937.9
2016-11-06,2990042.0
2016-11-07,3043146.0
2016-11-08,3096250.0
2016-11-09,3133471.3
2016-11-10,3170692.5
2016-11-11,3207913.8
2016-11-12,3245135.1
2016-11-13,3282356.4
2016-11-14,3319577.7
2016-11-15,3356798.9
2016-11-16,3289731.5
2016-11-17,3222664.1
2016-11-18,3155596.7
2016-11-19,3144031.3
2016-11-20,3132465.9
2016-11-21,3120900.5
2016-11-22,3109335.1
2016-11-23,3096436.4
2016-11-24,3083537.7
2016-11-25,3070639.1
2016-11-26,3057740.4
2016-11-27,3044841.7
2016-11-28,3031943.1
2016-11-29,3019044.4
2016-11-30,3006145.7
2016-12-01,2993247.0
2016-12-02,2988095.6
2016-12-03,2982944.1
2016-12-04,2977792.7
2016-12-05,2972641.2
2016-12-06,2967489.8
2016-12-07,2999545.1
2016-12-08,3031600.4
2016-12-09,3058038.3
2016-12-10,3084476.2
2016-12-11,3110914.2
2016-12-12,3137352.1
2016-12-13,3163790.0
2016-12-14,3173886.3
2016-12-15,3183982.6
2016-12-16,3194078.9
2016-12-17,3204175.2
2016-12-18,3214271.5
2016-12-19,3224367.8
2016-12-20,3234464.1
2016-12-21,3244560.4
2016-12-22,3254656.7
2016-12-23,3226329.7
2016-12-24,3198002.6
2016-12-25,3169675.5
2016-12-26,3141348.4
2016-12-27,3113021.4
2016-12-28,3084694.3
2016-12-29,3056367.2
2016-12-30,3090949.6
2016-12-31,3125532.0
2017-01-01,3160114.3
2017-01-02,3194696.7
2017-01-03,3229279.1
2017-01-04,3263861.4
2017-01-05,3291905.3
2017-01-06,3278146.6
2017-01-07,3264387.9
2017-01-08,3250629.3
2017-01-09,3236870.6
2017-01-10,3223111.9
2017-01-11,3221561.6
2017-01-12,3220011.3
2017-01-13,3218461.0
2017-01-14,3216910.7
2017-01-15,3215360.3
2017-01-16,3213810.0
2017-01-17,3212259.7
2017-01-18,3210709.4
2017-01-19,3209159.1
2017-01-20,3207608.8
2017-01-21,3206058.5
2017-01-22,3204508.1
2017-01-23,3202957.8
2017-01-24,2605084.7
2017-01-25,2007326.0
2017-01-26,2013841.6
2017-01-27,2020535.1
2017-01-28,2027392.5
2017-01-29,2034454.3
2017-01-30,2041870.7
2017-01-31,2049665.5
2017-02-01,2035070.9
2017-02-02,2021025.1
2017-02-03,2007468.3
2017-02-04,1994262.7
2017-02-05,1981332.5
2017-02-06,1968637.9
2017-02-07,1953953.8
2017-02-08,1994559.1
2017-02-09,2035322.9
2017-02-10,2076211.6
2017-02-11,2117168.9
2017-02-12,2158148.4
2017-02-13,2199144.9
2017-02-14,2240155.8
2017-02-15,2206994.9
2017-02-16,2173851.0
2017-02-17,2140727.6
2017-02-18,2232053.9
2017-02-19,2323516.6
2017-02-20,2414980.4
2017-02-21,2506444.2
2017-02-22,2597908.1
2017-02-23,2689371.9
2017-02-24,2595641.5
2017-02-25,2501911.1
2017-02-26,2408180.8
2017-02-27,2314450.4
2017-02-28,2220720.0
2017-03-01,2127012.8
2017-03-02,2154156.5
2017-03-03,2181311.9
2017-03-04,2208471.6
2017-03-05,2235632.1
2017-03-06,2262792.8
2017-03-07,2228347.8
2017-03-08,2208359.5
2017-03-09,2211713.7
2017-03-10,2215107.4
2017-03-11,2278449.8
2017-03-12,2341792.2
2017-03-13,2405134.6
2017-03-14,2468476.9
2017-03-15,2364778.7
2017-03-16,2263805.3
2017-03-17,2170093.0
2017-03-18,2123955.7
2017-03-19,2078338.5
2017-03-20,2033098.9
2017-03-21,1988745.1
2017-03-22,2247352.8
2017-03-23,2514738.6
2017-03-24,2483310.0
2017-03-25,2451926.3
2017-03-26,2425049.0
2017-03-27,2407616.1
2017-03-28,2349545.3
2017-03-29,2294247.9
2017-03-30,2447480.0
2017-03-31,2601055.7
2017-04-01,2519485.7
2017-04-02,2438091.7
2017-04-03,2356979.6
2017-04-04,2276120.2
2017-04-05,2368333.4
2017-04-06,2461044.5
2017-04-07,2467867.2
2017-04-08,2474905.2
2017-04-09,2482086.9
2017-04-10,2489380.0
2017-04-11,2496789.5
2017-04-12,2040268.7
2017-04-13,2027086.0
2017-04-14,2017133.5
2017-04-15,2087638.9
2017-04-16,2162881.8
2017-04-17,2240439.3
2017-04-18,2292065.6
2017-04-19,2349030.3
2017-04-20,2403377.2
2017-04-21,2341171.1
2017-04-22,2279428.4
2017-04-23,2232599.8
2017-04-24,2204350.7
2017-04-25,2039050.8
2017-04-26,1932584.4
2017-04-27,1839744.3
2017-04-28,1930900.5
2017-04-29,1869695.7
2017-04-30,1810147.6
2017-05-01,1756994.1
2017-05-02,1827145.8
2017-05-03,1787038.4
2017-05-04,1690396.3
2017-05-05,1715041.8
2017-05-06,1615029.4
2017-05-07,1517251.9
2017-05-08,1424322.9
2017-05-09,1354426.2
2017-05-10,1299293.4
2017-05-11,1120065.2
2017-05-12,1090171.5
2017-05-13,1061747.3
2017-05-14,1034647.0
2017-05-15,1008822.6
2017-05-16,984274.3
2017-05-17,966966.1
2017-05-18,1060797.7
2017-05-19,1048663.3
2017-05-20,1037282.0
2017-05-21,1026711.3
2017-05-22,1016914.6
2017-05-23,1007769.6
2017-05-24,999190.9
2017-05-25,1022313.8
2017-05-26,1011776.6
2017-05-27,1002734.8
2017-05-28,995279.0
2017-05-29,989407.1
2017-05-30,985171.2
2017-05-31,982360.0
2017-06-01,994397.3
2017-06-02,1010107.9
2017-06-03,999347.8
2017-06-04,989381.3
2017-06-05,980303.8
2017-06-06,972826.1
2017-06-07,909941.2
2017-06-08,853485.7
2017-06-09,950867.3
2017-06-10,939898.7
2017-06-11,929954.4
2017-06-12,920938.7
2017-06-13,913005.3
2017-06-14,929660.6
2017-06-15,949557.8
2017-06-16,958282.4
2017-06-17,967555.4
2017-06-18,977169.1
2017-06-19,987140.3
2017-06-20,997466.5
2017-06-21,1008121.9
2017-06-22,1019082.9
2017-06-23,1030309.5
2017-06-24,1021543.4
2017-06-25,1013602.0
2017-06-26,1006701.8
2017-06-27,1000855.1
2017-06-28,939076.8
2017-06-29,1011856.9
2017-06-30,1226457.5
2017-07-01,1195232.6
2017-07-02,1165556.5
2017-07-03,1137485.6
2017-07-04,1110936.6
2017-07-05,1085684.7
2017-07-06,1148305.9
2017-07-07,1221853.4
2017-07-08,1220036.1
2017-07-09,1220645.0
2017-07-10,1223854.5
2017-07-11,1228348.5
2017-07-12,1166393.3
2017-07-13,1106668.3
2017-07-14,1103307.4
2017-07-15,1100330.7
2017-07-16,1097712.1
2017-07-17,1095406.1
2017-07-18,1093381.4
2017-07-19,1256313.2
2017-07-20,1147117.0
2017-07-21,1140828.6
2017-07-22,1135525.3
2017-07-23,1130988.2
2017-07-24,1127163.2
2017-07-25,1327793.0
2017-07-26,1174499.9
2017-07-27,1323041.5
2017-07-28,1421140.6
2017-07-29,1364282.9
2017-07-30,1308842.8
2017-07-31,1254834.9
2017-08-01,1363305.6
2017-08-02,1215412.3
2017-08-03,1360254.1
2017-08-04,1293389.5
2017-08-05,1227504.4
2017-08-06,1162577.2
2017-08-07,1098807.4
2017-08-08,1037592.0
2017-08-09,1221472.5
2017-08-10,1262794.9
2017-08-11,1278802.0
2017-08-12,1295661.3
2017-08-13,1313248.6
2017-08-14,1331341.2
2017-08-15,1349849.9
2017-08-16,1375538.4
2017-08-17,1335550.5
2017-08-18,1297006.4
2017-08-19,1259965.1
2017-08-20,1224750.5
2017-08-21,1191422.5
2017-08-22,1160030.2
2017-08-23,1356092.0
2017-08-24,1595795.1
2017-08-25,1410531.5
2017-08-26,1373085.2
2017-08-27,1338411.4
2017-08-28,1307952.3
2017-08-29,1280059.2
2017-08-30,1364730.3
2017-08-31,1460548.5
2017-09-01,1561709.7
2017-09-02,1539220.0
2017-09-03,1517023.9
2017-09-04,1495333.0
2017-09-05,1475355.2
2017-09-06,1569091.5
2017-09-07,1667339.4
2017-09-08,1573412.6
2017-09-09,1568367.0
2017-09-10,1563490.1
2017-09-11,1558763.5
2017-09-12,1554201.6
2017-09-13,1522676.2
2017-09-14,1491763.9
2017-09-15,1460741.5
2017-09-16,1430097.6
2017-09-17,1400066.5
2017-09-18,1371476.9
2017-09-19,1344417.0
2017-09-20,1292185.4
2017-09-21,1242181.8
2017-09-22,1195408.2
2017-09-23,1195109.2
2017-09-24,1195794.4
2017-09-25,1197649.5
2017-09-26,1200279.4
2017-09-27,1266053.6
2017-09-28,1341966.2
2017-09-29,1309482.2
2017-09-30,1277366.1
2017-10-01,1246550.7
2017-10-02,1217924.2
2017-10-03,1191487.0
2017-10-04,1319506.3
2017-10-05,1458926.9
2017-10-06,1463006.2
2017-10-07,1467468.8
2017-10-08,1472384.7
2017-10-09,1480111.6
2017-10-10,1405804.6
2017-10-11,1198289.3
2017-10-12,1247878.3
2017-10-13,1298961.2
2017-10-14,1352278.9
2017-10-15,1407706.2
2017-10-16,1463974.1
2017-10-17,1520766.7
2017-10-18,1472734.3
2017-10-19,1425902.7
2017-10-20,1441111.0
2017-10-21,1456426.8
2017-10-22,1471850.6
2017-10-23,1487381.1
2017-10-24,1503024.4
2017-10-25,1493837.6
2017-10-26,1485208.7
2017-10-27,1474271.3
2017-10-28,1463431.6
2017-10-29,1452714.2
2017-10-30,1442159.4
2017-10-31,1431901.3
2017-11-01,1435300.1
2017-11-02,1439531.8
2017-11-03,1410312.9
2017-11-04,1381229.8
2017-11-05,1352296.0
2017-11-06,1323792.3
2017-11-07,1295940.8
2017-11-08,1277982.9
2017-11-09,1263628.4
2017-11-10,1268938.1
2017-11-11,1275019.1
2017-11-12,1281802.5
2017-11-13,1289401.7
2017-11-14,1297591.4
2017-11-15,1280787.8
2017-11-16,1269091.8
2017-11-17,1270345.0
2017-11-18,1272001.4
2017-11-19,1273988.0
2017-11-20,1276193.8
2017-11-21,1278559.5
2017-11-22,1293677.6
2017-11-23,1308872.1
2017-11-24,1324148.4
2017-11-25,1339511.7
2017-11-26,1354971.1
2017-11-27,1370536.6
2017-11-28,1386213.0
2017-11-29,1363049.8
2017-11-30,1341837.7
2017-12-01,1348242.6
2017-12-02,1355061.8
2017-12-03,1362263.1
2017-12-04,1370016.3
2017-12-05,1378345.2
2017-12-06,1266850.2
2017-12-07,1165389.7
2017-12-08,1224497.6
2017-12-09,1286520.6
2017-12-10,1351510.8
2017-12-11,1419692.3
2017-12-12,1490869.6
2017-12-13,1475645.0
2017-12-14,1462136.7
2017-12-15,1439431.0
2017-12-16,1416977.9
2017-12-17,1394802.7
2017-12-18,1372947.8
2017-12-19,1351524.3
2017-12-20,1416292.4
2017-12-21,1482458.7
2017-12-22,1483248.8
2017-12-23,1484145.3
2017-12-24,1485149.2
2017-12-25,1486266.6
2017-12-26,1487516.0
2017-12-27,1488925.3
2017-12-28,1578956.2
2017-12-29,1556686.7
2017-12-30,1534657.1
2017-12-31,1512913.4
2018-01-01,1491434.9
2018-01-02,1470212.0
2018-01-03,1449243.1
2018-01-04,1501777.4
2018-01-05,1555359.1
2018-01-06,1609897.3
2018-01-07,1665321.9
2018-01-08,1721550.2
2018-01-09,1778509.1
2018-01-10,1836045.3
2018-01-11,1755034.7
2018-01-12,1735664.6
2018-01-13,1716398.6
2018-01-14,1697249.8
2018-01-15,1678445.9
2018-01-16,1660138.9
2018-01-17,1642209.0
2018-01-18,1624612.9
2018-01-19,1607311.4
2018-01-20,1590273.8
2018-01-21,1573477.1
2018-01-22,1556909.1
2018-01-23,1540566.6
2018-01-24,1440186.2
2018-01-25,1343208.8
2018-01-26,1406172.3
2018-01-27,1470753.9
2018-01-28,1536853.6
2018-01-29,1604336.7
2018-01-30,1673177.1
2018-01-31,1743368.0
2018-02-01,1730464.9
2018-02-02,1763848.5
2018-02-03,1797399.8
2018-02-04,1831100.1
2018-02-05,1864936.6
2018-02-06,1898911.7
2018-02-07,1933022.8
2018-02-08,1967266.7
2018-02-09,1862808.1
2018-02-10,1760512.7
2018-02-11,1660632.1
2018-02-12,1563219.6
2018-02-13,1468443.2
2018-02-14,1731684.1
2018-02-15,2010915.6
2018-02-16,2014185.7
2018-02-17,2017719.9
2018-02-18,2021506.6
2018-02-19,2025526.3
2018-02-20,2029771.6
2018-02-21,2034240.0
2018-02-22,2038916.3
2018-02-23,1926446.2
2018-02-24,1815691.7
2018-02-25,1708497.8
2018-02-26,1606300.4
2018-02-27,1507849.0
2018-02-28,1760900.6
2018-03-01,1505008.8
2018-03-02,1494273.6
2018-03-03,1540283.2
2018-03-04,1588288.1
2018-03-05,1638611.1
2018-03-06,1513033.5
2018-03-07,1489420.9
2018-03-08,1469316.5
2018-03-09,1476278.5
2018-03-10,1484080.3
2018-03-11,1492662.4
2018-03-12,1502061.8
2018-03-13,1512299.9
2018-03-14,1523350.9
2018-03-15,1471830.0
2018-03-16,1524240.7
2018-03-17,1579374.5
2018-03-18,1447768.4
2018-03-19,1430034.8
2018-03-20,1421115.4
2018-03-21,1308592.5
2018-03-22,1299746.1
2018-03-23,1217711.5
2018-03-24,1222777.3
2018-03-25,1245055.9
2018-03-26,1263353.4
2018-03-27,1233085.1
2018-03-28,1339486.5
2018-03-29,1289144.8
2018-03-30,1133445.4
2018-03-31,1229358.6
2018-04-01,1331336.4
2018-04-02,1439409.5
2018-04-03,1371527.0
2018-04-04,1306008.1
2018-04-05,1242572.5
2018-04-06,1145225.7
2018-04-07,1136920.1
2018-04-08,1184489.1
2018-04-09,1199538.5
2018-04-10,1217272.2
2018-04-11,1222964.2
2018-04-12,1177421.2
2018-04-13,1135404.7
2018-04-14,1134978.5
2018-04-15,1138645.5
2018-04-16,1286644.6
2018-04-17,1206112.9
2018-04-18,1203303.3
2018-04-19,1201713.6
2018-04-20,1174960.7
2018-04-21,1188800.1
2018-04-22,1249294.9
2018-04-23,1196337.7
2018-04-24,1150308.5
2018-04-25,1240616.3
2018-04-26,1338803.3
2018-04-27,1329720.9
2018-04-28,1321944.5
2018-04-29,1315698.7
2018-04-30,1301082.4
2018-05-01,1288838.1
2018-05-02,1286900.8
2018-05-03,1288758.4
2018-05-04,1220626.7
2018-05-05,1226541.4
2018-05-06,1131674.3
2018-05-07,1168055.6
2018-05-08,1011699.3
2018-05-09,949294.9
2018-05-10,950814.7
2018-05-11,1013594.0
2018-05-12,957046.9
2018-05-13,885003.1
2018-05-14,824708.4
2018-05-15,942652.8
2018-05-16,920652.3
2018-05-17,868315.3
2018-05-18,839815.8
2018-05-19,907149.7
2018-05-20,941270.1
2018-05-21,969753.2
2018-05-22,858507.8
2018-05-23,945380.1
2018-05-24,946183.3
2018-05-25,937660.6
2018-05-26,925257.6
2018-05-27,959319.8
2018-05-28,995236.5
2018-05-29,1033379.0
2018-05-30,884371.0
2018-05-31,970182.9
2018-06-01,989295.1
2018-06-02,1012335.8
2018-06-03,961446.7
2018-06-04,924036.0
2018-06-05,1104600.8
2018-06-06,937678.1
2018-06-07,806380.6
2018-06-08,855746.7
2018-06-09,916744.8
2018-06-10,937322.1
2018-06-11,960672.6
2018-06-12,986070.1
2018-06-13,1008824.1
2018-06-14,1034906.2
2018-06-15,1043429.3
2018-06-16,1055026.0
2018-06-17,1068917.5
2018-06-18,1084204.4
2018-06-19,1100643.8
2018-06-20,960100.6
2018-06-21,836803.7
2018-06-22,837509.8
2018-06-23,840935.5
2018-06-24,847022.9
2018-06-25,856985.6
2018-06-26,872979.7
2018-06-27,790883.0
2018-06-28,720129.5
2018-06-29,796027.8
2018-06-30,893474.0
2018-07-01,1006366.5
2018-07-02,1130625.9
2018-07-03,1045491.0
2018-07-04,966994.5
2018-07-05,895468.1
2018-07-06,917722.0
2018-07-07,942106.5
2018-07-08,968808.7
2018-07-09,997850.8
2018-07-10,1029244.9
2018-07-11,994185.6
2018-07-12,965009.8
2018-07-13,988659.3
2018-07-14,1013748.3
2018-07-15,1040237.4
2018-07-16,1068094.2
2018-07-17,1097001.7
2018-07-18,898251.0
2018-07-19,734739.6
2018-07-20,777285.1
2018-07-21,823605.9
2018-07-22,873318.3
2018-07-23,925956.9
2018-07-24,981024.9
2018-07-25,985689.1
2018-07-26,996801.6
2018-07-27,986380.8
2018-07-28,977757.4
2018-07-29,970604.5
2018-07-30,964549.4
2018-07-31,959483.0
2018-08-01,930334.4
2018-08-02,907007.9
2018-08-03,907621.3
2018-08-04,910830.2
2018-08-05,916225.9
2018-08-06,923653.6
2018-08-07,933061.5
2018-08-08,1004878.1
2018-08-09,1088859.6
2018-08-10,1085597.9
2018-08-11,1084028.0
2018-08-12,1083525.4
2018-08-13,1083486.2
2018-08-14,1083845.2
2018-08-15,894500.5
2018-08-16,740593.1
2018-08-17,735470.1
2018-08-18,733468.9
2018-08-19,735577.0
2018-08-20,741878.4
2018-08-21,874033.8
2018-08-22,956876.6
2018-08-23,1046271.1
2018-08-24,976020.5
2018-08-25,908359.4
2018-08-26,843643.3
2018-08-27,782481.1
2018-08-28,726119.7
2018-08-29,791720.9
2018-08-30,874868.8
2018-08-31,879584.3
2018-09-01,886881.8
2018-09-02,896261.4
2018-09-03,906703.1
2018-09-04,917950.9
2018-09-05,929942.3
2018-09-06,942684.7
2018-09-07,963786.4
2018-09-08,985768.4
2018-09-09,1008616.7
2018-09-10,1032523.9
2018-09-11,1057809.5
2018-09-12,1020653.8
2018-09-13,986795.6
2018-09-14,1004816.9
2018-09-15,1023975.0
2018-09-16,1044014.0
2018-09-17,1064801.8
2018-09-18,1086742.0
2018-09-19,1109141.6
2018-09-20,1133996.4
2018-09-21,1161242.0
2018-09-22,1161629.8
2018-09-23,1162017.6
2018-09-24,1162405.4
2018-09-25,1162793.3
2018-09-26,1193688.3
2018-09-27,1225984.4
2018-09-28,1246107.4
2018-09-29,1266475.9
2018-09-30,1287051.2
2018-10-01,1307800.2
2018-10-02,1328695.3
2018-10-03,1379623.0
2018-10-04,1431625.3
2018-10-05,1418206.1
2018-10-06,1405030.7
2018-10-07,1392102.9
2018-10-08,1379419.0
2018-10-09,1366965.6
2018-10-10,1354736.9
2018-10-11,1342767.7
2018-10-12,1392562.6
2018-10-13,1442703.0
2018-10-14,1493120.9
2018-10-15,1543798.8
2018-10-16,1594727.8
2018-10-17,1317492.4
2018-10-18,1060273.2
2018-10-19,1083858.0
2018-10-20,1108909.5
2018-10-21,1135563.4
2018-10-22,1163856.3
2018-10-23,1193815.6
2018-10-24,1296783.8
2018-10-25,1403784.3
2018-10-26,1447352.8
2018-10-27,1491747.2
2018-10-28,1536998.2
2018-10-29,1583046.5
2018-10-30,1629863.2
2018-10-31,1677417.0
2018-11-01,1437079.9
2018-11-02,1205576.1
2018-11-03,1243731.1
2018-11-04,1282388.6
2018-11-05,1321583.0
2018-11-06,1361436.2
2018-11-07,1401936.5
2018-11-08,1443008.1
2018-11-09,1403348.7
2018-11-10,1364966.1
2018-11-11,1328790.4
2018-11-12,1295055.7
2018-11-13,1263402.5
2018-11-14,1233571.2
2018-11-15,1774458.5
2018-11-16,1753105.1
2018-11-17,1732575.5
2018-11-18,1712657.8
2018-11-19,1693525.4
2018-11-20,1507317.1
2018-11-21,1556313.8
2018-11-22,1549095.7
2018-11-23,1543262.4
2018-11-24,1538500.6
2018-11-25,1534509.4
2018-11-26,1531195.9
2018-11-27,1611209.7
2018-11-28,1584599.5
2018-11-29,1610822.9
2018-11-30,1527631.0
2018-12-01,1445511.7
2018-12-02,1364629.5
2018-12-03,1285333.7
2018-12-04,1846184.3
2018-12-05,1825633.0
2018-12-06,1809484.6
2018-12-07,1940073.4
2018-12-08,1946439.8
2018-12-09,1953272.3
2018-12-10,1960650.2
2018-12-11,1896369.4
2018-12-12,2044409.2
2018-12-13,1975142.6
2018-12-14,1973961.4
2018-12-15,1925356.5
2018-12-16,1877960.7
2018-12-17,1832056.4
2018-12-18,1788435.9
2018-12-19,1791982.6
2018-12-20,1785544.8
2018-12-21,1779542.0
2018-12-22,1773914.7
2018-12-23,1768587.0
2018-12-24,1763515.7
2018-12-25,1758673.0
2018-12-26,1754037.9
2018-12-27,1749600.5
2018-12-28,1739328.5
2018-12-29,1729272.4
2018-12-30,1719399.0
2018-12-31,1709687.5
2019-01-01,1700127.7
2019-01-02,1690705.7
2019-01-03,1681476.2
2019-01-04,1672516.1
2019-01-05,1716583.0
2019-01-06,1762178.1
2019-01-07,1809443.0
2019-01-08,1674794.6
2019-01-09,1654239.1
2019-01-10,1640400.5
2019-01-11,1741710.5
2019-01-12,1751034.2
2019-01-13,1762388.8
2019-01-14,1776229.2
2019-01-15,1600610.7
2019-01-16,1778770.3
2019-01-17,1779854.4
2019-01-18,1781800.7
2019-01-19,1784939.6
2019-01-20,1803218.3
2019-01-21,1822818.7
2019-01-22,1843867.8
2019-01-23,1773994.9
2019-01-24,1706759.6
2019-01-25,1801489.1
2019-01-26,1772419.5
2019-01-27,1743996.7
2019-01-28,1716438.8
2019-01-29,1689848.9
2019-01-30,1604753.4
2019-01-31,1884456.7
2019-02-01,1725149.6
2019-02-02,1734353.9
2019-02-03,1743696.6
2019-02-04,1753170.0
2019-02-05,1762763.8
2019-02-06,1772471.5
2019-02-07,1782298.9
2019-02-08,1792241.5
2019-02-09,1615297.9
2019-02-10,1645225.2
2019-02-11,1676415.7
2019-02-12,1708867.1
2019-02-13,1742482.9
2019-02-14,1648842.8
2019-02-15,1690868.6
2019-02-16,1686180.4
2019-02-17,1681606.6
2019-02-18,1677169.8
2019-02-19,1672876.2
2019-02-20,1668796.3
2019-02-21,1665028.2
2019-02-22,1661508.6
2019-02-23,1658217.4
2019-02-24,1655147.7
2019-02-25,1652289.2
2019-02-26,1806206.1
2019-02-27,1798902.9
2019-02-28,1774562.6
2019-03-01,1750720.2
2019-03-02,1727377.0
2019-03-03,1704574.5
2019-03-04,1682414.4
2019-03-05,1661036.0
2019-03-06,1640655.9
2019-03-07,1697489.5
2019-03-08,1757308.3
2019-03-09,1686054.3
2019-03-10,1618244.1
2019-03-11,1554364.0
2019-03-12,1493424.4
2019-03-13,1483277.0
2019-03-14,1426429.9
2019-03-15,1375806.3
2019-03-16,1410817.1
2019-03-17,1447726.3
2019-03-18,1486592.3
2019-03-19,1527282.3
2019-03-20,1569772.1
2019-03-21,1599820.1
2019-03-22,1635249.9
2019-03-23,1621856.6
2019-03-24,1579050.0
2019-03-25,1538206.1
2019-03-26,1499474.4
2019-03-27,1652742.8
2019-03-28,1470041.4
2019-03-29,1481422.0
2019-03-30,1493647.2
2019-03-31,1506817.8
2019-04-01,1520843.4
2019-04-02,1535882.6
2019-04-03,1488377.2
2019-04-04,1442518.4
2019-04-05,1398201.3
2019-04-06,1355570.5
2019-04-07,1314890.2
2019-04-08,1275829.9
2019-04-09,1311938.7
2019-04-10,1446712.1
2019-04-11,1591169.8
2019-04-12,1599438.1
2019-04-13,1607947.5
2019-04-14,1616684.3
2019-04-15,1625630.4
2019-04-16,1634755.4
2019-04-17,1537761.2
2019-04-18,1543370.7
2019-04-19,1558776.5
2019-04-20,1530911.3
2019-04-21,1508503.7
2019-04-22,1493290.7
2019-04-23,1436182.3
2019-04-24,1392388.6
2019-04-25,1405709.3
2019-04-26,1420705.3
2019-04-27,1492437.6
2019-04-28,1566197.6
2019-04-29,1641162.8
2019-04-30,1474380.7
2019-05-01,1332599.3
2019-05-02,1285628.9
2019-05-03,1335438.1
2019-05-04,1387160.5
2019-05-05,1440822.4
2019-05-06,1496300.0
2019-05-07,1495959.6
2019-05-08,1496047.9
2019-05-09,1496622.6
2019-05-10,1497747.9
2019-05-11,1499466.8
2019-05-12,1501794.2
2019-05-13,1504697.4
2019-05-14,1508093.1
2019-05-15,1511932.2
2019-05-16,1516173.4
2019-05-17,1475766.0
2019-05-18,1437886.6
2019-05-19,1403401.6
2019-05-20,1373276.4
2019-05-21,1280999.3
2019-05-22,1196530.7
2019-05-23,1129019.4
2019-05-24,1076535.1
2019-05-25,1173651.4
2019-05-26,1274354.1
2019-05-27,1379624.9
2019-05-28,1491161.1
2019-05-29,1392959.7
2019-05-30,1397278.3
2019-05-31,1404571.9
2019-06-01,1414373.0
2019-06-02,1425720.6
2019-06-03,1438132.7
2019-06-04,1451366.2
2019-06-05,1439270.6
2019-06-06,1415970.1
2019-06-07,1402221.1
2019-06-08,1398825.6
2019-06-09,1398683.7
2019-06-10,1401253.0
2019-06-11,1406183.9
2019-06-12,1413968.4
2019-06-13,1431149.4
2019-06-14,1454349.7
2019-06-15,1418314.7
2019-06-16,1384943.4
2019-06-17,1354652.7
2019-06-18,1327922.8
2019-06-19,1304794.9
2019-06-20,1284605.0
2019-06-21,1309325.4
2019-06-22,1337965.6
2019-06-23,1369331.3
2019-06-24,1403745.4
2019-06-25,1439958.3
2019-06-26,1625849.1
2019-06-27,1355115.6
2019-06-28,1319191.6
2019-06-29,1296794.3
2019-06-30,1284373.0
2019-07-01,1173331.0
2019-07-02,1356955.8
2019-07-03,1378557.5
2019-07-04,1384075.6
2019-07-05,1390817.3
2019-07-06,1398690.0
2019-07-07,1408017.7
2019-07-08,1419907.3
2019-07-09,1435553.5
2019-07-10,1422099.6
2019-07-11,1414356.4
2019-07-12,1415195.7
2019-07-13,1422886.1
2019-07-14,1434338.6
2019-07-15,1465593.2
2019-07-16,1379748.8
2019-07-17,1334700.8
2019-07-18,1301500.0
2019-07-19,1283251.8
2019-07-20,1309533.2
2019-07-21,1344632.8
2019-07-22,1385718.4
2019-07-23,1084446.7
2019-07-24,1410599.0
2019-07-25,1172592.9
2019-07-26,1227028.7
2019-07-27,1291808.6
2019-07-28,1366117.8
2019-07-29,1449285.7
2019-07-30,1541506.3
2019-07-31,1581104.2
2019-08-01,1368018.4
2019-08-02,1363227.9
2019-08-03,1365615.8
2019-08-04,1373057.2
2019-08-05,1382860.9
2019-08-06,1397139.3
2019-08-07,1418553.3
2019-08-08,1343880.0
2019-08-09,1352200.5
2019-08-10,1362633.1
2019-08-11,1375758.4
2019-08-12,1391726.5
2019-08-13,1410822.9
2019-08-14,1429033.7
2019-08-15,1447444.9
2019-08-16,1466036.5
2019-08-17,1484798.2
2019-08-18,1503731.6
2019-08-19,1522829.7
2019-08-20,1542104.6
2019-08-21,1561595.7
2019-08-22,1597246.8
2019-08-23,1305814.6
2019-08-24,1380878.9
2019-08-25,1462158.3
2019-08-26,1456809.7
2019-08-27,1453820.2
2019-08-28,1660589.9
2019-08-29,1562397.5
2019-08-30,1560185.6
2019-08-31,1564748.0
2019-09-01,1570092.3
2019-09-02,1576347.9
2019-09-03,1583795.8
2019-09-04,1562060.8
2019-09-05,1538762.7
2019-09-06,1515833.2
2019-09-07,1493261.1
2019-09-08,1471062.6
2019-09-09,1449277.0
2019-09-10,1427952.4
2019-09-11,1469293.1
2019-09-12,1514062.4
2019-09-13,1443638.3
2019-09-14,1377053.2
2019-09-15,1314491.1
2019-09-16,1256333.4
2019-09-17,1202889.5
2019-09-18,1332883.3
2019-09-19,1484944.8
2019-09-20,1498300.4
2019-09-21,1512221.9
2019-09-22,1526726.6
2019-09-23,1541613.5
2019-09-24,1556801.8
2019-09-25,1616025.5
2019-09-26,1676970.6
2019-09-27,1661946.0
2019-09-28,1647210.8
2019-09-29,1632878.9
2019-09-30,1619254.1
2019-10-01,1606982.0
2019-10-02,1537695.5
2019-10-03,1476573.4
2019-10-04,1393554.1
2019-10-05,1313107.4
2019-10-06,1237590.3
2019-10-07,1172051.9
2019-10-08,1128677.4
2019-10-09,1019937.9
2019-10-10,955962.3
2019-10-11,987056.0
2019-10-12,1021196.0
2019-10-13,1059950.0
2019-10-14,1105567.2
2019-10-15,1160425.5
2019-10-16,1224407.4
2019-10-17,1225697.9
2019-10-18,1227217.7
2019-10-19,1229089.9
2019-10-20,1231427.8
2019-10-21,1234217.4
2019-10-22,1237445.1
2019-10-23,1132863.1
2019-10-24,1041296.1
2019-10-25,1055850.8
2019-10-26,1071485.8
2019-10-27,1088975.7
2019-10-28,1108610.9
2019-10-29,1129657.0
2019-10-30,1020268.4
2019-10-31,950264.9
2019-11-01,955054.4
2019-11-02,960542.1
2019-11-03,966829.4
2019-11-04,973964.2
2019-11-05,982019.6
2019-11-06,1013758.7
2019-11-07,1051163.4
2019-11-08,1044397.4
2019-11-09,1041936.1
2019-11-10,1042753.5
2019-11-11,1044895.7
2019-11-12,1047909.9
2019-11-13,1051508.9
2019-11-14,1048646.8
2019-11-15,1047156.7
2019-11-16,1047700.3
2019-11-17,1054366.1
2019-11-18,1070414.0
2019-11-19,1093164.7
2019-11-20,1241521.8
2019-11-21,1407060.6
2019-11-22,1379382.6
2019-11-23,1352594.3
2019-11-24,1326723.5
2019-11-25,1302014.6
2019-11-26,1278791.3
2019-11-27,1203892.7
2019-11-28,1135353.2
2019-11-29,1072780.8
2019-11-30,1016789.3
2019-12-01,968987.5
2019-12-02,927794.1
2019-12-03,889654.6
2019-12-04,1203065.5
2019-12-05,1750121.6
2019-12-06,1651630.2
2019-12-07,1557186.6
2019-12-08,1465679.2
2019-12-09,1376288.2
2019-12-10,1289251.5
2019-12-11,1206161.2
2019-12-12,1240476.8
2019-12-13,1276395.6
2019-12-14,1313455.8
2019-12-15,1351761.1
2019-12-16,1391520.6
2019-12-17,1432975.1
2019-12-18,1481857.1
2019-12-19,1535983.4
2019-12-20,1538021.8
2019-12-21,1540299.4
2019-12-22,1542974.6
2019-12-23,1546084.2
2019-12-24,1549598.8
2019-12-25,1553613.7
2019-12-26,1558456.7
2019-12-27,1564179.7
2019-12-28,1589159.9
2019-12-29,1619063.0
2019-12-30,1652802.1
2019-12-31,1688250.6
2020-01-01,1671581.6
2020-01-02,1655394.8
2020-01-03,1639705.3
2020-01-04,1624664.5
2020-01-05,1610785.9
2020-01-06,1597594.3
2020-01-07,1584832.9
2020-01-08,1613779.7
2020-01-09,1647957.4
2020-01-10,1631174.6
2020-01-11,1615122.4
2020-01-12,1600032.9
2020-01-13,1586294.7
2020-01-14,1574220.2
2020-01-15,1563199.4
2020-01-16,1587775.4
2020-01-17,1613783.3
2020-01-18,1641298.1
2020-01-19,1670968.7
2020-01-20,1703274.1
2020-01-21,1738672.5
2020-01-22,1637608.6
2020-01-23,1559091.1
2020-01-24,1489760.7
2020-01-25,1423328.4
2020-01-26,1361488.6
2020-01-27,1307771.1
2020-01-28,1263078.8
2020-01-29,1413266.1
2020-01-30,1319187.0
2020-01-31,1308411.5
2020-02-01,1301188.4
2020-02-02,1298870.0
2020-02-03,1301838.0
2020-02-04,1370458.3
2020-02-05,1360646.1
2020-02-06,1371730.9
2020-02-07,1259523.8
2020-02-08,1385415.8
2020-02-09,1254924.7
2020-02-10,1212953.3
2020-02-11,1189853.0
2020-02-12,1196973.0
2020-02-13,1272409.6
2020-02-14,1173022.9
2020-02-15,1319012.7
2020-02-16,1204538.4
2020-02-17,1120913.8
2020-02-18,1135496.8
2020-02-19,1157426.4
2020-02-20,1188407.5
2020-02-21,1227084.8
2020-02-22,1206141.7
2020-02-23,1143615.2
2020-02-24,1310738.9
2020-02-25,1310731.3
2020-02-26,1325609.7
2020-02-27,1165997.9
2020-02-28,1040977.6
2020-02-29,1112688.5
2020-03-01,1130416.0
2020-03-02,1101321.8
2020-03-03,1101985.2
2020-03-04,1107097.6
2020-03-05,1116429.3
2020-03-06,948120.1
2020-03-07,965332.5
2020-03-08,948040.5
2020-03-09,971579.6
2020-03-10,1147084.0
2020-03-11,986021.5
2020-03-12,986407.8
2020-03-13,940775.3
2020-03-14,965961.9
2020-03-15,1004672.6
2020-03-16,931554.7
2020-03-17,924467.7
2020-03-18,937302.6
2020-03-19,974991.0
2020-03-20,938556.9
2020-03-21,920043.1
2020-03-22,922504.9
2020-03-23,883791.3
2020-03-24,882705.9
2020-03-25,869180.2
2020-03-26,803666.2
2020-03-27,760157.0
2020-03-28,737444.9
2020-03-29,726597.9
2020-03-30,735283.5
2020-03-31,539561.4
2020-04-01,753995.5
2020-04-02,554113.2
2020-04-03,534430.3
2020-04-04,533399.3
2020-04-05,549579.2
2020-04-06,645060.5
2020-04-07,545731.4
2020-04-08,607347.2
2020-04-09,457736.8
2020-04-10,435944.4
2020-04-11,427175.2
2020-04-12,430776.7
2020-04-13,447685.0
2020-04-14,484002.5
2020-04-15,553695.4
2020-04-16,399915.3
2020-04-17,424920.3
2020-04-18,465455.8
2020-04-19,520272.5
2020-04-20,536770.6
2020-04-21,570485.4
2020-04-22,538387.4
2020-04-23,534759.4
2020-04-24,539179.5
2020-04-25,554133.7
2020-04-26,486018.0
2020-04-27,435971.7
2020-04-28,401286.6
2020-04-29,440040.5
2020-04-30,516418.2
2020-05-01,516328.5
2020-05-02,520678.1
2020-05-03,529122.5
2020-05-04,541146.8
2020-05-05,556784.5
2020-05-06,606478.4
2020-05-07,674535.3
2020-05-08,621882.3
2020-05-09,600395.8
2020-05-10,598606.0
2020-05-11,610779.7
2020-05-12,636401.3
2020-05-13,645464.7
2020-05-14,619106.1
2020-05-15,595061.7
2020-05-16,573588.7
2020-05-17,554570.1
2020-05-18,537835.6
2020-05-19,589877.8
2020-05-20,575894.4
2020-05-21,567472.4
2020-05-22,565637.9
2020-05-23,572053.7
2020-05-24,553545.0
2020-05-25,543095.4
2020-05-26,539408.2
2020-05-27,541542.3
2020-05-28,524909.1
2020-05-29,561880.6
2020-05-30,602277.3
2020-05-31,645987.8
2020-06-01,694528.9
2020-06-02,649858.4
2020-06-03,585699.0
2020-06-04,549317.6
2020-06-05,570977.8
2020-06-06,596093.6
2020-06-07,625205.1
2020-06-08,658909.8
2020-06-09,683660.2
2020-06-10,713800.1
2020-06-11,748933.9
2020-06-12,736649.4
2020-06-13,728132.5
2020-06-14,723613.1
2020-06-15,723631.1
2020-06-16,728590.6
2020-06-17,702128.3
2020-06-18,680498.6
2020-06-19,662105.3
2020-06-20,659806.3
2020-06-21,658890.6
2020-06-22,659382.4
2020-06-23,661578.9
2020-06-24,630315.8
2020-06-25,632559.6
2020-06-26,638578.1
2020-06-27,647929.2
2020-06-28,660049.3
2020-06-29,622942.4
2020-06-30,607634.6
2020-07-01,672233.9
2020-07-02,662302.4
2020-07-03,656284.5
2020-07-04,654262.9
2020-07-05,655009.6
2020-07-06,657262.3
2020-07-07,660575.7
2020-07-08,679652.5
2020-07-09,702643.1
2020-07-10,718159.7
2020-07-11,734818.8
2020-07-12,752623.4
2020-07-13,771860.2
2020-07-14,792392.2
2020-07-15,757843.7
2020-07-16,731014.1
2020-07-17,741838.1
2020-07-18,755067.2
2020-07-19,770772.3
2020-07-20,789444.1
2020-07-21,811113.4
2020-07-22,746215.7
2020-07-23,703550.2
2020-07-24,716849.2
2020-07-25,731148.8
2020-07-26,746436.7
2020-07-27,762591.2
2020-07-28,779700.9
2020-07-29,776976.0
2020-07-30,777904.4
2020-07-31,753508.6
2020-08-01,729996.9
2020-08-02,707897.9
2020-08-03,687993.2
2020-08-04,670639.4
2020-08-05,720694.9
2020-08-06,780256.7
2020-08-07,790956.9
2020-08-08,802197.3
2020-08-09,813953.2
2020-08-10,826157.3
2020-08-11,838789.7
2020-08-12,851842.7
2020-08-13,729899.2
2020-08-14,732476.5
2020-08-15,736796.9
2020-08-16,743388.5
2020-08-17,751398.8
2020-08-18,760057.7
2020-08-19,769140.0
2020-08-20,781410.9
2020-08-21,777494.2
2020-08-22,774420.3
2020-08-23,772182.7
2020-08-24,770854.6
2020-08-25,770478.0
2020-08-26,771152.6
2020-08-27,772908.1
2020-08-28,775777.1
2020-08-29,750277.7
2020-08-30,728811.7
2020-08-31,711129.8
2020-09-01,697328.3
2020-09-02,726000.4
2020-09-03,758767.5
2020-09-04,786431.9
2020-09-05,815646.1
2020-09-06,846340.1
2020-09-07,878240.9
2020-09-08,911301.5
2020-09-09,839481.4
2020-09-10,775000.0
2020-09-11,763783.3
2020-09-12,753569.5
2020-09-13,744264.6
2020-09-14,735848.0
2020-09-15,728481.7
2020-09-16,721959.1
2020-09-17,702553.8
2020-09-18,712869.9
2020-09-19,723735.3
2020-09-20,735220.0
2020-09-21,747250.3
2020-09-22,759632.8
2020-09-23,748039.3
2020-09-24,738464.9
2020-09-25,748956.0
2020-09-26,760046.3
2020-09-27,771643.3
2020-09-28,783696.4
2020-09-29,796199.4
2020-09-30,788415.8
2020-10-01,782221.7
2020-10-02,791886.6
2020-10-03,802283.9
2020-10-04,813358.6
2020-10-05,825081.4
2020-10-06,837428.4
2020-10-07,847213.2
2020-10-08,859003.7
2020-10-09,857291.5
2020-10-10,855815.8
2020-10-11,854587.1
2020-10-12,853618.0
2020-10-13,852886.6
2020-10-14,852366.0
2020-10-15,800451.3
2020-10-16,776046.4
2020-10-17,752418.5
2020-10-18,729755.1
2020-10-19,708493.4
2020-10-20,688818.7
2020-10-21,786462.2
2020-10-22,899168.9
2020-10-23,871112.6
2020-10-24,843452.8
2020-10-25,816177.4
2020-10-26,789285.9
2020-10-27,762781.5
2020-10-28,736673.6
2020-10-29,711004.0
2020-10-30,686582.9
2020-10-31,712557.1
2020-11-01,740197.6
2020-11-02,769666.9
2020-11-03,800959.0
2020-11-04,799547.6
2020-11-05,798318.0
2020-11-06,797261.1
2020-11-07,796367.3
2020-11-08,795641.3
2020-11-09,795101.1
2020-11-10,794752.3
2020-11-11,819317.9
2020-11-12,848216.4
2020-11-13,824648.4
2020-11-14,801759.5
2020-11-15,779577.9
2020-11-16,758179.0
2020-11-17,738390.7
2020-11-18,708810.3
2020-11-19,687386.8
2020-11-20,672895.0
2020-11-21,660407.8
2020-11-22,650077.4
2020-11-23,642064.9
2020-11-24,636993.0
2020-11-25,712586.0
2020-11-26,732532.9
2020-11-27,753303.7
2020-11-28,774829.0
2020-11-29,797050.6
2020-11-30,819910.9
2020-12-01,843410.5
2020-12-02,824981.5
2020-12-03,808615.8
2020-12-04,808435.8
2020-12-05,808621.0
2020-12-06,809134.1
2020-12-07,809997.2
2020-12-08,811293.8
2020-12-09,801195.8
2020-12-10,793521.5
2020-12-11,728545.2
2020-12-12,668249.5
2020-12-13,612667.6
2020-12-14,562110.8
2020-12-15,516613.5
2020-12-16,715315.7
2020-12-17,975239.4
2020-12-18,929160.5
2020-12-19,884256.2
2020-12-20,840507.1
2020-12-21,798043.8
2020-12-22,756842.5
2020-12-23,815157.6
2020-12-24,876135.1
2020-12-25,939613.3
2020-12-26,1005353.5
2020-12-27,1073179.0
2020-12-28,1143159.3
2020-12-29,1215245.9
2020-12-30,693247.9
2020-12-31,717971.7
2021-01-01,743901.1
2021-01-02,770931.7
2021-01-03,799153.2
2021-01-04,828578.0
2021-01-05,859282.3
2021-01-06,856852.4
2021-01-07,854629.7
2021-01-08,852629.9
2021-01-09,850870.9
2021-01-10,849347.5
2021-01-11,848044.7
2021-01-12,846950.6
2021-01-13,780066.5
2021-01-14,718014.1
2021-01-15,771922.4
2021-01-16,830121.1
2021-01-17,892433.9
2021-01-18,957903.6
2021-01-19,1026468.2
2021-01-20,1098139.8
2021-01-21,1172540.1
2021-01-22,1174642.4
2021-01-23,1226730.5
2021-01-24,1281871.8
2021-01-25,1339375.4
2021-01-26,1399048.3
2021-01-27,1460311.1
2021-01-28,1145216.1
2021-01-29,1157874.9
2021-01-30,1171894.9
2021-01-31,1186976.4
2021-02-01,1202785.4
2021-02-02,1219427.5
2021-02-03,1193173.3
2021-02-04,1174355.8
2021-02-05,1118384.7
2021-02-06,1065524.2
2021-02-07,1016634.2
2021-02-08,973544.0
2021-02-09,939959.8
2021-02-10,916414.9
2021-02-11,901407.9
2021-02-12,855748.5
2021-02-13,813932.8
2021-02-14,777114.2
2021-02-15,747316.6
2021-02-16,727216.2
2021-02-17,713555.1
2021-02-18,735308.3
2021-02-19,818233.0
2021-02-20,763031.5
2021-02-21,714209.4
2021-02-22,672025.3
2021-02-23,639696.6
2021-02-24,665396.1
2021-02-25,711183.2
2021-02-26,583326.0
2021-02-27,473590.8
2021-02-28,383721.5
2021-03-01,317324.5
2021-03-02,276690.6
2021-03-03,367376.9
2021-03-04,540303.5
2021-03-05,506334.9
2021-03-06,476767.3
2021-03-07,454024.9
2021-03-08,439436.8
2021-03-09,434557.5
2021-03-10,456461.3
2021-03-11,503752.4
2021-03-12,433649.1
2021-03-13,371664.5
2021-03-14,322285.7
2021-03-15,289547.0
2021-03-16,281282.2
2021-03-17,259086.4
2021-03-18,293963.9
2021-03-19,248345.4
2021-03-20,213470.8
2021-03-21,193495.5
2021-03-22,183319.9
2021-03-23,180314.2
2021-03-24,204257.0
2021-03-25,240339.7
2021-03-26,233282.1
2021-03-27,227599.5
2021-03-28,223653.6
2021-03-29,221440.0
2021-03-30,220988.8
2021-03-31,242924.8
2021-04-01,276082.9
2021-04-02,260234.4
2021-04-03,245984.0
2021-04-04,233837.6
2021-04-05,224269.3
2021-04-06,217170.0
2021-04-07,223948.1
2021-04-08,239900.9
2021-04-09,251956.5
2021-04-10,265476.5
2021-04-11,280566.8
2021-04-12,297238.4
2021-04-13,315390.1
2021-04-14,240949.6
2021-04-15,290002.3
2021-04-16,270872.1
2021-04-17,255006.9
2021-04-18,241520.7
2021-04-19,229594.7
2021-04-20,219099.4
2021-04-21,304857.6
2021-04-22,324370.8
2021-04-23,316626.5
2021-04-24,312406.4
2021-04-25,311189.9
2021-04-26,312937.8
2021-04-27,317614.5
2021-04-28,286847.1
2021-04-29,307207.1
2021-04-30,297114.0
2021-05-01,288525.0
2021-05-02,282251.4
2021-05-03,279066.3
2021-05-04,236092.8
2021-05-05,183014.8
2021-05-06,211455.4
2021-05-07,220280.8
2021-05-08,231299.0
2021-05-09,244905.6
2021-05-10,261324.4
2021-05-11,280203.0
2021-05-12,301329.8
2021-05-13,214924.0
2021-05-14,216825.4
2021-05-15,224869.1
2021-05-16,236121.1
2021-05-17,249740.4
2021-05-18,252898.1
2021-05-19,259929.3
2021-05-20,270255.3
2021-05-21,273693.8
2021-05-22,284872.2
2021-05-23,306368.2
2021-05-24,338407.8
2021-05-25,363269.3
2021-05-26,306252.0
2021-05-27,312991.1
2021-05-28,322284.1
2021-05-29,333659.8
2021-05-30,346665.8
2021-05-31,361003.8
2021-06-01,376350.3
2021-06-02,363232.7
2021-06-03,316910.1
2021-06-04,337552.4
2021-06-05,339196.0
2021-06-06,346815.7
2021-06-07,362224.7
2021-06-08,390574.0
2021-06-09,438497.2
2021-06-10,438355.9
2021-06-11,439089.0
2021-06-12,440535.7
2021-06-13,442467.1
2021-06-14,444901.3
2021-06-15,448004.1
2021-06-16,401773.5
2021-06-17,397723.7
2021-06-18,395349.9
2021-06-19,394749.7
2021-06-20,396612.1
2021-06-21,402798.4
2021-06-22,412821.7
2021-06-23,424436.8
2021-06-24,417739.5
2021-06-25,411750.6
2021-06-26,406566.6
2021-06-27,402206.3
2021-06-28,398809.4
2021-06-29,396552.6
2021-06-30,395756.1
2021-07-01,394235.9
2021-07-02,393751.0
2021-07-03,394169.7
2021-07-04,395395.3
2021-07-05,397405.3
2021-07-06,400215.9
2021-07-07,403794.0
2021-07-08,425709.7
2021-07-09,381800.9
2021-07-10,343385.1
2021-07-11,312370.2
2021-07-12,289245.7
2021-07-13,272346.5
2021-07-14,232488.5
2021-07-15,205177.2
2021-07-16,265452.6
2021-07-17,343650.2
2021-07-18,439027.3
2021-07-19,556237.6
2021-07-20,691154.2
2021-07-21,481106.3
2021-07-22,336333.5
2021-07-23,344553.8
2021-07-24,354190.9
2021-07-25,365322.1
2021-07-26,378074.3
2021-07-27,392716.0
2021-07-28,444588.3
2021-07-29,503791.8
2021-07-30,492116.6
2021-07-31,481383.9
2021-08-01,471448.3
2021-08-02,462308.9
2021-08-03,454034.0
2021-08-04,438860.1
2021-08-05,430562.2
2021-08-06,453752.6
2021-08-07,479018.6
2021-08-08,506414.6
2021-08-09,536327.5
2021-08-10,569013.8
2021-08-11,505401.1
2021-08-12,447093.8
2021-08-13,435177.5
2021-08-14,424879.0
2021-08-15,415612.3
2021-08-16,407359.4
2021-08-17,400025.0
2021-08-18,354011.4
2021-08-19,324144.6
2021-08-20,312662.3
2021-08-21,304811.3
2021-08-22,299420.2
2021-08-23,295955.0
2021-08-24,294693.5
2021-08-25,363146.8
2021-08-26,459418.6
2021-08-27,412885.4
2021-08-28,370028.5
2021-08-29,330649.3
2021-08-30,294149.7
2021-08-31,260550.4
2021-09-01,227063.7
2021-09-02,198691.7
2021-09-03,174601.6
2021-09-04,198589.4
2021-09-05,226112.0
2021-09-06,258061.5
2021-09-07,293799.6
2021-09-08,286583.3
2021-09-09,281162.6
2021-09-10,315215.1
2021-09-11,352650.4
2021-09-12,393075.3
2021-09-13,436115.0
2021-09-14,481612.8
2021-09-15,402903.9
2021-09-16,336100.9
2021-09-17,364246.7
2021-09-18,394711.0
2021-09-19,427176.7
2021-09-20,461811.7
2021-09-21,498306.5
2021-09-22,505459.9
2021-09-23,516356.3
2021-09-24,501336.4
2021-09-25,487346.6
2021-09-26,474139.5
2021-09-27,461540.3
2021-09-28,449499.8
2021-09-29,437997.4
2021-09-30,547683.5
2021-10-01,550802.3
2021-10-02,554278.1
2021-10-03,558230.8
2021-10-04,562846.8
2021-10-05,567781.8
2021-10-06,463824.4
2021-10-07,374093.4
2021-10-08,376345.2
2021-10-09,378984.9
2021-10-10,381997.1
2021-10-11,385411.9
2021-10-12,389190.4
2021-10-13,393320.0
2021-10-14,589171.0
2021-10-15,564979.8
2021-10-16,541561.3
2021-10-17,518874.5
2021-10-18,496934.1
2021-10-19,475801.2
2021-10-20,494270.8
2021-10-21,518180.6
2021-10-22,514761.3
2021-10-23,511806.6
2021-10-24,509316.7
2021-10-25,507298.3
2021-10-26,505755.6
2021-10-27,447792.3
2021-10-28,406306.9
2021-10-29,408239.1
2021-10-30,412011.4
2021-10-31,418198.1
2021-11-01,426758.9
2021-11-02,437810.3
2021-11-03,460602.0
2021-11-04,493738.0
2021-11-05,487099.7
2021-11-06,482949.3
2021-11-07,480921.2
2021-11-08,480853.6
2021-11-09,482857.3
2021-11-10,499422.1
2021-11-11,516615.9
2021-11-12,534478.3
2021-11-13,553050.4
2021-11-14,572354.4
2021-11-15,592323.1
2021-11-16,612894.5
2021-11-17,561240.7
2021-11-18,514196.5
2021-11-19,513708.6
2021-11-20,513440.0
2021-11-21,513447.5
2021-11-22,513795.8
2021-11-23,514462.6
2021-11-24,506072.6
2021-11-25,519424.4
2021-11-26,533368.7
2021-11-27,547840.9
2021-11-28,562865.2
2021-11-29,578439.2
2021-11-30,594504.5
2021-12-01,582966.0
2021-12-02,573647.2
2021-12-03,614168.6
2021-12-04,657258.9
2021-12-05,703827.0
2021-12-06,753794.8
2021-12-07,806257.2
2021-12-08,661135.3
2021-12-09,541617.8
2021-12-10,550919.4
2021-12-11,560699.1
2021-12-12,571012.8
2021-12-13,581947.0
2021-12-14,593543.4
2021-12-15,536796.9
2021-12-16,486013.2
2021-12-17,500519.7
2021-12-18,515763.9
2021-12-19,531739.4
2021-12-20,548388.2
2021-12-21,565679.7
2021-12-22,536656.0
2021-12-23,537930.0
2021-12-24,539508.3
2021-12-25,541389.2
2021-12-26,543539.7
2021-12-27,545942.0
2021-12-28,548598.4
2021-12-29,518190.1
2021-12-30,526957.7
2021-12-31,535985.6
2022-01-01,545297.3
2022-01-02,555010.7
2022-01-03,565038.4
2022-01-04,575293.9
2022-01-05,585759.4
2022-01-06,596410.6
2022-01-07,582277.0
2022-01-08,568901.4
2022-01-09,556309.5
2022-01-10,544545.5
2022-01-11,533662.5
2022-01-12,630253.5
2022-01-13,744863.9
2022-01-14,730459.3
2022-01-15,716801.7
2022-01-16,703867.3
2022-01-17,691636.3
2022-01-18,680100.1
2022-01-19,669216.5
2022-01-20,758095.1
2022-01-21,468590.8
2022-01-22,540205.9
2022-01-23,637065.4
2022-01-24,771554.7
2022-01-25,658335.8
2022-01-26,626524.8
2022-01-27,613866.9
2022-01-28,634016.5
2022-01-29,655631.2
2022-01-30,678978.0
2022-01-31,704140.3
2022-02-01,518432.9
2022-02-02,569707.9
2022-02-03,626862.3
2022-02-04,692078.3
2022-02-05,768159.7
2022-02-06,852375.6
2022-02-07,943543.4
2022-02-08,642090.2
2022-02-09,647493.0
2022-02-10,686201.2
2022-02-11,692453.5
2022-02-12,703322.8
2022-02-13,721695.2
2022-02-14,748935.2
2022-02-15,721491.3
2022-02-16,694701.6
2022-02-17,697324.6
2022-02-18,664233.7
2022-02-19,632418.3
2022-02-20,601935.2
2022-02-21,572926.7
2022-02-22,545814.9
2022-02-23,522237.3
2022-02-24,504345.2
2022-02-25,465518.8
2022-02-26,464740.0
2022-02-27,467534.8
2022-02-28,473459.5
2022-03-01,482379.7
2022-03-02,691623.7
2022-03-03,700852.2
2022-03-04,477040.3
2022-03-05,551508.3
2022-03-06,638251.8
2022-03-07,733732.3
2022-03-08,559184.6
2022-03-09,445919.2
2022-03-10,365413.8
2022-03-11,416585.3
2022-03-12,481355.7
2022-03-13,567940.1
2022-03-14,687958.0
2022-03-15,639542.0
2022-03-16,792589.1
2022-03-17,486321.2
2022-03-18,525117.6
2022-03-19,577810.6
2022-03-20,647705.5
2022-03-21,739252.9
2022-03-22,617330.1
2022-03-23,511847.7
2022-03-24,463142.9
2022-03-25,500513.7
2022-03-26,547385.9
2022-03-27,608404.0
2022-03-28,686887.9
2022-03-29,721030.7
2022-03-30,758335.8
2022-03-31,652182.9
2022-04-01,666893.5
2022-04-02,683945.4
2022-04-03,702737.2
2022-04-04,724253.4
2022-04-05,702231.2
2022-04-06,629578.6
2022-04-07,586505.0
2022-04-08,638559.2
2022-04-09,700502.0
2022-04-10,773959.9
2022-04-11,857638.5
2022-04-12,896545.7
2022-04-13,939559.2
2022-04-14,925634.3
2022-04-15,912383.2
2022-04-16,899901.1
2022-04-17,888252.8
2022-04-18,877356.0
2022-04-19,867080.5
2022-04-20,857399.7
2022-04-21,769973.5
2022-04-22,693775.3
2022-04-23,722870.7
2022-04-24,760727.2
2022-04-25,805370.3
2022-04-26,879916.5
2022-04-27,825098.7
2022-04-28,747721.7
2022-04-29,476538.3
2022-04-30,510616.0
2022-05-01,549034.4
2022-05-02,593914.0
2022-05-03,643556.8
2022-05-04,617857.6
2022-05-05,610674.8
2022-05-06,645335.1
2022-05-07,686506.9
2022-05-08,733691.4
2022-05-09,783895.0
2022-05-10,835851.8
2022-05-11,785084.0
2022-05-12,757445.6
2022-05-13,771384.1
2022-05-14,788507.1
2022-05-15,807964.0
2022-05-16,829527.7
2022-05-17,853173.8
2022-05-18,879073.3
2022-05-19,945073.2
2022-05-20,969899.1
2022-05-21,999453.1
2022-05-22,1033744.1
2022-05-23,1072750.9
2022-05-24,1002269.1
2022-05-25,986917.8
2022-05-26,972163.3
2022-05-27,958124.3
2022-05-28,944926.9
2022-05-29,932545.0
2022-05-30,921049.9
2022-05-31,911381.4
2022-06-01,788450.0
2022-06-02,812714.7
2022-06-03,545267.3
2022-06-04,640203.2
2022-06-05,766005.4
2022-06-06,910081.0
2022-06-07,793290.7
2022-06-08,888742.4
2022-06-09,1022598.9
2022-06-10,1014642.8
2022-06-11,1007409.0
2022-06-12,1000839.6
2022-06-13,994859.4
2022-06-14,989522.2
2022-06-15,984820.7
2022-06-16,980800.2
2022-06-17,977552.3
2022-06-18,941241.2
2022-06-19,908579.3
2022-06-20,882942.3
2022-06-21,867280.8
2022-06-22,815667.3
2022-06-23,816015.6
2022-06-24,827043.4
2022-06-25,733151.6
2022-06-26,659909.8
2022-06-27,604059.6
2022-06-28,987964.0
2022-06-29,536374.2
2022-06-30,569564.6
2022-07-01,607758.8
2022-07-02,651501.7
2022-07-03,701178.4
2022-07-04,756137.8
2022-07-05,815444.2
2022-07-06,648940.2
2022-07-07,684408.6
2022-07-08,724492.4
2022-07-09,768812.3
2022-07-10,815962.3
2022-07-11,865011.4
2022-07-12,915572.5
2022-07-13,927844.5
2022-07-14,940975.9
2022-07-15,954922.7
2022-07-16,969679.1
2022-07-17,985294.6
2022-07-18,1001548.7
2022-07-19,1018205.2
2022-07-20,1035314.8
2022-07-21,1053717.6
2022-07-22,1073739.1
2022-07-23,1095678.9
2022-07-24,978212.1
2022-07-25,867062.5
2022-07-26,767432.7
2022-07-27,816228.2
2022-07-28,874684.9
2022-07-29,889112.5
2022-07-30,904310.8
2022-07-31,920077.9
2022-08-01,936355.7
2022-08-02,953231.0
2022-08-03,853888.6
2022-08-04,768727.1
2022-08-05,819438.1
2022-08-06,875512.1
2022-08-07,935126.9
2022-08-08,996646.0
2022-08-09,1059313.5
2022-08-10,1004349.6
2022-08-11,953606.0
2022-08-12,900865.4
2022-08-13,849810.6
2022-08-14,801448.3
2022-08-15,755737.3
2022-08-16,713283.7
2022-08-17,611381.0
2022-08-18,832110.9
2022-08-19,801801.4
2022-08-20,734062.0
2022-08-21,673269.9
2022-08-22,623575.2
2022-08-23,524125.3
2022-08-24,568473.3
2022-08-25,629972.1
2022-08-26,595121.3
2022-08-27,562774.7
2022-08-28,532667.8
2022-08-29,505544.6
2022-08-30,481723.4
2022-08-31,602778.1
2022-09-01,754422.3
2022-09-02,747269.7
2022-09-03,740828.6
2022-09-04,735081.8
2022-09-05,730112.0
2022-09-06,726492.3
2022-09-07,637763.8
2022-09-08,565800.6
2022-09-09,565614.4
2022-09-10,567209.0
2022-09-11,570290.6
2022-09-12,574743.7
2022-09-13,580772.2
2022-09-14,498048.9
2022-09-15,431996.9
2022-09-16,465548.6
2022-09-17,503198.3
2022-09-18,545197.4
2022-09-19,591370.7
2022-09-20,641709.7
2022-09-21,559046.4
2022-09-22,493977.1
2022-09-23,489789.1
2022-09-24,486617.8
2022-09-25,484530.0
2022-09-26,483853.2
2022-09-27,484748.5
2022-09-28,504437.9
2022-09-29,525890.2
2022-09-30,548926.7
2022-10-01,573806.1
2022-10-02,600464.7
2022-10-03,628870.2
2022-10-04,658681.2
2022-10-05,670865.5
2022-10-06,684066.6
2022-10-07,698252.5
2022-10-08,713196.6
2022-10-09,728601.6
2022-10-10,744442.8
2022-10-11,760833.9
2022-10-12,669232.4
2022-10-13,593093.4
2022-10-14,560165.2
2022-10-15,528911.5
2022-10-16,499582.4
2022-10-17,472279.7
2022-10-18,447198.2
2022-10-19,551249.8
2022-10-20,674733.2
2022-10-21,650766.8
2022-10-22,628157.3
2022-10-23,606905.8
2022-10-24,586778.5
2022-10-25,567597.3
2022-10-26,654438.5
2022-10-27,758655.6
2022-10-28,697044.2
2022-10-29,639890.7
2022-10-30,587119.2
2022-10-31,539769.4
2022-11-01,497672.9
2022-11-02,629171.5
2022-11-03,800133.7
2022-11-04,780667.2
2022-11-05,762002.6
2022-11-06,744215.2
2022-11-07,727372.4
2022-11-08,711552.5
2022-11-09,649915.7
2022-11-10,595287.9
2022-11-11,553985.5
2022-11-12,514137.8
2022-11-13,476580.1
2022-11-14,443587.5
2022-11-15,416710.2
2022-11-16,425048.8
2022-11-17,444365.9
2022-11-18,436269.7
2022-11-19,429695.8
2022-11-20,425297.2
2022-11-21,422341.1
2022-11-22,421033.3
2022-11-23,436548.0
2022-11-24,455166.9
2022-11-25,475824.8
2022-11-26,497899.7
2022-11-27,520829.7
2022-11-28,544588.1
2022-11-29,569062.9
2022-11-30,449493.0
2022-12-01,356536.0
2022-12-02,405779.4
2022-12-03,467259.4
2022-12-04,539007.8
2022-12-05,617607.9
2022-12-06,703028.8
2022-12-07,507513.0
2022-12-08,373591.9
2022-12-09,376865.3
2022-12-10,382170.6
2022-12-11,389562.5
2022-12-12,398238.4
2022-12-13,408119.2
2022-12-14,479372.9
2022-12-15,584652.7
2022-12-16,545197.5
2022-12-17,509022.0
2022-12-18,476738.8
2022-12-19,449603.5
2022-12-20,427429.2
2022-12-21,646007.7
2022-12-22,950030.8
2022-12-23,820059.1
2022-12-24,697612.8
2022-12-25,588360.2
2022-12-26,494289.2
2022-12-27,413834.5
2022-12-28,350751.4
2022-12-29,392828.8
2022-12-30,442975.5
2022-12-31,499391.2
2023-01-01,561520.6
2023-01-02,628597.4
2023-01-03,700680.1
2023-01-04,777282.2
2023-01-05,738832.3
2023-01-06,703590.0
2023-01-07,671740.4
2023-01-08,643117.0
2023-01-09,616984.4
2023-01-10,592952.9
2023-01-11,619839.8
2023-01-12,663321.2
2023-01-13,605511.9
2023-01-14,550379.2
2023-01-15,498423.8
2023-01-16,450561.8
2023-01-17,408040.4
2023-01-18,371955.5
2023-01-19,425773.7
2023-01-20,489256.0
2023-01-21,560439.6
2023-01-22,638074.0
2023-01-23,721799.9
2023-01-24,810844.3
2023-01-25,590409.6
2023-01-26,415244.0
2023-01-27,417893.0
2023-01-28,421994.6
2023-01-29,427536.8
2023-01-30,434123.8
2023-01-31,442200.2
2023-02-01,483016.2
2023-02-02,527133.5
2023-02-03,573165.4
2023-02-04,620800.3
2023-02-05,669990.5
2023-02-06,720730.6
2023-02-07,772535.4
2023-02-08,785855.0
2023-02-09,799566.0
2023-02-10,813692.0
2023-02-11,828331.0
2023-02-12,843596.8
2023-02-13,859368.0
2023-02-14,875474.5
2023-02-15,892613.3
2023-02-16,910058.7
2023-02-17,927713.3
2023-02-18,945576.7
2023-02-19,963720.9
2023-02-20,982160.9
2023-02-21,1000882.6
2023-02-22,1019934.6
2023-02-23,1098592.0
2023-02-24,1184934.1
2023-02-25,1128873.3
2023-02-26,1074711.2
2023-02-27,1023174.8
2023-02-28,728896.8
2023-03-01,865782.6
2023-03-02,1027549.7
2023-03-03,906617.8
2023-03-04,928991.9
2023-03-05,954106.1
2023-03-06,981270.0
2023-03-07,992481.3
2023-03-08,938205.7
2023-03-09,1068495.5
2023-03-10,998047.2
2023-03-11,929524.9
2023-03-12,863773.3
2023-03-13,803910.0
2023-03-14,752697.2
2023-03-15,722387.5
2023-03-16,694498.0
2023-03-17,669209.9
2023-03-18,647935.1
2023-03-19,636285.6
2023-03-20,634253.3
2023-03-21,885838.2
2023-03-22,1075825.5
2023-03-23,1315516.0
2023-03-24,1186165.5
2023-03-25,1156008.3
2023-03-26,1127342.3
2023-03-27,1099964.3
2023-03-28,1066917.4
2023-03-29,1040132.3
2023-03-30,900709.4
2023-03-31,1141031.3
2023-04-01,1061699.3
2023-04-02,985213.0
2023-04-03,913285.6
2023-04-04,877838.7
2023-04-05,847398.8
2023-04-06,885062.8
2023-04-07,955007.1
2023-04-08,1037930.6
2023-04-09,1126148.8
2023-04-10,1217495.4
2023-04-11,956855.2
2023-04-12,883610.8
2023-04-13,788288.5
2023-04-14,809832.3
2023-04-15,835094.2
2023-04-16,862568.3
2023-04-17,890636.4
2023-04-18,919005.0
2023-04-19,980496.5
2023-04-20,948492.2
2023-04-21,1067253.2
2023-04-22,1015976.8
2023-04-23,969310.7
2023-04-24,930267.1
2023-04-25,905526.8
2023-04-26,915471.7
2023-04-27,963798.0
2023-04-28,1150507.2
2023-04-29,1086614.1
2023-04-30,1025892.9
2023-05-01,970495.3
2023-05-02,1350907.6
2023-05-03,1154263.1
2023-05-04,1086127.2
2023-05-05,1014094.2
2023-05-06,993310.0
2023-05-07,982911.2
2023-05-08,975792.3
2023-05-09,1120115.4
2023-05-10,1081998.3
2023-05-11,1321830.1
2023-05-12,1336450.3
2023-05-13,1351295.6
2023-05-14,1366238.2
2023-05-15,1381337.5
2023-05-16,1396620.5
2023-05-17,947004.5
2023-05-18,1057202.7
2023-05-19,1086515.7
2023-05-20,1091822.3
2023-05-21,1098613.4
2023-05-22,1106479.3
2023-05-23,913494.6
2023-05-24,666575.9
2023-05-25,723708.6
2023-05-26,785733.1
2023-05-27,801666.4
2023-05-28,823208.0
2023-05-29,847941.8
2023-05-30,873943.3
2023-05-31,900597.5
2023-06-01,927757.5
2023-06-02,931914.8
2023-06-03,937934.7
2023-06-04,944974.4
2023-06-05,952940.7
2023-06-06,962087.6
2023-06-07,820213.2
2023-06-08,694885.3
2023-06-09,731532.1
2023-06-10,775043.9
2023-06-11,820956.8
2023-06-12,868234.1
2023-06-13,916716.3
2023-06-14,835361.1
2023-06-15,769998.1
2023-06-16,771321.8
2023-06-17,773105.2
2023-06-18,775369.8
2023-06-19,778196.7
2023-06-20,781639.4
2023-06-21,785623.5
2023-06-22,789901.9
2023-06-23,836691.5
2023-06-24,886587.6
2023-06-25,937432.7
2023-06-26,989077.5
2023-06-27,1041509.4
2023-06-28,925672.5
2023-06-29,816220.9
2023-06-30,854498.3
2023-07-01,903169.5
2023-07-02,954067.4
2023-07-03,1005423.8
2023-07-04,1057285.3
2023-07-05,1109796.3
2023-07-06,1071635.0
2023-07-07,1033824.5
2023-07-08,996355.4
2023-07-09,959202.0
2023-07-10,922518.5
2023-07-11,888074.1
2023-07-12,856513.2
2023-07-13,837033.5
2023-07-14,832475.4
2023-07-15,830157.3
2023-07-16,829307.3
2023-07-17,829472.3
2023-07-18,831134.4
2023-07-19,867704.6
2023-07-20,909372.1
2023-07-21,906747.4
2023-07-22,906433.6
2023-07-23,906558.4
2023-07-24,907043.1
2023-07-25,907995.8
2023-07-26,850349.4
2023-07-27,796364.7
2023-07-28,775760.4
2023-07-29,755817.6
2023-07-30,736536.3
2023-07-31,718771.1
2023-08-01,704680.7
2023-08-02,768224.4
2023-08-03,841332.1
2023-08-04,841779.1
2023-08-05,843078.3
2023-08-06,845061.4
2023-08-07,847731.9
2023-08-08,851330.7
2023-08-09,801101.0
2023-08-10,756793.2
2023-08-11,780525.9
2023-08-12,805945.5
2023-08-13,832348.0
2023-08-14,859305.6
2023-08-15,886587.5
2023-08-16,853350.8
2023-08-17,828778.4
2023-08-18,821579.6
2023-08-19,814841.3
2023-08-20,808513.4
2023-08-21,802928.4
2023-08-22,798699.3
2023-08-23,795996.0
2023-08-24,726930.5
2023-08-25,745376.2
2023-08-26,765338.2
2023-08-27,786545.2
2023-08-28,809390.7
2023-08-29,834543.1
2023-08-30,757424.0
2023-08-31,692368.7
2023-09-01,682060.2
2023-09-02,674117.5
2023-09-03,668365.3
2023-09-04,664960.6
2023-09-05,664643.8
2023-09-06,748004.1
2023-09-07,629610.1
2023-09-08,638326.9
2023-09-09,648471.9
2023-09-10,660100.7
2023-09-11,674666.5
2023-09-12,691787.5
2023-09-13,667128.0
2023-09-14,646166.8
2023-09-15,659351.7
2023-09-16,673118.6
2023-09-17,687412.3
2023-09-18,702326.1
2023-09-19,717908.6
2023-09-20,692461.2
2023-09-21,668638.0
2023-09-22,633558.7
2023-09-23,604067.6
2023-09-24,577288.9
2023-09-25,552996.7
2023-09-26,531441.5
2023-09-27,494971.9
2023-09-28,464995.3
2023-09-29,486975.5
2023-09-30,510544.5
2023-10-01,535405.2
2023-10-02,561651.0
2023-10-03,589299.7
2023-10-04,579026.9
2023-10-05,569788.9
2023-10-06,561424.8
2023-10-07,553747.5
2023-10-08,546758.5
2023-10-09,540506.4
2023-10-10,534989.2
2023-10-11,530187.6
2023-10-12,537370.3
2023-10-13,546140.2
2023-10-14,556137.4
2023-10-15,566988.1
2023-10-16,578563.1
2023-10-17,590769.5
2023-10-18,575108.3
2023-10-19,566137.9
2023-10-20,577375.1
2023-10-21,590441.0
2023-10-22,605041.9
2023-10-23,621340.4
2023-10-24,639858.9
2023-10-25,546531.0
2023-10-26,472053.7
2023-10-27,510057.8
2023-10-28,551203.5
2023-10-29,594479.9
2023-10-30,639215.3
2023-10-31,685014.3
2023-11-01,690769.8
2023-11-02,701154.4
2023-11-03,678089.5
2023-11-04,655794.0
2023-11-05,634588.9
2023-11-06,614681.0
2023-11-07,595869.0
2023-11-08,593417.5
2023-11-09,591413.5
2023-11-10,589898.7
2023-11-11,588916.2
2023-11-12,588425.9
2023-11-13,588431.0
2023-11-14,589028.7
2023-11-15,598544.5
2023-11-16,608855.4
2023-11-17,619812.7
2023-11-18,631301.9
2023-11-19,643311.7
2023-11-20,655829.5
2023-11-21,668730.2
2023-11-22,673543.5
2023-11-23,678501.9
2023-11-24,683622.3
2023-11-25,688983.2
2023-11-26,694634.8
2023-11-27,700650.9
2023-11-28,706992.7
2023-11-29,692200.9
2023-11-30,677658.0
2023-12-01,663382.9
2023-12-02,649382.1
2023-12-03,635669.5
2023-12-04,622441.4
2023-12-05,609854.0
2023-12-06,619471.1
2023-12-07,632608.0
2023-12-08,638116.6
2023-12-09,644243.2
2023-12-10,650951.0
2023-12-11,658309.5
2023-12-12,666307.8
2023-12-13,658836.4
2023-12-14,653538.9
2023-12-15,658420.1
2023-12-16,663845.6
2023-12-17,669902.0
2023-12-18,676743.0
2023-12-19,684314.8
2023-12-20,734674.2
2023-12-21,788767.3
2023-12-22,802525.4
2023-12-23,816567.9
2023-12-24,830872.9
2023-12-25,845488.1
2023-12-26,860471.6
2023-12-27,875778.7
2023-12-28,866971.1
2023-12-29,858362.8
2023-12-30,849908.3
2023-12-31,841588.3
2024-01-01,833397.8
2024-01-02,825331.5
2024-01-03,817385.5
2024-01-04,809563.5
2024-01-05,770486.1
2024-01-06,735670.2
2024-01-07,704423.7
2024-01-08,675854.5
2024-01-09,649946.1
2024-01-10,646234.9
2024-01-11,670175.4
2024-01-12,657130.2
2024-01-13,646440.2
2024-01-14,644567.5
2024-01-15,652764.8
2024-01-16,668255.9
2024-01-17,687940.6
2024-01-18,806747.9
2024-01-19,739601.9
2024-01-20,675762.3
2024-01-21,624599.1
2024-01-22,587911.0
2024-01-23,560731.9
2024-01-24,553749.7
2024-01-25,547654.7
2024-01-26,543605.2
2024-01-27,542443.6
2024-01-28,543777.2
2024-01-29,547605.3
2024-01-30,553229.5
2024-01-31,477715.8
2024-02-01,423291.7
2024-02-02,586167.8
2024-02-03,529325.3
2024-02-04,475898.2
2024-02-05,426302.3
2024-02-06,380943.3
2024-02-07,369863.8
2024-02-08,367318.2
2024-02-09,410370.6
2024-02-10,456636.9
2024-02-11,506757.0
2024-02-12,561318.1
2024-02-13,621126.7
2024-02-14,685409.0
2024-02-15,752660.4
2024-02-16,677385.4
2024-02-17,607264.1
2024-02-18,544341.8
2024-02-19,489733.8
2024-02-20,441503.7
2024-02-21,399655.3
2024-02-22,410184.4
2024-02-23,424603.3
2024-02-24,443129.3
2024-02-25,466346.4
2024-02-26,493638.2
2024-02-27,523591.4
2024-02-28,552304.8
2024-02-29,615723.3
2024-03-01,593174.4
2024-03-02,571745.3
2024-03-03,551564.6
2024-03-04,532454.1
2024-03-05,514469.3
2024-03-06,580445.3
2024-03-07,660954.1
2024-03-08,653175.3
2024-03-09,646265.7
2024-03-10,640743.1
2024-03-11,637152.0
2024-03-12,636139.9
2024-03-13,573606.9
2024-03-14,526950.0
2024-03-15,515036.4
2024-03-16,505668.7
2024-03-17,499762.0
2024-03-18,499127.1
2024-03-19,503376.0
2024-03-20,609275.6
2024-03-21,523109.0
2024-03-22,599477.0
2024-03-23,555649.3
2024-03-24,522841.7
2024-03-25,503975.2
2024-03-26,488354.3
2024-03-27,480380.1
2024-03-28,468799.1
2024-03-29,404691.5
2024-03-30,354688.2
2024-03-31,319940.5
2024-04-01,294621.4
2024-04-02,275127.3
2024-04-03,472790.3
2024-04-04,506031.7
2024-04-05,534722.5
2024-04-06,505308.8
2024-04-07,481845.9
2024-04-08,466955.9
2024-04-09,458457.9
2024-04-10,464628.9
2024-04-11,541868.2
2024-04-12,528536.3
2024-04-13,520047.0
2024-04-14,518723.8
2024-04-15,525776.5
2024-04-16,537308.0
2024-04-17,597930.8
2024-04-18,722375.3
2024-04-19,738487.7
2024-04-20,755361.9
2024-04-21,779986.1
2024-04-22,817800.3
2024-04-23,861419.8
2024-04-24,686179.4
2024-04-25,566379.2
2024-04-26,562757.9
2024-04-27,561228.1
2024-04-28,565280.0
2024-04-29,572924.9
2024-04-30,582890.5
2024-05-01,570061.7
2024-05-02,566108.7
2024-05-03,517647.9
2024-05-04,476125.0
2024-05-05,447726.1
2024-05-06,426669.9
2024-05-07,653983.1
2024-05-08,638353.0
2024-05-09,671902.0
2024-05-10,400377.0
2024-05-11,399800.7
2024-05-12,399226.0
2024-05-13,398652.5
2024-05-14,398080.6
2024-05-15,531512.5
2024-05-16,728202.7
2024-05-17,630915.5
2024-05-18,534665.8
2024-05-19,452704.3
2024-05-20,390614.3
2024-05-21,412444.3
2024-05-22,439862.9
2024-05-23,472618.9
2024-05-24,447308.0
2024-05-25,425427.2
2024-05-26,409652.3
2024-05-27,399082.7
2024-05-28,392317.7
2024-05-29,389359.4
2024-05-30,345233.7
2024-05-31,349287.9
2024-06-01,360685.2
2024-06-02,382114.1
2024-06-03,414592.8
2024-06-04,454861.7
2024-06-05,472755.4
2024-06-06,554010.9
2024-06-07,495573.6
2024-06-08,448831.0
2024-06-09,419146.5
2024-06-10,408920.5
2024-06-11,412246.2
2024-06-12,303370.1
2024-06-13,486070.7
2024-06-14,537798.3
2024-06-15,553820.3
2024-06-16,580375.7
2024-06-17,617110.7
2024-06-18,508637.0
2024-06-19,415574.5
2024-06-20,341779.3
2024-06-21,404941.1
2024-06-22,483866.5
2024-06-23,581449.1
2024-06-24,691219.9
2024-06-25,809851.1
2024-06-26,352101.1
2024-06-27,572184.5
2024-06-28,578006.6
2024-06-29,584988.7
2024-06-30,594134.5
2024-07-01,605522.5
2024-07-02,619618.0
2024-07-03,648271.3
2024-07-04,682899.3
2024-07-05,722838.7
2024-07-06,766747.1
2024-07-07,815034.6
2024-07-08,867928.9
2024-07-09,925621.8
2024-07-10,986679.6
2024-07-11,956898.6
2024-07-12,927211.8
2024-07-13,897643.9
2024-07-14,868223.8
2024-07-15,838994.4
2024-07-16,810016.8
2024-07-17,781390.7
2024-07-18,753168.3
2024-07-19,725443.0
2024-07-20,698294.4
2024-07-21,671713.1
2024-07-22,645767.8
2024-07-23,620518.9
2024-07-24,596041.3
2024-07-25,572407.5
2024-07-26,549841.3
2024-07-27,528488.4
2024-07-28,508322.9
2024-07-29,489376.8
2024-07-30,471669.9
2024-07-31,455263.3
2024-08-01,440269.9
2024-08-02,464268.1
2024-08-03,492030.2
2024-08-04,522520.8
2024-08-05,554875.9
2024-08-06,589213.0
2024-08-07,546743.8
2024-08-08,513327.2
2024-08-09,523427.2
2024-08-10,534550.9
2024-08-11,546590.2
2024-08-12,559617.9
2024-08-13,573856.2
2024-08-14,589358.6
2024-08-15,605814.0
2024-08-16,583886.5
2024-08-17,563691.3
2024-08-18,545568.5
2024-08-19,530195.8
2024-08-20,518213.0
2024-08-21,538190.7
2024-08-22,574643.4
2024-08-23,591927.2
2024-08-24,611342.0
2024-08-25,632966.9
2024-08-26,657125.7
2024-08-27,683516.0
2024-08-28,671868.7
2024-08-29,671133.2
2024-08-30,644860.4
2024-08-31,619749.1
2024-09-01,596334.0
2024-09-02,576161.8
2024-09-03,558554.6
2024-09-04,543045.9
2024-09-05,632025.4
2024-09-06,637357.5
2024-09-07,644993.8
2024-09-08,654850.4
2024-09-09,667466.8
2024-09-10,692974.8
2024-09-11,734120.8
2024-09-12,782692.1
2024-09-13,769498.0
2024-09-14,713736.8
2024-09-15,661570.8
2024-09-16,616841.6
2024-09-17,594532.4
2024-09-18,583159.7
2024-09-19,627081.4
2024-09-20,591459.7
2024-09-21,557987.7
2024-09-22,527715.5
2024-09-23,501484.8
2024-09-24,480343.8
2024-09-25,613997.4
2024-09-26,776188.4
2024-09-27,767568.3
2024-09-28,760048.4
2024-09-29,753772.8
2024-09-30,749008.7
2024-10-01,746277.3
2024-10-02,698023.9
2024-10-03,663467.0
2024-10-04,655902.2
2024-10-05,650262.6
2024-10-06,646689.0
2024-10-07,644640.5
2024-10-08,644123.3
2024-10-09,645301.1
2024-10-10,647724.1
2024-10-11,651329.2
2024-10-12,655945.1
2024-10-13,661592.5
2024-10-14,668424.8
2024-10-15,676281.3
2024-10-16,716077.0
2024-10-17,768579.6
2024-10-18,769159.5
2024-10-19,771869.0
2024-10-20,775761.7
2024-10-21,780322.5
2024-10-22,786261.1
2024-10-23,807215.7
2024-10-24,835465.7
2024-10-25,835029.8
2024-10-26,835559.7
2024-10-27,836777.8
2024-10-28,838495.9
2024-10-29,840598.6
2024-10-30,863956.5
2024-10-31,891203.4
2024-11-01,914416.7
2024-11-02,937892.6
2024-11-03,961579.7
2024-11-04,985397.8
2024-11-05,1009330.9
2024-11-06,888485.2
2024-11-07,778811.8
2024-11-08,780239.8
2024-11-09,782570.2
2024-11-10,785613.1
2024-11-11,789213.2
2024-11-12,793288.7
2024-11-13,797969.4
2024-11-14,803262.4
2024-11-15,797558.2
2024-11-16,792792.0
2024-11-17,789270.4
2024-11-18,787546.9
2024-11-19,850455.7
2024-11-20,916688.8
2024-11-21,983821.2
2024-11-22,939093.2
2024-11-23,894465.5
2024-11-24,849959.5
2024-11-25,805706.1
2024-11-26,762038.2
2024-11-27,787235.8
2024-11-28,812712.5
2024-11-29,838370.7
2024-11-30,864209.7
2024-12-01,890181.0
2024-12-02,916268.7
2024-12-03,942493.4
2024-12-04,902693.4
2024-12-05,870235.0
2024-12-06,862755.9
2024-12-07,857640.7
2024-12-08,854363.8
2024-12-09,852421.8
2024-12-10,851743.2
2024-12-11,827243.9
2024-12-12,803451.8
2024-12-13,780356.7
2024-12-14,758105.4
2024-12-15,736889.0
2024-12-16,717010.5
2024-12-17,698336.3
2024-12-18,799900.9
2024-12-19,909192.4
2024-12-20,934062.2
2024-12-21,959308.3
2024-12-22,984860.8
2024-12-23,1010703.9
2024-12-24,968751.5
2024-12-25,927406.3
2024-12-26,886797.4
2024-12-27,846916.8
2024-12-28,850778.5
2024-12-29,855040.1
2024-12-30,859819.1
2024-12-31,865150.4
2025-01-01,931428.2
2025-01-02,998703.4
2025-01-03,1010660.6
2025-01-04,1022857.7
2025-01-05,1035171.5
2025-01-06,1047560.9
2025-01-07,1060030.7
2025-01-08,1024336.4
2025-01-09,988869.1
2025-01-10,953653.4
2025-01-11,918817.0
2025-01-12,884530.1
2025-01-13,850818.2
2025-01-14,817753.7
2025-01-15,877580.2
2025-01-16,941206.1
2025-01-17,1002889.6
2025-01-18,1065090.3
2025-01-19,1127694.2
2025-01-20,1190642.6
2025-01-21,1253895.6
2025-01-22,1317371.8
2025-01-23,1380940.2
2025-01-24,1444522.8
2025-01-25,1328564.0
2025-01-26,1212669.4
2025-01-27,1097117.6
2025-01-28,982198.9
2025-01-29,885189.6
2025-01-30,795128.3
2025-01-31,852635.7
2025-02-01,912458.2
2025-02-02,974339.5
2025-02-03,1037650.8
2025-02-04,1101703.8
2025-02-05,1087528.8
2025-02-06,1073401.1
2025-02-07,1059323.4
2025-02-08,1045301.5
2025-02-09,1031341.8
2025-02-10,1017468.3
2025-02-11,1003694.4
2025-02-12,990036.3
2025-02-13,976493.7
2025-02-14,968686.1
2025-02-15,961173.9
2025-02-16,953974.6
2025-02-17,947087.1
2025-02-18,940522.8
2025-02-19,934300.7
2025-02-20,938511.2
2025-02-21,943179.7
2025-02-22,948336.8
2025-02-23,954304.7
2025-02-24,961168.9
2025-02-25,968617.8
2025-02-26,984356.5
2025-02-27,1000708.3
2025-02-28,1017746.5
2025-03-01,1035711.9
2025-03-02,1054441.8
2025-03-03,1073633.7
2025-03-04,1093128.6
2025-03-05,1112879.9
2025-03-06,1093486.1
2025-03-07,1074891.1
2025-03-08,1057548.5
2025-03-09,1041830.9
2025-03-10,1027469.3
2025-03-11,1014264.8
2025-03-12,1002226.6
2025-03-13,952846.3
2025-03-14,1165735.3
2025-03-15,1017183.3
2025-03-16,872381.9
2025-03-17,740328.4
2025-03-18,1222959.8
2025-03-19,1196678.2
2025-03-20,1170512.8
2025-03-21,1144521.1
2025-03-22,1118789.7
2025-03-23,1093544.6
2025-03-24,1068739.5
2025-03-25,1044611.0
2025-03-26,1025065.7
2025-03-27,1005959.2
2025-03-28,987173.8
2025-03-29,968590.9
2025-03-30,950258.8
2025-03-31,932366.7
2025-04-01,915198.6
2025-04-02,898807.5
2025-04-03,898807.5
2025-04-04,898807.5
2025-04-05,898807.5
2025-04-06,898807.5
2025-04-07,898807.5
2025-04-08,898807.5
2025-04-09,898807.5
2025-04-10,898807.5
