2012-01-01,0.0
2012-01-02,0.0
2012-01-03,0.0
2012-01-04,604554.0
2012-01-05,621013.8
2012-01-06,639309.5
2012-01-07,660019.6
2012-01-08,683981.0
2012-01-09,711409.1
2012-01-10,742006.1
2012-01-11,775198.5
2012-01-12,766993.8
2012-01-13,759769.2
2012-01-14,753629.3
2012-01-15,748735.6
2012-01-16,745451.1
2012-01-17,743365.0
2012-01-18,742290.8
2012-01-19,742276.4
2012-01-20,743283.6
2012-01-21,745142.1
2012-01-22,744480.5
2012-01-23,743965.3
2012-01-24,743614.1
2012-01-25,743448.6
2012-01-26,743478.2
2012-01-27,743724.5
2012-01-28,744209.3
2012-01-29,744933.0
2012-01-30,745906.7
2012-01-31,747137.0
2012-02-01,748622.9
2012-02-02,750346.9
2012-02-03,752279.6
2012-02-04,754396.3
2012-02-05,756684.4
2012-02-06,759122.1
2012-02-07,761701.7
2012-02-08,764413.6
2012-02-09,760794.3
2012-02-10,757332.5
2012-02-11,754033.0
2012-02-12,750894.0
2012-02-13,747925.8
2012-02-14,745140.2
2012-02-15,742549.6
2012-02-16,740176.9
2012-02-17,738062.9
2012-02-18,736284.1
2012-02-19,734849.2
2012-02-20,733723.2
2012-02-21,732919.0
2012-02-22,732479.6
2012-02-23,732387.5
2012-02-24,732609.3
2012-02-25,733105.0
2012-02-26,733854.5
2012-02-27,734848.6
2012-02-28,736079.7
2012-02-29,743185.8
2012-03-01,750397.7
2012-03-02,757709.9
2012-03-03,765124.0
2012-03-04,772644.1
2012-03-05,780268.8
2012-03-06,788002.6
2012-03-07,795845.8
2012-03-08,803797.7
2012-03-09,811863.7
2012-03-10,820048.2
2012-03-11,828361.7
2012-03-12,836819.4
2012-03-13,845438.9
2012-03-14,854214.1
2012-03-15,863114.0
2012-03-16,872130.8
2012-03-17,881274.0
2012-03-18,890569.6
2012-03-19,900064.6
2012-03-20,909739.0
2012-03-21,919541.8
2012-03-22,929474.1
2012-03-23,939527.3
2012-03-24,949705.5
2012-03-25,959997.0
2012-03-26,970395.5
2012-03-27,980887.8
2012-03-28,991470.6
2012-03-29,934255.8
2012-03-30,910049.0
2012-03-31,851709.2
2012-04-01,797459.7
2012-04-02,765613.3
2012-04-03,763599.7
2012-04-04,761759.0
2012-04-05,760087.7
2012-04-06,758592.5
2012-04-07,757286.2
2012-04-08,756180.1
2012-04-09,755275.8
2012-04-10,754549.7
2012-04-11,753981.9
2012-04-12,753565.0
2012-04-13,753307.9
2012-04-14,753213.3
2012-04-15,753291.5
2012-04-16,753548.4
2012-04-17,753999.4
2012-04-18,754674.1
2012-04-19,749220.9
2012-04-20,743882.7
2012-04-21,738652.9
2012-04-22,733516.7
2012-04-23,728458.3
2012-04-24,723481.4
2012-04-25,718583.1
2012-04-26,713772.1
2012-04-27,709067.0
2012-04-28,704460.9
2012-04-29,699951.1
2012-04-30,695537.9
2012-05-01,691223.5
2012-05-02,687006.2
2012-05-03,683579.7
2012-05-04,680889.1
2012-05-05,678873.8
2012-05-06,677453.5
2012-05-07,676481.3
2012-05-08,676069.1
2012-05-09,676165.5
2012-05-10,680673.3
2012-05-11,685637.9
2012-05-12,691055.2
2012-05-13,696779.9
2012-05-14,702833.1
2012-05-15,709235.6
2012-05-16,716009.5
2012-05-17,718231.6
2012-05-18,720483.0
2012-05-19,722763.2
2012-05-20,725072.4
2012-05-21,727410.5
2012-05-22,729781.8
2012-05-23,732187.9
2012-05-24,734629.4
2012-05-25,737107.6
2012-05-26,739621.6
2012-05-27,742171.0
2012-05-28,744752.3
2012-05-29,747364.7
2012-05-30,750006.2
2012-05-31,752677.2
2012-06-01,755376.1
2012-06-02,758102.3
2012-06-03,760853.4
2012-06-04,763630.0
2012-06-05,766432.3
2012-06-06,769257.9
2012-06-07,772108.8
2012-06-08,774987.2
2012-06-09,777889.6
2012-06-10,780818.3
2012-06-11,783785.0
2012-06-12,786793.4
2012-06-13,785839.7
2012-06-14,784939.7
2012-06-15,784094.5
2012-06-16,783304.0
2012-06-17,782565.2
2012-06-18,781879.2
2012-06-19,781251.2
2012-06-20,780682.1
2012-06-21,780170.8
2012-06-22,779720.4
2012-06-23,779327.4
2012-06-24,778990.2
2012-06-25,778710.6
2012-06-26,778489.7
2012-06-27,778343.2
2012-06-28,774718.8
2012-06-29,771170.9
2012-06-30,767704.0
2012-07-01,764323.4
2012-07-02,761026.0
2012-07-03,757815.6
2012-07-04,754688.3
2012-07-05,751643.8
2012-07-06,748684.5
2012-07-07,745812.7
2012-07-08,743030.0
2012-07-09,740343.8
2012-07-10,737746.9
2012-07-11,735222.1
2012-07-12,739221.0
2012-07-13,743247.4
2012-07-14,747300.4
2012-07-15,751377.1
2012-07-16,755476.9
2012-07-17,759601.5
2012-07-18,763749.2
2012-07-19,767922.8
2012-07-20,772126.3
2012-07-21,776359.0
2012-07-22,780622.9
2012-07-23,784917.6
2012-07-24,789244.0
2012-07-25,793601.6
2012-07-26,797992.8
2012-07-27,802414.5
2012-07-28,806865.9
2012-07-29,811347.2
2012-07-30,815857.3
2012-07-31,820400.4
2012-08-01,824990.0
2012-08-02,821480.0
2012-08-03,818006.3
2012-08-04,814556.1
2012-08-05,811123.0
2012-08-06,807704.7
2012-08-07,804300.9
2012-08-08,800911.9
2012-08-09,797536.1
2012-08-10,794174.9
2012-08-11,790827.6
2012-08-12,787494.1
2012-08-13,784176.7
2012-08-14,780874.2
2012-08-15,777587.0
2012-08-16,774315.7
2012-08-17,771059.2
2012-08-18,767818.9
2012-08-19,764594.0
2012-08-20,761384.8
2012-08-21,758191.8
2012-08-22,755014.6
2012-08-23,751853.6
2012-08-24,748708.8
2012-08-25,745581.3
2012-08-26,742470.5
2012-08-27,739376.6
2012-08-28,736301.7
2012-08-29,733243.6
2012-08-30,730204.5
2012-08-31,727184.1
2012-09-01,724183.5
2012-09-02,721203.4
2012-09-03,718244.3
2012-09-04,715305.7
2012-09-05,712389.6
2012-09-06,709495.9
2012-09-07,706625.7
2012-09-08,703779.5
2012-09-09,700958.6
2012-09-10,698164.5
2012-09-11,695398.4
2012-09-12,692663.4
2012-09-13,692379.6
2012-09-14,692100.6
2012-09-15,691826.1
2012-09-16,691556.0
2012-09-17,691290.5
2012-09-18,691029.5
2012-09-19,690772.6
2012-09-20,690519.6
2012-09-21,690270.9
2012-09-22,690026.1
2012-09-23,689785.3
2012-09-24,689548.1
2012-09-25,689314.5
2012-09-26,689083.9
2012-09-27,688856.7
2012-09-28,688632.2
2012-09-29,688411.6
2012-09-30,688194.2
2012-10-01,687979.0
2012-10-02,687767.0
2012-10-03,687557.8
2012-10-04,687351.7
2012-10-05,687149.3
2012-10-06,686950.3
2012-10-07,686755.0
2012-10-08,686562.9
2012-10-09,686373.9
2012-10-10,686188.5
2012-10-11,686006.6
2012-10-12,685827.9
2012-10-13,685652.4
2012-10-14,685480.3
2012-10-15,685312.1
2012-10-16,685148.2
2012-10-17,684987.8
2012-10-18,684831.4
2012-10-19,684679.1
2012-10-20,684530.9
2012-10-21,684386.1
2012-10-22,684245.2
2012-10-23,684108.1
2012-10-24,683975.1
2012-10-25,683847.8
2012-10-26,683732.7
2012-10-27,683633.0
2012-10-28,683545.8
2012-10-29,683472.5
2012-10-30,683411.2
2012-10-31,683362.6
2012-11-01,683329.1
2012-11-02,683318.8
2012-11-03,683348.0
2012-11-04,683425.8
2012-11-05,683551.8
2012-11-06,683725.2
2012-11-07,683951.1
2012-11-08,684231.6
2012-11-09,684572.4
2012-11-10,684967.8
2012-11-11,685414.7
2012-11-12,685907.4
2012-11-13,686444.6
2012-11-14,687025.5
2012-11-15,687646.9
2012-11-16,685508.2
2012-11-17,683393.8
2012-11-18,681305.8
2012-11-19,679245.4
2012-11-20,677213.0
2012-11-21,675209.1
2012-11-22,673236.7
2012-11-23,671296.9
2012-11-24,669392.0
2012-11-25,667525.6
2012-11-26,665697.1
2012-11-27,663908.0
2012-11-28,662158.2
2012-11-29,660448.6
2012-11-30,658782.1
2012-12-01,657148.6
2012-12-02,655530.1
2012-12-03,653919.5
2012-12-04,652316.1
2012-12-05,650720.1
2012-12-06,649133.4
2012-12-07,647557.2
2012-12-08,645992.6
2012-12-09,644441.3
2012-12-10,642902.7
2012-12-11,641379.5
2012-12-12,639869.7
2012-12-13,641090.2
2012-12-14,642322.8
2012-12-15,643571.1
2012-12-16,644850.7
2012-12-17,646150.8
2012-12-18,647465.0
2012-12-19,648792.2
2012-12-20,650133.3
2012-12-21,651487.5
2012-12-22,652855.5
2012-12-23,654237.2
2012-12-24,655632.5
2012-12-25,657041.6
2012-12-26,658465.3
2012-12-27,659903.2
2012-12-28,661354.5
2012-12-29,662818.9
2012-12-30,664296.2
2012-12-31,665786.9
2013-01-01,667292.1
2013-01-02,668813.3
2013-01-03,670351.7
2013-01-04,669419.7
2013-01-05,668496.9
2013-01-06,667582.0
2013-01-07,666674.0
2013-01-08,665772.5
2013-01-09,664876.1
2013-01-10,663985.0
2013-01-11,663098.9
2013-01-12,662217.2
2013-01-13,661339.9
2013-01-14,660467.2
2013-01-15,659598.5
2013-01-16,658733.5
2013-01-17,657872.4
2013-01-18,657015.2
2013-01-19,656162.1
2013-01-20,655312.9
2013-01-21,654467.2
2013-01-22,653625.2
2013-01-23,652788.2
2013-01-24,651954.9
2013-01-25,651125.2
2013-01-26,650299.9
2013-01-27,649478.5
2013-01-28,648662.7
2013-01-29,647852.5
2013-01-30,647047.2
2013-01-31,646247.8
2013-02-01,645453.7
2013-02-02,644665.7
2013-02-03,643884.0
2013-02-04,643108.1
2013-02-05,642338.5
2013-02-06,641576.1
2013-02-07,640821.1
2013-02-08,640072.5
2013-02-09,639330.7
2013-02-10,638596.5
2013-02-11,637869.1
2013-02-12,637148.7
2013-02-13,636436.6
2013-02-14,635730.4
2013-02-15,637228.2
2013-02-16,638729.4
2013-02-17,640233.5
2013-02-18,641740.6
2013-02-19,643250.8
2013-02-20,644764.1
2013-02-21,646280.8
2013-02-22,647801.0
2013-02-23,649323.6
2013-02-24,650849.4
2013-02-25,652378.2
2013-02-26,653909.6
2013-02-27,655443.9
2013-02-28,656982.4
2013-03-01,658524.5
2013-03-02,660069.2
2013-03-03,661617.0
2013-03-04,663168.6
2013-03-05,664723.4
2013-03-06,666281.9
2013-03-07,667843.2
2013-03-08,669408.3
2013-03-09,670977.2
2013-03-10,672549.7
2013-03-11,674125.8
2013-03-12,675705.5
2013-03-13,677289.0
2013-03-14,678875.9
2013-03-15,680467.2
2013-03-16,682062.6
2013-03-17,683661.6
2013-03-18,685264.5
2013-03-19,686871.6
2013-03-20,688482.0
2013-03-21,690096.4
2013-03-22,691715.1
2013-03-23,693337.8
2013-03-24,694964.4
2013-03-25,696595.1
2013-03-26,698229.8
2013-03-27,699868.9
2013-03-28,701511.5
2013-03-29,703158.5
2013-03-30,704809.9
2013-03-31,706465.4
2013-04-01,708125.3
2013-04-02,709788.8
2013-04-03,711456.6
2013-04-04,713128.9
2013-04-05,714805.6
2013-04-06,716486.7
2013-04-07,718172.2
2013-04-08,719862.0
2013-04-09,721555.7
2013-04-10,723253.5
2013-04-11,724956.1
2013-04-12,726663.1
2013-04-13,728374.6
2013-04-14,730091.0
2013-04-15,731811.3
2013-04-16,733536.2
2013-04-17,735265.8
2013-04-18,737000.2
2013-04-19,738739.6
2013-04-20,740483.9
2013-04-21,742233.5
2013-04-22,743988.1
2013-04-23,745747.6
2013-04-24,747511.8
2013-04-25,736998.8
2013-04-26,726823.8
2013-04-27,717163.3
2013-04-28,708070.9
2013-04-29,699575.8
2013-04-30,691609.5
2013-05-01,684531.4
2013-05-02,727125.5
2013-05-03,780407.3
2013-05-04,792741.4
2013-05-05,807926.9
2013-05-06,824673.8
2013-05-07,793704.2
2013-05-08,876338.0
2013-05-09,901580.2
2013-05-10,874240.2
2013-05-11,850751.9
2013-05-12,831597.6
2013-05-13,816823.9
2013-05-14,716267.6
2013-05-15,828210.3
2013-05-16,849714.5
2013-05-17,822924.9
2013-05-18,802217.3
2013-05-19,787762.9
2013-05-20,779297.1
2013-05-21,778753.6
2013-05-22,708053.4
2013-05-23,673740.5
2013-05-24,653188.7
2013-05-25,638145.9
2013-05-26,628401.3
2013-05-27,626718.2
2013-05-28,632253.4
2013-05-29,641532.9
2013-05-30,638175.9
2013-05-31,638952.9
2013-06-01,644975.6
2013-06-02,655929.8
2013-06-03,672244.1
2013-06-04,693509.5
2013-06-05,718457.7
2013-06-06,746639.4
2013-06-07,711669.5
2013-06-08,682163.2
2013-06-09,668263.0
2013-06-10,673630.9
2013-06-11,691806.1
2013-06-12,641442.7
2013-06-13,779021.5
2013-06-14,799202.7
2013-06-15,713358.8
2013-06-16,662855.6
2013-06-17,607404.0
2013-06-18,598580.3
2013-06-19,633995.6
2013-06-20,738425.0
2013-06-21,753889.4
2013-06-22,737306.7
2013-06-23,738636.5
2013-06-24,757618.5
2013-06-25,793237.0
2013-06-26,635887.4
2013-06-27,628801.2
2013-06-28,630542.9
2013-06-29,639348.0
2013-06-30,654481.0
2013-07-01,675409.5
2013-07-02,690012.3
2013-07-03,720967.3
2013-07-04,714428.5
2013-07-05,712436.9
2013-07-06,716751.5
2013-07-07,694239.7
2013-07-08,673980.7
2013-07-09,656715.2
2013-07-10,642914.7
2013-07-11,632044.8
2013-07-12,637273.0
2013-07-13,643915.1
2013-07-14,652034.6
2013-07-15,661369.3
2013-07-16,671771.5
2013-07-17,677908.6
2013-07-18,684949.5
2013-07-19,692841.1
2013-07-20,701534.1
2013-07-21,711003.2
2013-07-22,721317.0
2013-07-23,732501.4
2013-07-24,724947.0
2013-07-25,717835.7
2013-07-26,711281.0
2013-07-27,705272.8
2013-07-28,699832.8
2013-07-29,694974.2
2013-07-30,690654.6
2013-07-31,686853.9
2013-08-01,686221.8
2013-08-02,685816.4
2013-08-03,685622.3
2013-08-04,685620.7
2013-08-05,685827.3
2013-08-06,686263.5
2013-08-07,686946.9
2013-08-08,693836.3
2013-08-09,701014.5
2013-08-10,708496.4
2013-08-11,716294.1
2013-08-12,724403.7
2013-08-13,732775.3
2013-08-14,741370.6
2013-08-15,750208.4
2013-08-16,739166.0
2013-08-17,728604.9
2013-08-18,718560.7
2013-08-19,709065.9
2013-08-20,700044.5
2013-08-21,691430.0
2013-08-22,683181.3
2013-08-23,686154.9
2013-08-24,689888.2
2013-08-25,694422.9
2013-08-26,700089.6
2013-08-27,707009.7
2013-08-28,715068.0
2013-08-29,713236.2
2013-08-30,711485.0
2013-08-31,709816.4
2013-09-01,708231.2
2013-09-02,706733.6
2013-09-03,705323.7
2013-09-04,704004.6
2013-09-05,702778.5
2013-09-06,701652.4
2013-09-07,700621.7
2013-09-08,699682.1
2013-09-09,698826.6
2013-09-10,698040.5
2013-09-11,697318.0
2013-09-12,699341.3
2013-09-13,701394.0
2013-09-14,703477.7
2013-09-15,705596.8
2013-09-16,707756.4
2013-09-17,709963.8
2013-09-18,712235.1
2013-09-19,714583.5
2013-09-20,717017.1
2013-09-21,719543.3
2013-09-22,722162.0
2013-09-23,724877.1
2013-09-24,727681.3
2013-09-25,730572.4
2013-09-26,726180.3
2013-09-27,721813.1
2013-09-28,717470.0
2013-09-29,713149.8
2013-09-30,708854.5
2013-10-01,704585.5
2013-10-02,700340.9
2013-10-03,696121.1
2013-10-04,691927.5
2013-10-05,687757.1
2013-10-06,683614.3
2013-10-07,679495.0
2013-10-08,675398.4
2013-10-09,671327.8
2013-10-10,667278.8
2013-10-11,663252.1
2013-10-12,659248.1
2013-10-13,655264.3
2013-10-14,651300.7
2013-10-15,647356.8
2013-10-16,643432.4
2013-10-17,639526.2
2013-10-18,635638.5
2013-10-19,631767.6
2013-10-20,627912.9
2013-10-21,624074.0
2013-10-22,620251.4
2013-10-23,616444.1
2013-10-24,612651.7
2013-10-25,622550.9
2013-10-26,632568.6
2013-10-27,642708.4
2013-10-28,652968.5
2013-10-29,663351.9
2013-10-30,673857.9
2013-10-31,684486.0
2013-11-01,695240.8
2013-11-02,706125.8
2013-11-03,717136.7
2013-11-04,728295.8
2013-11-05,739624.1
2013-11-06,751116.6
2013-11-07,751012.3
2013-11-08,750931.9
2013-11-09,750871.4
2013-11-10,750830.6
2013-11-11,750808.8
2013-11-12,750806.9
2013-11-13,750823.6
2013-11-14,750860.9
2013-11-15,750918.4
2013-11-16,750996.0
2013-11-17,751095.1
2013-11-18,751216.5
2013-11-19,751360.6
2013-11-20,751524.1
2013-11-21,746439.9
2013-11-22,741379.9
2013-11-23,736343.2
2013-11-24,731330.7
2013-11-25,726341.7
2013-11-26,721377.6
2013-11-27,716443.6
2013-11-28,711554.5
2013-11-29,706712.2
2013-11-30,701905.8
2013-12-01,697132.4
2013-12-02,692389.5
2013-12-03,687676.1
2013-12-04,682992.3
2013-12-05,678339.4
2013-12-06,673718.5
2013-12-07,669128.2
2013-12-08,664570.6
2013-12-09,660045.2
2013-12-10,655552.9
2013-12-11,651095.5
2013-12-12,646671.0
2013-12-13,642280.1
2013-12-14,637922.5
2013-12-15,633596.7
2013-12-16,629301.8
2013-12-17,625037.9
2013-12-18,620803.0
2013-12-19,617860.0
2013-12-20,615058.5
2013-12-21,612399.3
2013-12-22,609884.2
2013-12-23,607527.7
2013-12-24,605393.9
2013-12-25,603480.3
2013-12-26,601746.9
2013-12-27,600198.0
2013-12-28,601288.1
2013-12-29,602442.2
2013-12-30,603658.3
2013-12-31,604942.1
2014-01-01,606299.9
2014-01-02,607724.3
2014-01-03,609219.2
2014-01-04,610775.1
2014-01-05,612388.4
2014-01-06,614058.5
2014-01-07,615780.3
2014-01-08,617557.4
2014-01-09,619383.7
2014-01-10,621259.3
2014-01-11,623175.8
2014-01-12,625133.7
2014-01-13,627135.0
2014-01-14,629170.0
2014-01-15,631239.4
2014-01-16,633343.8
2014-01-17,635481.2
2014-01-18,620878.8
2014-01-19,606428.2
2014-01-20,592129.2
2014-01-21,577974.8
2014-01-22,563959.1
2014-01-23,550081.4
2014-01-24,536342.7
2014-01-25,522743.9
2014-01-26,509289.0
2014-01-27,495979.1
2014-01-28,499238.4
2014-01-29,502510.5
2014-01-30,505794.1
2014-01-31,509089.8
2014-02-01,512398.6
2014-02-02,515721.5
2014-02-03,519058.8
2014-02-04,522408.3
2014-02-05,525769.8
2014-02-06,529144.1
2014-02-07,532532.1
2014-02-08,535934.7
2014-02-09,539350.7
2014-02-10,542778.8
2014-02-11,546220.3
2014-02-12,549676.3
2014-02-13,553145.3
2014-02-14,556628.7
2014-02-15,560126.9
2014-02-16,563638.2
2014-02-17,567162.5
2014-02-18,570700.5
2014-02-19,574252.6
2014-02-20,577818.7
2014-02-21,581398.8
2014-02-22,584992.4
2014-02-23,588600.8
2014-02-24,592224.0
2014-02-25,595862.5
2014-02-26,599516.0
2014-02-27,603184.6
2014-02-28,604570.7
2014-03-01,605966.8
2014-03-02,607372.6
2014-03-03,608788.6
2014-03-04,610215.3
2014-03-05,611652.2
2014-03-06,613099.5
2014-03-07,614557.5
2014-03-08,616026.8
2014-03-09,617507.6
2014-03-10,618999.2
2014-03-11,620503.1
2014-03-12,622019.4
2014-03-13,623548.5
2014-03-14,625091.6
2014-03-15,626647.6
2014-03-16,628217.3
2014-03-17,629800.0
2014-03-18,631393.8
2014-03-19,632999.2
2014-03-20,634615.8
2014-03-21,636243.5
2014-03-22,637882.9
2014-03-23,639534.3
2014-03-24,641197.7
2014-03-25,642873.2
2014-03-26,644560.1
2014-03-27,646259.8
2014-03-28,647973.3
2014-03-29,649699.5
2014-03-30,651437.9
2014-03-31,653188.2
2014-04-01,654951.3
2014-04-02,656726.7
2014-04-03,658514.3
2014-04-04,660312.6
2014-04-05,662121.2
2014-04-06,663940.0
2014-04-07,665768.4
2014-04-08,667606.0
2014-04-09,669453.7
2014-04-10,671309.8
2014-04-11,673173.9
2014-04-12,675045.5
2014-04-13,676923.6
2014-04-14,678808.2
2014-04-15,680699.6
2014-04-16,682598.1
2014-04-17,684502.3
2014-04-18,686412.3
2014-04-19,688328.5
2014-04-20,690250.6
2014-04-21,692177.2
2014-04-22,694108.9
2014-04-23,696045.9
2014-04-24,689872.2
2014-04-25,684105.5
2014-04-26,678758.4
2014-04-27,673843.8
2014-04-28,669368.0
2014-04-29,665364.9
2014-04-30,661843.9
2014-05-01,658821.8
2014-05-02,656161.0
2014-05-03,653781.5
2014-05-04,651656.0
2014-05-05,649755.9
2014-05-06,648056.8
2014-05-07,646349.1
2014-05-08,644835.4
2014-05-09,643529.6
2014-05-10,642445.7
2014-05-11,641586.4
2014-05-12,640949.9
2014-05-13,640531.8
2014-05-14,640331.2
2014-05-15,640353.4
2014-05-16,640586.2
2014-05-17,641014.5
2014-05-18,641637.3
2014-05-19,642484.2
2014-05-20,643608.6
2014-05-21,644964.4
2014-05-22,639881.4
2014-05-23,634969.9
2014-05-24,630247.8
2014-05-25,625712.3
2014-05-26,621351.6
2014-05-27,617161.4
2014-05-28,613142.9
2014-05-29,609324.9
2014-05-30,605717.8
2014-05-31,602297.3
2014-06-01,599054.9
2014-06-02,595995.6
2014-06-03,593103.8
2014-06-04,590370.3
2014-06-05,582662.0
2014-06-06,575101.9
2014-06-07,567681.4
2014-06-08,560391.8
2014-06-09,553232.7
2014-06-10,546207.9
2014-06-11,539312.3
2014-06-12,532549.8
2014-06-13,525919.1
2014-06-14,519423.9
2014-06-15,513056.9
2014-06-16,506816.3
2014-06-17,500708.9
2014-06-18,494739.3
2014-06-19,496893.6
2014-06-20,499076.4
2014-06-21,501285.6
2014-06-22,503513.7
2014-06-23,505759.6
2014-06-24,508022.8
2014-06-25,510301.8
2014-06-26,512597.1
2014-06-27,514909.5
2014-06-28,517238.7
2014-06-29,519586.1
2014-06-30,521951.0
2014-07-01,524334.8
2014-07-02,526738.0
2014-07-03,529161.8
2014-07-04,531605.4
2014-07-05,534067.7
2014-07-06,536550.8
2014-07-07,539054.9
2014-07-08,541578.4
2014-07-09,544125.2
2014-07-10,546695.7
2014-07-11,549291.9
2014-07-12,551916.1
2014-07-13,554561.0
2014-07-14,557227.2
2014-07-15,559913.6
2014-07-16,562620.5
2014-07-17,554732.4
2014-07-18,546932.8
2014-07-19,539226.7
2014-07-20,531627.8
2014-07-21,524143.2
2014-07-22,516790.4
2014-07-23,509594.9
2014-07-24,502566.2
2014-07-25,495690.5
2014-07-26,488962.3
2014-07-27,482389.3
2014-07-28,475993.8
2014-07-29,469789.3
2014-07-30,463787.4
2014-07-31,472354.8
2014-08-01,481117.9
2014-08-02,490082.4
2014-08-03,499247.1
2014-08-04,508605.4
2014-08-05,518115.2
2014-08-06,527758.8
2014-08-07,537532.4
2014-08-08,547442.3
2014-08-09,557481.6
2014-08-10,567639.6
2014-08-11,577906.5
2014-08-12,588275.1
2014-08-13,598733.8
2014-08-14,609275.4
2014-08-15,619890.6
2014-08-16,613119.3
2014-08-17,606382.9
2014-08-18,599683.0
2014-08-19,593018.6
2014-08-20,586393.8
2014-08-21,579807.4
2014-08-22,573263.8
2014-08-23,566767.4
2014-08-24,560316.9
2014-08-25,553915.4
2014-08-26,547563.3
2014-08-27,541266.4
2014-08-28,535023.7
2014-08-29,528837.2
2014-08-30,522710.5
2014-08-31,516648.4
2014-09-01,510649.6
2014-09-02,504709.6
2014-09-03,498831.3
2014-09-04,493015.5
2014-09-05,501706.2
2014-09-06,510522.3
2014-09-07,519470.7
2014-09-08,528559.5
2014-09-09,537801.7
2014-09-10,547188.9
2014-09-11,556707.5
2014-09-12,566344.6
2014-09-13,576103.0
2014-09-14,585979.9
2014-09-15,595969.9
2014-09-16,606061.6
2014-09-17,616244.5
2014-09-18,626516.7
2014-09-19,618898.8
2014-09-20,611328.7
2014-09-21,603812.4
2014-09-22,596345.7
2014-09-23,588939.3
2014-09-24,581591.4
2014-09-25,574300.3
2014-09-26,567063.2
2014-09-27,559883.0
2014-09-28,552754.3
2014-09-29,545676.4
2014-09-30,538650.5
2014-10-01,531677.3
2014-10-02,524764.9
2014-10-03,517914.5
2014-10-04,511129.2
2014-10-05,504410.8
2014-10-06,497756.5
2014-10-07,491166.2
2014-10-08,484636.4
2014-10-09,491427.5
2014-10-10,498287.0
2014-10-11,505218.8
2014-10-12,512215.8
2014-10-13,519282.6
2014-10-14,526414.6
2014-10-15,533613.7
2014-10-16,540885.7
2014-10-17,548243.6
2014-10-18,555703.7
2014-10-19,563247.4
2014-10-20,570865.8
2014-10-21,578559.0
2014-10-22,586323.1
2014-10-23,574668.3
2014-10-24,563112.8
2014-10-25,551666.5
2014-10-26,540338.0
2014-10-27,529125.2
2014-10-28,517998.4
2014-10-29,506945.2
2014-10-30,495965.0
2014-10-31,485056.5
2014-11-01,474220.1
2014-11-02,463454.2
2014-11-03,452762.0
2014-11-04,442147.1
2014-11-05,431610.0
2014-11-06,432755.5
2014-11-07,433905.4
2014-11-08,435059.3
2014-11-09,436217.9
2014-11-10,437381.8
2014-11-11,438551.3
2014-11-12,439725.0
2014-11-13,440903.3
2014-11-14,442087.0
2014-11-15,443275.9
2014-11-16,444470.7
2014-11-17,445670.5
2014-11-18,446875.6
2014-11-19,448085.8
2014-11-20,449301.7
2014-11-21,450523.7
2014-11-22,451751.8
2014-11-23,452986.1
2014-11-24,454225.8
2014-11-25,455471.5
2014-11-26,456723.2
2014-11-27,457980.6
2014-11-28,459244.4
2014-11-29,460515.1
2014-11-30,461792.8
2014-12-01,463076.5
2014-12-02,464366.3
2014-12-03,465663.0
2014-12-04,466967.3
2014-12-05,468279.8
2014-12-06,464880.9
2014-12-07,461515.5
2014-12-08,458179.7
2014-12-09,454872.6
2014-12-10,451591.8
2014-12-11,448338.9
2014-12-12,445112.1
2014-12-13,441910.2
2014-12-14,438734.7
2014-12-15,435585.8
2014-12-16,432463.5
2014-12-17,429364.9
2014-12-18,429606.2
2014-12-19,429848.5
2014-12-20,430092.2
2014-12-21,430337.4
2014-12-22,430584.0
2014-12-23,430831.9
2014-12-24,431081.1
2014-12-25,431331.6
2014-12-26,431583.4
2014-12-27,431836.3
2014-12-28,432090.6
2014-12-29,432346.1
2014-12-30,432603.0
2014-12-31,432861.5
2015-01-01,433121.2
2015-01-02,433382.2
2015-01-03,433644.8
2015-01-04,433908.8
2015-01-05,434174.2
2015-01-06,434441.3
2015-01-07,434709.7
2015-01-08,434979.4
2015-01-09,435250.8
2015-01-10,435523.5
2015-01-11,435797.6
2015-01-12,436073.4
2015-01-13,436350.4
2015-01-14,436628.7
2015-01-15,436909.2
2015-01-16,437191.5
2015-01-17,437475.3
2015-01-18,437760.7
2015-01-19,438048.1
2015-01-20,438336.8
2015-01-21,438626.9
2015-01-22,438918.5
2015-01-23,439211.6
2015-01-24,439506.8
2015-01-25,439803.6
2015-01-26,440102.3
2015-01-27,440403.3
2015-01-28,440706.1
2015-01-29,441010.9
2015-01-30,441317.6
2015-01-31,441626.1
2015-02-01,441936.9
2015-02-02,442249.3
2015-02-03,442563.7
2015-02-04,442880.1
2015-02-05,443198.3
2015-02-06,443518.6
2015-02-07,443841.0
2015-02-08,444164.7
2015-02-09,444490.1
2015-02-10,444817.3
2015-02-11,445145.8
2015-02-12,445476.2
2015-02-13,445808.2
2015-02-14,446141.5
2015-02-15,446476.6
2015-02-16,446813.1
2015-02-17,447150.9
2015-02-18,447490.4
2015-02-19,447831.3
2015-02-20,448173.9
2015-02-21,448517.9
2015-02-22,448863.1
2015-02-23,449209.7
2015-02-24,449558.0
2015-02-25,449907.6
2015-02-26,450258.9
2015-02-27,450611.2
2015-02-28,450964.8
2015-03-01,451319.6
2015-03-02,451675.8
2015-03-03,452033.3
2015-03-04,452391.8
2015-03-05,452751.6
2015-03-06,453112.9
2015-03-07,453475.6
2015-03-08,453839.4
2015-03-09,454204.3
2015-03-10,454570.6
2015-03-11,454937.8
2015-03-12,455306.4
2015-03-13,455676.1
2015-03-14,456046.9
2015-03-15,456419.0
2015-03-16,456792.0
2015-03-17,457166.0
2015-03-18,463944.4
2015-03-19,470887.8
2015-03-20,478008.5
2015-03-21,485316.7
2015-03-22,492807.0
2015-03-23,500480.7
2015-03-24,508346.7
2015-03-25,516413.4
2015-03-26,524703.1
2015-03-27,533299.8
2015-03-28,542177.9
2015-03-29,551267.1
2015-03-30,560579.8
2015-03-31,570136.1
2015-04-01,579946.8
2015-04-02,589998.8
2015-04-03,600296.3
2015-04-04,610852.5
2015-04-05,621675.8
2015-04-06,632768.7
2015-04-07,644143.4
2015-04-08,655804.2
2015-04-09,667747.5
2015-04-10,679957.7
2015-04-11,692440.3
2015-04-12,705176.7
2015-04-13,718169.2
2015-04-14,711330.9
2015-04-15,705307.4
2015-04-16,700127.6
2015-04-17,695838.8
2015-04-18,692536.3
2015-04-19,690251.3
2015-04-20,689006.1
2015-04-21,688784.9
2015-04-22,689677.3
2015-04-23,691892.9
2015-04-24,695806.6
2015-04-25,701713.3
2015-04-26,709883.6
2015-04-27,719900.4
2015-04-28,731534.0
2015-04-29,744652.2
2015-04-30,690348.5
2015-05-01,650289.0
2015-05-02,621381.5
2015-05-03,601782.1
2015-05-04,591363.1
2015-05-05,590262.3
2015-05-06,583848.2
2015-05-07,578509.0
2015-05-08,574265.2
2015-05-09,571173.4
2015-05-10,569505.5
2015-05-11,569357.6
2015-05-12,570660.2
2015-05-13,573345.8
2015-05-14,577316.6
2015-05-15,582487.9
2015-05-16,589050.2
2015-05-17,596971.5
2015-05-18,606318.0
2015-05-19,616563.7
2015-05-20,627520.9
2015-05-21,622201.7
2015-05-22,616940.2
2015-05-23,611737.3
2015-05-24,606593.6
2015-05-25,601510.5
2015-05-26,596492.1
2015-05-27,591538.5
2015-05-28,586652.0
2015-05-29,581830.4
2015-05-30,577080.8
2015-05-31,572402.3
2015-06-01,567797.2
2015-06-02,563274.4
2015-06-03,558859.2
2015-06-04,554565.7
2015-06-05,550391.0
2015-06-06,546321.7
2015-06-07,542345.7
2015-06-08,538470.0
2015-06-09,534702.6
2015-06-10,531032.3
2015-06-11,527444.3
2015-06-12,523955.0
2015-06-13,520579.6
2015-06-14,517344.2
2015-06-15,514264.4
2015-06-16,511362.6
2015-06-17,508602.1
2015-06-18,505965.8
2015-06-19,503444.8
2015-06-20,501026.1
2015-06-21,498701.0
2015-06-22,496459.8
2015-06-23,494294.8
2015-06-24,492216.1
2015-06-25,490213.0
2015-06-26,488282.6
2015-06-27,486421.7
2015-06-28,484629.6
2015-06-29,482905.7
2015-06-30,481250.3
2015-07-01,479660.5
2015-07-02,478137.1
2015-07-03,476682.7
2015-07-04,475301.5
2015-07-05,474001.5
2015-07-06,472787.2
2015-07-07,471656.9
2015-07-08,470621.9
2015-07-09,467822.5
2015-07-10,465251.7
2015-07-11,462913.6
2015-07-12,460798.4
2015-07-13,458923.5
2015-07-14,457289.9
2015-07-15,455922.9
2015-07-16,454899.4
2015-07-17,454272.2
2015-07-18,454064.9
2015-07-19,454312.6
2015-07-20,454999.3
2015-07-21,456065.7
2015-07-22,457453.2
2015-07-23,459128.3
2015-07-24,461076.0
2015-07-25,463273.7
2015-07-26,465718.1
2015-07-27,468409.7
2015-07-28,471348.1
2015-07-29,474560.2
2015-07-30,478049.8
2015-07-31,481808.7
2015-08-01,485852.3
2015-08-02,490171.6
2015-08-03,494754.3
2015-08-04,499609.7
2015-08-05,504740.2
2015-08-06,498892.2
2015-08-07,493627.7
2015-08-08,488932.8
2015-08-09,484775.3
2015-08-10,481064.3
2015-08-11,477706.6
2015-08-12,474667.2
2015-08-13,471967.6
2015-08-14,469601.2
2015-08-15,467570.1
2015-08-16,465882.8
2015-08-17,464557.8
2015-08-18,463629.7
2015-08-19,463273.6
2015-08-20,463388.6
2015-08-21,463915.8
2015-08-22,464857.8
2015-08-23,466258.0
2015-08-24,468130.4
2015-08-25,470536.9
2015-08-26,473595.1
2015-08-27,477444.4
2015-08-28,478484.1
2015-08-29,479542.0
2015-08-30,480619.0
2015-08-31,481716.8
2015-09-01,482834.7
2015-09-02,483972.4
2015-09-03,485131.5
2015-09-04,486309.4
2015-09-05,487506.5
2015-09-06,488722.9
2015-09-07,489957.3
2015-09-08,491215.0
2015-09-09,492496.6
2015-09-10,493808.1
2015-09-11,495153.2
2015-09-12,496531.8
2015-09-13,497943.8
2015-09-14,499391.6
2015-09-15,500876.6
2015-09-16,502398.1
2015-09-17,503959.4
2015-09-18,505557.2
2015-09-19,507191.6
2015-09-20,508857.7
2015-09-21,510555.3
2015-09-22,512286.9
2015-09-23,514049.7
2015-09-24,515839.9
2015-09-25,517659.9
2015-09-26,519511.3
2015-09-27,521393.2
2015-09-28,523304.5
2015-09-29,525247.3
2015-09-30,527226.5
2015-10-01,526382.7
2015-10-02,525571.5
2015-10-03,524777.9
2015-10-04,524003.8
2015-10-05,523251.1
2015-10-06,522518.5
2015-10-07,521804.7
2015-10-08,521114.0
2015-10-09,520446.9
2015-10-10,519800.7
2015-10-11,519182.6
2015-10-12,518591.8
2015-10-13,518025.4
2015-10-14,517488.9
2015-10-15,516978.5
2015-10-16,516496.7
2015-10-17,516042.6
2015-10-18,515615.8
2015-10-19,515212.0
2015-10-20,514830.0
2015-10-21,514467.5
2015-10-22,514123.8
2015-10-23,513799.6
2015-10-24,513494.3
2015-10-25,513208.1
2015-10-26,512938.9
2015-10-27,512688.2
2015-10-28,512454.2
2015-10-29,512238.6
2015-10-30,510112.6
2015-10-31,508038.4
2015-11-01,506018.3
2015-11-02,504055.9
2015-11-03,502156.7
2015-11-04,500324.2
2015-11-05,498555.5
2015-11-06,496857.4
2015-11-07,495215.6
2015-11-08,493621.5
2015-11-09,492072.6
2015-11-10,490568.0
2015-11-11,489106.0
2015-11-12,487685.1
2015-11-13,486300.7
2015-11-14,484951.7
2015-11-15,483635.4
2015-11-16,482352.4
2015-11-17,481100.7
2015-11-18,479877.9
2015-11-19,478681.2
2015-11-20,477511.5
2015-11-21,476367.3
2015-11-22,475246.8
2015-11-23,474149.9
2015-11-24,473077.3
2015-11-25,472027.7
2015-11-26,470806.7
2015-11-27,469638.5
2015-11-28,468522.9
2015-11-29,467457.7
2015-11-30,466445.3
2015-12-01,465488.1
2015-12-02,464584.7
2015-12-03,463737.6
2015-12-04,462944.5
2015-12-05,462206.1
2015-12-06,461518.4
2015-12-07,460884.8
2015-12-08,460304.9
2015-12-09,459781.1
2015-12-10,459318.8
2015-12-11,458914.9
2015-12-12,458575.3
2015-12-13,458297.6
2015-12-14,458083.4
2015-12-15,457941.2
2015-12-16,457876.7
2015-12-17,457906.1
2015-12-18,458033.1
2015-12-19,458278.8
2015-12-20,458628.9
2015-12-21,459044.2
2015-12-22,459526.6
2015-12-23,460067.6
2015-12-24,460668.7
2015-12-25,461330.0
2015-12-26,462052.1
2015-12-27,462831.4
2015-12-28,463667.6
2015-12-29,464561.7
2015-12-30,465511.6
2015-12-31,466516.1
2016-01-01,467576.7
2016-01-02,468691.3
2016-01-03,469859.1
2016-01-04,471078.4
2016-01-05,472348.7
2016-01-06,473671.0
2016-01-07,475043.5
2016-01-08,476465.6
2016-01-09,477936.6
2016-01-10,479457.0
2016-01-11,481026.9
2016-01-12,482644.2
2016-01-13,484307.1
2016-01-14,480413.0
2016-01-15,477820.8
2016-01-16,476690.5
2016-01-17,477104.7
2016-01-18,478803.1
2016-01-19,481820.9
2016-01-20,486684.9
2016-01-21,492908.7
2016-01-22,500210.0
2016-01-23,508504.2
2016-01-24,517703.3
2016-01-25,527717.3
2016-01-26,538508.7
2016-01-27,550027.1
2016-01-28,546668.6
2016-01-29,543375.5
2016-01-30,540151.5
2016-01-31,536995.3
2016-02-01,533908.3
2016-02-02,530895.1
2016-02-03,527949.4
2016-02-04,525066.6
2016-02-05,522240.7
2016-02-06,519470.7
2016-02-07,516747.8
2016-02-08,514072.4
2016-02-09,511446.4
2016-02-10,508880.3
2016-02-11,506368.8
2016-02-12,503911.9
2016-02-13,501515.0
2016-02-14,499180.8
2016-02-15,496911.7
2016-02-16,494713.5
2016-02-17,492588.2
2016-02-18,490539.2
2016-02-19,488573.8
2016-02-20,486696.5
2016-02-21,484909.4
2016-02-22,483207.0
2016-02-23,481576.9
2016-02-24,480017.2
2016-02-25,478540.4
2016-02-26,477161.8
2016-02-27,475864.3
2016-02-28,474646.5
2016-02-29,473510.4
2016-03-01,472442.9
2016-03-02,471435.2
2016-03-03,470489.6
2016-03-04,469608.3
2016-03-05,468790.7
2016-03-06,468034.8
2016-03-07,467336.1
2016-03-08,466694.8
2016-03-09,466102.8
2016-03-10,465568.1
2016-03-11,465085.2
2016-03-12,464657.8
2016-03-13,464278.3
2016-03-14,463947.5
2016-03-15,463667.4
2016-03-16,463441.3
2016-03-17,463264.3
2016-03-18,461229.8
2016-03-19,459524.0
2016-03-20,458163.3
2016-03-21,457171.7
2016-03-22,456578.7
2016-03-23,456419.2
2016-03-24,456724.9
2016-03-25,457554.1
2016-03-26,458996.2
2016-03-27,461040.6
2016-03-28,463630.7
2016-03-29,466714.1
2016-03-30,470424.2
2016-03-31,474744.5
2016-04-01,479575.8
2016-04-02,484887.1
2016-04-03,490681.7
2016-04-04,496999.3
2016-04-05,503851.1
2016-04-06,511201.7
2016-04-07,519009.6
2016-04-08,527275.3
2016-04-09,535993.4
2016-04-10,530553.7
2016-04-11,525256.4
2016-04-12,520103.2
2016-04-13,515098.3
2016-04-14,510263.0
2016-04-15,505598.1
2016-04-16,501128.7
2016-04-17,496890.9
2016-04-18,492886.2
2016-04-19,489111.6
2016-04-20,485594.6
2016-04-21,482318.7
2016-04-22,479268.4
2016-04-23,476445.1
2016-04-24,473851.1
2016-04-25,471471.9
2016-04-26,469292.7
2016-04-27,467304.7
2016-04-28,465524.9
2016-04-29,463963.7
2016-04-30,462637.0
2016-05-01,461569.1
2016-05-02,460789.3
2016-05-03,460337.9
2016-05-04,460208.2
2016-05-05,460404.0
2016-05-06,461049.7
2016-05-07,462137.9
2016-05-08,463648.6
2016-05-09,465546.6
2016-05-10,467805.8
2016-05-11,470402.3
2016-05-12,473321.3
2016-05-13,476552.8
2016-05-14,480098.3
2016-05-15,483959.2
2016-05-16,488121.7
2016-05-17,492588.6
2016-05-18,497341.6
2016-05-19,489394.6
2016-05-20,481962.1
2016-05-21,475114.6
2016-05-22,468911.9
2016-05-23,463406.6
2016-05-24,458638.5
2016-05-25,454636.7
2016-05-26,451612.3
2016-05-27,448972.7
2016-05-28,446533.1
2016-05-29,444271.7
2016-05-30,442179.5
2016-05-31,440264.2
2016-06-01,438529.0
2016-06-02,436986.8
2016-06-03,435648.0
2016-06-04,434514.6
2016-06-05,433534.3
2016-06-06,432691.6
2016-06-07,431981.3
2016-06-08,431398.2
2016-06-09,433860.5
2016-06-10,436382.8
2016-06-11,438969.8
2016-06-12,441623.0
2016-06-13,444348.9
2016-06-14,447154.5
2016-06-15,450048.1
2016-06-16,453041.6
2016-06-17,456148.7
2016-06-18,459372.7
2016-06-19,462701.8
2016-06-20,466125.2
2016-06-21,469638.0
2016-06-22,473230.0
2016-06-23,476898.1
2016-06-24,480640.2
2016-06-25,484453.4
2016-06-26,488335.9
2016-06-27,492286.7
2016-06-28,496300.6
2016-06-29,500374.9
2016-06-30,495018.5
2016-07-01,489730.4
2016-07-02,484516.0
2016-07-03,479383.7
2016-07-04,474339.4
2016-07-05,469384.2
2016-07-06,464526.4
2016-07-07,459776.3
2016-07-08,455141.8
2016-07-09,450631.1
2016-07-10,446244.7
2016-07-11,441993.5
2016-07-12,437883.8
2016-07-13,433905.2
2016-07-14,432912.4
2016-07-15,431940.8
2016-07-16,430991.4
2016-07-17,430064.4
2016-07-18,429160.9
2016-07-19,428280.6
2016-07-20,427424.9
2016-07-21,426594.4
2016-07-22,425782.1
2016-07-23,424986.8
2016-07-24,424208.5
2016-07-25,423446.1
2016-07-26,422700.0
2016-07-27,421969.3
2016-07-28,421254.6
2016-07-29,420555.8
2016-07-30,419872.8
2016-07-31,419205.1
2016-08-01,418554.1
2016-08-02,417918.5
2016-08-03,417299.5
2016-08-04,416696.1
2016-08-05,416108.3
2016-08-06,415536.2
2016-08-07,414981.2
2016-08-08,414443.9
2016-08-09,416495.9
2016-08-10,418560.1
2016-08-11,420636.3
2016-08-12,422724.4
2016-08-13,424825.1
2016-08-14,426937.8
2016-08-15,429062.7
2016-08-16,431199.6
2016-08-17,433349.5
2016-08-18,435514.1
2016-08-19,437692.1
2016-08-20,439884.6
2016-08-21,442092.9
2016-08-22,444316.6
2016-08-23,446557.4
2016-08-24,448815.0
2016-08-25,451090.0
2016-08-26,453381.8
2016-08-27,455691.3
2016-08-28,458024.5
2016-08-29,460608.5
2016-08-30,463711.4
2016-08-31,467423.1
2016-09-01,471804.1
2016-09-02,470556.8
2016-09-03,469374.5
2016-09-04,468255.7
2016-09-05,467196.2
2016-09-06,466195.6
2016-09-07,465253.0
2016-09-08,464369.5
2016-09-09,463544.6
2016-09-10,462778.1
2016-09-11,462068.8
2016-09-12,461414.4
2016-09-13,460811.4
2016-09-14,460255.7
2016-09-15,459725.4
2016-09-16,459199.4
2016-09-17,458676.7
2016-09-18,458158.1
2016-09-19,457643.7
2016-09-20,457132.8
2016-09-21,456625.5
2016-09-22,456121.5
2016-09-23,455621.0
2016-09-24,455124.4
2016-09-25,454631.8
2016-09-26,454143.0
2016-09-27,453658.3
2016-09-28,453177.9
2016-09-29,452701.5
2016-09-30,452228.5
2016-10-01,451759.0
2016-10-02,451293.1
2016-10-03,450831.1
2016-10-04,450372.4
2016-10-05,449917.0
2016-10-06,449466.0
2016-10-07,449019.1
2016-10-08,448579.2
2016-10-09,448149.9
2016-10-10,447735.8
2016-10-11,447339.1
2016-10-12,446964.4
2016-10-13,446609.0
2016-10-14,446279.5
2016-10-15,445974.6
2016-10-16,445695.7
2016-10-17,445443.9
2016-10-18,445219.3
2016-10-19,445019.3
2016-10-20,445257.7
2016-10-21,445531.1
2016-10-22,445843.1
2016-10-23,446192.4
2016-10-24,446571.4
2016-10-25,446981.2
2016-10-26,447416.1
2016-10-27,447871.4
2016-10-28,448348.8
2016-10-29,448844.0
2016-10-30,449354.2
2016-10-31,449876.2
2016-11-01,450404.8
2016-11-02,450938.7
2016-11-03,451479.0
2016-11-04,452025.8
2016-11-05,452580.7
2016-11-06,453150.6
2016-11-07,453741.2
2016-11-08,454352.3
2016-11-09,454980.8
2016-11-10,455626.4
2016-11-11,456289.4
2016-11-12,456967.4
2016-11-13,457660.3
2016-11-14,458366.0
2016-11-15,459084.4
2016-11-16,459816.1
2016-11-17,460559.4
2016-11-18,461313.2
2016-11-19,462078.2
2016-11-20,462854.7
2016-11-21,463643.1
2016-11-22,464442.6
2016-11-23,465252.6
2016-11-24,466072.1
2016-11-25,466902.0
2016-11-26,467743.3
2016-11-27,468594.8
2016-11-28,469454.9
2016-11-29,470325.7
2016-11-30,471208.9
2016-12-01,472103.4
2016-12-02,473008.0
2016-12-03,473923.4
2016-12-04,474850.8
2016-12-05,475788.1
2016-12-06,476736.7
2016-12-07,477695.9
2016-12-08,478667.7
2016-12-09,479651.6
2016-12-10,464004.4
2016-12-11,448617.9
2016-12-12,433492.5
2016-12-13,418636.1
2016-12-14,404045.8
2016-12-15,389732.5
2016-12-16,375688.7
2016-12-17,361915.5
2016-12-18,348419.8
2016-12-19,335199.7
2016-12-20,322249.2
2016-12-21,309564.7
2016-12-22,297147.3
2016-12-23,284998.3
2016-12-24,273119.9
2016-12-25,261523.7
2016-12-26,250208.0
2016-12-27,239178.1
2016-12-28,228453.5
2016-12-29,218035.2
2016-12-30,207911.2
2016-12-31,198065.2
2017-01-01,188495.0
2017-01-02,179203.7
2017-01-03,170192.8
2017-01-04,161460.2
2017-01-05,153003.0
2017-01-06,144806.1
2017-01-07,136863.2
2017-01-08,129174.5
2017-01-09,121743.0
2017-01-10,114572.5
2017-01-11,107663.4
2017-01-12,101028.5
2017-01-13,94692.8
2017-01-14,88669.0
2017-01-15,82971.8
2017-01-16,77603.0
2017-01-17,72537.9
2017-01-18,73475.3
2017-01-19,74462.7
2017-01-20,75500.2
2017-01-21,76583.2
2017-01-22,77709.8
2017-01-23,78890.0
2017-01-24,80117.4
2017-01-25,81397.5
2017-01-26,82738.8
2017-01-27,84152.8
2017-01-28,85645.2
2017-01-29,87212.5
2017-01-30,88846.8
2017-01-31,90555.0
2017-02-01,92330.4
2017-02-02,91213.5
2017-02-03,90124.1
2017-02-04,89063.5
2017-02-05,88032.3
2017-02-06,87029.9
2017-02-07,86052.9
2017-02-08,85101.0
2017-02-09,84174.3
2017-02-10,83273.6
2017-02-11,82397.8
2017-02-12,81547.3
2017-02-13,80720.1
2017-02-14,79915.5
2017-02-15,79133.8
2017-02-16,78373.7
2017-02-17,77635.8
2017-02-18,76920.0
2017-02-19,76225.4
2017-02-20,75552.7
2017-02-21,74900.7
2017-02-22,74267.6
2017-02-23,73657.2
2017-02-24,73050.8
2017-02-25,72448.9
2017-02-26,71851.8
2017-02-27,71258.8
2017-02-28,70669.9
2017-03-01,70085.3
2017-03-02,69505.2
2017-03-03,68930.0
2017-03-04,68359.5
2017-03-05,67794.1
2017-03-06,67233.1
2017-03-07,66676.5
2017-03-08,66124.7
2017-03-09,65577.4
2017-03-10,65034.9
2017-03-11,64497.4
2017-03-12,63965.9
2017-03-13,63440.4
2017-03-14,62919.7
2017-03-15,62404.0
2017-03-16,61893.2
2017-03-17,61387.2
2017-03-18,60886.3
2017-03-19,60389.9
2017-03-20,59898.0
2017-03-21,59410.7
2017-03-22,58928.0
2017-03-23,58899.8
2017-03-24,58879.1
2017-03-25,58866.4
2017-03-26,58859.2
2017-03-27,58859.5
2017-03-28,58868.9
2017-03-29,58882.9
2017-03-30,58900.5
2017-03-31,58922.1
2017-04-01,58947.7
2017-04-02,58977.4
2017-04-03,59011.2
2017-04-04,59048.7
2017-04-05,59090.6
2017-04-06,59136.6
2017-04-07,59186.7
2017-04-08,59241.1
2017-04-09,59301.0
2017-04-10,59366.2
2017-04-11,59436.5
2017-04-12,59512.7
2017-04-13,59594.0
2017-04-14,60862.4
2017-04-15,62185.5
2017-04-16,63565.4
2017-04-17,65002.7
2017-04-18,66498.7
2017-04-19,68057.1
2017-04-20,69691.5
2017-04-21,71395.9
2017-04-22,73164.3
2017-04-23,74992.7
2017-04-24,76878.1
2017-04-25,78815.5
2017-04-26,80804.7
2017-04-27,82841.4
2017-04-28,84926.2
2017-04-29,87055.8
2017-04-30,89233.5
2017-05-01,91456.2
2017-05-02,93720.6
2017-05-03,96029.5
2017-05-04,98383.4
2017-05-05,100782.4
2017-05-06,103227.5
2017-05-07,105719.6
2017-05-08,108259.5
2017-05-09,110848.9
2017-05-10,113488.8
2017-05-11,116184.8
2017-05-12,118938.4
2017-05-13,121755.9
2017-05-14,124639.4
2017-05-15,127588.5
2017-05-16,130598.8
2017-05-17,133675.2
2017-05-18,136820.1
2017-05-19,140033.8
2017-05-20,143315.5
2017-05-21,146670.2
2017-05-22,150091.0
2017-05-23,153580.6
2017-05-24,157142.6
2017-05-25,160782.4
2017-05-26,164503.4
2017-05-27,168310.4
2017-05-28,172201.3
2017-05-29,176188.8
2017-05-30,180263.3
2017-05-31,184451.1
2017-06-01,188747.5
2017-06-02,193165.2
2017-06-03,197698.5
2017-06-04,202350.3
2017-06-05,207118.3
2017-06-06,212003.8
2017-06-07,208889.1
2017-06-08,205865.8
2017-06-09,202933.8
2017-06-10,200089.1
2017-06-11,197336.1
2017-06-12,194675.5
2017-06-13,192107.3
2017-06-14,189629.8
2017-06-15,187250.7
2017-06-16,184966.3
2017-06-17,182781.2
2017-06-18,180693.6
2017-06-19,178696.6
2017-06-20,176787.8
2017-06-21,174962.0
2017-06-22,173213.1
2017-06-23,171539.3
2017-06-24,169927.8
2017-06-25,168379.3
2017-06-26,166893.0
2017-06-27,165461.2
2017-06-28,164084.2
2017-06-29,162758.5
2017-06-30,161484.0
2017-07-01,160259.2
2017-07-02,159083.5
2017-07-03,157957.7
2017-07-04,156882.6
2017-07-05,155856.2
2017-07-06,154884.6
2017-07-07,153968.8
2017-07-08,153100.3
2017-07-09,152275.1
2017-07-10,151488.0
2017-07-11,150738.4
2017-07-12,150021.7
2017-07-13,149337.3
2017-07-14,148687.3
2017-07-15,148069.2
2017-07-16,147483.7
2017-07-17,146933.0
2017-07-18,146417.2
2017-07-19,145932.7
2017-07-20,145477.0
2017-07-21,145052.7
2017-07-22,144661.6
2017-07-23,144308.6
2017-07-24,143990.3
2017-07-25,143709.1
2017-07-26,143470.8
2017-07-27,144498.3
2017-07-28,145545.6
2017-07-29,146615.0
2017-07-30,147703.1
2017-07-31,148811.4
2017-08-01,149940.0
2017-08-02,151086.6
2017-08-03,152251.6
2017-08-04,153436.9
2017-08-05,154640.8
2017-08-06,155865.9
2017-08-07,157112.2
2017-08-08,158379.2
2017-08-09,159664.7
2017-08-10,160966.2
2017-08-11,162281.5
2017-08-12,163610.0
2017-08-13,164948.9
2017-08-14,166297.5
2017-08-15,167656.7
2017-08-16,169027.0
2017-08-17,170406.6
2017-08-18,171794.4
2017-08-19,173190.6
2017-08-20,174596.0
2017-08-21,176009.3
2017-08-22,177431.4
2017-08-23,178863.0
2017-08-24,180303.3
2017-08-25,181753.5
2017-08-26,183213.7
2017-08-27,184682.7
2017-08-28,186161.9
2017-08-29,187653.3
2017-08-30,189156.9
2017-08-31,190668.9
2017-09-01,192190.5
2017-09-02,193723.1
2017-09-03,193669.0
2017-09-04,193652.9
2017-09-05,193678.7
2017-09-06,193745.5
2017-09-07,193854.6
2017-09-08,194003.1
2017-09-09,194194.9
2017-09-10,194432.7
2017-09-11,194718.7
2017-09-12,195051.5
2017-09-13,195436.8
2017-09-14,195880.2
2017-09-15,196418.0
2017-09-16,194224.2
2017-09-17,192061.1
2017-09-18,189929.7
2017-09-19,187831.7
2017-09-20,185766.3
2017-09-21,183731.4
2017-09-22,181728.0
2017-09-23,179753.9
2017-09-24,177807.3
2017-09-25,175879.2
2017-09-26,173963.6
2017-09-27,172060.2
2017-09-28,170170.1
2017-09-29,168292.9
2017-09-30,166431.4
2017-10-01,164585.1
2017-10-02,162753.4
2017-10-03,160940.6
2017-10-04,159147.9
2017-10-05,157377.1
2017-10-06,155627.0
2017-10-07,153899.2
2017-10-08,152191.3
2017-10-09,151685.1
2017-10-10,151286.7
2017-10-11,150920.3
2017-10-12,150591.3
2017-10-13,150301.6
2017-10-14,150049.2
2017-10-15,149837.7
2017-10-16,149673.8
2017-10-17,149551.0
2017-10-18,149469.9
2017-10-19,149433.8
2017-10-20,149443.8
2017-10-21,149497.7
2017-10-22,149597.9
2017-10-23,149747.5
2017-10-24,149942.8
2017-10-25,150175.7
2017-10-26,148913.4
2017-10-27,147689.8
2017-10-28,146502.9
2017-10-29,145354.3
2017-10-30,144243.5
2017-10-31,143170.4
2017-11-01,142133.7
2017-11-02,141135.3
2017-11-03,140177.0
2017-11-04,139259.1
2017-11-05,138380.2
2017-11-06,137544.3
2017-11-07,136745.9
2017-11-08,135991.1
2017-11-09,136882.4
2017-11-10,137780.4
2017-11-11,138684.4
2017-11-12,139594.9
2017-11-13,140511.7
2017-11-14,141435.6
2017-11-15,142367.8
2017-11-16,143307.9
2017-11-17,144255.0
2017-11-18,145209.9
2017-11-19,146172.7
2017-11-20,147144.2
2017-11-21,148122.0
2017-11-22,149106.5
2017-11-23,150097.5
2017-11-24,151096.6
2017-11-25,152104.0
2017-11-26,153118.5
2017-11-27,154139.5
2017-11-28,155168.0
2017-11-29,156204.4
2017-11-30,157247.7
2017-12-01,158297.5
2017-12-02,159355.4
2017-12-03,160422.0
2017-12-04,161495.4
2017-12-05,162576.2
2017-12-06,163664.7
2017-12-07,164762.4
2017-12-08,165867.9
2017-12-09,166981.3
2017-12-10,168104.6
2017-12-11,169240.2
2017-12-12,170386.9
2017-12-13,171544.0
2017-12-14,172713.0
2017-12-15,173891.8
2017-12-16,175078.6
2017-12-17,176273.4
2017-12-18,177479.8
2017-12-19,178694.3
2017-12-20,179916.5
2017-12-21,181147.9
2017-12-22,182388.1
2017-12-23,183638.4
2017-12-24,184897.4
2017-12-25,186164.9
2017-12-26,187440.0
2017-12-27,188725.5
2017-12-28,190021.2
2017-12-29,191324.3
2017-12-30,192635.5
2017-12-31,193958.2
2018-01-01,195288.3
2018-01-02,196626.5
2018-01-03,197975.0
2018-01-04,199332.5
2018-01-05,200697.9
2018-01-06,202072.9
2018-01-07,203457.3
2018-01-08,204849.5
2018-01-09,206251.5
2018-01-10,207662.7
2018-01-11,209081.6
2018-01-12,206148.1
2018-01-13,203248.9
2018-01-14,200381.8
2018-01-15,197547.3
2018-01-16,194744.2
2018-01-17,191974.2
2018-01-18,189236.0
2018-01-19,186531.1
2018-01-20,183861.7
2018-01-21,181226.2
2018-01-22,178619.7
2018-01-23,176042.5
2018-01-24,173495.6
2018-01-25,170981.5
2018-01-26,168500.2
2018-01-27,166051.0
2018-01-28,163637.0
2018-01-29,161259.1
2018-01-30,158918.1
2018-01-31,156615.6
2018-02-01,154350.2
2018-02-02,152122.8
2018-02-03,149933.8
2018-02-04,147784.6
2018-02-05,145672.1
2018-02-06,143591.6
2018-02-07,141543.0
2018-02-08,139524.6
2018-02-09,137532.1
2018-02-10,135566.1
2018-02-11,133623.3
2018-02-12,131703.1
2018-02-13,129806.3
2018-02-14,127931.4
2018-02-15,126077.2
2018-02-16,124240.7
2018-02-17,122424.5
2018-02-18,120625.3
2018-02-19,118843.3
2018-02-20,117079.4
2018-02-21,115338.3
2018-02-22,113612.3
2018-02-23,111903.3
2018-02-24,110212.1
2018-02-25,108538.3
2018-02-26,106880.7
2018-02-27,105241.5
2018-02-28,110136.7
2018-03-01,115386.0
2018-03-02,121035.4
2018-03-03,127196.9
2018-03-04,134117.4
2018-03-05,141939.8
2018-03-06,150627.1
2018-03-07,160093.9
2018-03-08,162358.7
2018-03-09,165444.4
2018-03-10,169431.6
2018-03-11,174062.3
2018-03-12,179130.4
2018-03-13,184581.5
2018-03-14,190421.0
2018-03-15,196685.8
2018-03-16,203435.3
2018-03-17,210717.3
2018-03-18,218503.6
2018-03-19,226686.4
2018-03-20,235210.1
2018-03-21,238783.4
2018-03-22,243496.7
2018-03-23,249232.3
2018-03-24,256035.7
2018-03-25,264049.4
2018-03-26,273382.2
2018-03-27,283494.6
2018-03-28,294144.9
2018-03-29,305216.6
2018-03-30,316641.6
2018-03-31,328386.0
2018-04-01,340474.3
2018-04-02,352926.2
2018-04-03,365714.8
2018-04-04,378822.3
2018-04-05,407432.9
2018-04-06,463850.7
2018-04-07,495523.4
2018-04-08,410730.4
2018-04-09,372384.0
2018-04-10,337350.3
2018-04-11,384998.4
2018-04-12,359836.2
2018-04-13,385701.1
2018-04-14,377170.9
2018-04-15,330714.3
2018-04-16,328078.6
2018-04-17,311196.5
2018-04-18,260211.7
2018-04-19,221903.1
2018-04-20,251749.8
2018-04-21,252031.6
2018-04-22,268222.6
2018-04-23,247885.1
2018-04-24,238907.8
2018-04-25,245473.9
2018-04-26,273732.7
2018-04-27,246459.3
2018-04-28,247537.1
2018-04-29,255735.9
2018-04-30,286474.9
2018-05-01,268316.0
2018-05-02,262065.3
2018-05-03,267962.5
2018-05-04,260723.0
2018-05-05,266109.1
2018-05-06,288559.4
2018-05-07,213186.9
2018-05-08,194968.6
2018-05-09,198590.8
2018-05-10,188686.5
2018-05-11,193844.1
2018-05-12,188524.3
2018-05-13,196731.7
2018-05-14,214658.8
2018-05-15,240282.4
2018-05-16,270656.8
2018-05-17,265403.0
2018-05-18,260343.0
2018-05-19,215902.7
2018-05-20,218654.0
2018-05-21,178068.4
2018-05-22,135551.2
2018-05-23,108741.4
2018-05-24,126276.3
2018-05-25,160864.6
2018-05-26,156651.0
2018-05-27,153592.1
2018-05-28,151708.3
2018-05-29,150874.6
2018-05-30,151132.1
2018-05-31,137416.3
2018-06-01,125327.7
2018-06-02,114877.3
2018-06-03,106041.2
2018-06-04,98758.6
2018-06-05,98660.0
2018-06-06,99022.0
2018-06-07,99933.1
2018-06-08,101517.8
2018-06-09,104033.5
2018-06-10,107280.2
2018-06-11,110964.4
2018-06-12,115069.8
2018-06-13,119551.3
2018-06-14,115551.3
2018-06-15,111831.7
2018-06-16,108443.6
2018-06-17,105398.0
2018-06-18,102659.7
2018-06-19,100230.7
2018-06-20,98174.4
2018-06-21,98166.2
2018-06-22,98173.2
2018-06-23,98195.5
2018-06-24,98233.9
2018-06-25,98288.3
2018-06-26,98358.8
2018-06-27,98446.8
2018-06-28,98551.3
2018-06-29,98672.7
2018-06-30,98811.1
2018-07-01,98966.6
2018-07-02,99136.6
2018-07-03,99320.4
2018-07-04,99514.8
2018-07-05,99718.3
2018-07-06,99930.5
2018-07-07,100152.3
2018-07-08,100383.3
2018-07-09,100623.4
2018-07-10,100874.2
2018-07-11,101134.5
2018-07-12,101405.6
2018-07-13,101686.8
2018-07-14,101978.9
2018-07-15,102281.6
2018-07-16,102596.6
2018-07-17,102922.1
2018-07-18,103260.6
2018-07-19,103611.3
2018-07-20,103974.3
2018-07-21,104350.1
2018-07-22,104738.9
2018-07-23,105142.4
2018-07-24,105559.4
2018-07-25,105991.3
2018-07-26,106437.0
2018-07-27,106897.2
2018-07-28,107372.2
2018-07-29,107860.1
2018-07-30,108361.8
2018-07-31,108877.9
2018-08-01,109407.2
2018-08-02,110253.0
2018-08-03,111114.1
2018-08-04,111991.7
2018-08-05,112887.9
2018-08-06,113800.6
2018-08-07,114730.3
2018-08-08,115677.8
2018-08-09,116641.4
2018-08-10,117621.0
2018-08-11,118618.8
2018-08-12,119636.3
2018-08-13,120671.9
2018-08-14,121723.8
2018-08-15,122794.5
2018-08-16,122546.5
2018-08-17,122302.8
2018-08-18,122063.3
2018-08-19,121828.2
2018-08-20,121597.6
2018-08-21,121372.0
2018-08-22,121150.3
2018-08-23,120932.7
2018-08-24,120719.2
2018-08-25,120510.6
2018-08-26,120306.1
2018-08-27,120105.6
2018-08-28,119909.6
2018-08-29,119718.2
2018-08-30,119529.9
2018-08-31,119345.8
2018-09-01,119166.4
2018-09-02,118990.9
2018-09-03,118819.4
2018-09-04,118651.7
2018-09-05,118487.5
2018-09-06,118327.7
2018-09-07,118172.0
2018-09-08,118019.7
2018-09-09,117871.2
2018-09-10,117726.3
2018-09-11,117584.2
2018-09-12,117445.7
2018-09-13,117310.4
2018-09-14,117177.8
2018-09-15,117047.9
2018-09-16,116920.3
2018-09-17,116794.8
2018-09-18,116672.1
2018-09-19,116551.6
2018-09-20,112258.1
2018-09-21,108124.9
2018-09-22,104170.1
2018-09-23,100413.1
2018-09-24,96859.0
2018-09-25,93489.2
2018-09-26,90333.6
2018-09-27,91984.6
2018-09-28,93721.2
2018-09-29,95535.4
2018-09-30,97423.7
2018-10-01,99379.9
2018-10-02,101407.9
2018-10-03,103528.2
2018-10-04,105738.2
2018-10-05,108022.4
2018-10-06,110370.2
2018-10-07,112778.4
2018-10-08,115243.3
2018-10-09,117761.0
2018-10-10,120330.9
2018-10-11,115874.1
2018-10-12,111557.7
2018-10-13,107377.2
2018-10-14,103333.9
2018-10-15,99419.5
2018-10-16,95640.4
2018-10-17,91997.2
2018-10-18,88491.7
2018-10-19,85122.5
2018-10-20,81887.2
2018-10-21,78789.9
2018-10-22,75829.0
2018-10-23,73007.9
2018-10-24,70326.9
2018-10-25,67793.3
2018-10-26,65406.9
2018-10-27,63157.2
2018-10-28,61050.7
2018-10-29,59097.5
2018-10-30,57265.6
2018-10-31,55539.6
2018-11-01,53911.1
2018-11-02,57208.0
2018-11-03,60970.2
2018-11-04,65288.7
2018-11-05,70317.2
2018-11-06,76072.7
2018-11-07,82506.1
2018-11-08,89539.3
2018-11-09,97044.5
2018-11-10,104989.9
2018-11-11,113322.4
2018-11-12,121903.2
2018-11-13,130710.3
2018-11-14,139726.2
2018-11-15,148936.3
2018-11-16,158332.9
2018-11-17,167866.7
2018-11-18,177487.5
2018-11-19,187197.5
2018-11-20,196989.3
2018-11-21,206864.1
2018-11-22,216828.6
2018-11-23,226889.0
2018-11-24,237044.2
2018-11-25,247300.5
2018-11-26,257665.0
2018-11-27,268138.2
2018-11-28,278716.1
2018-11-29,274082.8
2018-11-30,271127.1
2018-12-01,269438.2
2018-12-02,268896.4
2018-12-03,269293.1
2018-12-04,270464.5
2018-12-05,272312.2
2018-12-06,274734.5
2018-12-07,263121.5
2018-12-08,253721.4
2018-12-09,245904.8
2018-12-10,238870.1
2018-12-11,232582.4
2018-12-12,232754.5
2018-12-13,234290.6
2018-12-14,236959.5
2018-12-15,240587.5
2018-12-16,245020.5
2018-12-17,249927.0
2018-12-18,255225.1
2018-12-19,332111.1
2018-12-20,321214.9
2018-12-21,311085.6
2018-12-22,301430.0
2018-12-23,292372.4
2018-12-24,284221.2
2018-12-25,277639.6
2018-12-26,272944.9
2018-12-27,272687.4
2018-12-28,273566.1
2018-12-29,275744.9
2018-12-30,279357.8
2018-12-31,284899.9
2019-01-01,292175.9
2019-01-02,301295.8
2019-01-03,312487.4
2019-01-04,326103.5
2019-01-05,301343.2
2019-01-06,373913.0
2019-01-07,362410.6
2019-01-08,237817.4
2019-01-09,329131.9
2019-01-10,370036.7
2019-01-11,275495.5
2019-01-12,264569.1
2019-01-13,283789.1
2019-01-14,255325.1
2019-01-15,277808.5
2019-01-16,278197.4
2019-01-17,316886.7
2019-01-18,329408.0
2019-01-19,293839.1
2019-01-20,292524.5
2019-01-21,319243.1
2019-01-22,273875.1
2019-01-23,238844.5
2019-01-24,213461.5
2019-01-25,216817.2
2019-01-26,232752.9
2019-01-27,245025.6
2019-01-28,264869.9
2019-01-29,292783.6
2019-01-30,326524.6
2019-01-31,277601.6
2019-02-01,286503.2
2019-02-02,279876.5
2019-02-03,278098.2
2019-02-04,279864.8
2019-02-05,284526.8
2019-02-06,291875.3
2019-02-07,302140.4
2019-02-08,260393.6
2019-02-09,223713.8
2019-02-10,191258.1
2019-02-11,165239.3
2019-02-12,144011.5
2019-02-13,218941.7
2019-02-14,323259.7
2019-02-15,313624.1
2019-02-16,312573.7
2019-02-17,319591.9
2019-02-18,315720.9
2019-02-19,313470.7
2019-02-20,312683.3
2019-02-21,313638.9
2019-02-22,316451.2
2019-02-23,320975.6
2019-02-24,327262.1
2019-02-25,307295.2
2019-02-26,285359.5
2019-02-27,269858.1
2019-02-28,266464.2
2019-03-01,265974.4
2019-03-02,268265.2
2019-03-03,273121.9
2019-03-04,280523.0
2019-03-05,263012.1
2019-03-06,249233.6
2019-03-07,241924.3
2019-03-08,238335.4
2019-03-09,238140.4
2019-03-10,240672.5
2019-03-11,246413.7
2019-03-12,256359.3
2019-03-13,298908.8
2019-03-14,353860.5
2019-03-15,341492.8
2019-03-16,330782.2
2019-03-17,322005.1
2019-03-18,315358.7
2019-03-19,310575.5
2019-03-20,307389.4
2019-03-21,305529.2
2019-03-22,305224.1
2019-03-23,306398.9
2019-03-24,308352.6
2019-03-25,310922.5
2019-03-26,314264.0
2019-03-27,318489.7
2019-03-28,322399.3
2019-03-29,327171.4
2019-03-30,332618.7
2019-03-31,338598.8
2019-04-01,345033.0
2019-04-02,351906.7
2019-04-03,359237.5
2019-04-04,367025.1
2019-04-05,375250.9
2019-04-06,383863.4
2019-04-07,392857.5
2019-04-08,402198.1
2019-04-09,411832.6
2019-04-10,421714.6
2019-04-11,431807.9
2019-04-12,442106.0
2019-04-13,452643.7
2019-04-14,463448.9
2019-04-15,474540.3
2019-04-16,485933.8
2019-04-17,497694.4
2019-04-18,509931.5
2019-04-19,465804.5
2019-04-20,444906.2
2019-04-21,427396.5
2019-04-22,413210.0
2019-04-23,411714.8
2019-04-24,404480.6
2019-04-25,401624.8
2019-04-26,391372.2
2019-04-27,391078.9
2019-04-28,394361.0
2019-04-29,401103.0
2019-04-30,410078.9
2019-05-01,435212.3
2019-05-02,420284.0
2019-05-03,375400.9
2019-05-04,359626.1
2019-05-05,345279.9
2019-05-06,334536.1
2019-05-07,300343.7
2019-05-08,309179.6
2019-05-09,318398.6
2019-05-10,328041.1
2019-05-11,338200.5
2019-05-12,348916.0
2019-05-13,360240.3
2019-05-14,372236.6
2019-05-15,384970.6
2019-05-16,398511.3
2019-05-17,430115.6
2019-05-18,463507.5
2019-05-19,498482.3
2019-05-20,535047.8
2019-05-21,533131.7
2019-05-22,570385.2
2019-05-23,535910.9
2019-05-24,473705.9
2019-05-25,429699.5
2019-05-26,366894.1
2019-05-27,313319.8
2019-05-28,271243.1
2019-05-29,219608.9
2019-05-30,213141.8
2019-05-31,211591.8
2019-06-01,213652.4
2019-06-02,218692.6
2019-06-03,226512.2
2019-06-04,236886.8
2019-06-05,339548.2
2019-06-06,416252.0
2019-06-07,374085.3
2019-06-08,359697.3
2019-06-09,325674.1
2019-06-10,300685.3
2019-06-11,355064.4
2019-06-12,339562.5
2019-06-13,287443.4
2019-06-14,251145.1
2019-06-15,261865.8
2019-06-16,277125.9
2019-06-17,296745.8
2019-06-18,319327.9
2019-06-19,344255.3
2019-06-20,370589.5
2019-06-21,347968.0
2019-06-22,310187.2
2019-06-23,270951.4
2019-06-24,259745.2
2019-06-25,289355.9
2019-06-26,239328.4
2019-06-27,308469.8
2019-06-28,325552.8
2019-06-29,282922.3
2019-06-30,271056.9
2019-07-01,307031.4
2019-07-02,335997.5
2019-07-03,296520.4
2019-07-04,276541.3
2019-07-05,261105.9
2019-07-06,250970.8
2019-07-07,245008.9
2019-07-08,243479.9
2019-07-09,245993.7
2019-07-10,252293.2
2019-07-11,262865.2
2019-07-12,276950.0
2019-07-13,294502.6
2019-07-14,316683.1
2019-07-15,254276.9
2019-07-16,232831.3
2019-07-17,236927.3
2019-07-18,217728.3
2019-07-19,219444.0
2019-07-20,231845.5
2019-07-21,252126.6
2019-07-22,277395.0
2019-07-23,289623.0
2019-07-24,329734.8
2019-07-25,333706.9
2019-07-26,358912.4
2019-07-27,344298.8
2019-07-28,344572.7
2019-07-29,359236.3
2019-07-30,356577.7
2019-07-31,324306.2
2019-08-01,276913.4
2019-08-02,240509.0
2019-08-03,274499.3
2019-08-04,325355.8
2019-08-05,297424.0
2019-08-06,273887.4
2019-08-07,255476.0
2019-08-08,255322.3
2019-08-09,256608.1
2019-08-10,259854.0
2019-08-11,264969.2
2019-08-12,272433.4
2019-08-13,282414.3
2019-08-14,294343.3
2019-08-15,288231.8
2019-08-16,284186.2
2019-08-17,282131.5
2019-08-18,280250.6
2019-08-19,278563.5
2019-08-20,276592.5
2019-08-21,275465.1
2019-08-22,276947.3
2019-08-23,278578.8
2019-08-24,280350.7
2019-08-25,282276.6
2019-08-26,284428.3
2019-08-27,286898.5
2019-08-28,285791.8
2019-08-29,284762.7
2019-08-30,283794.6
2019-08-31,282888.2
2019-09-01,282048.2
2019-09-02,281282.3
2019-09-03,280610.7
2019-09-04,280042.1
2019-09-05,281965.5
2019-09-06,284007.1
2019-09-07,286164.7
2019-09-08,288425.9
2019-09-09,290782.1
2019-09-10,293242.8
2019-09-11,295806.9
2019-09-12,290737.7
2019-09-13,285887.3
2019-09-14,281262.4
2019-09-15,276852.7
2019-09-16,272680.3
2019-09-17,268736.1
2019-09-18,265008.3
2019-09-19,267499.5
2019-09-20,270025.0
2019-09-21,272588.5
2019-09-22,275187.9
2019-09-23,277823.8
2019-09-24,280497.8
2019-09-25,283208.3
2019-09-26,285953.5
2019-09-27,288734.9
2019-09-28,291551.6
2019-09-29,294407.4
2019-09-30,297299.3
2019-10-01,300225.7
2019-10-02,303190.3
2019-10-03,306191.4
2019-10-04,309231.2
2019-10-05,312307.2
2019-10-06,315419.5
2019-10-07,318569.6
2019-10-08,313646.1
2019-10-09,308772.6
2019-10-10,303950.2
2019-10-11,299177.5
2019-10-12,294454.9
2019-10-13,289783.6
2019-10-14,285164.2
2019-10-15,280592.0
2019-10-16,276068.8
2019-10-17,271593.0
2019-10-18,267167.6
2019-10-19,262790.6
2019-10-20,258456.2
2019-10-21,254167.0
2019-10-22,249921.6
2019-10-23,245720.5
2019-10-24,241564.7
2019-10-25,237453.9
2019-10-26,233392.9
2019-10-27,229378.7
2019-10-28,225411.9
2019-10-29,221495.6
2019-10-30,217630.3
2019-10-31,218106.3
2019-11-01,218842.1
2019-11-02,219829.3
2019-11-03,221083.1
2019-11-04,222607.3
2019-11-05,224404.4
2019-11-06,226453.5
2019-11-07,228747.8
2019-11-08,231270.1
2019-11-09,234008.3
2019-11-10,236937.1
2019-11-11,240051.3
2019-11-12,243357.5
2019-11-13,246892.9
2019-11-14,250651.4
2019-11-15,245076.4
2019-11-16,239720.6
2019-11-17,234608.3
2019-11-18,229775.4
2019-11-19,225250.6
2019-11-20,221044.4
2019-11-21,217164.9
2019-11-22,213630.7
2019-11-23,210441.0
2019-11-24,207571.1
2019-11-25,205006.8
2019-11-26,208628.2
2019-11-27,212475.3
2019-11-28,216594.2
2019-11-29,220970.8
2019-11-30,225589.9
2019-12-01,230409.4
2019-12-02,235420.1
2019-12-03,230633.5
2019-12-04,232102.0
2019-12-05,233900.6
2019-12-06,235837.6
2019-12-07,237912.6
2019-12-08,240134.3
2019-12-09,242502.5
2019-12-10,245013.0
2019-12-11,247673.0
2019-12-12,250478.5
2019-12-13,253415.9
2019-12-14,256475.4
2019-12-15,259665.7
2019-12-16,262981.8
2019-12-17,266420.8
2019-12-18,269988.9
2019-12-19,266569.0
2019-12-20,263232.7
2019-12-21,259986.8
2019-12-22,256826.9
2019-12-23,253743.2
2019-12-24,250735.4
2019-12-25,247795.6
2019-12-26,244918.8
2019-12-27,242106.2
2019-12-28,239354.9
2019-12-29,236663.4
2019-12-30,234029.9
2019-12-31,235401.5
2020-01-01,236849.6
2020-01-02,238384.8
2020-01-03,240008.2
2020-01-04,241710.9
2020-01-05,243488.2
2020-01-06,245342.1
2020-01-07,247267.3
2020-01-08,249262.8
2020-01-09,256333.9
2020-01-10,263719.7
2020-01-11,271463.2
2020-01-12,279633.0
2020-01-13,288292.4
2020-01-14,297497.7
2020-01-15,293992.2
2020-01-16,290981.8
2020-01-17,288375.1
2020-01-18,286110.2
2020-01-19,284229.2
2020-01-20,282940.3
2020-01-21,282317.0
2020-01-22,282186.1
2020-01-23,283485.7
2020-01-24,286247.2
2020-01-25,291370.3
2020-01-26,299993.8
2020-01-27,311460.8
2020-01-28,325308.2
2020-01-29,304451.2
2020-01-30,301168.2
2020-01-31,300392.5
2020-02-01,302071.7
2020-02-02,306975.6
2020-02-03,315273.7
2020-02-04,326594.1
2020-02-05,329924.9
2020-02-06,356049.0
2020-02-07,349597.6
2020-02-08,353106.2
2020-02-09,366729.8
2020-02-10,387726.7
2020-02-11,374474.7
2020-02-12,364964.0
2020-02-13,360429.8
2020-02-14,360906.8
2020-02-15,366584.1
2020-02-16,408953.7
2020-02-17,480455.3
2020-02-18,458924.7
2020-02-19,443758.1
2020-02-20,435839.0
2020-02-21,434483.3
2020-02-22,439604.9
2020-02-23,369838.6
2020-02-24,332356.0
2020-02-25,322398.1
2020-02-26,343364.2
2020-02-27,346692.9
2020-02-28,371391.8
2020-02-29,313731.5
2020-03-01,273759.4
2020-03-02,256179.6
2020-03-03,252239.8
2020-03-04,261108.5
2020-03-05,283810.2
2020-03-06,298201.7
2020-03-07,329666.7
2020-03-08,378039.3
2020-03-09,361920.9
2020-03-10,349890.2
2020-03-11,342076.0
2020-03-12,338626.8
2020-03-13,343817.3
2020-03-14,359436.2
2020-03-15,335462.5
2020-03-16,323789.6
2020-03-17,319089.1
2020-03-18,343725.7
2020-03-19,353015.4
2020-03-20,367397.5
2020-03-21,387482.9
2020-03-22,413621.4
2020-03-23,445607.5
2020-03-24,482579.2
2020-03-25,449800.9
2020-03-26,421211.1
2020-03-27,397177.3
2020-03-28,376891.8
2020-03-29,360736.7
2020-03-30,318223.3
2020-03-31,293481.9
2020-04-01,287019.6
2020-04-02,239760.9
2020-04-03,205634.5
2020-04-04,189194.6
2020-04-05,191278.3
2020-04-06,200236.4
2020-04-07,218474.1
2020-04-08,246681.9
2020-04-09,283540.8
2020-04-10,268762.3
2020-04-11,261029.1
2020-04-12,260614.2
2020-04-13,266221.6
2020-04-14,277790.9
2020-04-15,295851.8
2020-04-16,277469.4
2020-04-17,264352.8
2020-04-18,256756.8
2020-04-19,255149.1
2020-04-20,259758.8
2020-04-21,270258.0
2020-04-22,285229.7
2020-04-23,273432.3
2020-04-24,265009.8
2020-04-25,260142.9
2020-04-26,259086.7
2020-04-27,261757.2
2020-04-28,268541.4
2020-04-29,279731.7
2020-04-30,275004.9
2020-05-01,274984.7
2020-05-02,279216.7
2020-05-03,288882.7
2020-05-04,304891.9
2020-05-05,328135.3
2020-05-06,322737.5
2020-05-07,332823.1
2020-05-08,356600.2
2020-05-09,341665.1
2020-05-10,321441.9
2020-05-11,321259.2
2020-05-12,321079.7
2020-05-13,340666.0
2020-05-14,378519.1
2020-05-15,357349.3
2020-05-16,346260.8
2020-05-17,345648.5
2020-05-18,354640.8
2020-05-19,276762.8
2020-05-20,255276.7
2020-05-21,243003.5
2020-05-22,242292.5
2020-05-23,243533.3
2020-05-24,249071.4
2020-05-25,258679.9
2020-05-26,271812.0
2020-05-27,288929.0
2020-05-28,309245.8
2020-05-29,309929.5
2020-05-30,313385.9
2020-05-31,319209.5
2020-06-01,327763.8
2020-06-02,339817.4
2020-06-03,340108.9
2020-06-04,350685.5
2020-06-05,370432.9
2020-06-06,373637.0
2020-06-07,392117.3
2020-06-08,421520.0
2020-06-09,418755.6
2020-06-10,452578.6
2020-06-11,432344.6
2020-06-12,415647.2
2020-06-13,402989.6
2020-06-14,399197.4
2020-06-15,399347.1
2020-06-16,404418.1
2020-06-17,371620.5
2020-06-18,371401.9
2020-06-19,385028.7
2020-06-20,368842.6
2020-06-21,358968.3
2020-06-22,354248.0
2020-06-23,339119.3
2020-06-24,325929.7
2020-06-25,314415.1
2020-06-26,305209.2
2020-06-27,305164.8
2020-06-28,305657.8
2020-06-29,306689.9
2020-06-30,308291.5
2020-07-01,310526.2
2020-07-02,307998.8
2020-07-03,305928.1
2020-07-04,304383.3
2020-07-05,303460.3
2020-07-06,303214.5
2020-07-07,302228.2
2020-07-08,301585.0
2020-07-09,301297.4
2020-07-10,301325.7
2020-07-11,301625.3
2020-07-12,302186.0
2020-07-13,303019.2
2020-07-14,304527.2
2020-07-15,306124.0
2020-07-16,307808.9
2020-07-17,309596.0
2020-07-18,311484.6
2020-07-19,313481.2
2020-07-20,315597.5
2020-07-21,317836.4
2020-07-22,320210.0
2020-07-23,322721.2
2020-07-24,325377.2
2020-07-25,328165.0
2020-07-26,331079.5
2020-07-27,334108.1
2020-07-28,337246.0
2020-07-29,340492.2
2020-07-30,333532.2
2020-07-31,328913.8
2020-08-01,326402.8
2020-08-02,325618.9
2020-08-03,326531.1
2020-08-04,328922.4
2020-08-05,332526.3
2020-08-06,331678.0
2020-08-07,330878.5
2020-08-08,330133.4
2020-08-09,329438.0
2020-08-10,328795.1
2020-08-11,328207.6
2020-08-12,327676.8
2020-08-13,327206.4
2020-08-14,326821.7
2020-08-15,325536.6
2020-08-16,324300.6
2020-08-17,323104.9
2020-08-18,321945.0
2020-08-19,320818.5
2020-08-20,319730.0
2020-08-21,318677.4
2020-08-22,317661.6
2020-08-23,316682.5
2020-08-24,315740.7
2020-08-25,314838.2
2020-08-26,313970.9
2020-08-27,313147.3
2020-08-28,312364.4
2020-08-29,307467.8
2020-08-30,304694.9
2020-08-31,304008.5
2020-09-01,305459.0
2020-09-02,309672.2
2020-09-03,310813.6
2020-09-04,312109.9
2020-09-05,313553.9
2020-09-06,315149.9
2020-09-07,316884.7
2020-09-08,318756.2
2020-09-09,320762.2
2020-09-10,320084.9
2020-09-11,319815.1
2020-09-12,319863.0
2020-09-13,320202.7
2020-09-14,320934.2
2020-09-15,322498.3
2020-09-16,324827.6
2020-09-17,325276.5
2020-09-18,325775.3
2020-09-19,326336.6
2020-09-20,326953.4
2020-09-21,327629.1
2020-09-22,328394.7
2020-09-23,329254.2
2020-09-24,330189.0
2020-09-25,331185.6
2020-09-26,332236.3
2020-09-27,333336.8
2020-09-28,334480.9
2020-09-29,335666.1
2020-09-30,336889.3
2020-10-01,338150.4
2020-10-02,339456.3
2020-10-03,340821.4
2020-10-04,342249.1
2020-10-05,343736.8
2020-10-06,345283.0
2020-10-07,346886.9
2020-10-08,343474.5
2020-10-09,340098.4
2020-10-10,336758.3
2020-10-11,333457.6
2020-10-12,330196.5
2020-10-13,326976.7
2020-10-14,323801.0
2020-10-15,320669.6
2020-10-16,317581.7
2020-10-17,314537.5
2020-10-18,311536.1
2020-10-19,308571.5
2020-10-20,305647.1
2020-10-21,302757.8
2020-10-22,301659.1
2020-10-23,300621.0
2020-10-24,299643.5
2020-10-25,298721.3
2020-10-26,297846.9
2020-10-27,297021.8
2020-10-28,296251.3
2020-10-29,295531.3
2020-10-30,294868.8
2020-10-31,305418.7
2020-11-01,316658.8
2020-11-02,328500.6
2020-11-03,340917.7
2020-11-04,353853.6
2020-11-05,351013.3
2020-11-06,348236.4
2020-11-07,345534.4
2020-11-08,342903.2
2020-11-09,340342.7
2020-11-10,337859.1
2020-11-11,335448.9
2020-11-12,333125.0
2020-11-13,330886.6
2020-11-14,328735.2
2020-11-15,326669.7
2020-11-16,324686.6
2020-11-17,322789.9
2020-11-18,320981.8
2020-11-19,311090.8
2020-11-20,301322.6
2020-11-21,291689.8
2020-11-22,282203.0
2020-11-23,272875.9
2020-11-24,263713.1
2020-11-25,254718.6
2020-11-26,245904.3
2020-11-27,237265.9
2020-11-28,228797.7
2020-11-29,220507.6
2020-11-30,212379.2
2020-12-01,204401.4
2020-12-02,196566.9
2020-12-03,188882.0
2020-12-04,181335.7
2020-12-05,173931.4
2020-12-06,166679.5
2020-12-07,159580.3
2020-12-08,152634.4
2020-12-09,145842.9
2020-12-10,162396.0
2020-12-11,180046.6
2020-12-12,198747.1
2020-12-13,218499.9
2020-12-14,239374.8
2020-12-15,261606.3
2020-12-16,285144.0
2020-12-17,286725.6
2020-12-18,288322.1
2020-12-19,289932.1
2020-12-20,291556.5
2020-12-21,293195.0
2020-12-22,294848.8
2020-12-23,296517.9
2020-12-24,298203.2
2020-12-25,299905.9
2020-12-26,301625.8
2020-12-27,303362.4
2020-12-28,305116.4
2020-12-29,306889.4
2020-12-30,308681.4
2020-12-31,310493.5
2021-01-01,312325.5
2021-01-02,314177.2
2021-01-03,316051.0
2021-01-04,317946.5
2021-01-05,317352.9
2021-01-06,316852.6
2021-01-07,316454.4
2021-01-08,316156.3
2021-01-09,315957.8
2021-01-10,315853.0
2021-01-11,315838.7
2021-01-12,315907.2
2021-01-13,316051.1
2021-01-14,316260.1
2021-01-15,316534.8
2021-01-16,315962.4
2021-01-17,315404.0
2021-01-18,314860.9
2021-01-19,314335.7
2021-01-20,313827.2
2021-01-21,313333.2
2021-01-22,312856.1
2021-01-23,312394.0
2021-01-24,311951.9
2021-01-25,311528.1
2021-01-26,311121.6
2021-01-27,310735.0
2021-01-28,310367.5
2021-01-29,310021.1
2021-01-30,309695.1
2021-01-31,309391.4
2021-02-01,309110.1
2021-02-02,308853.1
2021-02-03,308622.0
2021-02-04,307094.4
2021-02-05,305575.6
2021-02-06,304066.5
2021-02-07,302568.4
2021-02-08,301084.6
2021-02-09,299613.7
2021-02-10,298154.2
2021-02-11,296706.9
2021-02-12,295271.4
2021-02-13,293848.7
2021-02-14,292438.9
2021-02-15,291041.4
2021-02-16,289656.1
2021-02-17,288283.8
2021-02-18,286924.8
2021-02-19,285579.8
2021-02-20,284248.9
2021-02-21,282930.5
2021-02-22,281624.5
2021-02-23,280332.7
2021-02-24,279055.8
2021-02-25,281263.1
2021-02-26,283931.5
2021-02-27,286967.1
2021-02-28,290383.1
2021-03-01,294177.5
2021-03-02,298229.4
2021-03-03,302557.3
2021-03-04,275392.9
2021-03-05,253454.1
2021-03-06,216923.6
2021-03-07,183723.0
2021-03-08,158665.2
2021-03-09,143351.5
2021-03-10,129813.7
2021-03-11,131057.2
2021-03-12,102980.7
2021-03-13,81013.8
2021-03-14,68238.1
2021-03-15,61562.9
2021-03-16,52206.7
2021-03-17,48899.5
2021-03-18,50936.1
2021-03-19,47640.9
2021-03-20,48791.5
2021-03-21,54636.8
2021-03-22,65235.5
2021-03-23,70024.1
2021-03-24,84432.9
2021-03-25,82728.0
2021-03-26,84681.9
2021-03-27,89437.4
2021-03-28,96079.7
2021-03-29,104956.1
2021-03-30,104186.5
2021-03-31,107173.4
2021-04-01,115092.4
2021-04-02,129581.4
2021-04-03,148610.6
2021-04-04,170954.4
2021-04-05,196424.7
2021-04-06,177035.0
2021-04-07,191438.8
2021-04-08,180709.9
2021-04-09,175500.9
2021-04-10,175576.3
2021-04-11,181717.5
2021-04-12,194330.4
2021-04-13,168256.2
2021-04-14,164850.7
2021-04-15,187256.4
2021-04-16,156774.7
2021-04-17,139591.8
2021-04-18,143809.0
2021-04-19,163682.2
2021-04-20,155607.6
2021-04-21,170568.2
2021-04-22,203932.2
2021-04-23,210562.7
2021-04-24,232435.5
2021-04-25,268521.9
2021-04-26,317701.5
2021-04-27,174745.0
2021-04-28,151669.7
2021-04-29,150230.8
2021-04-30,135609.8
2021-05-01,125309.7
2021-05-02,120090.7
2021-05-03,120889.2
2021-05-04,127451.1
2021-05-05,124689.1
2021-05-06,122687.6
2021-05-07,121416.1
2021-05-08,120841.3
2021-05-09,120977.0
2021-05-10,121860.4
2021-05-11,123518.6
2021-05-12,125972.9
2021-05-13,121803.4
2021-05-14,118965.6
2021-05-15,117469.9
2021-05-16,117302.5
2021-05-17,118382.2
2021-05-18,120666.0
2021-05-19,122547.5
2021-05-20,125587.9
2021-05-21,129814.0
2021-05-22,135221.8
2021-05-23,141824.7
2021-05-24,149581.2
2021-05-25,149580.8
2021-05-26,146659.1
2021-05-27,144484.8
2021-05-28,143100.9
2021-05-29,142549.5
2021-05-30,142815.0
2021-05-31,143913.8
2021-06-01,145809.2
2021-06-02,148482.4
2021-06-03,151683.6
2021-06-04,155594.6
2021-06-05,160394.9
2021-06-06,166077.7
2021-06-07,172463.4
2021-06-08,179556.2
2021-06-09,187592.0
2021-06-10,171078.8
2021-06-11,93777.7
2021-06-12,98116.5
2021-06-13,105901.8
2021-06-14,117830.5
2021-06-15,104424.6
2021-06-16,87687.4
2021-06-17,76429.1
2021-06-18,74109.1
2021-06-19,72255.3
2021-06-20,71058.0
2021-06-21,70613.5
2021-06-22,70942.9
2021-06-23,72148.4
2021-06-24,74149.3
2021-06-25,74545.4
2021-06-26,75759.0
2021-06-27,78069.5
2021-06-28,81610.1
2021-06-29,86317.2
2021-06-30,81727.8
2021-07-01,77483.5
2021-07-02,73632.8
2021-07-03,70197.4
2021-07-04,67182.3
2021-07-05,64531.0
2021-07-06,62190.2
2021-07-07,60133.9
2021-07-08,60946.6
2021-07-09,62463.9
2021-07-10,64844.0
2021-07-11,67903.5
2021-07-12,71498.7
2021-07-13,66050.3
2021-07-14,65546.4
2021-07-15,69517.1
2021-07-16,64740.7
2021-07-17,62331.8
2021-07-18,62742.9
2021-07-19,65538.4
2021-07-20,68716.9
2021-07-21,72345.2
2021-07-22,76380.9
2021-07-23,80782.2
2021-07-24,85530.8
2021-07-25,90663.4
2021-07-26,96135.1
2021-07-27,88519.6
2021-07-28,81378.7
2021-07-29,74689.1
2021-07-30,68436.8
2021-07-31,62623.0
2021-08-01,57281.7
2021-08-02,52390.5
2021-08-03,47960.4
2021-08-04,44031.2
2021-08-05,46709.6
2021-08-06,50032.1
2021-08-07,54007.4
2021-08-08,58621.2
2021-08-09,63805.4
2021-08-10,69552.0
2021-08-11,75780.1
2021-08-12,72861.6
2021-08-13,70434.9
2021-08-14,68491.3
2021-08-15,67051.1
2021-08-16,66079.6
2021-08-17,61004.9
2021-08-18,56244.5
2021-08-19,51800.7
2021-08-20,47668.4
2021-08-21,43838.8
2021-08-22,40312.9
2021-08-23,37104.9
2021-08-24,38579.2
2021-08-25,40187.2
2021-08-26,41925.2
2021-08-27,43791.1
2021-08-28,45774.7
2021-08-29,47877.2
2021-08-30,50107.1
2021-08-31,52470.9
2021-09-01,54263.6
2021-09-02,56685.4
2021-09-03,55305.8
2021-09-04,54095.8
2021-09-05,53025.7
2021-09-06,52086.6
2021-09-07,53886.4
2021-09-08,55826.1
2021-09-09,57924.0
2021-09-10,60189.1
2021-09-11,62651.4
2021-09-12,65366.5
2021-09-13,68307.5
2021-09-14,63363.7
2021-09-15,58858.6
2021-09-16,54764.6
2021-09-17,50999.6
2021-09-18,47516.8
2021-09-19,44291.0
2021-09-20,41300.4
2021-09-21,42858.2
2021-09-22,44539.2
2021-09-23,46336.0
2021-09-24,48252.7
2021-09-25,50315.5
2021-09-26,52558.6
2021-09-27,54983.2
2021-09-28,55196.6
2021-09-29,55477.3
2021-09-30,55830.4
2021-10-01,56258.1
2021-10-02,56754.6
2021-10-03,57317.8
2021-10-04,57943.6
2021-10-05,58624.3
2021-10-06,59358.5
2021-10-07,57065.0
2021-10-08,54926.4
2021-10-09,52931.9
2021-10-10,51064.0
2021-10-11,49324.1
2021-10-12,47709.1
2021-10-13,46221.7
2021-10-14,44870.9
2021-10-15,43658.3
2021-10-16,42578.3
2021-10-17,41611.3
2021-10-18,40759.5
2021-10-19,40022.8
2021-10-20,39390.7
2021-10-21,43073.4
2021-10-22,47912.3
2021-10-23,54069.7
2021-10-24,61419.9
2021-10-25,69911.5
2021-10-26,64681.3
2021-10-27,59740.5
2021-10-28,55109.5
2021-10-29,50761.3
2021-10-30,46710.9
2021-10-31,43000.2
2021-11-01,39631.1
2021-11-02,36574.9
2021-11-03,33790.0
2021-11-04,35247.8
2021-11-05,36923.0
2021-11-06,38872.7
2021-11-07,41117.6
2021-11-08,43628.9
2021-11-09,46341.4
2021-11-10,49237.2
2021-11-11,50883.9
2021-11-12,52743.5
2021-11-13,54856.7
2021-11-14,57230.8
2021-11-15,59859.9
2021-11-16,62717.0
2021-11-17,65829.8
2021-11-18,63660.6
2021-11-19,61588.9
2021-11-20,59596.1
2021-11-21,57675.9
2021-11-22,55840.7
2021-11-23,54092.9
2021-11-24,52430.7
2021-11-25,50851.0
2021-11-26,49344.9
2021-11-27,47910.6
2021-11-28,46548.7
2021-11-29,45256.7
2021-11-30,44030.4
2021-12-01,42868.5
2021-12-02,47549.0
2021-12-03,52809.8
2021-12-04,58666.1
2021-12-05,65233.4
2021-12-06,72705.6
2021-12-07,81074.3
2021-12-08,90380.8
2021-12-09,83498.2
2021-12-10,77240.4
2021-12-11,71584.8
2021-12-12,66553.5
2021-12-13,62127.0
2021-12-14,58191.1
2021-12-15,54729.0
2021-12-16,55205.1
2021-12-17,55691.7
2021-12-18,56188.7
2021-12-19,56695.5
2021-12-20,57211.4
2021-12-21,57738.0
2021-12-22,58274.0
2021-12-23,58822.6
2021-12-24,59382.5
2021-12-25,59955.1
2021-12-26,60539.0
2021-12-27,61134.6
2021-12-28,61742.3
2021-12-29,62362.1
2021-12-30,62993.9
2021-12-31,63638.8
2022-01-01,64296.3
2022-01-02,64965.7
2022-01-03,65647.8
2022-01-04,66342.7
2022-01-05,67050.7
2022-01-06,63344.5
2022-01-07,60013.6
2022-01-08,57077.4
2022-01-09,54564.3
2022-01-10,52493.9
2022-01-11,50840.2
2022-01-12,49602.0
2022-01-13,47780.8
2022-01-14,46028.6
2022-01-15,44340.6
2022-01-16,42718.2
2022-01-17,41158.5
2022-01-18,39660.1
2022-01-19,38223.0
2022-01-20,36843.9
2022-01-21,35521.8
2022-01-22,34256.3
2022-01-23,33044.8
2022-01-24,31888.2
2022-01-25,30781.4
2022-01-26,29720.6
2022-01-27,32204.0
2022-01-28,35025.6
2022-01-29,38170.5
2022-01-30,41608.3
2022-01-31,45320.4
2022-02-01,49353.1
2022-02-02,53801.9
2022-02-03,58645.2
2022-02-04,64082.3
2022-02-05,70111.2
2022-02-06,76738.7
2022-02-07,84069.0
2022-02-08,92236.9
2022-02-09,101265.4
2022-02-10,91554.6
2022-02-11,82978.1
2022-02-12,75292.2
2022-02-13,68281.1
2022-02-14,61829.3
2022-02-15,55971.3
2022-02-16,50804.2
2022-02-17,52227.0
2022-02-18,53682.4
2022-02-19,55173.1
2022-02-20,56699.9
2022-02-21,58264.0
2022-02-22,59865.7
2022-02-23,61504.2
2022-02-24,63175.2
2022-02-25,64877.4
2022-02-26,66608.9
2022-02-27,68369.2
2022-02-28,70160.2
2022-03-01,71984.7
2022-03-02,73847.5
2022-03-03,75751.0
2022-03-04,72910.9
2022-03-05,70215.4
2022-03-06,67667.6
2022-03-07,65247.1
2022-03-08,62942.0
2022-03-09,60747.0
2022-03-10,59132.3
2022-03-11,58113.4
2022-03-12,57587.8
2022-03-13,57500.0
2022-03-14,57773.6
2022-03-15,58374.5
2022-03-16,59249.9
2022-03-17,69731.4
2022-03-18,82322.5
2022-03-19,96511.7
2022-03-20,112099.0
2022-03-21,128964.0
2022-03-22,147226.9
2022-03-23,166926.8
2022-03-24,191914.3
2022-03-25,227155.7
2022-03-26,220090.7
2022-03-27,220487.9
2022-03-28,228057.3
2022-03-29,314366.4
2022-03-30,203748.9
2022-03-31,179000.9
2022-04-01,154670.4
2022-04-02,153417.5
2022-04-03,163184.3
2022-04-04,182488.4
2022-04-05,152114.8
2022-04-06,142097.1
2022-04-07,172264.2
2022-04-08,167891.8
2022-04-09,164172.6
2022-04-10,161150.4
2022-04-11,158933.4
2022-04-12,157471.7
2022-04-13,156785.3
2022-04-14,156867.1
2022-04-15,157697.1
2022-04-16,159242.7
2022-04-17,161473.9
2022-04-18,164350.0
2022-04-19,167953.9
2022-04-20,170819.1
2022-04-21,159372.9
2022-04-22,139491.2
2022-04-23,115045.9
2022-04-24,96919.0
2022-04-25,86812.2
2022-04-26,85107.8
2022-04-27,82369.8
2022-04-28,80439.0
2022-04-29,79591.9
2022-04-30,80216.6
2022-05-01,82651.6
2022-05-02,87642.3
2022-05-03,94564.3
2022-05-04,102757.2
2022-05-05,109788.8
2022-05-06,120034.1
2022-05-07,136280.6
2022-05-08,158804.6
2022-05-09,186732.1
2022-05-10,183552.1
2022-05-11,182058.9
2022-05-12,181872.5
2022-05-13,182892.4
2022-05-14,181212.3
2022-05-15,180895.1
2022-05-16,182063.1
2022-05-17,184910.2
2022-05-18,144232.2
2022-05-19,133313.9
2022-05-20,94646.6
2022-05-21,100168.3
2022-05-22,109501.6
2022-05-23,124031.1
2022-05-24,142890.9
2022-05-25,143443.7
2022-05-26,138418.6
2022-05-27,134348.1
2022-05-28,131197.4
2022-05-29,128974.5
2022-05-30,127726.7
2022-05-31,127464.4
2022-06-01,127998.8
2022-06-02,129306.9
2022-06-03,129787.7
2022-06-04,131150.9
2022-06-05,133433.9
2022-06-06,136520.8
2022-06-07,140305.8
2022-06-08,144890.4
2022-06-09,143111.0
2022-06-10,141764.4
2022-06-11,140868.9
2022-06-12,140561.0
2022-06-13,141062.3
2022-06-14,142377.0
2022-06-15,144394.5
2022-06-16,147001.8
2022-06-17,153457.0
2022-06-18,160893.5
2022-06-19,168936.6
2022-06-20,177261.6
2022-06-21,185822.3
2022-06-22,194624.3
2022-06-23,203673.2
2022-06-24,214350.9
2022-06-25,226428.7
2022-06-26,239987.2
2022-06-27,254669.4
2022-06-28,270680.2
2022-06-29,272203.4
2022-06-30,273878.9
2022-07-01,275733.6
2022-07-02,277751.7
2022-07-03,279880.6
2022-07-04,282127.8
2022-07-05,284507.5
2022-07-06,287026.0
2022-07-07,289697.5
2022-07-08,285705.3
2022-07-09,282298.4
2022-07-10,279448.7
2022-07-11,277167.4
2022-07-12,279463.5
2022-07-13,281905.7
2022-07-14,284515.5
2022-07-15,287296.0
2022-07-16,290256.9
2022-07-17,293398.6
2022-07-18,296727.8
2022-07-19,300227.2
2022-07-20,290106.3
2022-07-21,280441.4
2022-07-22,271242.0
2022-07-23,262484.1
2022-07-24,254119.3
2022-07-25,246138.3
2022-07-26,244830.2
2022-07-27,243600.3
2022-07-28,242460.7
2022-07-29,241441.8
2022-07-30,240545.7
2022-07-31,239767.3
2022-08-01,239103.6
2022-08-02,238552.7
2022-08-03,238151.5
2022-08-04,238037.8
2022-08-05,238169.3
2022-08-06,238496.0
2022-08-07,239027.1
2022-08-08,239767.5
2022-08-09,240726.2
2022-08-10,241875.5
2022-08-11,245865.8
2022-08-12,250070.9
2022-08-13,254463.5
2022-08-14,259036.6
2022-08-15,263799.3
2022-08-16,268743.4
2022-08-17,273857.6
2022-08-18,262466.4
2022-08-19,251496.2
2022-08-20,240929.0
2022-08-21,230776.4
2022-08-22,221073.9
2022-08-23,205944.4
2022-08-24,194058.4
2022-08-25,184704.4
2022-08-26,175892.1
2022-08-27,167668.2
2022-08-28,160081.7
2022-08-29,153230.8
2022-08-30,151994.8
2022-08-31,150849.4
2022-09-01,149764.0
2022-09-02,148735.6
2022-09-03,147764.4
2022-09-04,146857.0
2022-09-05,146033.9
2022-09-06,145312.9
2022-09-07,144683.8
2022-09-08,153666.8
2022-09-09,163640.7
2022-09-10,174488.7
2022-09-11,185967.1
2022-09-12,198026.8
2022-09-13,210661.2
2022-09-14,223969.7
2022-09-15,213032.6
2022-09-16,202752.3
2022-09-17,193070.8
2022-09-18,184267.4
2022-09-19,176854.0
2022-09-20,172599.9
2022-09-21,168549.7
2022-09-22,164766.0
2022-09-23,161337.2
2022-09-24,158222.1
2022-09-25,155425.3
2022-09-26,153022.7
2022-09-27,168517.9
2022-09-28,185324.4
2022-09-29,203435.3
2022-09-30,222853.8
2022-10-01,243684.9
2022-10-02,265806.3
2022-10-03,289062.1
2022-10-04,279988.9
2022-10-05,271133.2
2022-10-06,262508.4
2022-10-07,254131.9
2022-10-08,246013.0
2022-10-09,238162.0
2022-10-10,230606.1
2022-10-11,223317.1
2022-10-12,216292.4
2022-10-13,217816.2
2022-10-14,219391.3
2022-10-15,220999.1
2022-10-16,222641.7
2022-10-17,224323.6
2022-10-18,226045.6
2022-10-19,227804.1
2022-10-20,229596.9
2022-10-21,231422.7
2022-10-22,217034.1
2022-10-23,203812.4
2022-10-24,192467.4
2022-10-25,199103.0
2022-10-26,206282.1
2022-10-27,214003.0
2022-10-28,222097.5
2022-10-29,230468.3
2022-10-30,239081.0
2022-10-31,247948.9
2022-11-01,236049.7
2022-11-02,224776.4
2022-11-03,214006.6
2022-11-04,203654.0
2022-11-05,193661.8
2022-11-06,183976.0
2022-11-07,174574.6
2022-11-08,183215.0
2022-11-09,192080.0
2022-11-10,201191.7
2022-11-11,210605.2
2022-11-12,220358.6
2022-11-13,230478.3
2022-11-14,240992.0
2022-11-15,215181.9
2022-11-16,190993.0
2022-11-17,168602.0
2022-11-18,147850.1
2022-11-19,128725.2
2022-11-20,111360.0
2022-11-21,95789.7
2022-11-22,105972.0
2022-11-23,116946.9
2022-11-24,128761.9
2022-11-25,141435.2
2022-11-26,155011.6
2022-11-27,169499.5
2022-11-28,184872.8
2022-11-29,179885.8
2022-11-30,175097.4
2022-12-01,170525.8
2022-12-02,166188.5
2022-12-03,162081.9
2022-12-04,158184.1
2022-12-05,154482.0
2022-12-06,142034.9
2022-12-07,130231.0
2022-12-08,119099.2
2022-12-09,108690.1
2022-12-10,99035.8
2022-12-11,90212.2
2022-12-12,82282.1
2022-12-13,75346.1
2022-12-14,75581.9
2022-12-15,76079.6
2022-12-16,76831.7
2022-12-17,77848.7
2022-12-18,79154.8
2022-12-19,80747.6
2022-12-20,98654.6
2022-12-21,119345.2
2022-12-22,142927.9
2022-12-23,169308.7
2022-12-24,198378.7
2022-12-25,230083.1
2022-12-26,264769.0
2022-12-27,302494.5
2022-12-28,274941.7
2022-12-29,249006.8
2022-12-30,224602.3
2022-12-31,201659.1
2023-01-01,180161.6
2023-01-02,160154.6
2023-01-03,141662.3
2023-01-04,157825.1
2023-01-05,175111.3
2023-01-06,193506.0
2023-01-07,212994.2
2023-01-08,233678.2
2023-01-09,255531.0
2023-01-10,195843.5
2023-01-11,145320.8
2023-01-12,143576.8
2023-01-13,142125.3
2023-01-14,140926.0
2023-01-15,139931.5
2023-01-16,139124.0
2023-01-17,138502.7
2023-01-18,141097.6
2023-01-19,143926.2
2023-01-20,147081.5
2023-01-21,150580.3
2023-01-22,154407.0
2023-01-23,158557.8
2023-01-24,158051.1
2023-01-25,157609.8
2023-01-26,157233.4
2023-01-27,156924.3
2023-01-28,156684.1
2023-01-29,156508.1
2023-01-30,156401.2
2023-01-31,156362.7
2023-02-01,156392.4
2023-02-02,156491.9
2023-02-03,156653.8
2023-02-04,156867.0
2023-02-05,157126.9
2023-02-06,157433.6
2023-02-07,155708.0
2023-02-08,154054.1
2023-02-09,152469.0
2023-02-10,150954.7
2023-02-11,149508.9
2023-02-12,148128.8
2023-02-13,146810.6
2023-02-14,145550.7
2023-02-15,144343.7
2023-02-16,146117.6
2023-02-17,148023.2
2023-02-18,150068.1
2023-02-19,152255.9
2023-02-20,154587.8
2023-02-21,157064.2
2023-02-22,159686.0
2023-02-23,162448.0
2023-02-24,156144.2
2023-02-25,150108.4
2023-02-26,144348.0
2023-02-27,138881.8
2023-02-28,138460.9
2023-03-01,138076.5
2023-03-02,137726.3
2023-03-03,137276.2
2023-03-04,136846.2
2023-03-05,136436.2
2023-03-06,136044.8
2023-03-07,135672.5
2023-03-08,135318.2
2023-03-09,134984.3
2023-03-10,134668.3
2023-03-11,134372.7
2023-03-12,134095.8
2023-03-13,133836.9
2023-03-14,133596.3
2023-03-15,133373.8
2023-03-16,143001.5
2023-03-17,153444.3
2023-03-18,164531.1
2023-03-19,176225.6
2023-03-20,188505.9
2023-03-21,201296.3
2023-03-22,214527.3
2023-03-23,222011.2
2023-03-24,229879.6
2023-03-25,238096.2
2023-03-26,246647.1
2023-03-27,255541.2
2023-03-28,264805.2
2023-03-29,274464.8
2023-03-30,284585.5
2023-03-31,318603.7
2023-04-01,304171.8
2023-04-02,291498.5
2023-04-03,280461.1
2023-04-04,273946.5
2023-04-05,267984.4
2023-04-06,262635.4
2023-04-07,257897.8
2023-04-08,253717.9
2023-04-09,250090.6
2023-04-10,247070.2
2023-04-11,244703.4
2023-04-12,183765.5
2023-04-13,140817.7
2023-04-14,297350.3
2023-04-15,267020.5
2023-04-16,241290.1
2023-04-17,221613.3
2023-04-18,216175.3
2023-04-19,218533.3
2023-04-20,222795.7
2023-04-21,228320.8
2023-04-22,235130.6
2023-04-23,243272.4
2023-04-24,252598.2
2023-04-25,244295.3
2023-04-26,239698.1
2023-04-27,219543.4
2023-04-28,200590.0
2023-04-29,182913.1
2023-04-30,166440.6
2023-05-01,151319.5
2023-05-02,137541.8
2023-05-03,135095.7
2023-05-04,133123.4
2023-05-05,131721.9
2023-05-06,131002.6
2023-05-07,130976.5
2023-05-08,131583.7
2023-05-09,132733.6
2023-05-10,136047.5
2023-05-11,139707.7
2023-05-12,143734.6
2023-05-13,148227.8
2023-05-14,153228.7
2023-05-15,158629.6
2023-05-16,158577.5
2023-05-17,159018.4
2023-05-18,160102.8
2023-05-19,161798.8
2023-05-20,164001.7
2023-05-21,166658.4
2023-05-22,169704.1
2023-05-23,173118.8
2023-05-24,176792.8
2023-05-25,174387.3
2023-05-26,172345.2
2023-05-27,171008.9
2023-05-28,170430.4
2023-05-29,170662.4
2023-05-30,171696.1
2023-05-31,173406.2
2023-06-01,169703.7
2023-06-02,166693.8
2023-06-03,164404.6
2023-06-04,162956.8
2023-06-05,162373.2
2023-06-06,167894.2
2023-06-07,173782.5
2023-06-08,180013.7
2023-06-09,186537.9
2023-06-10,193333.8
2023-06-11,200400.4
2023-06-12,207730.5
2023-06-13,215357.2
2023-06-14,223318.3
2023-06-15,222857.5
2023-06-16,222465.6
2023-06-17,222138.7
2023-06-18,221864.9
2023-06-19,221635.7
2023-06-20,221451.4
2023-06-21,221305.7
2023-06-22,221197.5
2023-06-23,221124.6
2023-06-24,221085.6
2023-06-25,221078.6
2023-06-26,221099.5
2023-06-27,221149.8
2023-06-28,221229.3
2023-06-29,225549.6
2023-06-30,229972.2
2023-07-01,234499.6
2023-07-02,239137.3
2023-07-03,243885.3
2023-07-04,248734.8
2023-07-05,253685.7
2023-07-06,258738.8
2023-07-07,242597.6
2023-07-08,227192.8
2023-07-09,212668.5
2023-07-10,199233.3
2023-07-11,187054.6
2023-07-12,176305.2
2023-07-13,175340.3
2023-07-14,174547.0
2023-07-15,173905.3
2023-07-16,173385.8
2023-07-17,172979.8
2023-07-18,172674.7
2023-07-19,178465.5
2023-07-20,184460.8
2023-07-21,190674.2
2023-07-22,197129.4
2023-07-23,203850.1
2023-07-24,210884.5
2023-07-25,209702.1
2023-07-26,208575.9
2023-07-27,207503.1
2023-07-28,206479.3
2023-07-29,205493.0
2023-07-30,204543.2
2023-07-31,203633.9
2023-08-01,206946.2
2023-08-02,210340.5
2023-08-03,213818.6
2023-08-04,217383.4
2023-08-05,221033.8
2023-08-06,224767.7
2023-08-07,228580.8
2023-08-08,214682.0
2023-08-09,201360.1
2023-08-10,188697.8
2023-08-11,176711.4
2023-08-12,165420.7
2023-08-13,154843.1
2023-08-14,145005.5
2023-08-15,153855.5
2023-08-16,162520.0
2023-08-17,173013.5
2023-08-18,184776.9
2023-08-19,197801.0
2023-08-20,212145.6
2023-08-21,227955.4
2023-08-22,225278.7
2023-08-23,222702.2
2023-08-24,220228.5
2023-08-25,217866.9
2023-08-26,215618.3
2023-08-27,213474.6
2023-08-28,211432.3
2023-08-29,208776.4
2023-08-30,206197.4
2023-08-31,203691.0
2023-09-01,201259.5
2023-09-02,198898.8
2023-09-03,196611.9
2023-09-04,194397.1
2023-09-05,192262.3
2023-09-06,190226.0
2023-09-07,187827.9
2023-09-08,185612.6
2023-09-09,183580.4
2023-09-10,181743.2
2023-09-11,180092.9
2023-09-12,171203.0
2023-09-13,162945.1
2023-09-14,155297.2
2023-09-15,148274.6
2023-09-16,143265.9
2023-09-17,139067.6
2023-09-18,135686.5
2023-09-19,142360.9
2023-09-20,149345.2
2023-09-21,156642.3
2023-09-22,164275.5
2023-09-23,172305.2
2023-09-24,180769.5
2023-09-25,189644.7
2023-09-26,179733.7
2023-09-27,170372.0
2023-09-28,161512.1
2023-09-29,153106.8
2023-09-30,145151.4
2023-10-01,137682.1
2023-10-02,130708.0
2023-10-03,128064.1
2023-10-04,125498.5
2023-10-05,123015.7
2023-10-06,120616.2
2023-10-07,118295.9
2023-10-08,116061.1
2023-10-09,113900.9
2023-10-10,111807.6
2023-10-11,109778.7
2023-10-12,107815.7
2023-10-13,113711.2
2023-10-14,120047.5
2023-10-15,126831.8
2023-10-16,134119.0
2023-10-17,140677.7
2023-10-18,147784.3
2023-10-19,155394.8
2023-10-20,163491.7
2023-10-21,172029.4
2023-10-22,181011.2
2023-10-23,190470.3
2023-10-24,200434.4
2023-10-25,210857.8
2023-10-26,207415.7
2023-10-27,204150.5
2023-10-28,201078.3
2023-10-29,198217.1
2023-10-30,195613.5
2023-10-31,184217.9
2023-11-01,173301.7
2023-11-02,162852.8
2023-11-03,152823.4
2023-11-04,143226.0
2023-11-05,134068.5
2023-11-06,125341.7
2023-11-07,117066.2
2023-11-08,109208.9
2023-11-09,111240.6
2023-11-10,113482.1
2023-11-11,116009.0
2023-11-12,118898.6
2023-11-13,122163.8
2023-11-14,126294.2
2023-11-15,131755.9
2023-11-16,138508.3
2023-11-17,146216.1
2023-11-18,149313.7
2023-11-19,160796.4
2023-11-20,176572.7
2023-11-21,177197.5
2023-11-22,177877.9
2023-11-23,178614.9
2023-11-24,179409.4
2023-11-25,180260.7
2023-11-26,181162.9
2023-11-27,182114.3
2023-11-28,183113.0
2023-11-29,184159.7
2023-11-30,183684.5
2023-12-01,183484.9
2023-12-02,183562.5
2023-12-03,183916.1
2023-12-04,184516.9
2023-12-05,185722.3
2023-12-06,186982.8
2023-12-07,188307.3
2023-12-08,189710.6
2023-12-09,191182.2
2023-12-10,192719.3
2023-12-11,194327.8
2023-12-12,196007.6
2023-12-13,197758.3
2023-12-14,196524.6
2023-12-15,195387.7
2023-12-16,194354.1
2023-12-17,193418.9
2023-12-18,192580.5
2023-12-19,191834.9
2023-12-20,191179.1
2023-12-21,193570.2
2023-12-22,196124.1
2023-12-23,198843.8
2023-12-24,201759.0
2023-12-25,204933.1
2023-12-26,208416.3
2023-12-27,212208.0
2023-12-28,216282.1
2023-12-29,202330.9
2023-12-30,189531.9
2023-12-31,177834.3
2024-01-01,166918.4
2024-01-02,156730.7
2024-01-03,147326.6
2024-01-04,149987.9
2024-01-05,152837.2
2024-01-06,155883.7
2024-01-07,159120.0
2024-01-08,162534.3
2024-01-09,166116.1
2024-01-10,169853.4
2024-01-11,173557.6
2024-01-12,177354.0
2024-01-13,181246.9
2024-01-14,185245.1
2024-01-15,189359.7
2024-01-16,193597.9
2024-01-17,197963.1
2024-01-18,202467.2
2024-01-19,185964.4
2024-01-20,170734.5
2024-01-21,156676.6
2024-01-22,143694.9
2024-01-23,144177.4
2024-01-24,144740.1
2024-01-25,145379.7
2024-01-26,146092.0
2024-01-27,146875.5
2024-01-28,147724.2
2024-01-29,148639.5
2024-01-30,148126.3
2024-01-31,147783.7
2024-02-01,147595.4
2024-02-02,147564.4
2024-02-03,147688.7
2024-02-04,147967.7
2024-02-05,148393.8
2024-02-06,151153.8
2024-02-07,153989.6
2024-02-08,156894.5
2024-02-09,159865.0
2024-02-10,162904.8
2024-02-11,166016.7
2024-02-12,169200.3
2024-02-13,161345.2
2024-02-14,153846.4
2024-02-15,146676.5
2024-02-16,139816.5
2024-02-17,133248.5
2024-02-18,126992.7
2024-02-19,121039.9
2024-02-20,115361.6
2024-02-21,117370.9
2024-02-22,119474.9
2024-02-23,121676.2
2024-02-24,123954.8
2024-02-25,126311.7
2024-02-26,128747.6
2024-02-27,131258.2
2024-02-28,133849.8
2024-02-29,140295.2
2024-03-01,147047.3
2024-03-02,154110.9
2024-03-03,161506.5
2024-03-04,169222.3
2024-03-05,163825.9
2024-03-06,158571.9
2024-03-07,153442.2
2024-03-08,148440.4
2024-03-09,143560.6
2024-03-10,138811.1
2024-03-11,134192.9
2024-03-12,139864.3
2024-03-13,145729.4
2024-03-14,151775.7
2024-03-15,158011.0
2024-03-16,164432.9
2024-03-17,171047.6
2024-03-18,177855.3
2024-03-19,184858.5
2024-03-20,192045.3
2024-03-21,181058.2
2024-03-22,170757.1
2024-03-23,161122.1
2024-03-24,152058.9
2024-03-25,143543.4
2024-03-26,148187.9
2024-03-27,152975.4
2024-03-28,157921.7
2024-03-29,163042.5
2024-03-30,168344.0
2024-03-31,173840.4
2024-04-01,179539.9
2024-04-02,185434.5
2024-04-03,191534.3
2024-04-04,194536.2
2024-04-05,197606.0
2024-04-06,200747.0
2024-04-07,203975.6
2024-04-08,207304.7
2024-04-09,210740.1
2024-04-10,214271.5
2024-04-11,217888.8
2024-04-12,221580.8
2024-04-13,221394.1
2024-04-14,221349.4
2024-04-15,221463.0
2024-04-16,221733.7
2024-04-17,222129.6
2024-04-18,211582.9
2024-04-19,201667.3
2024-04-20,192300.0
2024-04-21,183441.2
2024-04-22,175045.8
2024-04-23,167091.1
2024-04-24,159528.4
2024-04-25,156560.6
2024-04-26,153923.2
2024-04-27,151621.9
2024-04-28,149647.8
2024-04-29,148006.7
2024-04-30,156382.5
2024-05-01,165322.7
2024-05-02,174826.5
2024-05-03,184914.2
2024-05-04,195629.7
2024-05-05,207075.9
2024-05-06,219271.1
2024-05-07,232092.2
2024-05-08,245536.3
2024-05-09,243432.8
2024-05-10,241535.4
2024-05-11,239833.8
2024-05-12,238320.3
2024-05-13,236991.4
2024-05-14,235864.1
2024-05-15,234934.1
2024-05-16,226606.7
2024-05-17,218824.7
2024-05-18,211509.8
2024-05-19,204620.5
2024-05-20,198115.7
2024-05-21,191960.8
2024-05-22,186164.8
2024-05-23,193135.4
2024-05-24,200489.3
2024-05-25,208157.5
2024-05-26,216118.1
2024-05-27,224358.0
2024-05-28,232865.7
2024-05-29,241464.6
2024-05-30,250880.9
2024-05-31,261062.6
2024-06-01,272008.7
2024-06-02,283966.1
2024-06-03,297156.3
2024-06-04,271616.8
2024-06-05,252664.2
2024-06-06,248796.9
2024-06-07,245729.6
2024-06-08,243419.6
2024-06-09,242036.6
2024-06-10,241597.8
2024-06-11,242016.5
2024-06-12,248599.8
2024-06-13,255431.0
2024-06-14,262527.8
2024-06-15,269898.9
2024-06-16,277502.9
2024-06-17,285331.5
2024-06-18,293389.1
2024-06-19,301714.8
2024-06-20,310324.9
2024-06-21,319213.9
2024-06-22,313086.7
2024-06-23,307829.8
2024-06-24,303611.4
2024-06-25,300395.8
2024-06-26,294024.4
2024-06-27,287743.4
2024-06-28,281552.6
2024-06-29,275439.5
2024-06-30,269400.8
2024-07-01,263432.6
2024-07-02,257536.0
2024-07-03,251717.9
2024-07-04,245989.1
2024-07-05,240353.5
2024-07-06,234807.4
2024-07-07,229360.6
2024-07-08,224020.6
2024-07-09,218801.0
2024-07-10,213724.8
2024-07-11,208780.2
2024-07-12,205863.8
2024-07-13,202970.4
2024-07-14,200098.6
2024-07-15,197247.9
2024-07-16,194421.0
2024-07-17,191616.0
2024-07-18,188834.2
2024-07-19,186075.1
2024-07-20,183338.5
2024-07-21,180624.7
2024-07-22,177936.2
2024-07-23,175276.6
2024-07-24,172649.4
2024-07-25,170053.7
2024-07-26,167498.5
2024-07-27,164989.0
2024-07-28,162543.1
2024-07-29,160175.8
2024-07-30,157899.3
2024-07-31,155718.7
2024-08-01,153652.0
2024-08-02,151718.0
2024-08-03,149922.9
2024-08-04,148248.2
2024-08-05,146660.1
2024-08-06,151138.4
2024-08-07,156090.7
2024-08-08,161569.8
2024-08-09,167499.7
2024-08-10,173790.8
2024-08-11,180397.9
2024-08-12,187242.9
2024-08-13,181122.1
2024-08-14,175287.7
2024-08-15,169770.6
2024-08-16,164609.1
2024-08-17,159781.7
2024-08-18,155279.3
2024-08-19,151133.5
2024-08-20,147338.0
2024-08-21,143874.0
2024-08-22,154753.7
2024-08-23,167021.6
2024-08-24,180526.8
2024-08-25,195121.8
2024-08-26,210959.4
2024-08-27,202035.6
2024-08-28,193475.8
2024-08-29,185280.8
2024-08-30,177493.8
2024-08-31,170184.9
2024-09-01,163275.7
2024-09-02,156696.4
2024-09-03,150491.4
2024-09-04,144673.0
2024-09-05,157693.4
2024-09-06,172476.3
2024-09-07,189024.1
2024-09-08,206671.7
2024-09-09,225321.5
2024-09-10,244937.9
2024-09-11,230299.1
2024-09-12,219022.6
2024-09-13,218153.9
2024-09-14,217365.3
2024-09-15,216655.2
2024-09-16,216023.7
2024-09-17,215473.0
2024-09-18,214998.3
2024-09-19,214611.1
2024-09-20,214312.3
2024-09-21,214096.6
2024-09-22,213979.4
2024-09-23,213959.7
2024-09-24,214029.0
2024-09-25,214190.4
2024-09-26,220244.6
2024-09-27,226608.3
2024-09-28,233196.8
2024-09-29,239987.0
2024-09-30,246962.8
2024-10-01,237740.6
2024-10-02,228685.2
2024-10-03,219807.9
2024-10-04,211108.2
2024-10-05,202578.9
2024-10-06,194216.7
2024-10-07,186058.5
2024-10-08,178355.5
2024-10-09,171187.0
2024-10-10,164412.4
2024-10-11,165258.9
2024-10-12,166142.7
2024-10-13,167064.9
2024-10-14,168021.0
2024-10-15,169021.9
2024-10-16,170083.2
2024-10-17,171202.1
2024-10-18,172365.2
2024-10-19,173568.8
2024-10-20,174806.9
2024-10-21,176080.8
2024-10-22,177387.1
2024-10-23,178723.8
2024-10-24,180645.9
2024-10-25,182822.9
2024-10-26,185227.7
2024-10-27,187842.5
2024-10-28,190664.3
2024-10-29,187614.9
2024-10-30,184671.1
2024-10-31,181839.0
2024-11-01,179087.4
2024-11-02,176414.1
2024-11-03,173827.8
2024-11-04,171333.2
2024-11-05,168938.4
2024-11-06,166655.9
2024-11-07,169821.8
2024-11-08,173090.0
2024-11-09,176471.3
2024-11-10,179953.3
2024-11-11,183534.5
2024-11-12,187216.4
2024-11-13,191007.4
2024-11-14,194912.8
2024-11-15,198929.3
2024-11-16,203058.5
2024-11-17,207309.0
2024-11-18,211671.3
2024-11-19,216139.0
2024-11-20,220715.0
2024-11-21,218778.8
2024-11-22,216984.0
2024-11-23,215359.5
2024-11-24,213918.4
2024-11-25,212653.0
2024-11-26,211573.6
2024-11-27,210693.3
2024-11-28,208979.0
2024-11-29,207440.2
2024-11-30,206088.1
2024-12-01,204925.1
2024-12-02,203943.8
2024-12-03,203160.4
2024-12-04,202576.5
2024-12-05,205607.2
2024-12-06,209072.4
2024-12-07,212942.6
2024-12-08,217179.8
2024-12-09,221849.5
2024-12-10,216107.4
2024-12-11,210582.2
2024-12-12,205259.3
2024-12-13,200126.6
2024-12-14,195184.6
2024-12-15,190470.5
2024-12-16,185971.2
2024-12-17,181634.9
2024-12-18,177442.9
2024-12-19,175953.5
2024-12-20,174531.9
2024-12-21,173175.8
2024-12-22,171889.3
2024-12-23,170679.1
2024-12-24,169523.8
2024-12-25,168418.5
2024-12-26,167357.4
2024-12-27,166336.4
2024-12-28,165352.3
2024-12-29,164404.1
2024-12-30,163491.3
2024-12-31,171802.7
2025-01-01,180467.8
2025-01-02,189551.6
2025-01-03,199120.9
2025-01-04,209221.5
2025-01-05,219862.9
2025-01-06,231074.9
2025-01-07,242876.2
2025-01-08,255325.4
2025-01-09,244409.7
2025-01-10,234159.9
2025-01-11,224422.7
2025-01-12,215191.5
2025-01-13,206372.2
2025-01-14,197940.3
2025-01-15,189899.9
2025-01-16,191243.7
2025-01-17,192620.0
2025-01-18,194030.2
2025-01-19,195476.1
2025-01-20,196957.4
2025-01-21,198476.5
2025-01-22,200036.4
2025-01-23,201640.6
2025-01-24,203300.3
2025-01-25,205016.7
2025-01-26,206780.1
2025-01-27,208587.1
2025-01-28,210437.0
2025-01-29,212328.9
2025-01-30,214260.4
2025-01-31,216234.2
2025-02-01,218254.9
2025-02-02,220320.6
2025-02-03,222426.9
2025-02-04,221524.9
2025-02-05,220666.4
2025-02-06,219858.6
2025-02-07,219107.7
2025-02-08,218418.8
2025-02-09,217796.0
2025-02-10,217267.4
2025-02-11,216812.7
2025-02-12,216425.4
2025-02-13,216108.6
2025-02-14,215856.8
2025-02-15,215333.0
2025-02-16,214845.8
2025-02-17,214405.2
2025-02-18,214107.7
2025-02-19,213945.7
2025-02-20,213857.3
2025-02-21,213826.6
2025-02-22,211442.9
2025-02-23,209529.4
2025-02-24,208017.6
2025-02-25,206886.1
2025-02-26,206133.6
2025-02-27,205722.0
2025-02-28,207927.7
2025-03-01,210284.6
2025-03-02,212818.2
2025-03-03,215520.7
2025-03-04,218439.0
2025-03-05,221747.0
2025-03-06,225538.2
2025-03-07,229734.6
2025-03-08,234279.5
2025-03-09,239125.9
2025-03-10,244233.8
2025-03-11,249572.8
2025-03-12,255106.7
2025-03-13,260831.7
2025-03-14,253921.2
2025-03-15,247603.2
2025-03-16,242204.2
2025-03-17,237894.2
2025-03-18,272264.3
2025-03-19,313690.3
2025-03-20,295904.6
2025-03-21,279069.1
2025-03-22,263533.7
2025-03-23,249497.3
2025-03-24,237571.0
2025-03-25,221136.6
2025-03-26,208417.5
2025-03-27,215336.8
2025-03-28,222728.3
2025-03-29,230662.5
2025-03-30,239118.5
2025-03-31,248066.1
2025-04-01,257532.5
2025-04-02,267461.7
2025-04-03,277785.5
2025-04-04,277785.5
2025-04-05,277785.5
2025-04-06,277785.5
2025-04-07,277785.5
2025-04-08,277785.5
2025-04-09,277785.5
2025-04-10,277785.5
