2012-01-01,0.0
2012-01-02,0.0
2012-01-03,3424713.9
2012-01-04,3674626.0
2012-01-05,4173840.9
2012-01-06,3850539.9
2012-01-07,3878868.2
2012-01-08,3907196.6
2012-01-09,3935525.0
2012-01-10,3883362.3
2012-01-11,3831199.7
2012-01-12,3779037.1
2012-01-13,3726874.4
2012-01-14,3861604.5
2012-01-15,3996334.6
2012-01-16,4131064.7
2012-01-17,4265794.8
2012-01-18,4179142.6
2012-01-19,4439520.3
2012-01-20,4428196.3
2012-01-21,4416872.3
2012-01-22,4405548.4
2012-01-23,4394224.4
2012-01-24,4382900.4
2012-01-25,4430692.3
2012-01-26,4420965.9
2012-01-27,4411239.6
2012-01-28,4321994.2
2012-01-29,4477656.4
2012-01-30,4382723.6
2012-01-31,4371603.0
2012-02-01,4566001.3
2012-02-02,4627074.5
2012-02-03,4428663.2
2012-02-04,4230251.8
2012-02-05,4603006.7
2012-02-06,4560535.6
2012-02-07,4427692.3
2012-02-08,4429908.5
2012-02-09,4497301.8
2012-02-10,4401758.3
2012-02-11,4926604.4
2012-02-12,4398279.6
2012-02-13,4924313.3
2012-02-14,4862319.3
2012-02-15,4773153.3
2012-02-16,4876495.5
2012-02-17,4979837.8
2012-02-18,4923895.9
2012-02-19,4762974.0
2012-02-20,4697322.6
2012-02-21,4784633.2
2012-02-22,4871943.7
2012-02-23,4959254.3
2012-02-24,5046564.8
2012-02-25,4714261.8
2012-02-26,4856972.6
2012-02-27,4855737.1
2012-02-28,4854501.5
2012-02-29,4853266.0
2012-03-01,4653564.9
2012-03-02,4548145.5
2012-03-03,4515651.6
2012-03-04,4551945.2
2012-03-05,4459028.5
2012-03-06,4392657.4
2012-03-07,4550088.5
2012-03-08,4897152.6
2012-03-09,4507532.1
2012-03-10,4628170.3
2012-03-11,4580635.3
2012-03-12,4477894.0
2012-03-13,4597628.7
2012-03-14,4628610.5
2012-03-15,4362985.7
2012-03-16,4502658.9
2012-03-17,4648463.3
2012-03-18,4365278.5
2012-03-19,4082093.7
2012-03-20,4227374.9
2012-03-21,4225096.7
2012-03-22,4221290.3
2012-03-23,4217483.8
2012-03-24,4213677.4
2012-03-25,4209871.0
2012-03-26,4206064.5
2012-03-27,4169966.9
2012-03-28,4365676.6
2012-03-29,4121104.5
2012-03-30,4286294.9
2012-03-31,4451485.3
2012-04-01,4389033.6
2012-04-02,4326582.0
2012-04-03,4264130.4
2012-04-04,4235147.2
2012-04-05,4206164.0
2012-04-06,4268385.5
2012-04-07,4269896.2
2012-04-08,4271406.8
2012-04-09,4272917.4
2012-04-10,4439913.8
2012-04-11,4606910.2
2012-04-12,4615136.5
2012-04-13,4623362.9
2012-04-14,4663518.4
2012-04-15,4497729.1
2012-04-16,4331939.8
2012-04-17,4331487.3
2012-04-18,4465622.5
2012-04-19,4622006.0
2012-04-20,4533420.4
2012-04-21,4444834.8
2012-04-22,4356249.2
2012-04-23,4281630.4
2012-04-24,4184284.0
2012-04-25,4256497.3
2012-04-26,4274583.2
2012-04-27,4292669.1
2012-04-28,4223609.9
2012-04-29,4154550.7
2012-04-30,4085491.5
2012-05-01,4240177.0
2012-05-02,3962096.7
2012-05-03,4003248.4
2012-05-04,4023623.6
2012-05-05,3920177.3
2012-05-06,3816731.0
2012-05-07,3713284.7
2012-05-08,3567576.6
2012-05-09,3609302.1
2012-05-10,3394825.2
2012-05-11,3394367.6
2012-05-12,3393910.1
2012-05-13,3393452.5
2012-05-14,3392994.9
2012-05-15,3368877.7
2012-05-16,3310189.9
2012-05-17,3251502.0
2012-05-18,3185235.6
2012-05-19,3118969.2
2012-05-20,3052702.7
2012-05-21,2986436.3
2012-05-22,2934318.9
2012-05-23,2882201.6
2012-05-24,2942757.9
2012-05-25,2943893.4
2012-05-26,2945028.8
2012-05-27,2946164.3
2012-05-28,2947299.8
2012-05-29,2948435.2
2012-05-30,2949570.7
2012-05-31,2950706.2
2012-06-01,2951841.7
2012-06-02,2952977.1
2012-06-03,2954112.6
2012-06-04,2955248.1
2012-06-05,2956383.6
2012-06-06,2978600.4
2012-06-07,3000817.2
2012-06-08,2999030.7
2012-06-09,2997244.1
2012-06-10,2995457.6
2012-06-11,2993671.1
2012-06-12,2991884.6
2012-06-13,2990098.1
2012-06-14,3007829.2
2012-06-15,3025560.3
2012-06-16,3043291.5
2012-06-17,3061022.6
2012-06-18,3078753.7
2012-06-19,3096484.8
2012-06-20,2869248.9
2012-06-21,2642012.9
2012-06-22,2644525.3
2012-06-23,2647037.8
2012-06-24,2649550.2
2012-06-25,2652062.6
2012-06-26,3034373.2
2012-06-27,3014086.2
2012-06-28,2993799.2
2012-06-29,2942059.2
2012-06-30,2890319.2
2012-07-01,2838579.3
2012-07-02,2786839.3
2012-07-03,2735994.9
2012-07-04,2685150.5
2012-07-05,2634306.1
2012-07-06,2635824.0
2012-07-07,2637341.8
2012-07-08,2638859.7
2012-07-09,2640377.5
2012-07-10,2641895.4
2012-07-11,2649085.8
2012-07-12,2656276.2
2012-07-13,2663466.7
2012-07-14,2670657.1
2012-07-15,2677847.5
2012-07-16,2685038.0
2012-07-17,2769494.9
2012-07-18,2853951.9
2012-07-19,2938408.8
2012-07-20,2872597.7
2012-07-21,2806786.5
2012-07-22,2740975.4
2012-07-23,2675164.2
2012-07-24,2609353.1
2012-07-25,2939436.2
2012-07-26,2915435.2
2012-07-27,2904547.6
2012-07-28,2893660.0
2012-07-29,2882772.5
2012-07-30,2871884.9
2012-07-31,2860997.3
2012-08-01,2724543.0
2012-08-02,2588088.7
2012-08-03,2628836.5
2012-08-04,2669584.3
2012-08-05,2710332.1
2012-08-06,2751080.0
2012-08-07,2791827.8
2012-08-08,2832575.6
2012-08-09,2818673.6
2012-08-10,2804771.6
2012-08-11,2790869.6
2012-08-12,2776967.7
2012-08-13,2763065.7
2012-08-14,2749163.7
2012-08-15,2821502.0
2012-08-16,2893840.3
2012-08-17,2857497.3
2012-08-18,2821154.3
2012-08-19,2784811.3
2012-08-20,2748468.3
2012-08-21,2712125.3
2012-08-22,2716797.5
2012-08-23,2721469.8
2012-08-24,2726142.0
2012-08-25,2730814.3
2012-08-26,2735486.5
2012-08-27,2740158.8
2012-08-28,2744831.0
2012-08-29,2749503.3
2012-08-30,2754175.6
2012-08-31,2758847.8
2012-09-01,2763520.1
2012-09-02,2768192.3
2012-09-03,2772864.6
2012-09-04,2777536.8
2012-09-05,2782209.1
2012-09-06,2786881.3
2012-09-07,2791553.6
2012-09-08,2796225.9
2012-09-09,2800898.1
2012-09-10,2805570.4
2012-09-11,2810242.6
2012-09-12,2825180.5
2012-09-13,2840118.4
2012-09-14,2813893.9
2012-09-15,2787669.4
2012-09-16,2761445.0
2012-09-17,2735220.5
2012-09-18,2708996.0
2012-09-19,2683526.2
2012-09-20,2740249.0
2012-09-21,2796971.7
2012-09-22,2801194.2
2012-09-23,2805416.7
2012-09-24,2809639.2
2012-09-25,2813861.7
2012-09-26,2768121.7
2012-09-27,2722381.6
2012-09-28,2712979.8
2012-09-29,2703577.9
2012-09-30,2694176.1
2012-10-01,2684774.3
2012-10-02,2675372.5
2012-10-03,2750563.5
2012-10-04,2825754.5
2012-10-05,2824389.2
2012-10-06,2823023.8
2012-10-07,2821658.5
2012-10-08,2820293.1
2012-10-09,2818927.8
2012-10-10,2817562.5
2012-10-11,2816197.1
2012-10-12,2814831.8
2012-10-13,2813466.5
2012-10-14,2812101.1
2012-10-15,2810735.8
2012-10-16,2809370.4
2012-10-17,2808005.1
2012-10-18,2806639.8
2012-10-19,2805274.4
2012-10-20,2803909.1
2012-10-21,2802543.8
2012-10-22,2801178.4
2012-10-23,2799813.1
2012-10-24,2791400.8
2012-10-25,2782988.6
2012-10-26,2774576.3
2012-10-27,2766164.1
2012-10-28,2757751.8
2012-10-29,2749339.6
2012-10-30,2740927.3
2012-10-31,2732515.1
2012-11-01,2761098.0
2012-11-02,2789680.9
2012-11-03,2818263.8
2012-11-04,2846846.7
2012-11-05,2875429.6
2012-11-06,2904012.5
2012-11-07,2907728.6
2012-11-08,2911444.7
2012-11-09,2887049.2
2012-11-10,2862653.7
2012-11-11,2838258.3
2012-11-12,2813862.8
2012-11-13,2789467.3
2012-11-14,2765071.9
2012-11-15,2780854.5
2012-11-16,2796637.1
2012-11-17,2812419.6
2012-11-18,2828202.2
2012-11-19,2843984.8
2012-11-20,2859767.4
2012-11-21,2845969.0
2012-11-22,2832170.6
2012-11-23,2818372.2
2012-11-24,2804573.8
2012-11-25,2790775.4
2012-11-26,2776977.0
2012-11-27,2763178.6
2012-11-28,2749380.2
2012-11-29,2735581.8
2012-11-30,2754805.8
2012-12-01,2774029.8
2012-12-02,2793253.9
2012-12-03,2812477.9
2012-12-04,2831702.0
2012-12-05,2780398.8
2012-12-06,2729095.7
2012-12-07,2724133.8
2012-12-08,2719172.0
2012-12-09,2714210.2
2012-12-10,2709248.4
2012-12-11,2704286.6
2012-12-12,2683383.9
2012-12-13,2662481.3
2012-12-14,2704848.1
2012-12-15,2747214.9
2012-12-16,2789581.7
2012-12-17,2831948.5
2012-12-18,2874315.3
2012-12-19,2854172.7
2012-12-20,2834030.2
2012-12-21,2813887.7
2012-12-22,2793745.2
2012-12-23,2773602.6
2012-12-24,2753460.1
2012-12-25,2733317.6
2012-12-26,2713175.1
2012-12-27,2693032.5
2012-12-28,2714876.2
2012-12-29,2736719.9
2012-12-30,2758563.6
2012-12-31,2780407.2
2013-01-01,2802250.9
2013-01-02,2824094.6
2013-01-03,2823137.8
2013-01-04,2822181.1
2013-01-05,2821224.3
2013-01-06,2820267.6
2013-01-07,2819310.8
2013-01-08,2818354.1
2013-01-09,2828955.6
2013-01-10,2839557.0
2013-01-11,2850158.5
2013-01-12,2860759.9
2013-01-13,2871361.4
2013-01-14,2881962.8
2013-01-15,2892564.3
2013-01-16,2903165.8
2013-01-17,2886136.9
2013-01-18,2869108.0
2013-01-19,2852079.1
2013-01-20,2835050.2
2013-01-21,2818021.3
2013-01-22,2800992.5
2013-01-23,2783963.6
2013-01-24,2766934.7
2013-01-25,2800716.3
2013-01-26,2834498.0
2013-01-27,2868279.6
2013-01-28,2902061.3
2013-01-29,2935842.9
2013-01-30,2969624.6
2013-01-31,3003406.2
2013-02-01,2989739.3
2013-02-02,2976072.4
2013-02-03,2962405.5
2013-02-04,2948738.6
2013-02-05,2935071.7
2013-02-06,2921404.8
2013-02-07,2981309.8
2013-02-08,3041214.8
2013-02-09,3101119.9
2013-02-10,3161024.9
2013-02-11,3220929.9
2013-02-12,3280834.9
2013-02-13,3340739.9
2013-02-14,3315246.8
2013-02-15,3289753.6
2013-02-16,3264260.5
2013-02-17,3238767.3
2013-02-18,3213274.2
2013-02-19,3187781.0
2013-02-20,3162287.9
2013-02-21,3136794.8
2013-02-22,3177677.9
2013-02-23,3218560.9
2013-02-24,3259444.0
2013-02-25,3300327.1
2013-02-26,3341210.2
2013-02-27,3382093.3
2013-02-28,3396962.3
2013-03-01,3411831.4
2013-03-02,3426700.5
2013-03-03,3441569.6
2013-03-04,3456438.6
2013-03-05,3455307.0
2013-03-06,3454175.4
2013-03-07,3453043.8
2013-03-08,3451912.2
2013-03-09,3450780.5
2013-03-10,3449648.9
2013-03-11,3448517.3
2013-03-12,3447385.7
2013-03-13,3494264.8
2013-03-14,3541144.0
2013-03-15,3546925.2
2013-03-16,3552706.4
2013-03-17,3558487.6
2013-03-18,3564268.8
2013-03-19,3570050.0
2013-03-20,3575831.2
2013-03-21,3581612.4
2013-03-22,3552140.8
2013-03-23,3522669.2
2013-03-24,3493197.7
2013-03-25,3463726.1
2013-03-26,3434254.5
2013-03-27,3455869.0
2013-03-28,3477483.4
2013-03-29,3466377.3
2013-03-30,3455271.1
2013-03-31,3444164.9
2013-04-01,3433058.8
2013-04-02,3421952.6
2013-04-03,3476035.4
2013-04-04,3530118.2
2013-04-05,3584201.0
2013-04-06,3638283.8
2013-04-07,3692366.7
2013-04-08,3746449.5
2013-04-09,3800532.3
2013-04-10,3772856.0
2013-04-11,3745179.7
2013-04-12,3717503.4
2013-04-13,3689827.1
2013-04-14,3662150.8
2013-04-15,3634474.5
2013-04-16,3606798.2
2013-04-17,3579122.0
2013-04-18,3551445.7
2013-04-19,3574432.4
2013-04-20,3597419.0
2013-04-21,3620405.7
2013-04-22,3643392.4
2013-04-23,3666379.1
2013-04-24,3689365.8
2013-04-25,3625848.1
2013-04-26,3562330.4
2013-04-27,3584807.8
2013-04-28,3607285.1
2013-04-29,3629762.4
2013-04-30,3506332.0
2013-05-01,3499398.1
2013-05-02,3472442.1
2013-05-03,3445486.2
2013-05-04,3418530.2
2013-05-05,3391574.3
2013-05-06,3364618.3
2013-05-07,3337662.3
2013-05-08,3242153.3
2013-05-09,3243304.5
2013-05-10,3313305.8
2013-05-11,3383307.1
2013-05-12,3453308.4
2013-05-13,3523309.7
2013-05-14,3727474.6
2013-05-15,3102193.3
2013-05-16,3276597.9
2013-05-17,3479873.4
2013-05-18,3545808.6
2013-05-19,3611743.8
2013-05-20,3677678.9
2013-05-21,3485485.1
2013-05-22,3656841.6
2013-05-23,3606319.0
2013-05-24,3802650.1
2013-05-25,3921716.4
2013-05-26,4040782.7
2013-05-27,4159849.0
2013-05-28,4278915.2
2013-05-29,4113497.2
2013-05-30,3874642.4
2013-05-31,3646797.5
2013-06-01,3750947.0
2013-06-02,3855096.5
2013-06-03,3959246.0
2013-06-04,3870317.0
2013-06-05,4112700.4
2013-06-06,3883013.5
2013-06-07,3828020.4
2013-06-08,4162745.6
2013-06-09,4090051.7
2013-06-10,4017357.7
2013-06-11,4206042.8
2013-06-12,3982766.5
2013-06-13,4240806.8
2013-06-14,3990971.4
2013-06-15,4019514.7
2013-06-16,4048057.9
2013-06-17,3980483.0
2013-06-18,4122373.6
2013-06-19,3898025.0
2013-06-20,3673676.4
2013-06-21,3961639.7
2013-06-22,3948624.6
2013-06-23,3935609.5
2013-06-24,3922594.5
2013-06-25,3909579.4
2013-06-26,3767007.3
2013-06-27,3843220.2
2013-06-28,3838152.0
2013-06-29,3833083.7
2013-06-30,3828015.4
2013-07-01,3822947.1
2013-07-02,4265503.3
2013-07-03,3981751.9
2013-07-04,3944034.7
2013-07-05,3909928.7
2013-07-06,3861396.2
2013-07-07,3816474.7
2013-07-08,3771553.3
2013-07-09,3726631.8
2013-07-10,3496250.5
2013-07-11,3602024.8
2013-07-12,3732879.3
2013-07-13,3575898.0
2013-07-14,3419274.4
2013-07-15,3270365.6
2013-07-16,3694751.6
2013-07-17,3560626.6
2013-07-18,3611162.3
2013-07-19,3605299.9
2013-07-20,3557723.9
2013-07-21,3510147.9
2013-07-22,3462571.9
2013-07-23,3414995.9
2013-07-24,3367420.0
2013-07-25,3319844.0
2013-07-26,3272268.0
2013-07-27,3224692.0
2013-07-28,3177120.2
2013-07-29,3129560.1
2013-07-30,3082019.0
2013-07-31,2996808.9
2013-08-01,2822458.9
2013-08-02,2760657.9
2013-08-03,2668601.0
2013-08-04,2576601.9
2013-08-05,2487592.1
2013-08-06,2477399.0
2013-08-07,2430645.8
2013-08-08,2384344.3
2013-08-09,2339214.7
2013-08-10,2353735.7
2013-08-11,2369017.2
2013-08-12,2384442.6
2013-08-13,2399914.8
2013-08-14,2415436.9
2013-08-15,2385917.4
2013-08-16,2377049.9
2013-08-17,2366421.4
2013-08-18,2355830.2
2013-08-19,2345270.1
2013-08-20,2334752.1
2013-08-21,2393179.6
2013-08-22,2317118.4
2013-08-23,2306186.5
2013-08-24,2295659.2
2013-08-25,2285466.3
2013-08-26,2275556.8
2013-08-27,2265860.7
2013-08-28,2353844.6
2013-08-29,2445231.7
2013-08-30,2605703.5
2013-08-31,2597267.7
2013-09-01,2588832.0
2013-09-02,2580396.2
2013-09-03,2571960.5
2013-09-04,2563529.9
2013-09-05,2496238.7
2013-09-06,2476612.3
2013-09-07,2456988.8
2013-09-08,2437366.0
2013-09-09,2417743.1
2013-09-10,2398120.3
2013-09-11,2434013.9
2013-09-12,2470943.3
2013-09-13,2428785.7
2013-09-14,2386834.7
2013-09-15,2345140.8
2013-09-16,2303554.6
2013-09-17,2261970.6
2013-09-18,2358424.4
2013-09-19,2454882.3
2013-09-20,2342698.2
2013-09-21,2338565.5
2013-09-22,2334442.2
2013-09-23,2330318.8
2013-09-24,2326196.8
2013-09-25,2394393.9
2013-09-26,2353585.9
2013-09-27,2343332.8
2013-09-28,2333079.8
2013-09-29,2322826.7
2013-09-30,2312573.7
2013-10-01,2302320.6
2013-10-02,2310988.6
2013-10-03,2319656.6
2013-10-04,2328324.6
2013-10-05,2336992.6
2013-10-06,2345660.7
2013-10-07,2354328.7
2013-10-08,2378915.6
2013-10-09,2403502.6
2013-10-10,2428089.5
2013-10-11,2454977.1
2013-10-12,2481864.6
2013-10-13,2508752.1
2013-10-14,2535639.7
2013-10-15,2562527.2
2013-10-16,2523585.9
2013-10-17,2484644.5
2013-10-18,2445703.1
2013-10-19,2406761.7
2013-10-20,2367820.3
2013-10-21,2328878.9
2013-10-22,2289957.9
2013-10-23,2251404.5
2013-10-24,2213829.7
2013-10-25,2246656.5
2013-10-26,2281106.6
2013-10-27,2315632.5
2013-10-28,2350158.5
2013-10-29,2384684.6
2013-10-30,2383373.7
2013-10-31,2382062.8
2013-11-01,2402303.7
2013-11-02,2422544.5
2013-11-03,2442785.4
2013-11-04,2463026.3
2013-11-05,2483267.1
2013-11-06,2399476.2
2013-11-07,2315685.3
2013-11-08,2316902.4
2013-11-09,2318119.4
2013-11-10,2319336.5
2013-11-11,2320553.6
2013-11-12,2321770.7
2013-11-13,2322987.9
2013-11-14,2481909.3
2013-11-15,2452591.8
2013-11-16,2423274.2
2013-11-17,2393956.6
2013-11-18,2364639.1
2013-11-19,2335321.8
2013-11-20,2324320.5
2013-11-21,2313324.3
2013-11-22,2361936.1
2013-11-23,2410552.8
2013-11-24,2459169.4
2013-11-25,2507786.1
2013-11-26,2556402.8
2013-11-27,2655845.5
2013-11-28,2755288.3
2013-11-29,2854731.0
2013-11-30,2954173.8
2013-12-01,3053616.5
2013-12-02,3153059.3
2013-12-03,3252502.0
2013-12-04,3128536.8
2013-12-05,3004571.6
2013-12-06,2880606.3
2013-12-07,2756641.1
2013-12-08,2632675.9
2013-12-09,2508710.8
2013-12-10,2384745.8
2013-12-11,2388760.5
2013-12-12,2392775.3
2013-12-13,2410861.2
2013-12-14,2428947.1
2013-12-15,2447033.2
2013-12-16,2465119.3
2013-12-17,2483205.6
2013-12-18,2514739.0
2013-12-19,2546272.6
2013-12-20,2558466.9
2013-12-21,2570661.3
2013-12-22,2582855.7
2013-12-23,2595050.3
2013-12-24,2607245.0
2013-12-25,2528228.7
2013-12-26,2449212.6
2013-12-27,2370196.5
2013-12-28,2291180.6
2013-12-29,2212164.7
2013-12-30,2133148.9
2013-12-31,2218893.7
2014-01-01,2304638.6
2014-01-02,2390383.6
2014-01-03,2476128.7
2014-01-04,2561874.0
2014-01-05,2647619.5
2014-01-06,2733365.2
2014-01-07,2819110.9
2014-01-08,2437823.3
2014-01-09,2543425.0
2014-01-10,2552317.4
2014-01-11,2561210.2
2014-01-12,2570103.6
2014-01-13,2578997.4
2014-01-14,2587909.5
2014-01-15,2535375.9
2014-01-16,2565953.2
2014-01-17,2650110.1
2014-01-18,2734267.4
2014-01-19,2818425.0
2014-01-20,2902582.7
2014-01-21,2986741.0
2014-01-22,3070899.5
2014-01-23,3062818.5
2014-01-24,3015062.8
2014-01-25,2967307.0
2014-01-26,2919551.2
2014-01-27,2871795.4
2014-01-28,2824039.7
2014-01-29,3046132.1
2014-01-30,3268224.4
2014-01-31,3228431.3
2014-02-01,3227056.3
2014-02-02,3225681.3
2014-02-03,3224306.4
2014-02-04,3222931.4
2014-02-05,3221556.5
2014-02-06,2968191.1
2014-02-07,3315197.4
2014-02-08,3256783.4
2014-02-09,3198369.5
2014-02-10,3139955.5
2014-02-11,3081541.6
2014-02-12,3023128.3
2014-02-13,3027722.6
2014-02-14,3032317.6
2014-02-15,3036912.5
2014-02-16,3041507.5
2014-02-17,3046102.4
2014-02-18,3050697.4
2014-02-19,3055292.4
2014-02-20,3059887.3
2014-02-21,3064482.3
2014-02-22,3069077.2
2014-02-23,3073672.2
2014-02-24,3078267.1
2014-02-25,3082862.1
2014-02-26,3087457.1
2014-02-27,2995539.3
2014-02-28,3388891.1
2014-03-01,3238764.3
2014-03-02,3088637.5
2014-03-03,2938510.7
2014-03-04,3139862.8
2014-03-05,3341214.9
2014-03-06,2986940.0
2014-03-07,3085359.1
2014-03-08,3067080.2
2014-03-09,3048801.3
2014-03-10,3030522.3
2014-03-11,3012243.4
2014-03-12,2993964.5
2014-03-13,2832804.8
2014-03-14,3454238.5
2014-03-15,3393132.7
2014-03-16,3332026.9
2014-03-17,3270921.2
2014-03-18,3209815.4
2014-03-19,3036659.5
2014-03-20,3257099.6
2014-03-21,2986873.8
2014-03-22,3075084.5
2014-03-23,3163295.1
2014-03-24,3251505.8
2014-03-25,3339716.5
2014-03-26,2997999.2
2014-03-27,3102912.6
2014-03-28,3080673.3
2014-03-29,3058434.1
2014-03-30,3036194.9
2014-03-31,3013955.7
2014-04-01,2991716.4
2014-04-02,3086755.8
2014-04-03,2992038.2
2014-04-04,2998739.1
2014-04-05,3005440.1
2014-04-06,3012141.1
2014-04-07,3018842.1
2014-04-08,3025543.1
2014-04-09,3032244.0
2014-04-10,3038945.0
2014-04-11,3045646.0
2014-04-12,3052347.0
2014-04-13,3059048.0
2014-04-14,3065748.9
2014-04-15,3072449.9
2014-04-16,3084499.2
2014-04-17,2965541.1
2014-04-18,2970802.1
2014-04-19,2976063.2
2014-04-20,2981324.3
2014-04-21,2986585.3
2014-04-22,2991846.4
2014-04-23,2997107.5
2014-04-24,3124703.6
2014-04-25,3185921.6
2014-04-26,3247139.6
2014-04-27,3308357.6
2014-04-28,3369575.6
2014-04-29,3430793.7
2014-04-30,3492011.7
2014-05-01,3360188.1
2014-05-02,3406235.6
2014-05-03,3452283.0
2014-05-04,3498330.5
2014-05-05,3544378.0
2014-05-06,3590425.5
2014-05-07,4097248.0
2014-05-08,3891336.5
2014-05-09,3610161.7
2014-05-10,3554876.6
2014-05-11,3499591.5
2014-05-12,3444306.4
2014-05-13,3502861.9
2014-05-14,3532343.6
2014-05-15,3561825.2
2014-05-16,3588130.3
2014-05-17,3614435.4
2014-05-18,3640740.5
2014-05-19,3667045.6
2014-05-20,3597550.3
2014-05-21,3641689.6
2014-05-22,3564567.6
2014-05-23,3564294.8
2014-05-24,3564021.9
2014-05-25,3563749.1
2014-05-26,3563476.3
2014-05-27,3563203.5
2014-05-28,3562930.7
2014-05-29,3590401.8
2014-05-30,3617873.0
2014-05-31,3645344.1
2014-06-01,3672815.3
2014-06-02,3700286.5
2014-06-03,3930758.5
2014-06-04,3668106.8
2014-06-05,3689584.6
2014-06-06,4015223.1
2014-06-07,3943419.0
2014-06-08,3871615.0
2014-06-09,3799811.0
2014-06-10,3728007.0
2014-06-11,3656202.9
2014-06-12,3584398.9
2014-06-13,3546120.1
2014-06-14,3507841.3
2014-06-15,3469562.4
2014-06-16,3431283.6
2014-06-17,3393004.8
2014-06-18,3515639.3
2014-06-19,3638273.8
2014-06-20,3693862.0
2014-06-21,3551250.4
2014-06-22,3408638.7
2014-06-23,3266027.1
2014-06-24,3123415.5
2014-06-25,3046187.3
2014-06-26,3142981.1
2014-06-27,2948681.0
2014-06-28,2833301.2
2014-06-29,2717926.4
2014-06-30,2602559.9
2014-07-01,2480320.3
2014-07-02,2495302.4
2014-07-03,2102144.5
2014-07-04,2157917.5
2014-07-05,2215244.6
2014-07-06,2272820.8
2014-07-07,2330398.7
2014-07-08,2387976.7
2014-07-09,2118410.1
2014-07-10,1848992.5
2014-07-11,1857907.4
2014-07-12,1866894.3
2014-07-13,1875906.6
2014-07-14,1884966.0
2014-07-15,1909587.1
2014-07-16,1934262.8
2014-07-17,1958944.4
2014-07-18,1962451.4
2014-07-19,1965964.4
2014-07-20,1969479.9
2014-07-21,1972996.4
2014-07-22,1976516.3
2014-07-23,1958887.4
2014-07-24,1941264.2
2014-07-25,1951785.4
2014-07-26,1962306.9
2014-07-27,1972828.4
2014-07-28,1983350.0
2014-07-29,1993872.9
2014-07-30,1970955.0
2014-07-31,1948037.8
2014-08-01,1925123.8
2014-08-02,1958517.2
2014-08-03,1991913.5
2014-08-04,2025310.2
2014-08-05,2058707.3
2014-08-06,2178670.4
2014-08-07,2298635.8
2014-08-08,2234080.0
2014-08-09,2169524.9
2014-08-10,2104969.9
2014-08-11,2040423.3
2014-08-12,1975965.3
2014-08-13,2147163.5
2014-08-14,2318467.3
2014-08-15,2237278.9
2014-08-16,2156090.5
2014-08-17,2074902.1
2014-08-18,1993713.6
2014-08-19,1912715.5
2014-08-20,1940048.7
2014-08-21,1941883.7
2014-08-22,1943741.2
2014-08-23,1945622.2
2014-08-24,1947520.1
2014-08-25,1949429.5
2014-08-26,1951348.3
2014-08-27,1970589.9
2014-08-28,1990212.9
2014-08-29,1772098.5
2014-08-30,1837642.2
2014-08-31,1903575.0
2014-09-01,1969837.7
2014-09-02,2036231.9
2014-09-03,2102669.0
2014-09-04,2093360.0
2014-09-05,2084050.9
2014-09-06,2074742.0
2014-09-07,2065433.1
2014-09-08,2056124.3
2014-09-09,2046815.6
2014-09-10,2037507.0
2014-09-11,2028198.6
2014-09-12,2023612.9
2014-09-13,2019028.2
2014-09-14,2014443.5
2014-09-15,2009858.8
2014-09-16,2005274.1
2014-09-17,2038506.1
2014-09-18,2071748.8
2014-09-19,2058597.8
2014-09-20,2045454.4
2014-09-21,2032312.3
2014-09-22,2019170.4
2014-09-23,2006028.4
2014-09-24,1992886.5
2014-09-25,1979744.6
2014-09-26,2012742.8
2014-09-27,2045741.0
2014-09-28,2078739.2
2014-09-29,2111737.4
2014-09-30,2144735.6
2014-10-01,2112761.2
2014-10-02,2080786.7
2014-10-03,2087110.2
2014-10-04,2093433.7
2014-10-05,2099757.2
2014-10-06,2106080.7
2014-10-07,2112404.2
2014-10-08,1977558.1
2014-10-09,1843716.8
2014-10-10,1903507.5
2014-10-11,1963721.0
2014-10-12,2024067.6
2014-10-13,2084474.9
2014-10-14,2144906.0
2014-10-15,2205347.3
2014-10-16,2212415.0
2014-10-17,2219483.1
2014-10-18,2226551.4
2014-10-19,2233620.6
2014-10-20,2240690.0
2014-10-21,2247760.0
2014-10-22,2222518.6
2014-10-23,2197283.2
2014-10-24,2172049.6
2014-10-25,2146816.0
2014-10-26,2121582.4
2014-10-27,2096348.8
2014-10-28,2071115.2
2014-10-29,2057480.4
2014-10-30,2043845.5
2014-10-31,2008595.1
2014-11-01,1973344.8
2014-11-02,1938096.2
2014-11-03,1902919.3
2014-11-04,1868089.8
2014-11-05,1890288.5
2014-11-06,1912761.5
2014-11-07,1935295.2
2014-11-08,1957839.7
2014-11-09,1980390.3
2014-11-10,2002943.3
2014-11-11,2025498.4
2014-11-12,2048054.6
2014-11-13,1901960.7
2014-11-14,1910872.4
2014-11-15,1920120.6
2014-11-16,1929501.9
2014-11-17,1938965.2
2014-11-18,1948503.2
2014-11-19,1958073.7
2014-11-20,1967645.5
2014-11-21,2057824.7
2014-11-22,2148003.8
2014-11-23,2238183.0
2014-11-24,2328362.1
2014-11-25,2418541.3
2014-11-26,2157211.2
2014-11-27,2201395.4
2014-11-28,2245579.6
2014-11-29,2289763.8
2014-11-30,2333947.9
2014-12-01,2378132.1
2014-12-02,2355765.2
2014-12-03,2333398.3
2014-12-04,2311031.4
2014-12-05,2288664.4
2014-12-06,2266297.5
2014-12-07,2243930.6
2014-12-08,2221563.7
2014-12-09,2199196.8
2014-12-10,2148851.8
2014-12-11,2098554.1
2014-12-12,2078161.7
2014-12-13,2057816.6
2014-12-14,2037471.5
2014-12-15,2017126.5
2014-12-16,1996781.9
2014-12-17,2056039.8
2014-12-18,2115318.0
2014-12-19,2127021.0
2014-12-20,2138731.3
2014-12-21,2150443.0
2014-12-22,2162155.8
2014-12-23,2173869.4
2014-12-24,2185583.4
2014-12-25,2197297.5
2014-12-26,2209011.7
2014-12-27,2220725.9
2014-12-28,2232440.0
2014-12-29,2244154.2
2014-12-30,2255868.4
2014-12-31,2267582.6
2015-01-01,2280903.2
2015-01-02,2294223.9
2015-01-03,2307544.5
2015-01-04,2320865.1
2015-01-05,2334185.8
2015-01-06,2347506.4
2015-01-07,2360827.1
2015-01-08,2374147.7
2015-01-09,2387468.3
2015-01-10,2400789.0
2015-01-11,2414109.6
2015-01-12,2427430.3
2015-01-13,2440750.9
2015-01-14,2454071.6
2015-01-15,2467392.2
2015-01-16,2480712.8
2015-01-17,2494033.5
2015-01-18,2507354.1
2015-01-19,2520674.8
2015-01-20,2533995.4
2015-01-21,2547316.0
2015-01-22,2560636.7
2015-01-23,2573957.3
2015-01-24,2587278.0
2015-01-25,2600598.6
2015-01-26,2613919.2
2015-01-27,2627239.9
2015-01-28,2640560.5
2015-01-29,2653881.2
2015-01-30,2625730.5
2015-01-31,2597579.7
2015-02-01,2569429.0
2015-02-02,2541278.3
2015-02-03,2513127.6
2015-02-04,2484976.9
2015-02-05,2456826.2
2015-02-06,2428675.4
2015-02-07,2400524.7
2015-02-08,2372374.0
2015-02-09,2344223.3
2015-02-10,2316072.6
2015-02-11,2313334.7
2015-02-12,2310596.7
2015-02-13,2307858.8
2015-02-14,2305120.9
2015-02-15,2302382.9
2015-02-16,2299645.0
2015-02-17,2296907.1
2015-02-18,2294169.1
2015-02-19,2291431.2
2015-02-20,2313307.9
2015-02-21,2335184.7
2015-02-22,2357061.4
2015-02-23,2378938.1
2015-02-24,2400819.1
2015-02-25,2381604.3
2015-02-26,2362413.6
2015-02-27,2366205.0
2015-02-28,2369997.2
2015-03-01,2373789.7
2015-03-02,2377582.9
2015-03-03,2381376.8
2015-03-04,2385171.1
2015-03-05,2388965.8
2015-03-06,2392761.2
2015-03-07,2396556.9
2015-03-08,2400352.6
2015-03-09,2404148.5
2015-03-10,2407944.4
2015-03-11,2411740.3
2015-03-12,2415536.2
2015-03-13,2419332.1
2015-03-14,2423127.9
2015-03-15,2426923.9
2015-03-16,2430719.9
2015-03-17,2434515.9
2015-03-18,2418352.2
2015-03-19,2402195.2
2015-03-20,2386062.5
2015-03-21,2369963.4
2015-03-22,2353900.4
2015-03-23,2337873.9
2015-03-24,2321882.3
2015-03-25,2358957.7
2015-03-26,2430911.9
2015-03-27,2503441.6
2015-03-28,2576378.4
2015-03-29,2649483.8
2015-03-30,2722595.5
2015-03-31,2795707.9
2015-04-01,2878300.6
2015-04-02,2960893.5
2015-04-03,3043486.9
2015-04-04,3126080.6
2015-04-05,3208674.9
2015-04-06,3291269.4
2015-04-07,3373864.0
2015-04-08,3456458.9
2015-04-09,3539054.1
2015-04-10,3525593.6
2015-04-11,3512139.0
2015-04-12,3498695.0
2015-04-13,3485266.7
2015-04-14,3471863.2
2015-04-15,3588963.4
2015-04-16,3706084.6
2015-04-17,3790429.3
2015-04-18,3769063.7
2015-04-19,3747698.2
2015-04-20,3726332.7
2015-04-21,3704967.1
2015-04-22,3703530.9
2015-04-23,3702094.6
2015-04-24,3700658.4
2015-04-25,3699222.1
2015-04-26,3697785.9
2015-04-27,3696349.6
2015-04-28,3694916.3
2015-04-29,3693528.2
2015-04-30,3490821.4
2015-05-01,3560514.7
2015-05-02,3631171.7
2015-05-03,3701002.9
2015-05-04,3771273.0
2015-05-05,3841755.5
2015-05-06,3896175.6
2015-05-07,3924852.9
2015-05-08,3953624.9
2015-05-09,3982492.8
2015-05-10,4011413.6
2015-05-11,4040373.2
2015-05-12,4069365.5
2015-05-13,4492853.1
2015-05-14,4018887.6
2015-05-15,4178050.7
2015-05-16,4092352.6
2015-05-17,4006654.5
2015-05-18,3966836.0
2015-05-19,3927017.6
2015-05-20,3891446.0
2015-05-21,3855874.5
2015-05-22,3804641.5
2015-05-23,3762458.6
2015-05-24,3720275.7
2015-05-25,3678092.7
2015-05-26,3635909.8
2015-05-27,3593726.9
2015-05-28,3799733.0
2015-05-29,3395299.2
2015-05-30,3389084.5
2015-05-31,3382869.7
2015-06-01,3376655.0
2015-06-02,3367557.9
2015-06-03,3268021.0
2015-06-04,3168484.2
2015-06-05,3191692.6
2015-06-06,3214901.1
2015-06-07,3238109.5
2015-06-08,3261318.0
2015-06-09,3284526.4
2015-06-10,3260269.3
2015-06-11,3147338.4
2015-06-12,3054247.2
2015-06-13,2961155.9
2015-06-14,2868064.7
2015-06-15,2774973.4
2015-06-16,2681882.2
2015-06-17,2541562.9
2015-06-18,2587965.9
2015-06-19,2634368.9
2015-06-20,2680771.9
2015-06-21,2727174.9
2015-06-22,2773577.8
2015-06-23,2819980.8
2015-06-24,2566605.4
2015-06-25,2621057.1
2015-06-26,2676033.3
2015-06-27,2731172.6
2015-06-28,2786312.0
2015-06-29,2841451.4
2015-06-30,2896590.9
2015-07-01,2570520.9
2015-07-02,2244450.9
2015-07-03,2335190.2
2015-07-04,2425929.4
2015-07-05,2516668.7
2015-07-06,2607458.3
2015-07-07,2698550.9
2015-07-08,2653016.1
2015-07-09,2607868.6
2015-07-10,2562729.4
2015-07-11,2548042.3
2015-07-12,2533355.2
2015-07-13,2518668.2
2015-07-14,2503984.6
2015-07-15,2489454.4
2015-07-16,2710531.6
2015-07-17,2744309.4
2015-07-18,2778090.0
2015-07-19,2811870.7
2015-07-20,2845651.3
2015-07-21,2879432.0
2015-07-22,3074843.1
2015-07-23,3270254.1
2015-07-24,2537197.3
2015-07-25,2619339.7
2015-07-26,2701646.1
2015-07-27,2783971.3
2015-07-28,2866403.0
2015-07-29,3020883.3
2015-07-30,3086992.5
2015-07-31,3153114.2
2015-08-01,3219242.6
2015-08-02,3285371.4
2015-08-03,3351500.2
2015-08-04,3417629.0
2015-08-05,3335877.4
2015-08-06,3254472.0
2015-08-07,3438654.5
2015-08-08,3623183.3
2015-08-09,3807712.0
2015-08-10,3992240.8
2015-08-11,4052746.1
2015-08-12,4113251.4
2015-08-13,4100774.0
2015-08-14,4032088.4
2015-08-15,4027018.5
2015-08-16,3915390.1
2015-08-17,3803761.7
2015-08-18,3692133.2
2015-08-19,3580504.8
2015-08-20,3702810.5
2015-08-21,3462412.1
2015-08-22,3488496.6
2015-08-23,3514581.1
2015-08-24,3540665.6
2015-08-25,3407131.2
2015-08-26,3273596.8
2015-08-27,3317898.2
2015-08-28,3362199.6
2015-08-29,3406501.0
2015-08-30,3450802.3
2015-08-31,3495103.7
2015-09-01,3463523.5
2015-09-02,3432268.4
2015-09-03,3465839.9
2015-09-04,3428400.4
2015-09-05,3390960.9
2015-09-06,3353521.4
2015-09-07,3316081.9
2015-09-08,3278642.3
2015-09-09,3241202.8
2015-09-10,3457318.0
2015-09-11,3446444.1
2015-09-12,3435570.3
2015-09-13,3424696.4
2015-09-14,3413822.5
2015-09-15,3402948.6
2015-09-16,3317773.5
2015-09-17,3232598.3
2015-09-18,3234872.2
2015-09-19,3237146.1
2015-09-20,3239420.1
2015-09-21,3241694.0
2015-09-22,3243967.9
2015-09-23,3262818.1
2015-09-24,3281668.2
2015-09-25,3300518.3
2015-09-26,3319368.5
2015-09-27,3338218.6
2015-09-28,3357068.8
2015-09-29,3375918.9
2015-09-30,3276045.2
2015-10-01,3176171.5
2015-10-02,3224346.9
2015-10-03,3272522.2
2015-10-04,3320697.6
2015-10-05,3368872.9
2015-10-06,3417048.3
2015-10-07,3406573.1
2015-10-08,3396097.9
2015-10-09,3385622.7
2015-10-10,3375147.5
2015-10-11,3364672.3
2015-10-12,3354197.1
2015-10-13,3343722.0
2015-10-14,3333246.8
2015-10-15,3327770.6
2015-10-16,3322294.4
2015-10-17,3316818.2
2015-10-18,3311342.0
2015-10-19,3305865.8
2015-10-20,3300389.7
2015-10-21,3294913.5
2015-10-22,3289437.3
2015-10-23,3301618.9
2015-10-24,3313800.6
2015-10-25,3325982.3
2015-10-26,3338163.9
2015-10-27,3350345.6
2015-10-28,3362527.2
2015-10-29,3353458.6
2015-10-30,3344389.9
2015-10-31,3335321.3
2015-11-01,3326252.6
2015-11-02,3317184.0
2015-11-03,3308115.3
2015-11-04,3306764.8
2015-11-05,3305414.3
2015-11-06,3304063.7
2015-11-07,3302713.2
2015-11-08,3301362.6
2015-11-09,3300012.1
2015-11-10,3298661.6
2015-11-11,3378248.3
2015-11-12,3457835.1
2015-11-13,3445820.1
2015-11-14,3433805.1
2015-11-15,3421790.1
2015-11-16,3409775.1
2015-11-17,3397760.1
2015-11-18,3317278.9
2015-11-19,3236797.7
2015-11-20,3246064.0
2015-11-21,3255330.4
2015-11-22,3264596.7
2015-11-23,3273863.1
2015-11-24,3283129.5
2015-11-25,3306451.8
2015-11-26,3329774.1
2015-11-27,3353096.4
2015-11-28,3376418.8
2015-11-29,3399741.1
2015-11-30,3423063.4
2015-12-01,3446385.7
2015-12-02,3326964.1
2015-12-03,3416674.7
2015-12-04,3286277.5
2015-12-05,3155880.3
2015-12-06,3025483.2
2015-12-07,2895086.0
2015-12-08,2764688.9
2015-12-09,3455846.3
2015-12-10,3220835.8
2015-12-11,3316043.5
2015-12-12,3411251.2
2015-12-13,3506458.8
2015-12-14,3601666.5
2015-12-15,3696874.2
2015-12-16,3722031.8
2015-12-17,3747189.4
2015-12-18,3718192.8
2015-12-19,3689196.2
2015-12-20,3660199.6
2015-12-21,3631203.0
2015-12-22,3602206.3
2015-12-23,3573209.7
2015-12-24,3544213.1
2015-12-25,3515216.5
2015-12-26,3486219.9
2015-12-27,3457223.3
2015-12-28,3428226.6
2015-12-29,3399230.0
2015-12-30,3370233.4
2015-12-31,3394478.8
2016-01-01,3418724.2
2016-01-02,3442969.6
2016-01-03,3467215.0
2016-01-04,3491460.4
2016-01-05,3578556.6
2016-01-06,3665652.7
2016-01-07,3752748.9
2016-01-08,3839845.0
2016-01-09,3926941.2
2016-01-10,4014037.3
2016-01-11,4101133.5
2016-01-12,4188229.6
2016-01-13,4141891.1
2016-01-14,4095552.7
2016-01-15,4080498.4
2016-01-16,4065444.1
2016-01-17,4050389.8
2016-01-18,4035335.5
2016-01-19,4020281.2
2016-01-20,4005227.0
2016-01-21,3990237.8
2016-01-22,3975248.7
2016-01-23,3960259.6
2016-01-24,3945270.4
2016-01-25,3930281.3
2016-01-26,3915292.2
2016-01-27,3900303.0
2016-01-28,3885313.9
2016-01-29,3954380.5
2016-01-30,4023447.1
2016-01-31,4003244.0
2016-02-01,3983040.9
2016-02-02,3962837.8
2016-02-03,3942634.7
2016-02-04,4102225.5
2016-02-05,4100815.7
2016-02-06,4099405.9
2016-02-07,4097996.1
2016-02-08,4096586.3
2016-02-09,4095176.5
2016-02-10,4312801.8
2016-02-11,4182896.6
2016-02-12,4355769.0
2016-02-13,4528641.4
2016-02-14,4511785.3
2016-02-15,4494929.2
2016-02-16,4408847.5
2016-02-17,4369948.8
2016-02-18,4331050.0
2016-02-19,4387210.7
2016-02-20,4417540.5
2016-02-21,4331213.8
2016-02-22,4244887.1
2016-02-23,4158562.5
2016-02-24,4072264.0
2016-02-25,3987138.8
2016-02-26,4084891.4
2016-02-27,4183832.5
2016-02-28,4282795.2
2016-02-29,3996589.7
2016-03-01,3798506.7
2016-03-02,3577900.1
2016-03-03,3573497.2
2016-03-04,3530559.7
2016-03-05,3487649.3
2016-03-06,3444739.8
2016-03-07,3401830.3
2016-03-08,3358920.8
2016-03-09,3363826.2
2016-03-10,3385109.5
2016-03-11,3406403.3
2016-03-12,3427706.0
2016-03-13,3449011.8
2016-03-14,3470318.2
2016-03-15,3491624.7
2016-03-16,3512931.1
2016-03-17,3534237.6
2016-03-18,3555544.0
2016-03-19,3576850.7
2016-03-20,3598162.0
2016-03-21,3529703.5
2016-03-22,3461250.0
2016-03-23,3435245.6
2016-03-24,3372819.4
2016-03-25,3310393.1
2016-03-26,3247966.9
2016-03-27,3185540.7
2016-03-28,3123114.5
2016-03-29,3060688.3
2016-03-30,3030908.7
2016-03-31,3287946.1
2016-04-01,3323122.9
2016-04-02,3358299.7
2016-04-03,3393476.5
2016-04-04,3428653.3
2016-04-05,3463830.1
2016-04-06,3592869.7
2016-04-07,3721909.3
2016-04-08,3739156.5
2016-04-09,3756403.7
2016-04-10,3773651.0
2016-04-11,3790898.2
2016-04-12,3808145.4
2016-04-13,3749017.0
2016-04-14,3689888.6
2016-04-15,3661110.6
2016-04-16,3646841.1
2016-04-17,3632571.7
2016-04-18,3640722.4
2016-04-19,3648873.1
2016-04-20,3861377.9
2016-04-21,3801801.5
2016-04-22,3889754.0
2016-04-23,3977706.6
2016-04-24,3965723.9
2016-04-25,3953741.2
2016-04-26,3896324.0
2016-04-27,3726963.4
2016-04-28,4102546.2
2016-04-29,3959123.2
2016-04-30,3815700.1
2016-05-01,3848672.7
2016-05-02,3881645.3
2016-05-03,3914617.8
2016-05-04,3554576.9
2016-05-05,3194535.9
2016-05-06,3146458.4
2016-05-07,3098380.9
2016-05-08,3050303.3
2016-05-09,3002225.8
2016-05-10,2954148.3
2016-05-11,3251102.0
2016-05-12,3548055.6
2016-05-13,3495241.0
2016-05-14,3442426.3
2016-05-15,3389611.6
2016-05-16,3336796.9
2016-05-17,3283982.2
2016-05-18,3206399.9
2016-05-19,3128817.6
2016-05-20,3116230.4
2016-05-21,3103643.1
2016-05-22,3091055.9
2016-05-23,3078468.6
2016-05-24,3065881.4
2016-05-25,3183428.5
2016-05-26,3300975.6
2016-05-27,3311790.8
2016-05-28,3322605.9
2016-05-29,3333421.1
2016-05-30,3344236.3
2016-05-31,3355051.5
2016-06-01,3415163.0
2016-06-02,3475274.5
2016-06-03,3506522.8
2016-06-04,3537771.2
2016-06-05,3569019.5
2016-06-06,3600267.8
2016-06-07,3631516.1
2016-06-08,3634703.0
2016-06-09,3637889.9
2016-06-10,3638839.1
2016-06-11,3639788.3
2016-06-12,3640737.5
2016-06-13,3641686.7
2016-06-14,3642635.9
2016-06-15,3707524.5
2016-06-16,3772413.1
2016-06-17,3605203.3
2016-06-18,3661127.5
2016-06-19,3717051.8
2016-06-20,3772976.1
2016-06-21,3828900.4
2016-06-22,3710566.1
2016-06-23,3603832.3
2016-06-24,3597424.8
2016-06-25,3591017.3
2016-06-26,3584609.8
2016-06-27,3578202.3
2016-06-28,3571794.8
2016-06-29,3505514.0
2016-06-30,3439233.2
2016-07-01,3470768.5
2016-07-02,3502303.8
2016-07-03,3533839.2
2016-07-04,3565374.5
2016-07-05,3596909.8
2016-07-06,3626115.3
2016-07-07,3655320.9
2016-07-08,3668396.0
2016-07-09,3681471.1
2016-07-10,3694546.2
2016-07-11,3707621.3
2016-07-12,3720696.4
2016-07-13,3737854.5
2016-07-14,3755012.6
2016-07-15,3669846.1
2016-07-16,3584679.5
2016-07-17,3499513.0
2016-07-18,3414346.4
2016-07-19,3329179.9
2016-07-20,3467998.5
2016-07-21,3606817.2
2016-07-22,3593320.1
2016-07-23,3579822.9
2016-07-24,3566325.8
2016-07-25,3552828.6
2016-07-26,3539331.5
2016-07-27,3525834.3
2016-07-28,3512337.2
2016-07-29,3591823.2
2016-07-30,3671309.2
2016-07-31,3750795.2
2016-08-01,3830281.3
2016-08-02,3909767.3
2016-08-03,3819354.0
2016-08-04,3728940.7
2016-08-05,3663663.8
2016-08-06,3598386.9
2016-08-07,3533110.0
2016-08-08,3467833.1
2016-08-09,3402556.2
2016-08-10,3397369.2
2016-08-11,3392182.1
2016-08-12,3386995.0
2016-08-13,3381808.0
2016-08-14,3376620.9
2016-08-15,3371433.9
2016-08-16,3366246.8
2016-08-17,3617574.8
2016-08-18,3554474.6
2016-08-19,3491374.4
2016-08-20,3399728.4
2016-08-21,3308082.4
2016-08-22,3216436.4
2016-08-23,3431951.2
2016-08-24,3647466.0
2016-08-25,3629289.6
2016-08-26,3611113.3
2016-08-27,3592936.9
2016-08-28,3574760.6
2016-08-29,3556584.2
2016-08-30,3538407.9
2016-08-31,3541479.7
2016-09-01,3544551.4
2016-09-02,3547623.2
2016-09-03,3550695.0
2016-09-04,3553766.7
2016-09-05,3556838.5
2016-09-06,3559910.3
2016-09-07,3562982.1
2016-09-08,3566053.8
2016-09-09,3556363.5
2016-09-10,3546673.2
2016-09-11,3536982.9
2016-09-12,3527292.7
2016-09-13,3517602.4
2016-09-14,3507912.1
2016-09-15,3426026.7
2016-09-16,3436816.1
2016-09-17,3447605.6
2016-09-18,3458395.0
2016-09-19,3469184.4
2016-09-20,3479973.9
2016-09-21,3490763.3
2016-09-22,3474552.1
2016-09-23,3458341.0
2016-09-24,3442129.9
2016-09-25,3425918.7
2016-09-26,3409707.6
2016-09-27,3393496.5
2016-09-28,3412090.8
2016-09-29,3430685.2
2016-09-30,3449279.5
2016-10-01,3467873.9
2016-10-02,3486468.2
2016-10-03,3505062.6
2016-10-04,3485245.1
2016-10-05,3465427.5
2016-10-06,3490700.0
2016-10-07,3515972.5
2016-10-08,3541245.1
2016-10-09,3566517.6
2016-10-10,3591790.1
2016-10-11,3617062.6
2016-10-12,3642335.1
2016-10-13,3626264.6
2016-10-14,3610194.1
2016-10-15,3594123.7
2016-10-16,3578053.2
2016-10-17,3561982.7
2016-10-18,3545912.2
2016-10-19,3529841.8
2016-10-20,3513771.3
2016-10-21,3499398.1
2016-10-22,3485024.9
2016-10-23,3470651.6
2016-10-24,3456278.4
2016-10-25,3441905.2
2016-10-26,3440022.4
2016-10-27,3438139.7
2016-10-28,3436257.0
2016-10-29,3434374.3
2016-10-30,3432491.5
2016-10-31,3430608.8
2016-11-01,3428726.1
2016-11-02,3505902.2
2016-11-03,3583078.3
2016-11-04,3570261.2
2016-11-05,3557444.1
2016-11-06,3544627.0
2016-11-07,3531809.9
2016-11-08,3518992.9
2016-11-09,3506175.8
2016-11-10,3493358.7
2016-11-11,3480541.6
2016-11-12,3467724.5
2016-11-13,3454907.4
2016-11-14,3442090.3
2016-11-15,3429273.2
2016-11-16,3439181.1
2016-11-17,3449089.0
2016-11-18,3458996.9
2016-11-19,3468904.8
2016-11-20,3478812.8
2016-11-21,3488720.7
2016-11-22,3498628.6
2016-11-23,3497802.2
2016-11-24,3496975.9
2016-11-25,3496149.5
2016-11-26,3495323.2
2016-11-27,3494496.8
2016-11-28,3493670.4
2016-11-29,3492844.1
2016-11-30,3492017.7
2016-12-01,3491191.4
2016-12-02,3474794.1
2016-12-03,3458396.9
2016-12-04,3441999.6
2016-12-05,3425602.4
2016-12-06,3409205.1
2016-12-07,3444239.9
2016-12-08,3479274.8
2016-12-09,3496366.9
2016-12-10,3513459.1
2016-12-11,3530551.2
2016-12-12,3547643.4
2016-12-13,3564735.5
2016-12-14,3581827.7
2016-12-15,3598919.8
2016-12-16,3602862.4
2016-12-17,3606805.0
2016-12-18,3610747.6
2016-12-19,3614690.2
2016-12-20,3618632.9
2016-12-21,3622575.5
2016-12-22,3593671.6
2016-12-23,3564767.7
2016-12-24,3535863.8
2016-12-25,3506959.9
2016-12-26,3478056.0
2016-12-27,3449152.1
2016-12-28,3420248.2
2016-12-29,3391344.4
2016-12-30,3362440.5
2016-12-31,3360299.4
2017-01-01,3358158.4
2017-01-02,3356017.3
2017-01-03,3353876.3
2017-01-04,3351735.2
2017-01-05,3321675.4
2017-01-06,3363082.7
2017-01-07,3404489.9
2017-01-08,3445897.1
2017-01-09,3487304.4
2017-01-10,3528711.6
2017-01-11,3550351.5
2017-01-12,3571991.3
2017-01-13,3593631.2
2017-01-14,3615271.1
2017-01-15,3636910.9
2017-01-16,3658550.8
2017-01-17,3680190.7
2017-01-18,3701830.5
2017-01-19,3723470.4
2017-01-20,3745110.2
2017-01-21,3766750.1
2017-01-22,3788390.0
2017-01-23,3810029.8
2017-01-24,2909115.2
2017-01-25,2008200.5
2017-01-26,1987734.1
2017-01-27,1967267.6
2017-01-28,1946801.1
2017-01-29,1926334.7
2017-01-30,1905868.2
2017-01-31,1896406.3
2017-02-01,1886944.5
2017-02-02,1992429.1
2017-02-03,2097913.7
2017-02-04,2203398.3
2017-02-05,2308882.9
2017-02-06,2414367.5
2017-02-07,2519852.1
2017-02-08,2433826.4
2017-02-09,2347800.7
2017-02-10,2261775.0
2017-02-11,2333652.5
2017-02-12,2405530.1
2017-02-13,2477407.6
2017-02-14,2549285.2
2017-02-15,2476077.4
2017-02-16,2402869.7
2017-02-17,2412308.7
2017-02-18,2421747.7
2017-02-19,2431186.7
2017-02-20,2440625.8
2017-02-21,2450064.8
2017-02-22,2459503.8
2017-02-23,2468942.8
2017-02-24,2460197.2
2017-02-25,2451451.6
2017-02-26,2442706.0
2017-02-27,2433960.3
2017-02-28,2425214.7
2017-03-01,2416469.1
2017-03-02,2407723.5
2017-03-03,2400163.6
2017-03-04,2392603.6
2017-03-05,2385043.7
2017-03-06,2377483.8
2017-03-07,2435927.5
2017-03-08,2494371.2
2017-03-09,2438291.5
2017-03-10,2382211.7
2017-03-11,2326132.0
2017-03-12,2270052.2
2017-03-13,2213972.5
2017-03-14,2157892.7
2017-03-15,2101813.0
2017-03-16,2264325.0
2017-03-17,2426837.1
2017-03-18,2424060.6
2017-03-19,2421284.0
2017-03-20,2418507.5
2017-03-21,2415731.0
2017-03-22,2425603.1
2017-03-23,2435475.1
2017-03-24,2445347.1
2017-03-25,2455219.1
2017-03-26,2465091.1
2017-03-27,2474963.1
2017-03-28,2484835.1
2017-03-29,2432555.7
2017-03-30,2416017.5
2017-03-31,2399479.3
2017-04-01,2382941.2
2017-04-02,2366403.0
2017-04-03,2349864.8
2017-04-04,2333326.6
2017-04-05,2446979.4
2017-04-06,2560632.1
2017-04-07,2523267.6
2017-04-08,2485903.1
2017-04-09,2448538.6
2017-04-10,2411174.1
2017-04-11,2373809.5
2017-04-12,2641466.8
2017-04-13,2601960.1
2017-04-14,2562453.4
2017-04-15,2526876.5
2017-04-16,2491299.6
2017-04-17,2455722.8
2017-04-18,2420145.9
2017-04-19,2472950.7
2017-04-20,2525755.5
2017-04-21,2569734.4
2017-04-22,2613713.4
2017-04-23,2657692.3
2017-04-24,2701671.2
2017-04-25,2431717.5
2017-04-26,2442674.5
2017-04-27,2473837.6
2017-04-28,2505000.7
2017-04-29,2536163.7
2017-04-30,2567326.8
2017-05-01,2598489.8
2017-05-02,2388070.9
2017-05-03,2585344.7
2017-05-04,2617431.3
2017-05-05,2603317.4
2017-05-06,2589203.5
2017-05-07,2575089.6
2017-05-08,2560975.7
2017-05-09,2546861.8
2017-05-10,2668233.3
2017-05-11,2464084.0
2017-05-12,2576419.6
2017-05-13,2522937.8
2017-05-14,2469456.0
2017-05-15,2415974.2
2017-05-16,2362492.4
2017-05-17,2778189.0
2017-05-18,2752142.0
2017-05-19,2718523.7
2017-05-20,2816898.6
2017-05-21,2915279.4
2017-05-22,3013660.3
2017-05-23,3091358.8
2017-05-24,3169057.2
2017-05-25,3210089.6
2017-05-26,3426742.6
2017-05-27,3129906.8
2017-05-28,3101291.2
2017-05-29,3072675.6
2017-05-30,3044060.0
2017-05-31,3021289.2
2017-06-01,2745359.8
2017-06-02,3008432.5
2017-06-03,2911457.5
2017-06-04,2815025.0
2017-06-05,2720176.3
2017-06-06,2638562.2
2017-06-07,2514357.7
2017-06-08,2459532.4
2017-06-09,2385933.0
2017-06-10,2184245.5
2017-06-11,1993737.4
2017-06-12,2013614.3
2017-06-13,2046635.4
2017-06-14,2041490.4
2017-06-15,2040128.0
2017-06-16,2075244.7
2017-06-17,2069256.6
2017-06-18,2064362.7
2017-06-19,2062065.1
2017-06-20,2122084.6
2017-06-21,2183496.3
2017-06-22,2246292.5
2017-06-23,2315843.3
2017-06-24,2319127.7
2017-06-25,2324175.7
2017-06-26,2331056.4
2017-06-27,2348612.6
2017-06-28,1962861.8
2017-06-29,2403897.0
2017-06-30,2010904.9
2017-07-01,1906849.0
2017-07-02,1819116.8
2017-07-03,1736952.1
2017-07-04,1553043.8
2017-07-05,1376748.2
2017-07-06,1508150.1
2017-07-07,1647982.1
2017-07-08,1551434.2
2017-07-09,1456362.1
2017-07-10,1363921.7
2017-07-11,1152649.3
2017-07-12,1271562.8
2017-07-13,1280188.2
2017-07-14,1512262.3
2017-07-15,1552187.8
2017-07-16,1593450.5
2017-07-17,1635606.2
2017-07-18,1678311.6
2017-07-19,1333630.0
2017-07-20,1559378.3
2017-07-21,1498126.8
2017-07-22,1470249.1
2017-07-23,1445325.9
2017-07-24,1422512.0
2017-07-25,1402520.1
2017-07-26,1398750.3
2017-07-27,1412485.8
2017-07-28,1467571.2
2017-07-29,1528491.1
2017-07-30,1593235.7
2017-07-31,1667240.5
2017-08-01,1746014.4
2017-08-02,1412248.7
2017-08-03,1872712.8
2017-08-04,1751802.0
2017-08-05,1632200.0
2017-08-06,1520520.8
2017-08-07,1414121.8
2017-08-08,1318000.8
2017-08-09,1557241.0
2017-08-10,1458586.9
2017-08-11,1391042.4
2017-08-12,1324088.3
2017-08-13,1258344.7
2017-08-14,1202544.5
2017-08-15,1184179.7
2017-08-16,1383026.2
2017-08-17,1285331.3
2017-08-18,1198892.7
2017-08-19,1093705.1
2017-08-20,1012115.7
2017-08-21,950180.7
2017-08-22,962250.8
2017-08-23,1076969.6
2017-08-24,1059289.4
2017-08-25,1163150.0
2017-08-26,1159760.3
2017-08-27,1156510.6
2017-08-28,1153468.7
2017-08-29,1150766.6
2017-08-30,1148405.4
2017-08-31,1146462.7
2017-09-01,1144857.0
2017-09-02,1159597.4
2017-09-03,1175337.3
2017-09-04,1192223.2
2017-09-05,1209847.7
2017-09-06,1227943.0
2017-09-07,1296042.2
2017-09-08,1199728.2
2017-09-09,1172717.7
2017-09-10,1146037.3
2017-09-11,1119725.2
2017-09-12,1093752.4
2017-09-13,1068094.9
2017-09-14,1173150.2
2017-09-15,1153981.0
2017-09-16,1134902.9
2017-09-17,1115973.3
2017-09-18,1097684.5
2017-09-19,1080102.0
2017-09-20,1034429.1
2017-09-21,990883.3
2017-09-22,948843.8
2017-09-23,965901.1
2017-09-24,983406.5
2017-09-25,1001350.9
2017-09-26,1019824.3
2017-09-27,918550.3
2017-09-28,823430.0
2017-09-29,863205.3
2017-09-30,903809.8
2017-10-01,945391.9
2017-10-02,987737.4
2017-10-03,1030482.5
2017-10-04,1072548.8
2017-10-05,1117960.8
2017-10-06,1098024.1
2017-10-07,1078582.7
2017-10-08,1059688.1
2017-10-09,1046009.9
2017-10-10,1109532.0
2017-10-11,1176413.3
2017-10-12,1140313.6
2017-10-13,1104557.1
2017-10-14,1069225.9
2017-10-15,1034410.9
2017-10-16,1000106.0
2017-10-17,966300.6
2017-10-18,1059856.3
2017-10-19,1156719.5
2017-10-20,1151777.2
2017-10-21,1147137.2
2017-10-22,1142811.8
2017-10-23,1138735.7
2017-10-24,1134807.2
2017-10-25,1141140.7
2017-10-26,1148162.2
2017-10-27,1132167.6
2017-10-28,1116257.6
2017-10-29,1100466.2
2017-10-30,1084783.6
2017-10-31,1069214.5
2017-11-01,1025096.6
2017-11-02,981436.4
2017-11-03,938363.3
2017-11-04,945273.2
2017-11-05,952470.4
2017-11-06,960021.1
2017-11-07,967971.3
2017-11-08,923644.7
2017-11-09,883346.7
2017-11-10,931804.4
2017-11-11,981817.2
2017-11-12,1033006.1
2017-11-13,1084925.8
2017-11-14,1137578.0
2017-11-15,1079292.9
2017-11-16,1024652.3
2017-11-17,1034559.5
2017-11-18,1044905.4
2017-11-19,1055888.1
2017-11-20,1067340.9
2017-11-21,1079034.8
2017-11-22,1075868.2
2017-11-23,1072760.1
2017-11-24,1069703.3
2017-11-25,1066736.2
2017-11-26,1063944.0
2017-11-27,1061303.2
2017-11-28,1058781.1
2017-11-29,1046763.7
2017-11-30,1035552.2
2017-12-01,1039728.0
2017-12-02,1044063.4
2017-12-03,1048890.1
2017-12-04,1054132.2
2017-12-05,1059691.7
2017-12-06,1040381.3
2017-12-07,1025401.9
2017-12-08,983869.0
2017-12-09,943538.3
2017-12-10,904980.3
2017-12-11,868701.2
2017-12-12,834650.5
2017-12-13,866303.6
2017-12-14,906574.2
2017-12-15,917916.5
2017-12-16,930232.3
2017-12-17,944323.5
2017-12-18,959689.2
2017-12-19,975865.5
2017-12-20,1112171.8
2017-12-21,1257373.6
2017-12-22,1214713.7
2017-12-23,1172655.8
2017-12-24,1131640.5
2017-12-25,1091695.2
2017-12-26,1052628.1
2017-12-27,1014341.4
2017-12-28,1067372.2
2017-12-29,1075286.1
2017-12-30,1083431.9
2017-12-31,1091756.5
2018-01-01,1100295.7
2018-01-02,1108956.8
2018-01-03,1117707.1
2018-01-04,1126526.4
2018-01-05,1113226.9
2018-01-06,1100042.4
2018-01-07,1086985.8
2018-01-08,1074085.8
2018-01-09,1061457.7
2018-01-10,1049074.5
2018-01-11,1047785.1
2018-01-12,1046576.3
2018-01-13,1045448.6
2018-01-14,1044400.7
2018-01-15,1043396.5
2018-01-16,1042427.3
2018-01-17,1041498.5
2018-01-18,1040609.4
2018-01-19,1039782.7
2018-01-20,1073569.3
2018-01-21,1107601.7
2018-01-22,1141869.6
2018-01-23,1176396.6
2018-01-24,1186321.7
2018-01-25,1196654.4
2018-01-26,1222718.8
2018-01-27,1248827.5
2018-01-28,1274987.1
2018-01-29,1301210.2
2018-01-30,1327516.1
2018-01-31,1224242.4
2018-02-01,1121448.8
2018-02-02,1171596.0
2018-02-03,1222044.6
2018-02-04,1272723.1
2018-02-05,1323630.5
2018-02-06,1374748.9
2018-02-07,1426035.3
2018-02-08,1477444.6
2018-02-09,1398758.8
2018-02-10,1320880.6
2018-02-11,1245938.0
2018-02-12,1173903.7
2018-02-13,1104088.0
2018-02-14,1037019.5
2018-02-15,973171.1
2018-02-16,962665.2
2018-02-17,952264.0
2018-02-18,941993.8
2018-02-19,931877.6
2018-02-20,921929.8
2018-02-21,912164.0
2018-02-22,902595.7
2018-02-23,938389.3
2018-02-24,974862.1
2018-02-25,1012430.9
2018-02-26,1050859.8
2018-02-27,1090012.0
2018-02-28,1145431.5
2018-03-01,1094818.5
2018-03-02,1065237.2
2018-03-03,1038220.7
2018-03-04,1013636.2
2018-03-05,993456.8
2018-03-06,964262.2
2018-03-07,925560.6
2018-03-08,938151.1
2018-03-09,1448472.7
2018-03-10,1521143.3
2018-03-11,1594272.0
2018-03-12,1667473.5
2018-03-13,1740716.6
2018-03-14,1814002.4
2018-03-15,1603275.0
2018-03-16,1698298.6
2018-03-17,1728742.9
2018-03-18,1806761.5
2018-03-19,1884921.4
2018-03-20,1963097.5
2018-03-21,1664457.5
2018-03-22,1713840.0
2018-03-23,1548382.1
2018-03-24,1687398.5
2018-03-25,1635490.3
2018-03-26,1710712.3
2018-03-27,1463061.4
2018-03-28,1489847.7
2018-03-29,1656741.7
2018-03-30,1826631.0
2018-03-31,1821420.5
2018-04-01,1756100.2
2018-04-02,1690821.7
2018-04-03,1851086.8
2018-04-04,1723321.2
2018-04-05,1709883.7
2018-04-06,1696350.9
2018-04-07,1595270.7
2018-04-08,1469723.2
2018-04-09,1574202.0
2018-04-10,1678680.8
2018-04-11,1841562.1
2018-04-12,1825819.7
2018-04-13,1740697.5
2018-04-14,1834002.6
2018-04-15,1754978.9
2018-04-16,1960575.8
2018-04-17,1902334.7
2018-04-18,1844653.3
2018-04-19,1972019.7
2018-04-20,1669285.2
2018-04-21,1683914.0
2018-04-22,1502593.8
2018-04-23,1669263.7
2018-04-24,1722341.6
2018-04-25,1678492.4
2018-04-26,1780396.9
2018-04-27,1898179.0
2018-04-28,1937368.6
2018-04-29,1806963.8
2018-04-30,1711447.2
2018-05-01,1902360.5
2018-05-02,1916448.8
2018-05-03,2075529.6
2018-05-04,1994002.6
2018-05-05,2133887.0
2018-05-06,1997107.2
2018-05-07,2086458.1
2018-05-08,1952433.3
2018-05-09,1927035.4
2018-05-10,2047865.2
2018-05-11,2056395.2
2018-05-12,2064925.2
2018-05-13,2116456.6
2018-05-14,2167988.0
2018-05-15,1914512.5
2018-05-16,2012014.6
2018-05-17,1746248.5
2018-05-18,1984287.0
2018-05-19,1773710.2
2018-05-20,1474439.8
2018-05-21,1860992.7
2018-05-22,1908845.0
2018-05-23,1957319.2
2018-05-24,1683207.2
2018-05-25,1932590.5
2018-05-26,1496205.2
2018-05-27,1514334.0
2018-05-28,1533567.0
2018-05-29,1557001.6
2018-05-30,1603906.3
2018-05-31,1652660.0
2018-06-01,1405495.9
2018-06-02,1476431.6
2018-06-03,1469609.6
2018-06-04,1464868.4
2018-06-05,1465654.4
2018-06-06,1213972.3
2018-06-07,1401181.2
2018-06-08,1189292.0
2018-06-09,1235377.7
2018-06-10,1236119.1
2018-06-11,1237564.4
2018-06-12,1239587.5
2018-06-13,1238387.2
2018-06-14,1237896.5
2018-06-15,1216253.2
2018-06-16,1194863.0
2018-06-17,1173655.7
2018-06-18,1152625.7
2018-06-19,1131781.1
2018-06-20,1345909.8
2018-06-21,1566249.4
2018-06-22,1410418.6
2018-06-23,1255960.1
2018-06-24,1104636.0
2018-06-25,962062.0
2018-06-26,1350264.2
2018-06-27,1198196.6
2018-06-28,1053256.3
2018-06-29,1092495.6
2018-06-30,1132594.7
2018-07-01,1173594.8
2018-07-02,1215602.3
2018-07-03,1258498.8
2018-07-04,1301888.2
2018-07-05,1345427.4
2018-07-06,1286452.5
2018-07-07,1227615.4
2018-07-08,1169172.0
2018-07-09,1111468.2
2018-07-10,1054807.2
2018-07-11,1095544.7
2018-07-12,1137252.1
2018-07-13,1177668.7
2018-07-14,1218728.6
2018-07-15,1260135.0
2018-07-16,1301798.3
2018-07-17,1343633.5
2018-07-18,1233955.8
2018-07-19,1126876.4
2018-07-20,1126515.9
2018-07-21,1126502.9
2018-07-22,1126689.1
2018-07-23,1126982.2
2018-07-24,1127463.5
2018-07-25,1167424.6
2018-07-26,1208274.5
2018-07-27,1216508.6
2018-07-28,1224799.2
2018-07-29,1233144.4
2018-07-30,1241552.1
2018-07-31,1250035.1
2018-08-01,1236685.6
2018-08-02,1223356.3
2018-08-03,1210049.0
2018-08-04,1196762.5
2018-08-05,1183496.3
2018-08-06,1170249.9
2018-08-07,1157028.2
2018-08-08,1119428.8
2018-08-09,1082237.6
2018-08-10,1096834.0
2018-08-11,1111516.6
2018-08-12,1126253.2
2018-08-13,1141041.4
2018-08-14,1155885.6
2018-08-15,1205352.6
2018-08-16,1255093.4
2018-08-17,1244701.0
2018-08-18,1234356.0
2018-08-19,1224522.2
2018-08-20,1217509.0
2018-08-21,1214960.4
2018-08-22,1206639.9
2018-08-23,1209846.6
2018-08-24,1213183.8
2018-08-25,1216583.2
2018-08-26,1220235.0
2018-08-27,1224179.8
2018-08-28,1228389.1
2018-08-29,1182471.0
2018-08-30,1137805.5
2018-08-31,1135940.5
2018-09-01,1134132.0
2018-09-02,1132379.6
2018-09-03,1130646.9
2018-09-04,1128939.6
2018-09-05,1127304.9
2018-09-06,1125748.9
2018-09-07,1104670.2
2018-09-08,1083662.1
2018-09-09,1062749.2
2018-09-10,1041992.6
2018-09-11,1021484.4
2018-09-12,1087808.3
2018-09-13,1154474.6
2018-09-14,1119711.9
2018-09-15,1085088.9
2018-09-16,1050616.7
2018-09-17,1016355.5
2018-09-18,982453.1
2018-09-19,909167.1
2018-09-20,838378.8
2018-09-21,886823.9
2018-09-22,936347.7
2018-09-23,987038.8
2018-09-24,1038829.0
2018-09-25,1091276.7
2018-09-26,1188440.3
2018-09-27,1286488.1
2018-09-28,1266221.6
2018-09-29,1245959.2
2018-09-30,1225698.5
2018-10-01,1205456.9
2018-10-02,1185498.6
2018-10-03,1140974.2
2018-10-04,1096835.0
2018-10-05,1114029.8
2018-10-06,1131232.5
2018-10-07,1148443.6
2018-10-08,1165663.1
2018-10-09,1182903.8
2018-10-10,1200183.0
2018-10-11,1217500.6
2018-10-12,1171266.4
2018-10-13,1125623.2
2018-10-14,1080845.7
2018-10-15,1036700.0
2018-10-16,993145.7
2018-10-17,1091750.6
2018-10-18,1194667.0
2018-10-19,1173737.0
2018-10-20,1152839.5
2018-10-21,1131975.0
2018-10-22,1111149.4
2018-10-23,1090396.0
2018-10-24,994474.4
2018-10-25,904784.4
2018-10-26,915459.2
2018-10-27,926740.2
2018-10-28,938635.2
2018-10-29,951340.6
2018-10-30,964457.1
2018-10-31,1395496.1
2018-11-01,1403102.1
2018-11-02,1410713.9
2018-11-03,1418328.7
2018-11-04,1425947.0
2018-11-05,1433568.9
2018-11-06,1441194.6
2018-11-07,1448824.8
2018-11-08,1391578.0
2018-11-09,1351526.5
2018-11-10,1311480.3
2018-11-11,1271458.0
2018-11-12,1231602.6
2018-11-13,1192290.0
2018-11-14,1154378.4
2018-11-15,1248503.2
2018-11-16,1344387.9
2018-11-17,1440412.7
2018-11-18,1536439.5
2018-11-19,1632467.6
2018-11-20,1135597.1
2018-11-21,1454751.6
2018-11-22,1413043.5
2018-11-23,1371340.2
2018-11-24,1329669.9
2018-11-25,1288115.6
2018-11-26,1246921.7
2018-11-27,1206297.9
2018-11-28,943549.9
2018-11-29,1299285.8
2018-11-30,1284195.1
2018-12-01,1269207.4
2018-12-02,1254302.9
2018-12-03,1239481.6
2018-12-04,1451146.6
2018-12-05,1683752.8
2018-12-06,1916378.5
2018-12-07,2108644.5
2018-12-08,2187984.7
2018-12-09,2267347.4
2018-12-10,2346720.9
2018-12-11,1966668.2
2018-12-12,2110162.4
2018-12-13,2239662.9
2018-12-14,2259610.0
2018-12-15,2279557.1
2018-12-16,2299504.1
2018-12-17,2319451.2
2018-12-18,1818026.9
2018-12-19,2051554.8
2018-12-20,2141706.2
2018-12-21,2144747.6
2018-12-22,2147788.9
2018-12-23,2150830.3
2018-12-24,2153871.7
2018-12-25,2156913.1
2018-12-26,2159954.4
2018-12-27,2127075.4
2018-12-28,2094196.4
2018-12-29,2061317.4
2018-12-30,2028438.4
2018-12-31,1995559.4
2019-01-01,1962680.4
2019-01-02,1929802.6
2019-01-03,1896936.5
2019-01-04,1864251.6
2019-01-05,1832155.1
2019-01-06,2058102.7
2019-01-07,2285151.7
2019-01-08,2326728.7
2019-01-09,2365130.2
2019-01-10,2403531.8
2019-01-11,2309394.1
2019-01-12,2452964.3
2019-01-13,2596534.4
2019-01-14,2740104.6
2019-01-15,2482600.9
2019-01-16,2581602.5
2019-01-17,2535154.4
2019-01-18,2560061.9
2019-01-19,2584969.3
2019-01-20,2583766.3
2019-01-21,2582563.4
2019-01-22,2581360.4
2019-01-23,2580699.8
2019-01-24,2580039.2
2019-01-25,2676487.5
2019-01-26,2662696.9
2019-01-27,2648906.4
2019-01-28,2635115.8
2019-01-29,2755891.2
2019-01-30,2449572.0
2019-01-31,2620617.9
2019-02-01,2468518.5
2019-02-02,2532148.4
2019-02-03,2595778.2
2019-02-04,2659408.1
2019-02-05,2723038.0
2019-02-06,2786667.9
2019-02-07,2850297.8
2019-02-08,2913927.7
2019-02-09,2714807.9
2019-02-10,2714300.4
2019-02-11,2713793.0
2019-02-12,2713285.5
2019-02-13,2712778.0
2019-02-14,2707591.1
2019-02-15,2761376.7
2019-02-16,2769373.8
2019-02-17,2777370.9
2019-02-18,2785368.0
2019-02-19,2818067.4
2019-02-20,2850766.7
2019-02-21,2883466.1
2019-02-22,2916165.5
2019-02-23,2948864.9
2019-02-24,2981564.2
2019-02-25,2806429.0
2019-02-26,2922462.9
2019-02-27,2913675.4
2019-02-28,2904888.0
2019-03-01,2896100.5
2019-03-02,2887313.1
2019-03-03,2878525.6
2019-03-04,2869738.2
2019-03-05,2945768.7
2019-03-06,3021799.2
2019-03-07,3097829.7
2019-03-08,3040998.5
2019-03-09,3004986.0
2019-03-10,2968973.6
2019-03-11,2932961.1
2019-03-12,2896948.7
2019-03-13,2725192.5
2019-03-14,2736816.4
2019-03-15,2748762.7
2019-03-16,2749620.9
2019-03-17,2750708.4
2019-03-18,2751842.4
2019-03-19,2752976.7
2019-03-20,2759314.0
2019-03-21,2780922.7
2019-03-22,2727989.4
2019-03-23,2648982.5
2019-03-24,2633916.9
2019-03-25,2563240.2
2019-03-26,2607938.3
2019-03-27,2479116.7
2019-03-28,2434651.3
2019-03-29,2313295.2
2019-03-30,2443493.9
2019-03-31,2237105.3
2019-04-01,2036531.6
2019-04-02,1846403.5
2019-04-03,1772529.8
2019-04-04,1706640.1
2019-04-05,1649368.3
2019-04-06,1593529.8
2019-04-07,1539071.1
2019-04-08,1490233.3
2019-04-09,1445147.8
2019-04-10,1566673.2
2019-04-11,1715977.5
2019-04-12,1639250.1
2019-04-13,1563078.9
2019-04-14,1487220.6
2019-04-15,1412546.2
2019-04-16,1398549.1
2019-04-17,1349910.8
2019-04-18,1333407.2
2019-04-19,1319934.2
2019-04-20,1257903.7
2019-04-21,1199243.6
2019-04-22,1145489.0
2019-04-23,1135305.3
2019-04-24,1134882.1
2019-04-25,1206241.1
2019-04-26,1282857.6
2019-04-27,1215414.3
2019-04-28,1152999.9
2019-04-29,1095701.6
2019-04-30,1112678.6
2019-05-01,1006505.1
2019-05-02,1052225.9
2019-05-03,1100617.5
2019-05-04,1153885.1
2019-05-05,1212306.2
2019-05-06,1272800.5
2019-05-07,1265593.1
2019-05-08,1261760.6
2019-05-09,1260007.2
2019-05-10,1313011.6
2019-05-11,1366367.6
2019-05-12,1420098.3
2019-05-13,1474242.5
2019-05-14,1528936.6
2019-05-15,1584192.5
2019-05-16,1639770.9
2019-05-17,1648898.5
2019-05-18,1658504.6
2019-05-19,1668330.3
2019-05-20,1463296.3
2019-05-21,1513373.0
2019-05-22,1563810.5
2019-05-23,1614498.3
2019-05-24,1665431.4
2019-05-25,1692313.1
2019-05-26,1719430.1
2019-05-27,1746694.4
2019-05-28,1774072.8
2019-05-29,1690268.8
2019-05-30,1736204.9
2019-05-31,1782290.9
2019-06-01,1828554.5
2019-06-02,1875003.6
2019-06-03,1921612.7
2019-06-04,1968354.1
2019-06-05,1858997.0
2019-06-06,1944412.1
2019-06-07,2030148.1
2019-06-08,2116079.5
2019-06-09,2202048.3
2019-06-10,2288029.2
2019-06-11,2374016.5
2019-06-12,2460007.4
2019-06-13,2327511.4
2019-06-14,2195028.6
2019-06-15,2203667.0
2019-06-16,2212306.8
2019-06-17,2221015.2
2019-06-18,2229967.8
2019-06-19,2239213.6
2019-06-20,2208034.0
2019-06-21,2189231.6
2019-06-22,2170449.3
2019-06-23,2151693.7
2019-06-24,2132965.5
2019-06-25,2114271.6
2019-06-26,2057062.8
2019-06-27,2202021.7
2019-06-28,2222760.2
2019-06-29,2243528.9
2019-06-30,2264322.8
2019-07-01,2127728.3
2019-07-02,2107804.2
2019-07-03,2296871.0
2019-07-04,2264799.5
2019-07-05,2232949.9
2019-07-06,2149103.5
2019-07-07,2179655.6
2019-07-08,2210255.2
2019-07-09,2315016.8
2019-07-10,2314552.5
2019-07-11,2314088.2
2019-07-12,2313623.9
2019-07-13,2313159.6
2019-07-14,2312695.3
2019-07-15,2635415.3
2019-07-16,2674781.5
2019-07-17,2483655.1
2019-07-18,2471979.0
2019-07-19,2460302.9
2019-07-20,2707611.7
2019-07-21,2604730.8
2019-07-22,2501849.9
2019-07-23,2398968.9
2019-07-24,2786336.4
2019-07-25,2480580.0
2019-07-26,2568117.5
2019-07-27,2655655.0
2019-07-28,2743192.6
2019-07-29,2830730.1
2019-07-30,2918267.6
2019-07-31,2954920.9
2019-08-01,2822819.4
2019-08-02,2850766.3
2019-08-03,2878713.2
2019-08-04,2906660.2
2019-08-05,2934607.1
2019-08-06,2804990.7
2019-08-07,2899525.6
2019-08-08,2805157.8
2019-08-09,2782469.6
2019-08-10,2929060.2
2019-08-11,2882427.2
2019-08-12,2837111.6
2019-08-13,2701504.7
2019-08-14,2647830.5
2019-08-15,2594619.4
2019-08-16,2520048.9
2019-08-17,2445755.1
2019-08-18,2371764.1
2019-08-19,2298091.4
2019-08-20,2225071.6
2019-08-21,2419530.6
2019-08-22,2243577.7
2019-08-23,2103455.9
2019-08-24,1969915.7
2019-08-25,1868088.7
2019-08-26,1778096.4
2019-08-27,1707209.9
2019-08-28,1644913.3
2019-08-29,1860677.9
2019-08-30,1801515.5
2019-08-31,1742872.9
2019-09-01,1684739.3
2019-09-02,1627111.3
2019-09-03,1570130.6
2019-09-04,1513952.0
2019-09-05,1470824.4
2019-09-06,1427781.7
2019-09-07,1384832.7
2019-09-08,1341996.7
2019-09-09,1299313.5
2019-09-10,1258605.7
2019-09-11,1235485.0
2019-09-12,1231043.4
2019-09-13,1107117.9
2019-09-14,990207.9
2019-09-15,882199.9
2019-09-16,782732.3
2019-09-17,708194.1
2019-09-18,748471.9
2019-09-19,841124.1
2019-09-20,819156.0
2019-09-21,799005.8
2019-09-22,780365.3
2019-09-23,762754.6
2019-09-24,746004.5
2019-09-25,616756.8
2019-09-26,501387.8
2019-09-27,485647.9
2019-09-28,471194.8
2019-09-29,457869.3
2019-09-30,445923.9
2019-10-01,435708.7
2019-10-02,436366.4
2019-10-03,462187.8
2019-10-04,441207.5
2019-10-05,423639.0
2019-10-06,410689.6
2019-10-07,403145.4
2019-10-08,400897.8
2019-10-09,399341.0
2019-10-10,421489.7
2019-10-11,455628.4
2019-10-12,492991.4
2019-10-13,533125.8
2019-10-14,575036.6
2019-10-15,617882.7
2019-10-16,661193.1
2019-10-17,704821.4
2019-10-18,654857.7
2019-10-19,605304.3
2019-10-20,556456.1
2019-10-21,509096.2
2019-10-22,463691.8
2019-10-23,522807.8
2019-10-24,586746.9
2019-10-25,579289.9
2019-10-26,572364.5
2019-10-27,565789.3
2019-10-28,559614.9
2019-10-29,554009.4
2019-10-30,495711.2
2019-10-31,445832.9
2019-11-01,455465.0
2019-11-02,465762.3
2019-11-03,477105.1
2019-11-04,489821.6
2019-11-05,503890.4
2019-11-06,522469.2
2019-11-07,544569.2
2019-11-08,576192.3
2019-11-09,609688.5
2019-11-10,644269.3
2019-11-11,679540.0
2019-11-12,715285.6
2019-11-13,751595.7
2019-11-14,642722.1
2019-11-15,543365.0
2019-11-16,477001.0
2019-11-17,436501.4
2019-11-18,407731.1
2019-11-19,571221.9
2019-11-20,564733.1
2019-11-21,562056.0
2019-11-22,598715.6
2019-11-23,638321.5
2019-11-24,679846.9
2019-11-25,722697.5
2019-11-26,766479.0
2019-11-27,726507.7
2019-11-28,687109.5
2019-11-29,648372.0
2019-11-30,610502.3
2019-12-01,573538.7
2019-12-02,538155.4
2019-12-03,504707.0
2019-12-04,675744.4
2019-12-05,869723.5
2019-12-06,780919.0
2019-12-07,697203.3
2019-12-08,618990.9
2019-12-09,551685.5
2019-12-10,496727.7
2019-12-11,452831.3
2019-12-12,484927.6
2019-12-13,525008.4
2019-12-14,572858.2
2019-12-15,629449.5
2019-12-16,692531.8
2019-12-17,759575.0
2019-12-18,921585.9
2019-12-19,1088408.8
2019-12-20,1123504.5
2019-12-21,1159022.6
2019-12-22,1194970.9
2019-12-23,1231527.5
2019-12-24,1214750.7
2019-12-25,1198044.8
2019-12-26,1181449.9
2019-12-27,1165001.3
2019-12-28,1148660.1
2019-12-29,1132414.6
2019-12-30,1116255.7
2019-12-31,1100169.4
2020-01-01,1050030.0
2020-01-02,999942.1
2020-01-03,949912.7
2020-01-04,900046.8
2020-01-05,850674.9
2020-01-06,802076.2
2020-01-07,754537.4
2020-01-08,788462.0
2020-01-09,824173.1
2020-01-10,826685.6
2020-01-11,830291.1
2020-01-12,836677.5
2020-01-13,844520.7
2020-01-14,853234.3
2020-01-15,862748.9
2020-01-16,873179.1
2020-01-17,884693.5
2020-01-18,938202.6
2020-01-19,999874.1
2020-01-20,1067616.6
2020-01-21,1138651.3
2020-01-22,1212654.1
2020-01-23,1255707.4
2020-01-24,1302243.0
2020-01-25,1350380.9
2020-01-26,1398873.5
2020-01-27,1447369.2
2020-01-28,1495864.8
2020-01-29,1706752.8
2020-01-30,1647691.6
2020-01-31,1618890.3
2020-02-01,1590088.9
2020-02-02,1561287.5
2020-02-03,1532486.1
2020-02-04,1551149.6
2020-02-05,1626745.3
2020-02-06,1702341.1
2020-02-07,1679169.9
2020-02-08,1619510.1
2020-02-09,1643383.4
2020-02-10,1667256.8
2020-02-11,1691130.1
2020-02-12,1715003.4
2020-02-13,1738876.7
2020-02-14,1735031.6
2020-02-15,1759822.7
2020-02-16,1784697.0
2020-02-17,1809667.8
2020-02-18,1834725.7
2020-02-19,1859803.4
2020-02-20,1884881.2
2020-02-21,1909958.9
2020-02-22,1733211.6
2020-02-23,1556480.6
2020-02-24,1901341.2
2020-02-25,1872585.4
2020-02-26,2008030.4
2020-02-27,1912925.1
2020-02-28,1842263.4
2020-02-29,1771601.6
2020-03-01,1617349.0
2020-03-02,1358728.8
2020-03-03,1358838.2
2020-03-04,1358989.1
2020-03-05,1359177.6
2020-03-06,1723954.2
2020-03-07,1635516.4
2020-03-08,1470424.4
2020-03-09,1554051.6
2020-03-10,1463882.9
2020-03-11,1464012.4
2020-03-12,1464306.6
2020-03-13,1464733.8
2020-03-14,1507981.9
2020-03-15,1551245.9
2020-03-16,1502972.8
2020-03-17,1454739.0
2020-03-18,1993105.4
2020-03-19,1698665.3
2020-03-20,1718202.7
2020-03-21,1737743.0
2020-03-22,1757292.3
2020-03-23,1793918.6
2020-03-24,1830565.0
2020-03-25,1922087.9
2020-03-26,2013642.8
2020-03-27,2010526.3
2020-03-28,1951185.6
2020-03-29,1891863.9
2020-03-30,1832561.3
2020-03-31,1773280.1
2020-04-01,1751254.3
2020-04-02,1729339.8
2020-04-03,1882274.1
2020-04-04,2035411.7
2020-04-05,1692324.6
2020-04-06,1524727.6
2020-04-07,1741682.4
2020-04-08,2036069.1
2020-04-09,1555149.6
2020-04-10,1544831.5
2020-04-11,2020024.7
2020-04-12,1863594.4
2020-04-13,1707196.4
2020-04-14,1572202.1
2020-04-15,1889185.9
2020-04-16,1889876.2
2020-04-17,1991941.8
2020-04-18,1923766.7
2020-04-19,1855653.2
2020-04-20,1787608.1
2020-04-21,1695814.8
2020-04-22,2118566.3
2020-04-23,1618531.3
2020-04-24,2096547.2
2020-04-25,2047189.2
2020-04-26,2120599.0
2020-04-27,2194653.1
2020-04-28,2051050.7
2020-04-29,2076367.4
2020-04-30,2102168.7
2020-05-01,2012828.8
2020-05-02,2045763.0
2020-05-03,2078731.9
2020-05-04,2097791.2
2020-05-05,2181426.8
2020-05-06,1790498.5
2020-05-07,2074948.6
2020-05-08,2277754.6
2020-05-09,2060528.3
2020-05-10,1924508.1
2020-05-11,1788837.3
2020-05-12,1764094.6
2020-05-13,1880284.7
2020-05-14,1952856.1
2020-05-15,2025737.9
2020-05-16,2098684.4
2020-05-17,2172032.4
2020-05-18,2268560.9
2020-05-19,2368199.5
2020-05-20,2066097.4
2020-05-21,1781006.1
2020-05-22,2195804.4
2020-05-23,2385689.2
2020-05-24,2402279.1
2020-05-25,2419475.5
2020-05-26,2436672.5
2020-05-27,2396218.7
2020-05-28,2062860.3
2020-05-29,2460942.3
2020-05-30,2467204.1
2020-05-31,2475500.4
2020-06-01,2182405.2
2020-06-02,2293877.0
2020-06-03,1983009.3
2020-06-04,2265712.7
2020-06-05,2069864.3
2020-06-06,2076701.6
2020-06-07,2089389.1
2020-06-08,2103702.9
2020-06-09,1980276.2
2020-06-10,2038296.4
2020-06-11,2110324.7
2020-06-12,1844628.6
2020-06-13,1766913.4
2020-06-14,1667432.9
2020-06-15,1578479.5
2020-06-16,1495023.5
2020-06-17,1367070.1
2020-06-18,1252905.7
2020-06-19,1237041.7
2020-06-20,1222447.4
2020-06-21,1209450.0
2020-06-22,1198455.5
2020-06-23,1199020.9
2020-06-24,1232603.2
2020-06-25,1305454.0
2020-06-26,1322509.8
2020-06-27,1326350.1
2020-06-28,1331896.7
2020-06-29,1263895.0
2020-06-30,1421544.8
2020-07-01,1401497.8
2020-07-02,1381843.6
2020-07-03,1362679.1
2020-07-04,1344180.1
2020-07-05,1326514.0
2020-07-06,1258862.4
2020-07-07,1304873.6
2020-07-08,1358930.8
2020-07-09,1295103.4
2020-07-10,1399749.0
2020-07-11,1368019.6
2020-07-12,1337666.3
2020-07-13,1309466.7
2020-07-14,1283338.0
2020-07-15,1316347.0
2020-07-16,1353683.2
2020-07-17,1365170.3
2020-07-18,1377868.3
2020-07-19,1391403.2
2020-07-20,1406029.2
2020-07-21,1421671.0
2020-07-22,1308971.0
2020-07-23,1206213.7
2020-07-24,1218558.8
2020-07-25,1231766.1
2020-07-26,1246007.1
2020-07-27,1261170.2
2020-07-28,1277074.0
2020-07-29,1293563.1
2020-07-30,1450217.6
2020-07-31,1411321.1
2020-08-01,1372745.1
2020-08-02,1334531.7
2020-08-03,1297015.6
2020-08-04,1260027.3
2020-08-05,1304586.4
2020-08-06,1351368.1
2020-08-07,1348697.7
2020-08-08,1346199.5
2020-08-09,1343870.0
2020-08-10,1341908.8
2020-08-11,1340282.9
2020-08-12,1391131.4
2020-08-13,1444026.9
2020-08-14,1421621.9
2020-08-15,1399323.6
2020-08-16,1377258.1
2020-08-17,1355561.7
2020-08-18,1334445.2
2020-08-19,1347163.1
2020-08-20,1360790.8
2020-08-21,1366313.9
2020-08-22,1372027.4
2020-08-23,1377875.3
2020-08-24,1383839.7
2020-08-25,1389934.7
2020-08-26,1396176.5
2020-08-27,1402611.3
2020-08-28,1409309.1
2020-08-29,1433480.8
2020-08-30,1458415.1
2020-08-31,1483803.8
2020-09-01,1509405.3
2020-09-02,1483026.5
2020-09-03,1457035.4
2020-09-04,1446660.5
2020-09-05,1436342.9
2020-09-06,1426084.7
2020-09-07,1415883.8
2020-09-08,1405742.0
2020-09-09,1410879.9
2020-09-10,1416224.7
2020-09-11,1437379.6
2020-09-12,1458820.2
2020-09-13,1480487.0
2020-09-14,1502277.8
2020-09-15,1524166.3
2020-09-16,1546161.7
2020-09-17,1539737.1
2020-09-18,1533401.2
2020-09-19,1527168.7
2020-09-20,1521068.1
2020-09-21,1515153.4
2020-09-22,1509671.4
2020-09-23,1525233.4
2020-09-24,1541224.3
2020-09-25,1557611.8
2020-09-26,1574301.2
2020-09-27,1591185.0
2020-09-28,1608204.3
2020-09-29,1625290.1
2020-09-30,1642402.7
2020-10-01,1659535.7
2020-10-02,1671498.9
2020-10-03,1683477.5
2020-10-04,1695468.3
2020-10-05,1707474.2
2020-10-06,1719500.9
2020-10-07,1702984.3
2020-10-08,1686495.1
2020-10-09,1682697.6
2020-10-10,1678906.3
2020-10-11,1675122.0
2020-10-12,1671345.3
2020-10-13,1667578.7
2020-10-14,1663822.2
2020-10-15,1658963.8
2020-10-16,1668121.8
2020-10-17,1677290.2
2020-10-18,1686468.1
2020-10-19,1695656.3
2020-10-20,1704855.6
2020-10-21,1741746.1
2020-10-22,1778648.9
2020-10-23,1766523.8
2020-10-24,1754413.6
2020-10-25,1742321.6
2020-10-26,1730258.7
2020-10-27,1718230.8
2020-10-28,1706233.6
2020-10-29,1694262.0
2020-10-30,1682310.5
2020-10-31,1681842.9
2020-11-01,1681449.2
2020-11-02,1681106.7
2020-11-03,1680800.9
2020-11-04,1665861.3
2020-11-05,1650923.3
2020-11-06,1631702.9
2020-11-07,1612483.9
2020-11-08,1593267.3
2020-11-09,1574052.0
2020-11-10,1554849.2
2020-11-11,1577665.8
2020-11-12,1600495.9
2020-11-13,1650389.2
2020-11-14,1700288.7
2020-11-15,1750193.7
2020-11-16,1800102.5
2020-11-17,1850013.6
2020-11-18,1769918.2
2020-11-19,1689824.4
2020-11-20,1710999.9
2020-11-21,1732177.4
2020-11-22,1753356.0
2020-11-23,1774537.8
2020-11-24,1795723.1
2020-11-25,1588607.3
2020-11-26,1585428.1
2020-11-27,1582909.3
2020-11-28,1580541.1
2020-11-29,1578197.1
2020-11-30,1575871.5
2020-12-01,1573559.0
2020-12-02,1657188.0
2020-12-03,1740976.2
2020-12-04,1727849.3
2020-12-05,1714722.4
2020-12-06,1701595.7
2020-12-07,1688469.2
2020-12-08,1675342.7
2020-12-09,1684422.0
2020-12-10,1693501.5
2020-12-11,1666645.0
2020-12-12,1639788.7
2020-12-13,1612932.5
2020-12-14,1586076.5
2020-12-15,1559220.5
2020-12-16,1646149.2
2020-12-17,1733078.0
2020-12-18,1746143.9
2020-12-19,1759210.0
2020-12-20,1772276.2
2020-12-21,1786275.6
2020-12-22,1807928.2
2020-12-23,1745197.4
2020-12-24,1682637.0
2020-12-25,1620254.8
2020-12-26,1558596.4
2020-12-27,1503259.0
2020-12-28,1459322.4
2020-12-29,1433338.0
2020-12-30,1563080.5
2020-12-31,1481536.4
2021-01-01,1400480.2
2021-01-02,1322450.3
2021-01-03,1270199.1
2021-01-04,1247809.9
2021-01-05,1236167.0
2021-01-06,1152872.2
2021-01-07,1069914.1
2021-01-08,987412.3
2021-01-09,905979.5
2021-01-10,828802.4
2021-01-11,773925.3
2021-01-12,737806.7
2021-01-13,676831.3
2021-01-14,636127.6
2021-01-15,611263.4
2021-01-16,588835.2
2021-01-17,569292.2
2021-01-18,554049.8
2021-01-19,545237.0
2021-01-20,546469.8
2021-01-21,324941.9
2021-01-22,288843.6
2021-01-23,254030.2
2021-01-24,221689.9
2021-01-25,193420.9
2021-01-26,168983.2
2021-01-27,148826.8
2021-01-28,133916.7
2021-01-29,114363.2
2021-01-30,98061.5
2021-01-31,84486.8
2021-02-01,73287.1
2021-02-02,64718.8
2021-02-03,57362.8
2021-02-04,56269.2
2021-02-05,51041.4
2021-02-06,46514.1
2021-02-07,42696.7
2021-02-08,39684.7
2021-02-09,37643.1
2021-02-10,36763.7
2021-02-11,36934.0
2021-02-12,35777.5
2021-02-13,36014.8
2021-02-14,37367.7
2021-02-15,39585.3
2021-02-16,42508.9
2021-02-17,45993.4
2021-02-18,64342.1
2021-02-19,90690.7
2021-02-20,72797.8
2021-02-21,56476.3
2021-02-22,42223.8
2021-02-23,32121.3
2021-02-24,55813.7
2021-02-25,99339.7
2021-02-26,36667.6
2021-02-27,14256.6
2021-02-28,10288.3
2021-03-01,10126.7
2021-03-02,10953.1
2021-03-03,38703.0
2021-03-04,320645.3
2021-03-05,268024.7
2021-03-06,220204.8
2021-03-07,179795.7
2021-03-08,146959.0
2021-03-09,119392.7
2021-03-10,135708.2
2021-03-11,159079.5
2021-03-12,135172.4
2021-03-13,113634.0
2021-03-14,94560.5
2021-03-15,77471.1
2021-03-16,62860.8
2021-03-17,96302.4
2021-03-18,140790.0
2021-03-19,146811.4
2021-03-20,155326.8
2021-03-21,166240.2
2021-03-22,179023.2
2021-03-23,193978.0
2021-03-24,208177.1
2021-03-25,238367.7
2021-03-26,245390.0
2021-03-27,255702.9
2021-03-28,268111.5
2021-03-29,281846.9
2021-03-30,296644.4
2021-03-31,237398.2
2021-04-01,225613.8
2021-04-02,210638.8
2021-04-03,202688.6
2021-04-04,200004.8
2021-04-05,201722.8
2021-04-06,208641.4
2021-04-07,188445.4
2021-04-08,228544.7
2021-04-09,241519.9
2021-04-10,259589.7
2021-04-11,282537.6
2021-04-12,310769.8
2021-04-13,344828.3
2021-04-14,189865.2
2021-04-15,397221.3
2021-04-16,435851.9
2021-04-17,476691.0
2021-04-18,519227.1
2021-04-19,564150.0
2021-04-20,157538.5
2021-04-21,201746.7
2021-04-22,292029.2
2021-04-23,334424.4
2021-04-24,405747.0
2021-04-25,490000.6
2021-04-26,581889.2
2021-04-27,681092.1
2021-04-28,326712.6
2021-04-29,1258944.1
2021-04-30,1058465.6
2021-05-01,863821.7
2021-05-02,685912.4
2021-05-03,560925.9
2021-05-04,483304.2
2021-05-05,416517.2
2021-05-06,501799.9
2021-05-07,523557.6
2021-05-08,565687.5
2021-05-09,640466.3
2021-05-10,745578.8
2021-05-11,866495.0
2021-05-12,848948.0
2021-05-13,837638.7
2021-05-14,862791.0
2021-05-15,897418.7
2021-05-16,935353.7
2021-05-17,975554.5
2021-05-18,903668.7
2021-05-19,644644.7
2021-05-20,428869.8
2021-05-21,419043.7
2021-05-22,415697.9
2021-05-23,418057.8
2021-05-24,425272.0
2021-05-25,693685.6
2021-05-26,942739.8
2021-05-27,489431.8
2021-05-28,555490.6
2021-05-29,625671.2
2021-05-30,697871.3
2021-05-31,770737.9
2021-06-01,843948.3
2021-06-02,666200.0
2021-06-03,499990.1
2021-06-04,477202.4
2021-06-05,455934.6
2021-06-06,436562.5
2021-06-07,419308.7
2021-06-08,383279.4
2021-06-09,364821.0
2021-06-10,569816.0
2021-06-11,571210.9
2021-06-12,584534.0
2021-06-13,609093.9
2021-06-14,640100.2
2021-06-15,616497.4
2021-06-16,607977.9
2021-06-17,587021.1
2021-06-18,566926.7
2021-06-19,547689.2
2021-06-20,529504.0
2021-06-21,512436.1
2021-06-22,496526.7
2021-06-23,481921.5
2021-06-24,507798.7
2021-06-25,535036.2
2021-06-26,563308.4
2021-06-27,592146.5
2021-06-28,621523.8
2021-06-29,637394.7
2021-06-30,658065.6
2021-07-01,373943.4
2021-07-02,374750.6
2021-07-03,379976.6
2021-07-04,393395.6
2021-07-05,420513.8
2021-07-06,463708.3
2021-07-07,357480.8
2021-07-08,299028.7
2021-07-09,317704.4
2021-07-10,344469.9
2021-07-11,383308.5
2021-07-12,432930.9
2021-07-13,487593.5
2021-07-14,511529.7
2021-07-15,538163.4
2021-07-16,514366.8
2021-07-17,491613.9
2021-07-18,470192.0
2021-07-19,450581.5
2021-07-20,433001.9
2021-07-21,445728.8
2021-07-22,471814.6
2021-07-23,505354.8
2021-07-24,544679.6
2021-07-25,588507.5
2021-07-26,634045.4
2021-07-27,680180.5
2021-07-28,447261.2
2021-07-29,272021.9
2021-07-30,319661.6
2021-07-31,378596.8
2021-08-01,446549.0
2021-08-02,521048.2
2021-08-03,598931.6
2021-08-04,486447.8
2021-08-05,404535.8
2021-08-06,347140.3
2021-08-07,297461.8
2021-08-08,253603.4
2021-08-09,215602.5
2021-08-10,183213.2
2021-08-11,195141.7
2021-08-12,211238.6
2021-08-13,208182.8
2021-08-14,205533.6
2021-08-15,203374.3
2021-08-16,201722.5
2021-08-17,200576.2
2021-08-18,215945.9
2021-08-19,243251.3
2021-08-20,225132.0
2021-08-21,209413.0
2021-08-22,196033.0
2021-08-23,184943.8
2021-08-24,175345.9
2021-08-25,153559.4
2021-08-26,137404.5
2021-08-27,144649.5
2021-08-28,152698.8
2021-08-29,161675.3
2021-08-30,172010.8
2021-08-31,184299.8
2021-09-01,192445.8
2021-09-02,202772.7
2021-09-03,214878.4
2021-09-04,229401.4
2021-09-05,213647.9
2021-09-06,200434.0
2021-09-07,189416.1
2021-09-08,180166.9
2021-09-09,456061.2
2021-09-10,430517.1
2021-09-11,406250.6
2021-09-12,384245.1
2021-09-13,365975.2
2021-09-14,351586.8
2021-09-15,351758.0
2021-09-16,376081.9
2021-09-17,360460.4
2021-09-18,347539.6
2021-09-19,337559.4
2021-09-20,330124.6
2021-09-21,325249.7
2021-09-22,375340.1
2021-09-23,450653.7
2021-09-24,454663.0
2021-09-25,459863.5
2021-09-26,466158.1
2021-09-27,473233.1
2021-09-28,480830.2
2021-09-29,488852.3
2021-09-30,269907.1
2021-10-01,291505.4
2021-10-02,317499.4
2021-10-03,348810.9
2021-10-04,384307.2
2021-10-05,421853.9
2021-10-06,488914.1
2021-10-07,567779.2
2021-10-08,548780.0
2021-10-09,530138.2
2021-10-10,511857.5
2021-10-11,494052.8
2021-10-12,476971.8
2021-10-13,460793.6
2021-10-14,310755.5
2021-10-15,342100.5
2021-10-16,377831.7
2021-10-17,418908.6
2021-10-18,464011.6
2021-10-19,511892.5
2021-10-20,482795.6
2021-10-21,463500.8
2021-10-22,486905.7
2021-10-23,512578.4
2021-10-24,539900.5
2021-10-25,568452.7
2021-10-26,598014.1
2021-10-27,566669.6
2021-10-28,537568.1
2021-10-29,516107.2
2021-10-30,495220.5
2021-10-31,475043.0
2021-11-01,455641.3
2021-11-02,437162.8
2021-11-03,531159.4
2021-11-04,633579.0
2021-11-05,622537.9
2021-11-06,612162.9
2021-11-07,602276.9
2021-11-08,592764.6
2021-11-09,583581.4
2021-11-10,603606.6
2021-11-11,623960.8
2021-11-12,644711.7
2021-11-13,665862.8
2021-11-14,687184.8
2021-11-15,708573.1
2021-11-16,730008.5
2021-11-17,698857.7
2021-11-18,667790.0
2021-11-19,636866.7
2021-11-20,606296.2
2021-11-21,576199.6
2021-11-22,546680.4
2021-11-23,517750.9
2021-11-24,548209.7
2021-11-25,561276.0
2021-11-26,574711.7
2021-11-27,588455.3
2021-11-28,602512.4
2021-11-29,616837.7
2021-11-30,631400.8
2021-12-01,481932.3
2021-12-02,351754.8
2021-12-03,388509.4
2021-12-04,428418.7
2021-12-05,471905.2
2021-12-06,518448.1
2021-12-07,566942.1
2021-12-08,626157.4
2021-12-09,686870.0
2021-12-10,645595.1
2021-12-11,605284.4
2021-12-12,566046.2
2021-12-13,528278.2
2021-12-14,492685.1
2021-12-15,495022.8
2021-12-16,497608.7
2021-12-17,500454.3
2021-12-18,503505.3
2021-12-19,506739.1
2021-12-20,510180.2
2021-12-21,513819.7
2021-12-22,493604.7
2021-12-23,493677.3
2021-12-24,494129.9
2021-12-25,494881.0
2021-12-26,496016.4
2021-12-27,497563.4
2021-12-28,499485.7
2021-12-29,614186.9
2021-12-30,606026.4
2021-12-31,597933.6
2022-01-01,589910.3
2022-01-02,581959.2
2022-01-03,574079.8
2022-01-04,566276.1
2022-01-05,568088.2
2022-01-06,569940.6
2022-01-07,571833.9
2022-01-08,573772.9
2022-01-09,575757.5
2022-01-10,577779.8
2022-01-11,579847.9
2022-01-12,593292.1
2022-01-13,612098.0
2022-01-14,673547.3
2022-01-15,737400.8
2022-01-16,802346.4
2022-01-17,867840.6
2022-01-18,933484.3
2022-01-19,999164.7
2022-01-20,966724.4
2022-01-21,934352.7
2022-01-22,902120.2
2022-01-23,870092.8
2022-01-24,838365.5
2022-01-25,806839.9
2022-01-26,795446.9
2022-01-27,786019.4
2022-01-28,497253.8
2022-01-29,554636.2
2022-01-30,621746.1
2022-01-31,696365.1
2022-02-01,694467.7
2022-02-02,677802.7
2022-02-03,661913.7
2022-02-04,647522.5
2022-02-05,635071.2
2022-02-06,624343.9
2022-02-07,614993.9
2022-02-08,513249.3
2022-02-09,477807.3
2022-02-10,448754.4
2022-02-11,468798.0
2022-02-12,490110.3
2022-02-13,512604.1
2022-02-14,536219.0
2022-02-15,560794.5
2022-02-16,525381.1
2022-02-17,493456.1
2022-02-18,476834.4
2022-02-19,460889.0
2022-02-20,445782.5
2022-02-21,431827.3
2022-02-22,419149.1
2022-02-23,407599.2
2022-02-24,397011.9
2022-02-25,415146.8
2022-02-26,435394.5
2022-02-27,458330.4
2022-02-28,483718.4
2022-03-01,511038.6
2022-03-02,451297.3
2022-03-03,480117.7
2022-03-04,511384.3
2022-03-05,544930.0
2022-03-06,580984.7
2022-03-07,619519.6
2022-03-08,660363.3
2022-03-09,702863.2
2022-03-10,629892.3
2022-03-11,595561.0
2022-03-12,564179.4
2022-03-13,536127.5
2022-03-14,511738.5
2022-03-15,490643.1
2022-03-16,561515.4
2022-03-17,830670.3
2022-03-18,814790.4
2022-03-19,800414.1
2022-03-20,787641.7
2022-03-21,776415.2
2022-03-22,766701.8
2022-03-23,995987.3
2022-03-24,534796.8
2022-03-25,598260.2
2022-03-26,672685.1
2022-03-27,762482.6
2022-03-28,869178.0
2022-03-29,993332.6
2022-03-30,654396.4
2022-03-31,1242332.4
2022-04-01,1175630.2
2022-04-02,1110328.8
2022-04-03,1046931.8
2022-04-04,985899.9
2022-04-05,927480.6
2022-04-06,989888.0
2022-04-07,1065943.2
2022-04-08,987896.6
2022-04-09,1113382.5
2022-04-10,1247425.8
2022-04-11,1388196.8
2022-04-12,1531652.0
2022-04-13,1224028.7
2022-04-14,1115973.5
2022-04-15,1020842.9
2022-04-16,1051921.5
2022-04-17,1083366.3
2022-04-18,1115196.0
2022-04-19,1147428.3
2022-04-20,1180011.6
2022-04-21,1212890.9
2022-04-22,1246066.0
2022-04-23,1279535.2
2022-04-24,1313198.2
2022-04-25,1347010.4
2022-04-26,1312651.5
2022-04-27,1253154.5
2022-04-28,1207234.0
2022-04-29,843657.1
2022-04-30,930323.9
2022-05-01,1023052.9
2022-05-02,1119852.0
2022-05-03,1221199.0
2022-05-04,926302.8
2022-05-05,926985.4
2022-05-06,917496.2
2022-05-07,916148.3
2022-05-08,915640.4
2022-05-09,916824.3
2022-05-10,919577.1
2022-05-11,837690.8
2022-05-12,1011405.2
2022-05-13,674327.0
2022-05-14,431531.3
2022-05-15,287768.5
2022-05-16,196419.0
2022-05-17,407942.5
2022-05-18,912297.4
2022-05-19,983029.5
2022-05-20,956746.6
2022-05-21,932241.7
2022-05-22,909700.9
2022-05-23,888965.8
2022-05-24,870655.9
2022-05-25,841704.2
2022-05-26,822354.8
2022-05-27,826266.9
2022-05-28,770290.8
2022-05-29,715703.5
2022-05-30,663273.7
2022-05-31,614002.2
2022-06-01,568374.4
2022-06-02,601899.8
2022-06-03,637985.9
2022-06-04,676027.3
2022-06-05,715532.1
2022-06-06,756048.5
2022-06-07,495074.5
2022-06-08,520801.1
2022-06-09,556973.7
2022-06-10,572711.4
2022-06-11,589101.7
2022-06-12,606061.1
2022-06-13,623588.0
2022-06-14,641770.8
2022-06-15,660746.9
2022-06-16,680525.6
2022-06-17,665458.7
2022-06-18,651544.4
2022-06-19,638708.0
2022-06-20,627232.3
2022-06-21,617368.7
2022-06-22,608933.2
2022-06-23,603912.9
2022-06-24,599968.4
2022-06-25,597396.9
2022-06-26,596549.2
2022-06-27,597470.5
2022-06-28,599949.4
2022-06-29,589712.8
2022-06-30,587708.0
2022-07-01,639523.2
2022-07-02,695798.3
2022-07-03,755412.9
2022-07-04,818212.6
2022-07-05,883041.5
2022-07-06,838568.0
2022-07-07,794679.4
2022-07-08,751424.3
2022-07-09,709141.9
2022-07-10,668098.2
2022-07-11,628484.7
2022-07-12,590628.5
2022-07-13,554542.7
2022-07-14,521578.9
2022-07-15,553857.5
2022-07-16,588968.2
2022-07-17,626751.9
2022-07-18,666712.5
2022-07-19,708361.2
2022-07-20,798664.8
2022-07-21,896052.7
2022-07-22,875043.2
2022-07-23,854608.4
2022-07-24,834666.2
2022-07-25,815281.4
2022-07-26,796721.2
2022-07-27,858934.0
2022-07-28,923809.3
2022-07-29,880215.9
2022-07-30,837354.4
2022-07-31,795398.1
2022-08-01,754333.2
2022-08-02,714793.5
2022-08-03,721377.7
2022-08-04,732781.3
2022-08-05,746532.1
2022-08-06,761989.4
2022-08-07,778497.5
2022-08-08,795659.8
2022-08-09,813443.2
2022-08-10,655828.0
2022-08-11,519073.8
2022-08-12,562872.5
2022-08-13,610323.6
2022-08-14,660746.2
2022-08-15,714136.2
2022-08-16,770454.5
2022-08-17,801924.7
2022-08-18,835309.8
2022-08-19,795671.7
2022-08-20,757074.1
2022-08-21,719679.9
2022-08-22,683978.6
2022-08-23,649976.3
2022-08-24,614884.4
2022-08-25,583401.6
2022-08-26,636511.3
2022-08-27,694017.7
2022-08-28,755742.4
2022-08-29,820472.0
2022-08-30,887197.2
2022-08-31,802985.0
2022-09-01,725574.6
2022-09-02,729512.6
2022-09-03,734163.5
2022-09-04,739260.5
2022-09-05,744797.0
2022-09-06,750789.3
2022-09-07,697424.2
2022-09-08,652214.4
2022-09-09,688570.6
2022-09-10,727657.1
2022-09-11,768891.2
2022-09-12,811676.8
2022-09-13,855757.7
2022-09-14,814545.4
2022-09-15,776805.1
2022-09-16,744822.8
2022-09-17,713590.4
2022-09-18,683197.2
2022-09-19,653730.8
2022-09-20,625287.0
2022-09-21,597931.1
2022-09-22,597854.2
2022-09-23,619302.6
2022-09-24,642554.1
2022-09-25,667905.7
2022-09-26,694915.0
2022-09-27,723371.8
2022-09-28,747165.8
2022-09-29,784651.5
2022-09-30,763768.4
2022-10-01,743700.8
2022-10-02,725604.2
2022-10-03,712863.1
2022-10-04,711008.7
2022-10-05,681204.6
2022-10-06,652959.5
2022-10-07,627031.6
2022-10-08,604227.0
2022-10-09,584786.9
2022-10-10,568563.9
2022-10-11,556190.1
2022-10-12,548913.2
2022-10-13,637682.0
2022-10-14,615801.6
2022-10-15,594385.4
2022-10-16,573408.0
2022-10-17,553086.1
2022-10-18,536165.1
2022-10-19,495605.5
2022-10-20,461115.7
2022-10-21,476965.6
2022-10-22,493779.3
2022-10-23,511405.8
2022-10-24,529895.1
2022-10-25,549679.9
2022-10-26,518645.2
2022-10-27,491703.4
2022-10-28,495799.8
2022-10-29,500218.1
2022-10-30,505004.2
2022-10-31,510163.1
2022-11-01,515682.9
2022-11-02,396322.6
2022-11-03,305232.8
2022-11-04,299995.7
2022-11-05,295409.7
2022-11-06,291637.5
2022-11-07,289051.6
2022-11-08,288103.5
2022-11-09,314299.2
2022-11-10,342809.2
2022-11-11,373314.4
2022-11-12,405653.6
2022-11-13,439923.9
2022-11-14,476551.4
2022-11-15,515780.5
2022-11-16,528826.5
2022-11-17,546806.6
2022-11-18,545842.6
2022-11-19,545150.1
2022-11-20,544702.6
2022-11-21,544545.8
2022-11-22,544693.0
2022-11-23,494772.0
2022-11-24,449069.2
2022-11-25,407943.7
2022-11-26,370899.1
2022-11-27,337484.7
2022-11-28,307627.2
2022-11-29,281169.1
2022-11-30,370861.9
2022-12-01,497543.5
2022-12-02,444111.7
2022-12-03,397560.5
2022-12-04,355450.5
2022-12-05,317901.7
2022-12-06,285034.7
2022-12-07,350297.8
2022-12-08,431578.6
2022-12-09,436595.4
2022-12-10,442436.9
2022-12-11,449047.6
2022-12-12,456629.3
2022-12-13,465499.6
2022-12-14,339064.1
2022-12-15,252131.1
2022-12-16,291852.9
2022-12-17,341196.4
2022-12-18,401244.4
2022-12-19,470345.6
2022-12-20,548253.4
2022-12-21,538354.4
2022-12-22,528753.8
2022-12-23,519440.1
2022-12-24,510402.3
2022-12-25,501657.8
2022-12-26,493241.8
2022-12-27,485182.7
2022-12-28,477430.1
2022-12-29,478649.6
2022-12-30,480008.3
2022-12-31,481551.4
2023-01-01,483282.3
2023-01-02,485179.2
2023-01-03,487257.2
2023-01-04,489573.4
2023-01-05,492146.6
2023-01-06,474276.2
2023-01-07,457388.8
2023-01-08,441433.9
2023-01-09,426519.9
2023-01-10,412637.6
2023-01-11,349191.9
2023-01-12,296658.1
2023-01-13,333741.9
2023-01-14,375172.2
2023-01-15,421349.3
2023-01-16,472382.5
2023-01-17,527826.0
2023-01-18,587452.3
2023-01-19,652359.7
2023-01-20,582555.6
2023-01-21,521038.7
2023-01-22,465370.5
2023-01-23,415063.9
2023-01-24,369745.7
2023-01-25,444393.2
2023-01-26,540317.1
2023-01-27,498186.7
2023-01-28,458396.7
2023-01-29,420670.7
2023-01-30,384877.9
2023-01-31,351144.6
2023-02-01,319781.9
2023-02-02,290862.7
2023-02-03,264376.2
2023-02-04,240403.9
2023-02-05,219134.3
2023-02-06,200488.0
2023-02-07,184773.7
2023-02-08,190346.0
2023-02-09,196716.8
2023-02-10,203837.0
2023-02-11,211731.2
2023-02-12,220424.1
2023-02-13,230142.6
2023-02-14,240900.3
2023-02-15,261074.4
2023-02-16,283474.0
2023-02-17,307975.3
2023-02-18,334601.4
2023-02-19,363074.2
2023-02-20,393236.7
2023-02-21,425156.8
2023-02-22,459265.8
2023-02-23,445096.9
2023-02-24,431447.5
2023-02-25,418430.4
2023-02-26,406157.1
2023-02-27,394571.4
2023-02-28,383614.0
2023-03-01,373254.5
2023-03-02,386033.2
2023-03-03,399317.4
2023-03-04,413142.4
2023-03-05,427584.1
2023-03-06,442645.5
2023-03-07,458337.6
2023-03-08,474711.0
2023-03-09,491808.1
2023-03-10,509689.9
2023-03-11,528340.6
2023-03-12,547721.3
2023-03-13,567703.6
2023-03-14,588181.8
2023-03-15,559491.9
2023-03-16,532505.9
2023-03-17,507181.3
2023-03-18,483432.9
2023-03-19,461751.5
2023-03-20,442099.8
2023-03-21,424269.1
2023-03-22,414994.2
2023-03-23,419209.0
2023-03-24,456759.5
2023-03-25,500056.3
2023-03-26,548722.4
2023-03-27,602189.6
2023-03-28,659228.8
2023-03-29,718759.3
2023-03-30,659494.7
2023-03-31,603791.6
2023-04-01,551953.6
2023-04-02,504367.8
2023-04-03,460891.2
2023-04-04,421269.1
2023-04-05,470668.6
2023-04-06,535880.3
2023-04-07,561161.7
2023-04-08,592576.0
2023-04-09,628120.8
2023-04-10,666022.4
2023-04-11,705522.5
2023-04-12,746321.1
2023-04-13,788094.5
2023-04-14,777523.1
2023-04-15,768184.6
2023-04-16,760519.8
2023-04-17,755693.7
2023-04-18,756666.2
2023-04-19,724099.2
2023-04-20,888687.4
2023-04-21,889287.7
2023-04-22,892727.8
2023-04-23,900527.4
2023-04-24,913106.9
2023-04-25,929473.0
2023-04-26,903815.2
2023-04-27,878672.7
2023-04-28,853989.7
2023-04-29,829778.6
2023-04-30,806116.4
2023-05-01,782961.3
2023-05-02,760284.8
2023-05-03,785872.2
2023-05-04,830393.1
2023-05-05,826347.2
2023-05-06,824156.3
2023-05-07,824138.8
2023-05-08,826808.8
2023-05-09,833040.7
2023-05-10,869082.5
2023-05-11,916735.3
2023-05-12,879429.1
2023-05-13,843748.8
2023-05-14,809487.1
2023-05-15,776655.2
2023-05-16,745147.4
2023-05-17,600753.3
2023-05-18,608995.3
2023-05-19,622532.8
2023-05-20,641191.0
2023-05-21,663576.9
2023-05-22,688884.2
2023-05-23,717046.2
2023-05-24,648037.4
2023-05-25,601712.3
2023-05-26,599654.6
2023-05-27,598066.5
2023-05-28,596876.4
2023-05-29,596102.2
2023-05-30,595710.3
2023-05-31,595648.7
2023-06-01,595862.4
2023-06-02,618840.9
2023-06-03,643549.4
2023-06-04,669578.1
2023-06-05,697238.8
2023-06-06,726304.0
2023-06-07,750636.7
2023-06-08,790888.9
2023-06-09,763199.7
2023-06-10,739805.6
2023-06-11,719428.2
2023-06-12,701550.5
2023-06-13,685875.7
2023-06-14,643436.7
2023-06-15,625409.4
2023-06-16,625400.4
2023-06-17,626863.4
2023-06-18,629687.6
2023-06-19,633585.6
2023-06-20,638448.6
2023-06-21,644126.7
2023-06-22,543357.3
2023-06-23,565561.7
2023-06-24,594148.5
2023-06-25,627829.9
2023-06-26,666210.4
2023-06-27,709250.3
2023-06-28,662331.3
2023-06-29,633780.4
2023-06-30,621140.1
2023-07-01,612417.3
2023-07-02,608709.5
2023-07-03,611839.7
2023-07-04,631073.0
2023-07-05,663446.7
2023-07-06,674069.6
2023-07-07,690508.8
2023-07-08,712472.1
2023-07-09,739082.1
2023-07-10,771129.7
2023-07-11,787426.8
2023-07-12,810551.5
2023-07-13,839239.6
2023-07-14,798348.2
2023-07-15,759715.1
2023-07-16,724311.9
2023-07-17,694349.4
2023-07-18,701351.8
2023-07-19,715531.2
2023-07-20,624329.5
2023-07-21,635249.3
2023-07-22,648301.4
2023-07-23,663448.5
2023-07-24,680459.0
2023-07-25,698903.8
2023-07-26,669966.7
2023-07-27,649179.1
2023-07-28,671118.4
2023-07-29,697508.7
2023-07-30,729117.2
2023-07-31,765392.5
2023-08-01,805190.3
2023-08-02,856475.4
2023-08-03,924270.6
2023-08-04,909950.3
2023-08-05,896760.8
2023-08-06,885072.7
2023-08-07,874787.0
2023-08-08,865492.8
2023-08-09,754728.6
2023-08-10,659481.3
2023-08-11,653760.6
2023-08-12,649266.5
2023-08-13,646008.5
2023-08-14,643973.8
2023-08-15,642886.0
2023-08-16,773134.3
2023-08-17,928011.1
2023-08-18,878061.0
2023-08-19,829964.0
2023-08-20,784419.2
2023-08-21,742132.2
2023-08-22,702468.6
2023-08-23,664901.2
2023-08-24,872569.0
2023-08-25,866740.3
2023-08-26,861253.7
2023-08-27,856197.0
2023-08-28,851498.7
2023-08-29,847030.0
2023-08-30,869313.8
2023-08-31,894839.1
2023-09-01,899308.7
2023-09-02,904274.8
2023-09-03,909713.7
2023-09-04,915689.4
2023-09-05,922017.1
2023-09-06,809745.3
2023-09-07,709019.7
2023-09-08,697070.5
2023-09-09,686131.0
2023-09-10,676200.5
2023-09-11,667242.2
2023-09-12,659227.3
2023-09-13,668531.4
2023-09-14,678124.8
2023-09-15,687992.9
2023-09-16,698133.6
2023-09-17,708542.8
2023-09-18,719246.6
2023-09-19,730349.1
2023-09-20,742892.7
2023-09-21,759663.7
2023-09-22,758786.3
2023-09-23,758211.8
2023-09-24,757964.1
2023-09-25,758163.9
2023-09-26,758785.7
2023-09-27,660906.3
2023-09-28,577937.9
2023-09-29,607473.1
2023-09-30,638495.7
2023-10-01,671051.7
2023-10-02,705303.3
2023-10-03,741649.6
2023-10-04,751732.5
2023-10-05,767792.6
2023-10-06,760936.1
2023-10-07,754886.4
2023-10-08,750006.2
2023-10-09,746354.0
2023-10-10,743512.7
2023-10-11,741315.5
2023-10-12,728174.5
2023-10-13,717371.5
2023-10-14,711037.0
2023-10-15,710986.5
2023-10-16,717339.8
2023-10-17,727336.2
2023-10-18,795003.2
2023-10-19,870884.9
2023-10-20,824202.5
2023-10-21,782544.7
2023-10-22,751454.7
2023-10-23,734230.3
2023-10-24,724593.1
2023-10-25,531517.7
2023-10-26,400100.0
2023-10-27,446316.7
2023-10-28,501271.8
2023-10-29,567045.3
2023-10-30,645675.0
2023-10-31,731538.9
2023-11-01,616826.4
2023-11-02,513277.7
2023-11-03,531742.5
2023-11-04,551507.3
2023-11-05,572691.8
2023-11-06,595008.1
2023-11-07,618188.4
2023-11-08,614315.2
2023-11-09,610888.4
2023-11-10,607972.6
2023-11-11,605472.8
2023-11-12,603276.3
2023-11-13,601348.1
2023-11-14,599687.4
2023-11-15,571832.3
2023-11-16,548272.2
2023-11-17,558212.9
2023-11-18,568899.1
2023-11-19,580217.2
2023-11-20,592019.0
2023-11-21,604268.7
2023-11-22,632154.5
2023-11-23,660700.2
2023-11-24,689894.4
2023-11-25,719701.6
2023-11-26,750328.9
2023-11-27,782576.2
2023-11-28,817368.2
2023-11-29,818295.6
2023-11-30,821848.4
2023-12-01,797588.0
2023-12-02,775981.5
2023-12-03,755717.2
2023-12-04,736155.1
2023-12-05,717029.2
2023-12-06,647597.0
2023-12-07,587764.7
2023-12-08,592407.2
2023-12-09,600754.1
2023-12-10,613847.4
2023-12-11,631880.4
2023-12-12,655622.4
2023-12-13,585700.7
2023-12-14,547723.8
2023-12-15,508085.2
2023-12-16,470325.8
2023-12-17,438778.4
2023-12-18,418272.9
2023-12-19,409551.4
2023-12-20,435743.3
2023-12-21,470751.7
2023-12-22,446954.7
2023-12-23,424467.6
2023-12-24,404342.8
2023-12-25,389453.5
2023-12-26,380789.9
2023-12-27,378344.0
2023-12-28,369438.6
2023-12-29,384490.4
2023-12-30,317594.0
2023-12-31,256271.9
2024-01-01,213930.9
2024-01-02,196834.4
2024-01-03,154808.6
2024-01-04,141029.3
2024-01-05,118210.0
2024-01-06,100696.6
2024-01-07,88217.0
2024-01-08,81003.4
2024-01-09,81289.2
2024-01-10,82241.9
2024-01-11,88991.5
2024-01-12,92652.8
2024-01-13,98179.4
2024-01-14,106326.1
2024-01-15,119338.3
2024-01-16,143454.5
2024-01-17,183812.9
2024-01-18,170962.8
2024-01-19,159432.9
2024-01-20,149259.4
2024-01-21,140482.9
2024-01-22,133073.3
2024-01-23,126756.8
2024-01-24,108706.7
2024-01-25,100077.9
2024-01-26,96168.8
2024-01-27,94809.6
2024-01-28,95384.0
2024-01-29,97503.1
2024-01-30,100650.9
2024-01-31,92010.0
2024-02-01,86394.2
2024-02-02,78747.8
2024-02-03,73212.7
2024-02-04,68763.1
2024-02-05,64895.1
2024-02-06,61398.0
2024-02-07,78765.1
2024-02-08,106736.2
2024-02-09,91050.0
2024-02-10,76919.7
2024-02-11,64225.2
2024-02-12,53059.9
2024-02-13,43788.0
2024-02-14,36662.1
2024-02-15,31361.3
2024-02-16,36059.8
2024-02-17,42691.4
2024-02-18,51979.7
2024-02-19,63420.8
2024-02-20,76791.9
2024-02-21,92219.7
2024-02-22,96151.6
2024-02-23,105603.8
2024-02-24,122787.0
2024-02-25,147610.3
2024-02-26,186082.0
2024-02-27,245779.0
2024-02-28,126479.0
2024-02-29,56579.3
2024-03-01,62320.4
2024-03-02,74749.9
2024-03-03,93215.3
2024-03-04,117773.7
2024-03-05,149359.5
2024-03-06,104877.4
2024-03-07,89331.8
2024-03-08,77813.2
2024-03-09,68410.6
2024-03-10,62331.7
2024-03-11,60552.8
2024-03-12,66446.3
2024-03-13,78615.2
2024-03-14,97661.1
2024-03-15,77886.1
2024-03-16,70473.2
2024-03-17,69315.5
2024-03-18,71308.2
2024-03-19,75110.2
2024-03-20,66651.2
2024-03-21,68077.9
2024-03-22,61561.7
2024-03-23,56812.9
2024-03-24,55298.2
2024-03-25,60499.7
2024-03-26,85363.4
2024-03-27,81220.6
2024-03-28,104801.9
2024-03-29,111695.6
2024-03-30,121529.9
2024-03-31,137039.0
2024-04-01,164203.5
2024-04-02,201569.4
2024-04-03,156717.0
2024-04-04,129750.2
2024-04-05,110104.8
2024-04-06,93446.7
2024-04-07,80214.5
2024-04-08,71449.9
2024-04-09,69168.5
2024-04-10,74638.1
2024-04-11,117143.8
2024-04-12,107445.5
2024-04-13,99199.2
2024-04-14,92652.1
2024-04-15,88139.1
2024-04-16,86704.1
2024-04-17,99091.0
2024-04-18,114304.5
2024-04-19,132879.6
2024-04-20,155034.8
2024-04-21,182045.3
2024-04-22,218457.4
2024-04-23,270364.3
2024-04-24,339280.5
2024-04-25,131606.0
2024-04-26,75300.9
2024-04-27,48413.6
2024-04-28,34948.6
2024-04-29,26971.0
2024-04-30,21900.0
2024-05-01,24365.9
2024-05-02,28354.7
2024-05-03,34449.5
2024-05-04,43660.3
2024-05-05,58266.0
2024-05-06,78467.6
2024-05-07,106068.3
2024-05-08,172825.0
2024-05-09,392017.6
2024-05-10,326664.1
2024-05-11,273424.3
2024-05-12,230280.9
2024-05-13,194167.4
2024-05-14,163153.3
2024-05-15,170639.9
2024-05-16,186044.1
2024-05-17,170151.8
2024-05-18,156291.1
2024-05-19,143987.4
2024-05-20,133310.9
2024-05-21,124058.0
2024-05-22,108971.9
2024-05-23,98966.6
2024-05-24,94970.2
2024-05-25,95986.8
2024-05-26,100338.8
2024-05-27,107513.1
2024-05-28,117217.7
2024-05-29,128859.6
2024-05-30,276089.0
2024-05-31,276240.7
2024-06-01,280492.4
2024-06-02,288170.8
2024-06-03,298091.5
2024-06-04,309409.4
2024-06-05,394821.1
2024-06-06,505765.6
2024-06-07,378659.7
2024-06-08,269900.3
2024-06-09,195925.9
2024-06-10,148943.5
2024-06-11,116639.1
2024-06-12,94815.9
2024-06-13,80466.7
2024-06-14,75454.8
2024-06-15,71029.0
2024-06-16,67275.1
2024-06-17,64205.4
2024-06-18,61743.1
2024-06-19,59871.5
2024-06-20,58594.5
2024-06-21,57730.3
2024-06-22,57141.8
2024-06-23,56897.3
2024-06-24,56971.9
2024-06-25,50843.2
2024-06-26,49217.4
2024-06-27,54899.6
2024-06-28,52100.3
2024-06-29,53767.6
2024-06-30,59798.8
2024-07-01,69216.3
2024-07-02,80672.5
2024-07-03,91608.6
2024-07-04,108337.0
2024-07-05,135576.2
2024-07-06,180339.0
2024-07-07,257423.5
2024-07-08,371805.0
2024-07-09,500862.1
2024-07-10,454844.9
2024-07-11,409612.4
2024-07-12,365513.7
2024-07-13,322879.4
2024-07-14,282419.7
2024-07-15,245576.1
2024-07-16,213185.0
2024-07-17,185580.6
2024-07-18,161889.0
2024-07-19,141650.3
2024-07-20,124511.1
2024-07-21,109854.8
2024-07-22,97533.1
2024-07-23,86940.5
2024-07-24,77805.1
2024-07-25,70072.6
2024-07-26,63648.3
2024-07-27,58378.8
2024-07-28,54011.2
2024-07-29,50366.7
2024-07-30,47371.6
2024-07-31,44977.4
2024-08-01,43080.0
2024-08-02,41255.7
2024-08-03,40807.4
2024-08-04,42058.2
2024-08-05,44636.8
2024-08-06,48604.9
2024-08-07,51966.3
2024-08-08,64289.3
2024-08-09,58256.1
2024-08-10,53561.7
2024-08-11,50417.8
2024-08-12,49036.5
2024-08-13,49705.0
2024-08-14,53637.0
2024-08-15,63895.8
2024-08-16,54046.0
2024-08-17,52527.0
2024-08-18,54325.0
2024-08-19,57967.3
2024-08-20,63209.8
2024-08-21,53956.2
2024-08-22,54869.4
2024-08-23,51135.9
2024-08-24,49357.2
2024-08-25,49499.7
2024-08-26,51979.2
2024-08-27,56983.7
2024-08-28,45377.9
2024-08-29,46957.6
2024-08-30,43042.5
2024-08-31,40634.4
2024-09-01,39536.2
2024-09-02,39736.6
2024-09-03,42443.4
2024-09-04,48408.5
2024-09-05,106864.7
2024-09-06,109276.6
2024-09-07,114275.1
2024-09-08,123453.0
2024-09-09,143143.7
2024-09-10,187902.5
2024-09-11,258002.7
2024-09-12,346450.3
2024-09-13,232201.4
2024-09-14,163513.2
2024-09-15,138128.7
2024-09-16,128199.3
2024-09-17,122686.4
2024-09-18,115761.3
2024-09-19,121429.2
2024-09-20,125027.0
2024-09-21,130767.4
2024-09-22,138696.9
2024-09-23,148782.9
2024-09-24,161243.4
2024-09-25,128412.2
2024-09-26,110476.9
2024-09-27,111765.7
2024-09-28,114840.5
2024-09-29,119564.4
2024-09-30,126391.3
2024-10-01,136688.3
2024-10-02,134184.8
2024-10-03,146698.9
2024-10-04,140263.5
2024-10-05,135872.7
2024-10-06,133723.3
2024-10-07,133449.6
2024-10-08,135046.3
2024-10-09,135627.2
2024-10-10,137385.0
2024-10-11,140462.9
2024-10-12,144628.1
2024-10-13,150100.6
2024-10-14,157078.9
2024-10-15,165369.7
2024-10-16,166985.0
2024-10-17,182377.6
2024-10-18,164109.4
2024-10-19,149083.1
2024-10-20,137566.0
2024-10-21,129409.9
2024-10-22,123772.5
2024-10-23,130901.5
2024-10-24,139201.7
2024-10-25,148933.6
2024-10-26,160904.8
2024-10-27,175167.5
2024-10-28,191220.5
2024-10-29,209048.4
2024-10-30,183685.6
2024-10-31,173198.8
2024-11-01,171343.8
2024-11-02,172466.1
2024-11-03,176486.3
2024-11-04,183274.9
2024-11-05,192601.8
2024-11-06,154818.6
2024-11-07,130975.7
2024-11-08,146321.6
2024-11-09,165789.2
2024-11-10,191757.3
2024-11-11,230836.4
2024-11-12,294211.2
2024-11-13,381393.6
2024-11-14,292591.9
2024-11-15,233615.8
2024-11-16,196106.9
2024-11-17,169935.0
2024-11-18,150198.2
2024-11-19,134432.4
2024-11-20,175175.8
2024-11-21,245819.5
2024-11-22,258442.3
2024-11-23,280308.9
2024-11-24,320687.7
2024-11-25,393322.2
2024-11-26,485205.8
2024-11-27,482747.5
2024-11-28,481171.3
2024-11-29,480662.2
2024-11-30,481375.9
2024-12-01,482991.4
2024-12-02,485202.7
2024-12-03,487940.6
2024-12-04,522788.4
2024-12-05,561237.7
2024-12-06,526209.3
2024-12-07,492092.4
2024-12-08,460206.1
2024-12-09,431189.9
2024-12-10,406344.4
2024-12-11,508392.6
2024-12-12,627673.3
2024-12-13,610569.3
2024-12-14,594410.5
2024-12-15,579394.0
2024-12-16,565530.6
2024-12-17,552495.4
2024-12-18,556648.7
2024-12-19,561737.6
2024-12-20,563164.5
2024-12-21,565412.7
2024-12-22,568519.4
2024-12-23,572590.7
2024-12-24,583568.6
2024-12-25,594643.7
2024-12-26,605807.1
2024-12-27,617037.4
2024-12-28,628319.9
2024-12-29,639637.1
2024-12-30,650986.8
2024-12-31,662364.4
2025-01-01,635105.6
2025-01-02,612926.6
2025-01-03,600311.1
2025-01-04,587765.7
2025-01-05,575304.9
2025-01-06,562976.3
2025-01-07,550837.5
2025-01-08,538954.0
2025-01-09,527488.0
2025-01-10,516525.6
2025-01-11,506088.5
2025-01-12,496200.0
2025-01-13,486697.6
2025-01-14,477502.1
2025-01-15,574181.0
2025-01-16,679436.8
2025-01-17,652464.8
2025-01-18,625833.8
2025-01-19,599553.1
2025-01-20,573648.4
2025-01-21,548136.9
2025-01-22,523065.9
2025-01-23,498538.3
2025-01-24,474685.1
2025-01-25,471032.4
2025-01-26,469723.2
2025-01-27,472128.9
2025-01-28,477533.6
2025-01-29,359790.9
2025-01-30,274300.8
2025-01-31,286539.8
2025-02-01,302356.4
2025-02-02,321673.0
2025-02-03,344106.0
2025-02-04,369224.2
2025-02-05,397272.5
2025-02-06,427861.1
2025-02-07,426540.8
2025-02-08,427163.9
2025-02-09,430554.9
2025-02-10,437887.2
2025-02-11,447843.0
2025-02-12,459195.3
2025-02-13,448846.1
2025-02-14,439053.0
2025-02-15,429928.0
2025-02-16,421336.8
2025-02-17,413221.1
2025-02-18,405754.8
2025-02-19,398821.2
2025-02-20,392381.6
2025-02-21,422920.1
2025-02-22,456174.4
2025-02-23,492360.0
2025-02-24,530765.3
2025-02-25,570635.6
2025-02-26,611462.3
2025-02-27,598567.4
2025-02-28,586121.6
2025-03-01,574221.3
2025-03-02,562861.3
2025-03-03,552002.9
2025-03-04,541618.6
2025-03-05,531763.6
2025-03-06,522474.0
2025-03-07,515193.7
2025-03-08,509036.4
2025-03-09,504239.4
2025-03-10,500959.9
2025-03-11,499184.1
2025-03-12,498849.8
2025-03-13,514035.5
2025-03-14,531786.3
2025-03-15,551822.3
2025-03-16,574353.5
2025-03-17,599020.2
2025-03-18,624997.5
2025-03-19,569873.9
2025-03-20,516185.2
2025-03-21,465340.3
2025-03-22,417971.8
2025-03-23,374759.4
2025-03-24,336184.1
2025-03-25,301896.1
2025-03-26,296120.9
2025-03-27,291338.9
2025-03-28,287406.5
2025-03-29,284375.6
2025-03-30,282336.7
2025-03-31,281578.9
2025-04-01,282613.9
2025-04-02,285321.8
2025-04-03,285321.8
2025-04-04,285321.8
2025-04-05,285321.8
2025-04-06,285321.8
2025-04-07,285321.8
2025-04-08,285321.8
2025-04-09,285321.8
2025-04-10,285321.8
