2012-01-01,0.0
2012-01-02,0.0
2012-01-03,330945.3
2012-01-04,318887.2
2012-01-05,2438700.6
2012-01-06,2450439.4
2012-01-07,2453963.6
2012-01-08,2457555.7
2012-01-09,2461178.2
2012-01-10,2483764.6
2012-01-11,2506415.9
2012-01-12,2501309.2
2012-01-13,2475642.1
2012-01-14,2465330.6
2012-01-15,2455049.0
2012-01-16,2444801.0
2012-01-17,2434588.3
2012-01-18,2428930.7
2012-01-19,2402596.4
2012-01-20,2402925.5
2012-01-21,2393216.0
2012-01-22,2385793.7
2012-01-23,2378483.8
2012-01-24,2371348.4
2012-01-25,2359995.5
2012-01-26,2348969.5
2012-01-27,2357464.0
2012-01-28,2364109.5
2012-01-29,2360894.0
2012-01-30,2361754.3
2012-01-31,2395963.9
2012-02-01,2396590.5
2012-02-02,2397249.5
2012-02-03,2424993.1
2012-02-04,2446346.8
2012-02-05,2452642.9
2012-02-06,2465486.0
2012-02-07,2484231.0
2012-02-08,2503041.6
2012-02-09,2470205.3
2012-02-10,2468286.6
2012-02-11,2409797.9
2012-02-12,2431757.1
2012-02-13,2417669.4
2012-02-14,2404142.5
2012-02-15,2385749.3
2012-02-16,2372079.6
2012-02-17,2358447.2
2012-02-18,2325361.1
2012-02-19,2319533.6
2012-02-20,2297785.3
2012-02-21,2265451.8
2012-02-22,2233142.0
2012-02-23,2220129.0
2012-02-24,2207129.2
2012-02-25,2206084.3
2012-02-26,2175247.1
2012-02-27,2170471.5
2012-02-28,2165702.2
2012-02-29,2190909.8
2012-03-01,2216143.6
2012-03-02,2229133.3
2012-03-03,2242165.5
2012-03-04,2243834.5
2012-03-05,2237899.2
2012-03-06,2250908.5
2012-03-07,2297392.2
2012-03-08,2276058.9
2012-03-09,2254737.3
2012-03-10,2260581.4
2012-03-11,2274697.4
2012-03-12,2272624.9
2012-03-13,2270574.4
2012-03-14,2262665.2
2012-03-15,2252104.6
2012-03-16,2257950.1
2012-03-17,2263828.0
2012-03-18,2247329.3
2012-03-19,2230851.0
2012-03-20,2232313.8
2012-03-21,2233793.6
2012-03-22,2235291.6
2012-03-23,2218139.2
2012-03-24,2211149.7
2012-03-25,2204376.8
2012-03-26,2197691.1
2012-03-27,2235563.1
2012-03-28,2193477.2
2012-03-29,2220669.8
2012-03-30,2229891.6
2012-03-31,2222018.1
2012-04-01,2197665.8
2012-04-02,2173371.4
2012-04-03,2192513.8
2012-04-04,2184327.7
2012-04-05,2176213.0
2012-04-06,2190620.0
2012-04-07,2187599.8
2012-04-08,2184615.2
2012-04-09,2181672.6
2012-04-10,2165656.1
2012-04-11,2142203.5
2012-04-12,2168042.8
2012-04-13,2153919.5
2012-04-14,2154304.9
2012-04-15,2154725.9
2012-04-16,2155171.6
2012-04-17,2155637.0
2012-04-18,2156422.6
2012-04-19,2134911.1
2012-04-20,2137693.8
2012-04-21,2140489.8
2012-04-22,2143298.9
2012-04-23,2146122.3
2012-04-24,2148961.9
2012-04-25,2138684.4
2012-04-26,2168347.4
2012-04-27,2159930.7
2012-04-28,2151525.5
2012-04-29,2143132.9
2012-04-30,2134753.5
2012-05-01,2126386.6
2012-05-02,2127949.3
2012-05-03,2129531.0
2012-05-04,2130395.0
2012-05-05,2131277.8
2012-05-06,2132176.5
2012-05-07,2133088.0
2012-05-08,2134010.9
2012-05-09,2134843.5
2012-05-10,2135685.6
2012-05-11,2138889.0
2012-05-12,2138284.5
2012-05-13,2137685.9
2012-05-14,2137094.3
2012-05-15,2136509.1
2012-05-16,2131393.0
2012-05-17,2149186.0
2012-05-18,2158992.7
2012-05-19,2168800.6
2012-05-20,2178609.7
2012-05-21,2188420.1
2012-05-22,2209199.4
2012-05-23,2229979.9
2012-05-24,2240916.6
2012-05-25,2247017.2
2012-05-26,2253118.6
2012-05-27,2259221.2
2012-05-28,2265325.0
2012-05-29,2271429.8
2012-05-30,2301105.8
2012-05-31,2330783.0
2012-06-01,2345514.8
2012-06-02,2348615.3
2012-06-03,2351717.7
2012-06-04,2354822.3
2012-06-05,2357929.5
2012-06-06,2373098.7
2012-06-07,2388275.0
2012-06-08,2403458.8
2012-06-09,2418650.0
2012-06-10,2433847.8
2012-06-11,2449052.5
2012-06-12,2464264.5
2012-06-13,2443465.4
2012-06-14,2440471.0
2012-06-15,2437496.9
2012-06-16,2434552.7
2012-06-17,2431635.3
2012-06-18,2428734.6
2012-06-19,2420499.3
2012-06-20,2412279.1
2012-06-21,2398639.5
2012-06-22,2385014.4
2012-06-23,2367206.5
2012-06-24,2349414.4
2012-06-25,2331641.7
2012-06-26,2360089.3
2012-06-27,2350075.2
2012-06-28,2329967.6
2012-06-29,2366697.6
2012-06-30,2357901.1
2012-07-01,2349139.5
2012-07-02,2340409.0
2012-07-03,2331700.7
2012-07-04,2339904.8
2012-07-05,2348124.3
2012-07-06,2356357.8
2012-07-07,2359645.5
2012-07-08,2362948.0
2012-07-09,2366266.0
2012-07-10,2369602.2
2012-07-11,2379016.1
2012-07-12,2388462.2
2012-07-13,2373816.7
2012-07-14,2387198.4
2012-07-15,2400591.7
2012-07-16,2413998.0
2012-07-17,2427416.2
2012-07-18,2412703.5
2012-07-19,2432405.0
2012-07-20,2452120.1
2012-07-21,2454053.9
2012-07-22,2455999.9
2012-07-23,2457959.5
2012-07-24,2466206.4
2012-07-25,2474462.8
2012-07-26,2489073.5
2012-07-27,2503687.4
2012-07-28,2515022.2
2012-07-29,2526359.7
2012-07-30,2537699.7
2012-07-31,2549042.1
2012-08-01,2565327.7
2012-08-02,2563630.5
2012-08-03,2561933.4
2012-08-04,2543659.6
2012-08-05,2525386.1
2012-08-06,2507112.8
2012-08-07,2517929.8
2012-08-08,2528747.1
2012-08-09,2527606.8
2012-08-10,2526466.7
2012-08-11,2518957.8
2012-08-12,2511449.1
2012-08-13,2503940.7
2012-08-14,2496432.5
2012-08-15,2477791.5
2012-08-16,2459150.9
2012-08-17,2452328.5
2012-08-18,2445506.5
2012-08-19,2438684.8
2012-08-20,2431863.5
2012-08-21,2442552.0
2012-08-22,2453240.8
2012-08-23,2452607.5
2012-08-24,2446603.8
2012-08-25,2440600.6
2012-08-26,2434597.8
2012-08-27,2428595.4
2012-08-28,2422593.4
2012-08-29,2416592.0
2012-08-30,2410591.0
2012-08-31,2404590.6
2012-09-01,2398590.7
2012-09-02,2392591.2
2012-09-03,2386592.4
2012-09-04,2380594.0
2012-09-05,2374596.0
2012-09-06,2368598.7
2012-09-07,2362601.9
2012-09-08,2356605.6
2012-09-09,2350610.0
2012-09-10,2344616.3
2012-09-11,2340035.9
2012-09-12,2335460.1
2012-09-13,2330888.7
2012-09-14,2322003.8
2012-09-15,2319180.7
2012-09-16,2316360.2
2012-09-17,2313542.8
2012-09-18,2310729.2
2012-09-19,2310456.4
2012-09-20,2310185.8
2012-09-21,2306924.9
2012-09-22,2303666.9
2012-09-23,2300411.0
2012-09-24,2297157.5
2012-09-25,2295156.0
2012-09-26,2293156.7
2012-09-27,2296700.5
2012-09-28,2300251.9
2012-09-29,2303811.6
2012-09-30,2307379.1
2012-10-01,2310954.2
2012-10-02,2314679.4
2012-10-03,2318411.9
2012-10-04,2324621.0
2012-10-05,2330833.7
2012-10-06,2337047.3
2012-10-07,2343261.7
2012-10-08,2349476.7
2012-10-09,2355692.4
2012-10-10,2361908.8
2012-10-11,2368125.8
2012-10-12,2374094.8
2012-10-13,2380077.8
2012-10-14,2386074.1
2012-10-15,2392081.9
2012-10-16,2398098.6
2012-10-17,2410824.6
2012-10-18,2423559.3
2012-10-19,2436299.9
2012-10-20,2451510.7
2012-10-21,2466724.6
2012-10-22,2481939.3
2012-10-23,2497154.1
2012-10-24,2512368.9
2012-10-25,2519233.6
2012-10-26,2494183.2
2012-10-27,2469132.8
2012-10-28,2444082.4
2012-10-29,2419032.0
2012-10-30,2393981.7
2012-10-31,2375767.9
2012-11-01,2357560.5
2012-11-02,2359699.3
2012-11-03,2361839.1
2012-11-04,2363979.5
2012-11-05,2366120.4
2012-11-06,2356854.7
2012-11-07,2347589.2
2012-11-08,2350905.7
2012-11-09,2354222.2
2012-11-10,2354079.9
2012-11-11,2353937.7
2012-11-12,2353795.4
2012-11-13,2353653.2
2012-11-14,2353510.9
2012-11-15,2353570.2
2012-11-16,2353593.6
2012-11-17,2353617.0
2012-11-18,2353640.3
2012-11-19,2353663.7
2012-11-20,2348586.5
2012-11-21,2343509.3
2012-11-22,2343764.1
2012-11-23,2344019.0
2012-11-24,2344273.8
2012-11-25,2344528.6
2012-11-26,2344783.5
2012-11-27,2345038.3
2012-11-28,2345133.6
2012-11-29,2344824.5
2012-11-30,2344515.3
2012-12-01,2344206.5
2012-12-02,2343898.8
2012-12-03,2343592.9
2012-12-04,2343289.1
2012-12-05,2340974.0
2012-12-06,2335587.1
2012-12-07,2330201.0
2012-12-08,2324815.6
2012-12-09,2319430.7
2012-12-10,2314046.3
2012-12-11,2308662.3
2012-12-12,2302318.3
2012-12-13,2306514.8
2012-12-14,2310711.3
2012-12-15,2314907.9
2012-12-16,2319104.4
2012-12-17,2323301.0
2012-12-18,2327497.6
2012-12-19,2332668.0
2012-12-20,2337662.2
2012-12-21,2342656.5
2012-12-22,2347650.8
2012-12-23,2352645.0
2012-12-24,2357639.3
2012-12-25,2362633.7
2012-12-26,2367628.0
2012-12-27,2372485.1
2012-12-28,2377342.2
2012-12-29,2382199.3
2012-12-30,2387056.4
2012-12-31,2391913.6
2013-01-01,2396770.8
2013-01-02,2401628.0
2013-01-03,2413098.3
2013-01-04,2407736.8
2013-01-05,2402375.7
2013-01-06,2397015.0
2013-01-07,2391654.7
2013-01-08,2392753.9
2013-01-09,2393853.2
2013-01-10,2394952.9
2013-01-11,2396052.7
2013-01-12,2397152.7
2013-01-13,2398252.7
2013-01-14,2399352.8
2013-01-15,2400452.8
2013-01-16,2401552.9
2013-01-17,2395269.0
2013-01-18,2395030.1
2013-01-19,2394791.3
2013-01-20,2394552.4
2013-01-21,2394313.5
2013-01-22,2394074.6
2013-01-23,2393835.8
2013-01-24,2398051.1
2013-01-25,2402266.3
2013-01-26,2399008.9
2013-01-27,2395751.4
2013-01-28,2392494.0
2013-01-29,2390318.5
2013-01-30,2388143.0
2013-01-31,2385967.8
2013-02-01,2392558.1
2013-02-02,2391816.1
2013-02-03,2391076.5
2013-02-04,2390339.1
2013-02-05,2385234.8
2013-02-06,2380133.8
2013-02-07,2375036.1
2013-02-08,2377606.3
2013-02-09,2380179.8
2013-02-10,2382757.1
2013-02-11,2385338.1
2013-02-12,2387922.6
2013-02-13,2390510.7
2013-02-14,2385351.8
2013-02-15,2380195.4
2013-02-16,2375041.8
2013-02-17,2369891.0
2013-02-18,2364743.4
2013-02-19,2359598.8
2013-02-20,2358469.4
2013-02-21,2357343.3
2013-02-22,2356220.9
2013-02-23,2355102.0
2013-02-24,2353986.3
2013-02-25,2352873.8
2013-02-26,2351764.8
2013-02-27,2350659.3
2013-02-28,2347684.2
2013-03-01,2344713.4
2013-03-02,2341746.7
2013-03-03,2338784.3
2013-03-04,2335827.5
2013-03-05,2332880.5
2013-03-06,2329836.3
2013-03-07,2326803.2
2013-03-08,2323780.6
2013-03-09,2320765.6
2013-03-10,2317759.8
2013-03-11,2314764.8
2013-03-12,2311780.1
2013-03-13,2296107.2
2013-03-14,2296957.7
2013-03-15,2297829.6
2013-03-16,2298722.3
2013-03-17,2299632.4
2013-03-18,2300559.1
2013-03-19,2301501.1
2013-03-20,2302457.2
2013-03-21,2294864.0
2013-03-22,2287283.1
2013-03-23,2279711.4
2013-03-24,2272148.6
2013-03-25,2264594.6
2013-03-26,2257049.5
2013-03-27,2249512.8
2013-03-28,2251943.9
2013-03-29,2254383.7
2013-03-30,2256831.9
2013-03-31,2259286.9
2013-04-01,2261747.6
2013-04-02,2264214.2
2013-04-03,2259583.5
2013-04-04,2254959.7
2013-04-05,2250344.4
2013-04-06,2245734.7
2013-04-07,2241130.4
2013-04-08,2236532.0
2013-04-09,2231940.6
2013-04-10,2227354.8
2013-04-11,2222774.7
2013-04-12,2218199.2
2013-04-13,2213629.3
2013-04-14,2209065.4
2013-04-15,2204508.4
2013-04-16,2199957.3
2013-04-17,2195412.3
2013-04-18,2190873.7
2013-04-19,2186342.0
2013-04-20,2181817.3
2013-04-21,2177299.7
2013-04-22,2172789.0
2013-04-23,2171428.3
2013-04-24,2170072.3
2013-04-25,2168721.5
2013-04-26,2192074.9
2013-04-27,2215623.9
2013-04-28,2239393.7
2013-04-29,2263416.3
2013-04-30,2287737.5
2013-05-01,2305594.1
2013-05-02,2323597.8
2013-05-03,2347304.3
2013-05-04,2359395.1
2013-05-05,2371542.9
2013-05-06,2383739.3
2013-05-07,2416139.3
2013-05-08,2448572.6
2013-05-09,2463191.0
2013-05-10,2480615.2
2013-05-11,2498378.9
2013-05-12,2516281.3
2013-05-13,2534292.7
2013-05-14,2552392.8
2013-05-15,2609279.5
2013-05-16,2629557.5
2013-05-17,2600951.6
2013-05-18,2586948.6
2013-05-19,2573009.9
2013-05-20,2559147.3
2013-05-21,2545374.5
2013-05-22,2523799.7
2013-05-23,2504200.6
2013-05-24,2515658.6
2013-05-25,2489013.1
2013-05-26,2462684.1
2013-05-27,2436670.1
2013-05-28,2410925.8
2013-05-29,2417524.6
2013-05-30,2365321.7
2013-05-31,2361816.4
2013-06-01,2362722.1
2013-06-02,2363819.4
2013-06-03,2365113.0
2013-06-04,2409171.3
2013-06-05,2399250.3
2013-06-06,2369741.8
2013-06-07,2380799.4
2013-06-08,2383711.0
2013-06-09,2389723.2
2013-06-10,2395935.5
2013-06-11,2373243.7
2013-06-12,2417290.3
2013-06-13,2413885.9
2013-06-14,2377607.1
2013-06-15,2383321.3
2013-06-16,2389107.7
2013-06-17,2398878.7
2013-06-18,2394994.7
2013-06-19,2374391.0
2013-06-20,2390463.5
2013-06-21,2337636.1
2013-06-22,2326721.1
2013-06-23,2316390.2
2013-06-24,2306583.9
2013-06-25,2291593.8
2013-06-26,2315700.7
2013-06-27,2290401.4
2013-06-28,2266111.6
2013-06-29,2228630.4
2013-06-30,2191290.0
2013-07-01,2190929.4
2013-07-02,2190697.9
2013-07-03,2170566.8
2013-07-04,2161139.9
2013-07-05,2151805.0
2013-07-06,2123670.1
2013-07-07,2095633.7
2013-07-08,2067703.7
2013-07-09,2073309.6
2013-07-10,2079998.5
2013-07-11,2096193.8
2013-07-12,2126469.6
2013-07-13,2156827.3
2013-07-14,2170100.5
2013-07-15,2183460.0
2013-07-16,2196901.5
2013-07-17,2211048.4
2013-07-18,2225335.0
2013-07-19,2244881.4
2013-07-20,2257762.3
2013-07-21,2270698.4
2013-07-22,2280174.8
2013-07-23,2320586.4
2013-07-24,2362908.0
2013-07-25,2340466.2
2013-07-26,2342659.8
2013-07-27,2339348.5
2013-07-28,2336043.5
2013-07-29,2332745.7
2013-07-30,2346714.3
2013-07-31,2345554.6
2013-08-01,2360122.8
2013-08-02,2370818.4
2013-08-03,2370150.0
2013-08-04,2369493.9
2013-08-05,2368860.6
2013-08-06,2368264.3
2013-08-07,2366948.1
2013-08-08,2373954.0
2013-08-09,2380974.0
2013-08-10,2382928.2
2013-08-11,2384891.4
2013-08-12,2386864.2
2013-08-13,2388844.7
2013-08-14,2382066.3
2013-08-15,2386176.6
2013-08-16,2371592.9
2013-08-17,2357014.8
2013-08-18,2342442.5
2013-08-19,2327876.1
2013-08-20,2355953.4
2013-08-21,2384035.5
2013-08-22,2379619.9
2013-08-23,2381580.0
2013-08-24,2373072.0
2013-08-25,2364567.7
2013-08-26,2356067.1
2013-08-27,2378583.3
2013-08-28,2379786.4
2013-08-29,2383600.8
2013-08-30,2394587.7
2013-08-31,2392750.6
2013-09-01,2390930.3
2013-09-02,2389127.0
2013-09-03,2387339.2
2013-09-04,2397419.3
2013-09-05,2407513.0
2013-09-06,2421464.1
2013-09-07,2411580.0
2013-09-08,2401709.8
2013-09-09,2391853.4
2013-09-10,2408936.1
2013-09-11,2396192.4
2013-09-12,2415368.7
2013-09-13,2402709.5
2013-09-14,2414223.8
2013-09-15,2425741.9
2013-09-16,2437264.1
2013-09-17,2448790.5
2013-09-18,2438980.9
2013-09-19,2438664.7
2013-09-20,2433020.1
2013-09-21,2427382.8
2013-09-22,2421753.7
2013-09-23,2416133.4
2013-09-24,2414481.2
2013-09-25,2412848.1
2013-09-26,2404651.1
2013-09-27,2396454.8
2013-09-28,2407517.8
2013-09-29,2418581.6
2013-09-30,2429646.4
2013-10-01,2440712.0
2013-10-02,2432025.2
2013-10-03,2423339.1
2013-10-04,2414653.9
2013-10-05,2405969.4
2013-10-06,2397285.7
2013-10-07,2388602.7
2013-10-08,2379920.5
2013-10-09,2374031.9
2013-10-10,2368144.1
2013-10-11,2362257.3
2013-10-12,2353519.2
2013-10-13,2344781.8
2013-10-14,2336045.3
2013-10-15,2327309.5
2013-10-16,2318574.6
2013-10-17,2328447.6
2013-10-18,2338321.5
2013-10-19,2322459.1
2013-10-20,2306597.6
2013-10-21,2290737.2
2013-10-22,2308002.5
2013-10-23,2325268.8
2013-10-24,2300416.8
2013-10-25,2298184.1
2013-10-26,2316986.8
2013-10-27,2335823.2
2013-10-28,2354698.7
2013-10-29,2391085.7
2013-10-30,2427502.5
2013-10-31,2426059.9
2013-11-01,2424634.3
2013-11-02,2447429.4
2013-11-03,2470237.6
2013-11-04,2493058.4
2013-11-05,2524829.4
2013-11-06,2556616.3
2013-11-07,2527585.3
2013-11-08,2498561.5
2013-11-09,2497547.7
2013-11-10,2496540.0
2013-11-11,2495537.8
2013-11-12,2494540.7
2013-11-13,2504996.1
2013-11-14,2515456.8
2013-11-15,2509192.7
2013-11-16,2502935.0
2013-11-17,2496684.4
2013-11-18,2490442.7
2013-11-19,2484214.1
2013-11-20,2478426.3
2013-11-21,2469640.5
2013-11-22,2460862.1
2013-11-23,2449693.5
2013-11-24,2438533.2
2013-11-25,2427380.7
2013-11-26,2420463.2
2013-11-27,2413553.5
2013-11-28,2406651.8
2013-11-29,2399758.1
2013-11-30,2392872.9
2013-12-01,2385996.5
2013-12-02,2379129.1
2013-12-03,2403421.3
2013-12-04,2427722.2
2013-12-05,2407964.3
2013-12-06,2388215.4
2013-12-07,2368475.3
2013-12-08,2348744.2
2013-12-09,2329022.0
2013-12-10,2309308.2
2013-12-11,2289602.9
2013-12-12,2284039.8
2013-12-13,2278485.5
2013-12-14,2269779.6
2013-12-15,2261082.8
2013-12-16,2252393.2
2013-12-17,2243710.8
2013-12-18,2199214.9
2013-12-19,2225649.6
2013-12-20,2252163.9
2013-12-21,2254132.8
2013-12-22,2256308.3
2013-12-23,2258643.9
2013-12-24,2275078.9
2013-12-25,2291641.5
2013-12-26,2308298.8
2013-12-27,2334447.5
2013-12-28,2343888.9
2013-12-29,2353337.2
2013-12-30,2362789.9
2013-12-31,2372246.8
2014-01-01,2377264.6
2014-01-02,2382289.1
2014-01-03,2387319.1
2014-01-04,2392354.8
2014-01-05,2397401.7
2014-01-06,2402457.2
2014-01-07,2407524.8
2014-01-08,2422545.4
2014-01-09,2432220.7
2014-01-10,2440276.3
2014-01-11,2448346.8
2014-01-12,2456420.6
2014-01-13,2464495.4
2014-01-14,2472571.1
2014-01-15,2464445.3
2014-01-16,2485638.0
2014-01-17,2537410.5
2014-01-18,2539777.7
2014-01-19,2542145.4
2014-01-20,2544513.6
2014-01-21,2546882.2
2014-01-22,2549251.3
2014-01-23,2509110.9
2014-01-24,2511764.1
2014-01-25,2512683.6
2014-01-26,2513603.4
2014-01-27,2514523.6
2014-01-28,2515444.7
2014-01-29,2531324.9
2014-01-30,2547205.6
2014-01-31,2554803.4
2014-02-01,2559122.2
2014-02-02,2563441.6
2014-02-03,2567761.8
2014-02-04,2572082.5
2014-02-05,2576403.7
2014-02-06,2521661.5
2014-02-07,2535202.3
2014-02-08,2535231.4
2014-02-09,2535261.3
2014-02-10,2535291.9
2014-02-11,2535323.2
2014-02-12,2535355.2
2014-02-13,2532739.7
2014-02-14,2530124.7
2014-02-15,2527510.5
2014-02-16,2524897.0
2014-02-17,2522284.0
2014-02-18,2519671.6
2014-02-19,2517059.9
2014-02-20,2514448.6
2014-02-21,2511838.0
2014-02-22,2511138.0
2014-02-23,2510438.6
2014-02-24,2509739.6
2014-02-25,2509041.2
2014-02-26,2508343.4
2014-02-27,2507597.1
2014-02-28,2509350.5
2014-03-01,2511103.9
2014-03-02,2512857.5
2014-03-03,2514611.3
2014-03-04,2516365.3
2014-03-05,2518119.5
2014-03-06,2526440.4
2014-03-07,2528206.7
2014-03-08,2530906.1
2014-03-09,2533605.9
2014-03-10,2536306.0
2014-03-11,2539006.5
2014-03-12,2541707.5
2014-03-13,2538676.3
2014-03-14,2541499.8
2014-03-15,2545837.0
2014-03-16,2550175.8
2014-03-17,2554516.0
2014-03-18,2558857.7
2014-03-19,2555420.1
2014-03-20,2558096.7
2014-03-21,2567188.0
2014-03-22,2568319.0
2014-03-23,2569452.0
2014-03-24,2570587.1
2014-03-25,2571725.0
2014-03-26,2574812.1
2014-03-27,2583286.9
2014-03-28,2586379.5
2014-03-29,2589474.9
2014-03-30,2592572.8
2014-03-31,2595674.2
2014-04-01,2598777.5
2014-04-02,2595634.1
2014-04-03,2601780.7
2014-04-04,2607929.2
2014-04-05,2610715.6
2014-04-06,2613504.4
2014-04-07,2616295.1
2014-04-08,2619088.2
2014-04-09,2621884.2
2014-04-10,2624663.6
2014-04-11,2627444.8
2014-04-12,2630228.0
2014-04-13,2633012.9
2014-04-14,2635799.4
2014-04-15,2638587.4
2014-04-16,2641377.1
2014-04-17,2644743.1
2014-04-18,2646456.6
2014-04-19,2648172.9
2014-04-20,2649891.7
2014-04-21,2651613.0
2014-04-22,2660226.0
2014-04-23,2662993.7
2014-04-24,2649291.8
2014-04-25,2646269.1
2014-04-26,2638774.1
2014-04-27,2631315.4
2014-04-28,2623898.4
2014-04-29,2616546.0
2014-04-30,2602813.0
2014-05-01,2596420.1
2014-05-02,2588760.8
2014-05-03,2581126.6
2014-05-04,2573518.8
2014-05-05,2565941.1
2014-05-06,2558398.2
2014-05-07,2566059.8
2014-05-08,2574471.4
2014-05-09,2582919.3
2014-05-10,2591392.5
2014-05-11,2599894.9
2014-05-12,2608429.2
2014-05-13,2616991.3
2014-05-14,2619194.8
2014-05-15,2627305.1
2014-05-16,2636902.1
2014-05-17,2646512.2
2014-05-18,2656129.1
2014-05-19,2665755.2
2014-05-20,2675392.9
2014-05-21,2676421.4
2014-05-22,2641697.9
2014-05-23,2605281.4
2014-05-24,2571359.6
2014-05-25,2537580.6
2014-05-26,2504002.8
2014-05-27,2470584.9
2014-05-28,2437671.3
2014-05-29,2406915.5
2014-05-30,2376303.7
2014-05-31,2341588.5
2014-06-01,2307021.2
2014-06-02,2272588.7
2014-06-03,2238299.9
2014-06-04,2202355.6
2014-06-05,2216677.1
2014-06-06,2220228.3
2014-06-07,2223800.0
2014-06-08,2227405.6
2014-06-09,2231035.5
2014-06-10,2238444.6
2014-06-11,2246574.2
2014-06-12,2254726.6
2014-06-13,2258941.7
2014-06-14,2263175.6
2014-06-15,2267426.9
2014-06-16,2271697.5
2014-06-17,2275150.7
2014-06-18,2278651.7
2014-06-19,2288271.7
2014-06-20,2291833.1
2014-06-21,2295399.3
2014-06-22,2298971.0
2014-06-23,2302547.3
2014-06-24,2313989.2
2014-06-25,2316169.6
2014-06-26,2318354.6
2014-06-27,2322862.2
2014-06-28,2327375.3
2014-06-29,2331893.6
2014-06-30,2336419.6
2014-07-01,2340950.6
2014-07-02,2348664.8
2014-07-03,2356386.0
2014-07-04,2359502.5
2014-07-05,2362628.4
2014-07-06,2365764.4
2014-07-07,2368911.4
2014-07-08,2372075.9
2014-07-09,2376932.1
2014-07-10,2381609.9
2014-07-11,2386301.3
2014-07-12,2391373.5
2014-07-13,2396457.3
2014-07-14,2401550.6
2014-07-15,2406652.9
2014-07-16,2411762.6
2014-07-17,2405556.9
2014-07-18,2392816.4
2014-07-19,2380123.0
2014-07-20,2367473.0
2014-07-21,2354861.3
2014-07-22,2346848.0
2014-07-23,2338865.4
2014-07-24,2330909.8
2014-07-25,2319029.1
2014-07-26,2307165.3
2014-07-27,2295322.8
2014-07-28,2283512.1
2014-07-29,2272776.9
2014-07-30,2262068.7
2014-07-31,2284277.4
2014-08-01,2306561.8
2014-08-02,2328910.4
2014-08-03,2351288.4
2014-08-04,2373686.3
2014-08-05,2394179.7
2014-08-06,2417457.0
2014-08-07,2440764.8
2014-08-08,2464113.0
2014-08-09,2488783.9
2014-08-10,2513497.6
2014-08-11,2538259.2
2014-08-12,2563066.5
2014-08-13,2582061.1
2014-08-14,2601096.5
2014-08-15,2620590.8
2014-08-16,2610041.3
2014-08-17,2599521.0
2014-08-18,2589031.9
2014-08-19,2578582.8
2014-08-20,2558856.3
2014-08-21,2547097.6
2014-08-22,2535384.5
2014-08-23,2523707.5
2014-08-24,2512065.5
2014-08-25,2500457.5
2014-08-26,2488874.6
2014-08-27,2466958.1
2014-08-28,2461617.3
2014-08-29,2447357.3
2014-08-30,2433109.5
2014-08-31,2418871.4
2014-09-01,2404644.2
2014-09-02,2390425.6
2014-09-03,2376218.2
2014-09-04,2360494.6
2014-09-05,2391622.2
2014-09-06,2422773.1
2014-09-07,2453945.0
2014-09-08,2485136.4
2014-09-09,2516374.6
2014-09-10,2547635.2
2014-09-11,2578919.3
2014-09-12,2610231.0
2014-09-13,2640169.5
2014-09-14,2670150.4
2014-09-15,2700184.6
2014-09-16,2730264.1
2014-09-17,2760367.8
2014-09-18,2790879.3
2014-09-19,2769227.5
2014-09-20,2747597.5
2014-09-21,2726003.6
2014-09-22,2704468.8
2014-09-23,2682983.7
2014-09-24,2661544.8
2014-09-25,2640938.2
2014-09-26,2620364.1
2014-09-27,2599824.6
2014-09-28,2579321.0
2014-09-29,2558857.8
2014-09-30,2538919.2
2014-10-01,2519018.1
2014-10-02,2498319.9
2014-10-03,2477662.6
2014-10-04,2457047.2
2014-10-05,2436473.6
2014-10-06,2415943.8
2014-10-07,2395458.9
2014-10-08,2375019.8
2014-10-09,2397893.7
2014-10-10,2420805.3
2014-10-11,2443754.9
2014-10-12,2466744.6
2014-10-13,2489773.8
2014-10-14,2512845.0
2014-10-15,2535961.5
2014-10-16,2559116.8
2014-10-17,2581099.1
2014-10-18,2603115.0
2014-10-19,2625162.8
2014-10-20,2647246.1
2014-10-21,2669354.4
2014-10-22,2691500.8
2014-10-23,2684354.6
2014-10-24,2677221.3
2014-10-25,2670098.2
2014-10-26,2662984.4
2014-10-27,2655878.2
2014-10-28,2648779.2
2014-10-29,2641686.1
2014-10-30,2634452.1
2014-10-31,2627242.5
2014-11-01,2620058.2
2014-11-02,2612900.7
2014-11-03,2605770.9
2014-11-04,2598665.3
2014-11-05,2591582.3
2014-11-06,2584521.7
2014-11-07,2583182.7
2014-11-08,2581907.5
2014-11-09,2580698.9
2014-11-10,2579556.3
2014-11-11,2578488.6
2014-11-12,2577486.5
2014-11-13,2576543.6
2014-11-14,2575659.6
2014-11-15,2574841.1
2014-11-16,2574086.9
2014-11-17,2573386.4
2014-11-18,2572738.6
2014-11-19,2572142.8
2014-11-20,2569930.0
2014-11-21,2567747.8
2014-11-22,2565585.3
2014-11-23,2563439.3
2014-11-24,2561306.9
2014-11-25,2559187.2
2014-11-26,2560423.0
2014-11-27,2561670.8
2014-11-28,2562931.1
2014-11-29,2564206.3
2014-11-30,2565500.3
2014-12-01,2566825.0
2014-12-02,2568184.7
2014-12-03,2556724.0
2014-12-04,2555860.4
2014-12-05,2555037.4
2014-12-06,2633283.3
2014-12-07,2711803.2
2014-12-08,2790517.4
2014-12-09,2867165.8
2014-12-10,2944367.0
2014-12-11,2907931.8
2014-12-12,2871577.4
2014-12-13,2834026.1
2014-12-14,2796605.0
2014-12-15,2759339.0
2014-12-16,2722301.5
2014-12-17,2685462.2
2014-12-18,2690336.4
2014-12-19,2695232.1
2014-12-20,2700150.5
2014-12-21,2705096.3
2014-12-22,2710071.0
2014-12-23,2715070.8
2014-12-24,2720093.4
2014-12-25,2725136.4
2014-12-26,2730199.8
2014-12-27,2735277.8
2014-12-28,2740366.0
2014-12-29,2745461.0
2014-12-30,2750563.6
2014-12-31,2756502.3
2015-01-01,2762450.1
2015-01-02,2768408.6
2015-01-03,2774375.2
2015-01-04,2780348.4
2015-01-05,2786327.4
2015-01-06,2790270.5
2015-01-07,2794218.4
2015-01-08,2798171.0
2015-01-09,2802128.1
2015-01-10,2806089.5
2015-01-11,2810056.2
2015-01-12,2814028.8
2015-01-13,2818006.1
2015-01-14,2821987.3
2015-01-15,2825972.0
2015-01-16,2829960.5
2015-01-17,2833951.5
2015-01-18,2837944.7
2015-01-19,2841940.0
2015-01-20,2845937.6
2015-01-21,2849938.3
2015-01-22,2853944.2
2015-01-23,2855690.3
2015-01-24,2857445.2
2015-01-25,2859206.1
2015-01-26,2860974.8
2015-01-27,2862751.2
2015-01-28,2864536.4
2015-01-29,2866330.3
2015-01-30,2868134.2
2015-01-31,2870130.6
2015-02-01,2872135.0
2015-02-02,2874142.7
2015-02-03,2876153.4
2015-02-04,2880445.3
2015-02-05,2881443.6
2015-02-06,2882444.4
2015-02-07,2883447.4
2015-02-08,2884452.9
2015-02-09,2885460.5
2015-02-10,2887270.2
2015-02-11,2889081.6
2015-02-12,2890895.9
2015-02-13,2892713.2
2015-02-14,2894536.3
2015-02-15,2896364.3
2015-02-16,2898197.5
2015-02-17,2900036.3
2015-02-18,2901880.5
2015-02-19,2903731.9
2015-02-20,2894351.7
2015-02-21,2884976.6
2015-02-22,2875605.3
2015-02-23,2866237.1
2015-02-24,2859852.3
2015-02-25,2853470.3
2015-02-26,2841575.4
2015-02-27,2829682.9
2015-02-28,2821960.7
2015-03-01,2814239.4
2015-03-02,2806518.4
2015-03-03,2798798.1
2015-03-04,2791079.0
2015-03-05,2783362.7
2015-03-06,2775651.5
2015-03-07,2767945.7
2015-03-08,2760245.9
2015-03-09,2752552.7
2015-03-10,2744866.8
2015-03-11,2737189.1
2015-03-12,2729521.0
2015-03-13,2721863.5
2015-03-14,2714217.4
2015-03-15,2706584.5
2015-03-16,2698967.5
2015-03-17,2691366.0
2015-03-18,2690205.2
2015-03-19,2683094.2
2015-03-20,2681956.8
2015-03-21,2680831.2
2015-03-22,2679719.1
2015-03-23,2678622.9
2015-03-24,2677747.0
2015-03-25,2676890.9
2015-03-26,2676055.2
2015-03-27,2675241.6
2015-03-28,2674451.8
2015-03-29,2673686.9
2015-03-30,2672946.7
2015-03-31,2672245.2
2015-04-01,2667891.3
2015-04-02,2669235.5
2015-04-03,2670596.8
2015-04-04,2667323.8
2015-04-05,2664071.7
2015-04-06,2660843.4
2015-04-07,2664389.6
2015-04-08,2667960.8
2015-04-09,2664403.4
2015-04-10,2645962.3
2015-04-11,2627593.0
2015-04-12,2609738.9
2015-04-13,2591962.8
2015-04-14,2574268.4
2015-04-15,2556673.2
2015-04-16,2539192.3
2015-04-17,2519683.1
2015-04-18,2505110.0
2015-04-19,2487533.2
2015-04-20,2470982.6
2015-04-21,2485204.6
2015-04-22,2492767.6
2015-04-23,2506228.0
2015-04-24,2526488.7
2015-04-25,2540222.0
2015-04-26,2550230.0
2015-04-27,2562063.2
2015-04-28,2574027.6
2015-04-29,2586726.4
2015-04-30,2525139.6
2015-05-01,2469868.0
2015-05-02,2419213.6
2015-05-03,2368174.0
2015-05-04,2317858.6
2015-05-05,2259471.5
2015-05-06,2258544.8
2015-05-07,2265742.1
2015-05-08,2280200.3
2015-05-09,2284899.1
2015-05-10,2289625.9
2015-05-11,2294389.8
2015-05-12,2305487.5
2015-05-13,2311061.2
2015-05-14,2315729.0
2015-05-15,2320426.7
2015-05-16,2326873.4
2015-05-17,2333496.9
2015-05-18,2342163.8
2015-05-19,2349674.9
2015-05-20,2360191.8
2015-05-21,2355345.4
2015-05-22,2355415.4
2015-05-23,2350836.0
2015-05-24,2346265.1
2015-05-25,2341703.0
2015-05-26,2337150.0
2015-05-27,2337372.3
2015-05-28,2336819.5
2015-05-29,2331287.3
2015-05-30,2328409.1
2015-05-31,2325538.9
2015-06-01,2322674.7
2015-06-02,2322847.6
2015-06-03,2320849.6
2015-06-04,2317260.9
2015-06-05,2312994.5
2015-06-06,2310872.2
2015-06-07,2308769.0
2015-06-08,2306674.9
2015-06-09,2302318.4
2015-06-10,2301704.5
2015-06-11,2299136.0
2015-06-12,2295553.1
2015-06-13,2291980.7
2015-06-14,2288421.2
2015-06-15,2284873.7
2015-06-16,2281335.4
2015-06-17,2281533.3
2015-06-18,2277133.0
2015-06-19,2277228.2
2015-06-20,2273142.3
2015-06-21,2269068.8
2015-06-22,2265005.0
2015-06-23,2264847.8
2015-06-24,2252913.9
2015-06-25,2258148.6
2015-06-26,2257128.2
2015-06-27,2254528.6
2015-06-28,2251937.0
2015-06-29,2249354.6
2015-06-30,2246966.7
2015-07-01,2244589.2
2015-07-02,2242332.5
2015-07-03,2240085.8
2015-07-04,2237848.3
2015-07-05,2235620.3
2015-07-06,2233402.3
2015-07-07,2229144.8
2015-07-08,2227229.8
2015-07-09,2237075.7
2015-07-10,2247047.1
2015-07-11,2258086.8
2015-07-12,2269226.2
2015-07-13,2280457.2
2015-07-14,2294095.9
2015-07-15,2297431.2
2015-07-16,2300839.9
2015-07-17,2314327.5
2015-07-18,2332401.3
2015-07-19,2341181.6
2015-07-20,2350015.0
2015-07-21,2361023.9
2015-07-22,2371742.9
2015-07-23,2380404.7
2015-07-24,2391030.1
2015-07-25,2401684.1
2015-07-26,2412359.6
2015-07-27,2425558.3
2015-07-28,2441954.8
2015-07-29,2452965.7
2015-07-30,2460974.8
2015-07-31,2468996.4
2015-08-01,2484050.4
2015-08-02,2495481.7
2015-08-03,2506932.3
2015-08-04,2515762.6
2015-08-05,2531284.7
2015-08-06,2457317.6
2015-08-07,2377693.1
2015-08-08,2301417.1
2015-08-09,2230303.1
2015-08-10,2166587.1
2015-08-11,2158603.0
2015-08-12,2147794.0
2015-08-13,2137166.5
2015-08-14,2131670.7
2015-08-15,2124118.4
2015-08-16,2115812.8
2015-08-17,2107578.7
2015-08-18,2103057.3
2015-08-19,2093091.6
2015-08-20,2085467.6
2015-08-21,2077943.2
2015-08-22,2070573.2
2015-08-23,2063391.0
2015-08-24,2056399.8
2015-08-25,2050487.7
2015-08-26,2044800.5
2015-08-27,2040975.0
2015-08-28,2041834.5
2015-08-29,2046344.1
2015-08-30,2050860.5
2015-08-31,2055382.1
2015-09-01,2059908.4
2015-09-02,2065927.6
2015-09-03,2071951.5
2015-09-04,2076169.2
2015-09-05,2080391.3
2015-09-06,2084617.9
2015-09-07,2088849.2
2015-09-08,2093085.2
2015-09-09,2096291.9
2015-09-10,2099503.7
2015-09-11,2105834.1
2015-09-12,2110076.5
2015-09-13,2114323.8
2015-09-14,2118576.2
2015-09-15,2122383.6
2015-09-16,2126195.3
2015-09-17,2130956.8
2015-09-18,2135722.4
2015-09-19,2140627.5
2015-09-20,2145536.9
2015-09-21,2150450.4
2015-09-22,2153912.8
2015-09-23,2157378.8
2015-09-24,2160847.9
2015-09-25,2166171.0
2015-09-26,2171496.4
2015-09-27,2176823.9
2015-09-28,2182153.0
2015-09-29,2185937.5
2015-09-30,2189724.0
2015-10-01,2185755.6
2015-10-02,2181789.3
2015-10-03,2177909.7
2015-10-04,2174031.6
2015-10-05,2170155.4
2015-10-06,2165546.2
2015-10-07,2160938.9
2015-10-08,2156505.5
2015-10-09,2152074.2
2015-10-10,2148272.1
2015-10-11,2144471.9
2015-10-12,2140674.2
2015-10-13,2136879.3
2015-10-14,2133086.6
2015-10-15,2129684.7
2015-10-16,2126285.9
2015-10-17,2122239.3
2015-10-18,2118195.9
2015-10-19,2114156.0
2015-10-20,2109050.1
2015-10-21,2103947.3
2015-10-22,2100907.4
2015-10-23,2097871.1
2015-10-24,2093718.7
2015-10-25,2089569.2
2015-10-26,2085423.8
2015-10-27,2081430.7
2015-10-28,2077441.3
2015-10-29,2075300.7
2015-10-30,2076334.6
2015-10-31,2077371.3
2015-11-01,2078410.8
2015-11-02,2079453.1
2015-11-03,2080498.4
2015-11-04,2081696.8
2015-11-05,2082898.8
2015-11-06,2084104.2
2015-11-07,2085418.1
2015-11-08,2086736.1
2015-11-09,2088058.0
2015-11-10,2089384.2
2015-11-11,2089853.1
2015-11-12,2090326.9
2015-11-13,2090805.2
2015-11-14,2092925.7
2015-11-15,2095051.5
2015-11-16,2097182.3
2015-11-17,2096041.0
2015-11-18,2094904.7
2015-11-19,2097445.0
2015-11-20,2099991.4
2015-11-21,2101563.8
2015-11-22,2103146.8
2015-11-23,2104738.8
2015-11-24,2104795.3
2015-11-25,2104858.5
2015-11-26,2108271.3
2015-11-27,2111696.7
2015-11-28,2115136.2
2015-11-29,2118591.2
2015-11-30,2122065.5
2015-12-01,2124197.9
2015-12-02,2126350.8
2015-12-03,2132988.8
2015-12-04,2135900.2
2015-12-05,2138858.1
2015-12-06,2141852.6
2015-12-07,2144888.9
2015-12-08,2146676.1
2015-12-09,2152721.2
2015-12-10,2153973.7
2015-12-11,2157639.1
2015-12-12,2162052.4
2015-12-13,2166484.7
2015-12-14,2170933.9
2015-12-15,2175400.1
2015-12-16,2177610.9
2015-12-17,2179834.0
2015-12-18,2185720.0
2015-12-19,2189952.7
2015-12-20,2194197.9
2015-12-21,2198454.5
2015-12-22,2201893.8
2015-12-23,2205346.0
2015-12-24,2208811.8
2015-12-25,2212291.5
2015-12-26,2215784.5
2015-12-27,2219290.6
2015-12-28,2222810.7
2015-12-29,2226343.8
2015-12-30,2230547.7
2015-12-31,2234766.0
2016-01-01,2238997.7
2016-01-02,2243243.3
2016-01-03,2247501.0
2016-01-04,2251770.4
2016-01-05,2257227.5
2016-01-06,2267515.2
2016-01-07,2268338.4
2016-01-08,2271109.8
2016-01-09,2273888.7
2016-01-10,2278578.1
2016-01-11,2283274.5
2016-01-12,2295860.3
2016-01-13,2291501.3
2016-01-14,2282385.7
2016-01-15,2281521.9
2016-01-16,2275159.0
2016-01-17,2269375.7
2016-01-18,2261377.7
2016-01-19,2261227.1
2016-01-20,2255095.7
2016-01-21,2254096.6
2016-01-22,2253385.9
2016-01-23,2263792.9
2016-01-24,2258396.7
2016-01-25,2253432.0
2016-01-26,2256047.5
2016-01-27,2259475.9
2016-01-28,2250776.2
2016-01-29,2232363.7
2016-01-30,2222277.6
2016-01-31,2222678.3
2016-02-01,2223154.2
2016-02-02,2223702.9
2016-02-03,2224322.5
2016-02-04,2225848.9
2016-02-05,2221682.2
2016-02-06,2220110.1
2016-02-07,2213164.9
2016-02-08,2206261.1
2016-02-09,2200932.0
2016-02-10,2187759.3
2016-02-11,2187904.0
2016-02-12,2183097.2
2016-02-13,2179782.9
2016-02-14,2174930.4
2016-02-15,2170108.9
2016-02-16,2164316.4
2016-02-17,2158731.4
2016-02-18,2160177.8
2016-02-19,2152377.0
2016-02-20,2147437.6
2016-02-21,2142761.2
2016-02-22,2138112.2
2016-02-23,2133487.9
2016-02-24,2128888.2
2016-02-25,2129153.8
2016-02-26,2121033.4
2016-02-27,2121221.5
2016-02-28,2121446.4
2016-02-29,2119555.4
2016-03-01,2112905.8
2016-03-02,2106317.3
2016-03-03,2097679.1
2016-03-04,2085502.5
2016-03-05,2084086.9
2016-03-06,2075020.3
2016-03-07,2065997.9
2016-03-08,2057018.2
2016-03-09,2048265.5
2016-03-10,2039555.1
2016-03-11,2030896.1
2016-03-12,2022299.3
2016-03-13,2019259.5
2016-03-14,2016305.3
2016-03-15,2007306.6
2016-03-16,2000332.4
2016-03-17,1991450.2
2016-03-18,1982643.2
2016-03-19,1973905.5
2016-03-20,1965239.3
2016-03-21,1961952.1
2016-03-22,1958009.8
2016-03-23,1952745.3
2016-03-24,1956681.7
2016-03-25,1930594.4
2016-03-26,1929874.7
2016-03-27,1929313.9
2016-03-28,1928928.9
2016-03-29,1906831.5
2016-03-30,1896384.2
2016-03-31,1905237.8
2016-04-01,1906868.9
2016-04-02,1911328.8
2016-04-03,1917545.9
2016-04-04,1936311.6
2016-04-05,1951361.0
2016-04-06,1968944.2
2016-04-07,1988470.2
2016-04-08,1817096.7
2016-04-09,1681636.1
2016-04-10,1689976.8
2016-04-11,1698410.6
2016-04-12,1699944.8
2016-04-13,1707290.5
2016-04-14,1711281.4
2016-04-15,1717768.0
2016-04-16,1724354.1
2016-04-17,1731043.0
2016-04-18,1737840.5
2016-04-19,1744753.0
2016-04-20,1751790.9
2016-04-21,1751823.8
2016-04-22,1758606.1
2016-04-23,1769834.1
2016-04-24,1778962.8
2016-04-25,1788176.0
2016-04-26,1794063.6
2016-04-27,1796529.2
2016-04-28,1807958.9
2016-04-29,1815338.7
2016-04-30,1827753.0
2016-05-01,1834140.2
2016-05-02,1840583.2
2016-05-03,1847080.5
2016-05-04,1851952.2
2016-05-05,1856865.2
2016-05-06,1862074.6
2016-05-07,1871349.7
2016-05-08,1878231.0
2016-05-09,1885138.9
2016-05-10,1892073.0
2016-05-11,1910172.9
2016-05-12,1911837.5
2016-05-13,1917475.4
2016-05-14,1926535.6
2016-05-15,1935610.8
2016-05-16,1944702.8
2016-05-17,1951715.3
2016-05-18,1958741.1
2016-05-19,1942766.6
2016-05-20,1926833.9
2016-05-21,1911395.3
2016-05-22,1895990.5
2016-05-23,1880612.5
2016-05-24,1865263.1
2016-05-25,1853028.6
2016-05-26,1834848.3
2016-05-27,1818504.9
2016-05-28,1802211.3
2016-05-29,1785965.6
2016-05-30,1769766.5
2016-05-31,1753612.0
2016-06-01,1743623.8
2016-06-02,1729024.6
2016-06-03,1713394.1
2016-06-04,1697862.5
2016-06-05,1682418.5
2016-06-06,1667056.7
2016-06-07,1656292.8
2016-06-08,1635423.6
2016-06-09,1646413.8
2016-06-10,1645394.0
2016-06-11,1653694.1
2016-06-12,1662029.7
2016-06-13,1670398.3
2016-06-14,1673700.5
2016-06-15,1677035.9
2016-06-16,1689720.8
2016-06-17,1697179.6
2016-06-18,1704657.8
2016-06-19,1712144.1
2016-06-20,1719636.4
2016-06-21,1727317.9
2016-06-22,1735006.1
2016-06-23,1742237.4
2016-06-24,1751094.0
2016-06-25,1759956.4
2016-06-26,1768823.9
2016-06-27,1777697.2
2016-06-28,1785747.9
2016-06-29,1784658.8
2016-06-30,1784523.1
2016-07-01,1784397.2
2016-07-02,1778792.6
2016-07-03,1773198.8
2016-07-04,1767616.9
2016-07-05,1762049.4
2016-07-06,1756498.5
2016-07-07,1739649.2
2016-07-08,1735944.4
2016-07-09,1732307.1
2016-07-10,1728694.2
2016-07-11,1725098.8
2016-07-12,1721531.9
2016-07-13,1701011.5
2016-07-14,1693021.6
2016-07-15,1685048.2
2016-07-16,1679799.7
2016-07-17,1674571.1
2016-07-18,1669360.9
2016-07-19,1664174.1
2016-07-20,1657087.4
2016-07-21,1650030.2
2016-07-22,1641358.2
2016-07-23,1632762.0
2016-07-24,1624240.3
2016-07-25,1615800.5
2016-07-26,1607451.3
2016-07-27,1598078.4
2016-07-28,1606364.2
2016-07-29,1614663.8
2016-07-30,1622976.9
2016-07-31,1631305.2
2016-08-01,1639652.5
2016-08-02,1647558.1
2016-08-03,1656071.7
2016-08-04,1664602.6
2016-08-05,1673147.8
2016-08-06,1681708.5
2016-08-07,1690285.9
2016-08-08,1698879.5
2016-08-09,1707486.6
2016-08-10,1714777.9
2016-08-11,1722073.5
2016-08-12,1729373.6
2016-08-13,1736678.3
2016-08-14,1743988.3
2016-08-15,1751303.3
2016-08-16,1758623.0
2016-08-17,1767099.0
2016-08-18,1775580.3
2016-08-19,1782250.5
2016-08-20,1788925.8
2016-08-21,1795611.3
2016-08-22,1802311.1
2016-08-23,1809020.0
2016-08-24,1820657.5
2016-08-25,1832299.2
2016-08-26,1841122.2
2016-08-27,1849948.6
2016-08-28,1858777.7
2016-08-29,1867608.9
2016-08-30,1876442.4
2016-08-31,1884753.1
2016-09-01,1893065.7
2016-09-02,1900364.9
2016-09-03,1907684.5
2016-09-04,1915024.3
2016-09-05,1922386.2
2016-09-06,1929772.0
2016-09-07,1937181.2
2016-09-08,1948187.4
2016-09-09,1959216.0
2016-09-10,1964755.1
2016-09-11,1970317.8
2016-09-12,1975903.0
2016-09-13,1981614.4
2016-09-14,1987351.1
2016-09-15,1994943.0
2016-09-16,2002557.6
2016-09-17,2010196.9
2016-09-18,2017861.6
2016-09-19,2025551.9
2016-09-20,2034825.6
2016-09-21,2044129.2
2016-09-22,2053462.2
2016-09-23,2059743.9
2016-09-24,2066058.4
2016-09-25,2072409.8
2016-09-26,2078792.5
2016-09-27,2087149.6
2016-09-28,2095539.6
2016-09-29,2103967.2
2016-09-30,2111761.1
2016-10-01,2119596.5
2016-10-02,2127474.2
2016-10-03,2135395.3
2016-10-04,2143360.7
2016-10-05,2152090.4
2016-10-06,2160865.3
2016-10-07,2169686.1
2016-10-08,2178696.7
2016-10-09,2187755.4
2016-10-10,2196864.9
2016-10-11,2206027.7
2016-10-12,2212326.0
2016-10-13,2218683.2
2016-10-14,2227547.0
2016-10-15,2236483.1
2016-10-16,2245507.9
2016-10-17,2254624.9
2016-10-18,2264200.4
2016-10-19,2273885.6
2016-10-20,2272206.2
2016-10-21,2270557.7
2016-10-22,2268940.2
2016-10-23,2267354.3
2016-10-24,2265800.5
2016-10-25,2263799.7
2016-10-26,2261825.5
2016-10-27,2259869.5
2016-10-28,2257926.5
2016-10-29,2254858.7
2016-10-30,2251793.3
2016-10-31,2248729.0
2016-11-01,2243199.7
2016-11-02,2237671.0
2016-11-03,2236849.6
2016-11-04,2236028.7
2016-11-05,2235208.0
2016-11-06,2234387.8
2016-11-07,2233567.9
2016-11-08,2232125.2
2016-11-09,2230682.8
2016-11-10,2229240.9
2016-11-11,2227799.3
2016-11-12,2226358.1
2016-11-13,2224917.3
2016-11-14,2223477.1
2016-11-15,2160461.0
2016-11-16,2097659.4
2016-11-17,2035129.2
2016-11-18,1974222.7
2016-11-19,1913800.5
2016-11-20,1853862.8
2016-11-21,1794345.4
2016-11-22,1733282.9
2016-11-23,1672995.8
2016-11-24,1614373.1
2016-11-25,1556727.9
2016-11-26,1499849.0
2016-11-27,1443695.4
2016-11-28,1388405.7
2016-11-29,1333888.1
2016-11-30,1279360.1
2016-12-01,1225859.5
2016-12-02,1173694.6
2016-12-03,1125602.1
2016-12-04,1079972.2
2016-12-05,1036404.2
2016-12-06,994802.6
2016-12-07,953868.9
2016-12-08,914314.8
2016-12-09,876028.3
2016-12-10,879320.5
2016-12-11,882632.1
2016-12-12,885962.1
2016-12-13,889310.5
2016-12-14,896820.8
2016-12-15,904350.6
2016-12-16,902236.7
2016-12-17,904272.6
2016-12-18,906330.8
2016-12-19,908409.7
2016-12-20,912697.3
2016-12-21,917006.2
2016-12-22,921335.6
2016-12-23,925685.7
2016-12-24,930495.2
2016-12-25,935325.5
2016-12-26,940178.5
2016-12-27,945055.7
2016-12-28,949957.4
2016-12-29,954885.5
2016-12-30,958136.3
2016-12-31,961419.4
2017-01-01,964735.0
2017-01-02,968079.2
2017-01-03,971448.4
2017-01-04,974876.1
2017-01-05,978330.6
2017-01-06,981807.3
2017-01-07,986726.9
2017-01-08,991667.7
2017-01-09,996631.3
2017-01-10,1001242.3
2017-01-11,1005878.6
2017-01-12,1010122.9
2017-01-13,1014400.9
2017-01-14,1018714.6
2017-01-15,1023059.2
2017-01-16,1027431.8
2017-01-17,1031832.1
2017-01-18,1036259.6
2017-01-19,1040714.2
2017-01-20,1045198.7
2017-01-21,1049715.5
2017-01-22,1054268.0
2017-01-23,1058864.8
2017-01-24,1063511.7
2017-01-25,1068193.2
2017-01-26,1046758.4
2017-01-27,1050913.6
2017-01-28,1055093.2
2017-01-29,1059300.0
2017-01-30,1063538.6
2017-01-31,1067805.2
2017-02-01,1072779.1
2017-02-02,1059156.1
2017-02-03,1045424.5
2017-02-04,1031826.0
2017-02-05,1018344.1
2017-02-06,1004976.1
2017-02-07,990932.1
2017-02-08,977033.3
2017-02-09,963251.0
2017-02-10,951754.3
2017-02-11,940358.8
2017-02-12,929060.4
2017-02-13,917876.2
2017-02-14,903559.8
2017-02-15,889432.1
2017-02-16,878157.8
2017-02-17,867034.1
2017-02-18,856053.4
2017-02-19,845202.6
2017-02-20,834472.2
2017-02-21,823868.7
2017-02-22,813415.3
2017-02-23,814626.5
2017-02-24,814930.2
2017-02-25,815237.8
2017-02-26,815549.5
2017-02-27,815866.5
2017-02-28,815896.5
2017-03-01,815934.8
2017-03-02,815812.6
2017-03-03,815697.3
2017-03-04,816358.9
2017-03-05,817026.0
2017-03-06,817697.9
2017-03-07,818374.6
2017-03-08,820935.6
2017-03-09,823500.5
2017-03-10,823966.5
2017-03-11,824436.4
2017-03-12,824909.8
2017-03-13,825386.4
2017-03-14,825866.3
2017-03-15,823304.8
2017-03-16,820746.8
2017-03-17,821676.1
2017-03-18,822608.1
2017-03-19,823543.4
2017-03-20,824482.0
2017-03-21,822781.7
2017-03-22,821084.4
2017-03-23,822536.3
2017-03-24,823994.4
2017-03-25,825459.2
2017-03-26,826931.1
2017-03-27,828410.0
2017-03-28,829897.4
2017-03-29,833079.4
2017-03-30,836271.7
2017-03-31,834872.2
2017-04-01,833484.7
2017-04-02,832113.1
2017-04-03,830758.2
2017-04-04,830106.8
2017-04-05,829474.5
2017-04-06,828862.4
2017-04-07,830678.5
2017-04-08,832518.2
2017-04-09,834379.9
2017-04-10,836257.6
2017-04-11,835879.6
2017-04-12,835515.0
2017-04-13,835165.0
2017-04-14,834684.4
2017-04-15,834374.6
2017-04-16,834206.2
2017-04-17,834117.5
2017-04-18,834086.8
2017-04-19,834108.8
2017-04-20,833942.1
2017-04-21,833961.9
2017-04-22,834157.3
2017-04-23,834520.0
2017-04-24,835036.7
2017-04-25,835694.7
2017-04-26,836640.1
2017-04-27,837690.6
2017-04-28,839802.2
2017-04-29,842001.1
2017-04-30,844280.5
2017-05-01,846637.9
2017-05-02,849074.0
2017-05-03,848998.2
2017-05-04,849001.5
2017-05-05,852025.9
2017-05-06,855127.3
2017-05-07,858286.7
2017-05-08,861500.7
2017-05-09,857920.3
2017-05-10,859980.5
2017-05-11,863919.5
2017-05-12,863276.3
2017-05-13,864569.2
2017-05-14,865928.0
2017-05-15,867365.7
2017-05-16,868901.9
2017-05-17,866859.3
2017-05-18,864935.4
2017-05-19,870476.7
2017-05-20,874566.8
2017-05-21,878762.3
2017-05-22,883109.8
2017-05-23,887720.0
2017-05-24,891130.0
2017-05-25,891964.6
2017-05-26,890141.9
2017-05-27,897675.8
2017-05-28,904219.4
2017-05-29,910826.6
2017-05-30,917485.9
2017-05-31,919440.5
2017-06-01,919559.8
2017-06-02,916404.7
2017-06-03,923753.8
2017-06-04,927765.6
2017-06-05,932342.6
2017-06-06,934541.6
2017-06-07,927876.4
2017-06-08,918456.6
2017-06-09,919067.9
2017-06-10,915330.8
2017-06-11,911628.7
2017-06-12,901879.1
2017-06-13,892172.5
2017-06-14,899863.2
2017-06-15,897583.2
2017-06-16,888301.5
2017-06-17,879372.4
2017-06-18,873644.2
2017-06-19,867986.7
2017-06-20,867368.2
2017-06-21,861658.9
2017-06-22,856033.8
2017-06-23,850497.6
2017-06-24,850847.4
2017-06-25,845237.0
2017-06-26,839721.1
2017-06-27,836113.8
2017-06-28,836553.3
2017-06-29,830848.5
2017-06-30,826132.7
2017-07-01,822941.1
2017-07-02,819825.3
2017-07-03,816781.9
2017-07-04,816933.6
2017-07-05,817153.8
2017-07-06,803837.3
2017-07-07,802801.4
2017-07-08,799399.2
2017-07-09,796049.6
2017-07-10,792746.6
2017-07-11,789490.1
2017-07-12,789909.7
2017-07-13,785588.9
2017-07-14,782445.3
2017-07-15,778978.9
2017-07-16,775581.3
2017-07-17,772254.8
2017-07-18,768991.4
2017-07-19,767968.6
2017-07-20,762561.1
2017-07-21,760328.8
2017-07-22,758156.7
2017-07-23,756057.9
2017-07-24,754056.5
2017-07-25,752155.8
2017-07-26,753714.6
2017-07-27,757496.9
2017-07-28,759074.3
2017-07-29,763310.3
2017-07-30,767576.3
2017-07-31,771871.1
2017-08-01,775319.2
2017-08-02,781881.5
2017-08-03,777868.3
2017-08-04,783030.7
2017-08-05,788218.9
2017-08-06,793442.9
2017-08-07,798715.4
2017-08-08,797929.2
2017-08-09,802522.8
2017-08-10,806891.6
2017-08-11,810874.4
2017-08-12,815483.7
2017-08-13,820117.2
2017-08-14,824773.7
2017-08-15,825702.3
2017-08-16,829893.3
2017-08-17,834626.7
2017-08-18,838494.1
2017-08-19,843492.7
2017-08-20,848506.5
2017-08-21,853535.3
2017-08-22,858578.8
2017-08-23,859107.7
2017-08-24,870514.2
2017-08-25,868959.2
2017-08-26,872113.0
2017-08-27,875279.1
2017-08-28,878457.9
2017-08-29,883734.3
2017-08-30,889024.7
2017-08-31,894328.7
2017-09-01,899644.3
2017-09-02,903619.6
2017-09-03,913444.1
2017-09-04,923372.9
2017-09-05,933405.8
2017-09-06,944541.4
2017-09-07,958820.2
2017-09-08,962766.9
2017-09-09,974719.0
2017-09-10,986757.1
2017-09-11,998870.2
2017-09-12,1012778.6
2017-09-13,1026761.2
2017-09-14,1035041.3
2017-09-15,1043397.6
2017-09-16,1034501.7
2017-09-17,1025623.4
2017-09-18,1016761.3
2017-09-19,1007442.1
2017-09-20,998147.3
2017-09-21,988881.1
2017-09-22,978512.4
2017-09-23,968170.7
2017-09-24,957858.1
2017-09-25,947576.2
2017-09-26,942742.0
2017-09-27,937941.2
2017-09-28,929105.4
2017-09-29,920292.1
2017-09-30,912233.8
2017-10-01,904194.3
2017-10-02,896172.4
2017-10-03,888169.1
2017-10-04,880631.2
2017-10-05,872268.7
2017-10-06,863930.2
2017-10-07,855616.2
2017-10-08,847324.0
2017-10-09,835563.5
2017-10-10,838655.1
2017-10-11,838968.9
2017-10-12,839319.8
2017-10-13,838988.9
2017-10-14,842914.9
2017-10-15,846858.1
2017-10-16,850817.7
2017-10-17,852635.0
2017-10-18,854468.4
2017-10-19,856318.1
2017-10-20,858184.7
2017-10-21,860437.3
2017-10-22,862709.0
2017-10-23,865001.2
2017-10-24,867652.6
2017-10-25,870319.5
2017-10-26,866543.0
2017-10-27,862780.4
2017-10-28,860647.8
2017-10-29,858531.6
2017-10-30,856432.9
2017-10-31,854352.1
2017-11-01,852290.4
2017-11-02,850248.8
2017-11-03,849139.9
2017-11-04,848046.8
2017-11-05,846970.7
2017-11-06,845912.8
2017-11-07,842372.8
2017-11-08,838861.2
2017-11-09,838624.6
2017-11-10,838389.2
2017-11-11,838155.0
2017-11-12,837922.1
2017-11-13,837690.3
2017-11-14,839073.7
2017-11-15,840458.7
2017-11-16,840407.6
2017-11-17,840357.8
2017-11-18,840307.4
2017-11-19,840258.7
2017-11-20,840211.6
2017-11-21,840062.6
2017-11-22,839914.8
2017-11-23,840556.0
2017-11-24,841198.5
2017-11-25,841842.2
2017-11-26,842487.0
2017-11-27,843133.0
2017-11-28,842630.0
2017-11-29,842128.1
2017-11-30,842992.6
2017-12-01,843858.2
2017-12-02,844724.6
2017-12-03,845592.1
2017-12-04,846460.4
2017-12-05,843275.5
2017-12-06,840091.7
2017-12-07,841300.9
2017-12-08,842511.0
2017-12-09,843722.2
2017-12-10,844934.2
2017-12-11,846147.1
2017-12-12,846026.8
2017-12-13,845907.7
2017-12-14,844120.9
2017-12-15,842335.1
2017-12-16,843256.1
2017-12-17,844178.3
2017-12-18,845101.8
2017-12-19,844393.7
2017-12-20,843686.8
2017-12-21,845506.8
2017-12-22,847328.2
2017-12-23,846574.3
2017-12-24,845821.8
2017-12-25,845070.5
2017-12-26,844320.6
2017-12-27,843572.2
2017-12-28,843465.2
2017-12-29,843360.0
2017-12-30,842965.7
2017-12-31,842572.9
2018-01-01,842181.7
2018-01-02,841792.1
2018-01-03,841404.1
2018-01-04,841047.9
2018-01-05,840693.6
2018-01-06,841141.6
2018-01-07,841591.7
2018-01-08,842043.6
2018-01-09,843996.9
2018-01-10,845952.0
2018-01-11,847669.5
2018-01-12,847911.9
2018-01-13,844706.9
2018-01-14,841532.2
2018-01-15,838385.8
2018-01-16,835261.9
2018-01-17,834832.8
2018-01-18,834419.8
2018-01-19,834024.0
2018-01-20,833646.5
2018-01-21,833285.4
2018-01-22,832940.7
2018-01-23,832612.7
2018-01-24,829627.5
2018-01-25,827984.4
2018-01-26,826359.6
2018-01-27,825484.9
2018-01-28,824629.9
2018-01-29,823795.1
2018-01-30,825464.6
2018-01-31,827146.6
2018-02-01,820077.8
2018-02-02,819163.2
2018-02-03,818256.4
2018-02-04,817356.2
2018-02-05,816462.1
2018-02-06,813849.6
2018-02-07,811241.6
2018-02-08,808637.6
2018-02-09,813954.3
2018-02-10,812206.7
2018-02-11,810462.3
2018-02-12,808721.6
2018-02-13,809218.0
2018-02-14,809718.5
2018-02-15,808215.0
2018-02-16,807566.2
2018-02-17,805423.8
2018-02-18,803286.6
2018-02-19,801153.9
2018-02-20,799025.4
2018-02-21,799997.1
2018-02-22,800973.7
2018-02-23,796164.6
2018-02-24,795659.8
2018-02-25,795160.3
2018-02-26,794665.4
2018-02-27,793395.5
2018-02-28,818773.7
2018-03-01,847008.6
2018-03-02,876150.0
2018-03-03,906495.5
2018-03-04,937049.2
2018-03-05,967826.8
2018-03-06,991866.3
2018-03-07,1021579.2
2018-03-08,989948.4
2018-03-09,960982.7
2018-03-10,929341.0
2018-03-11,898180.0
2018-03-12,867585.1
2018-03-13,841187.8
2018-03-14,809675.2
2018-03-15,782915.9
2018-03-16,759305.0
2018-03-17,736147.5
2018-03-18,716972.4
2018-03-19,697370.0
2018-03-20,684927.0
2018-03-21,683206.7
2018-03-22,677977.0
2018-03-23,683727.9
2018-03-24,670836.0
2018-03-25,680525.1
2018-03-26,677690.0
2018-03-27,681436.3
2018-03-28,691793.9
2018-03-29,692981.1
2018-03-30,698072.2
2018-03-31,705595.1
2018-04-01,715159.3
2018-04-02,726408.4
2018-04-03,732587.9
2018-04-04,756780.7
2018-04-05,706771.2
2018-04-06,676168.0
2018-04-07,685516.5
2018-04-08,607310.7
2018-04-09,575398.3
2018-04-10,568603.0
2018-04-11,562313.4
2018-04-12,557539.1
2018-04-13,572786.4
2018-04-14,591674.3
2018-04-15,607502.4
2018-04-16,643053.9
2018-04-17,659206.9
2018-04-18,691285.8
2018-04-19,690868.1
2018-04-20,679991.0
2018-04-21,673382.4
2018-04-22,664842.7
2018-04-23,663880.9
2018-04-24,677969.0
2018-04-25,691140.8
2018-04-26,688014.8
2018-04-27,697206.5
2018-04-28,720891.4
2018-04-29,673328.3
2018-04-30,624494.9
2018-05-01,587474.4
2018-05-02,559831.7
2018-05-03,556007.5
2018-05-04,545212.1
2018-05-05,547371.5
2018-05-06,538746.3
2018-05-07,527129.7
2018-05-08,521891.1
2018-05-09,522018.6
2018-05-10,514989.5
2018-05-11,517033.7
2018-05-12,510130.9
2018-05-13,509465.8
2018-05-14,509710.8
2018-05-15,512904.4
2018-05-16,515932.4
2018-05-17,514428.8
2018-05-18,519984.1
2018-05-19,524041.0
2018-05-20,532066.3
2018-05-21,535897.3
2018-05-22,544526.6
2018-05-23,552287.8
2018-05-24,558383.2
2018-05-25,571139.2
2018-05-26,563377.1
2018-05-27,560745.2
2018-05-28,558993.9
2018-05-29,558108.9
2018-05-30,554935.6
2018-05-31,529189.9
2018-06-01,506371.2
2018-06-02,481722.1
2018-06-03,461003.5
2018-06-04,441860.6
2018-06-05,450728.1
2018-06-06,459143.4
2018-06-07,460465.9
2018-06-08,476051.7
2018-06-09,480195.4
2018-06-10,487353.0
2018-06-11,494864.0
2018-06-12,505763.2
2018-06-13,515008.6
2018-06-14,499060.3
2018-06-15,484285.0
2018-06-16,469282.0
2018-06-17,455211.4
2018-06-18,441927.3
2018-06-19,430808.9
2018-06-20,420424.0
2018-06-21,423985.2
2018-06-22,427579.1
2018-06-23,429164.6
2018-06-24,430783.8
2018-06-25,432434.6
2018-06-26,433836.1
2018-06-27,435272.4
2018-06-28,439866.9
2018-06-29,444498.1
2018-06-30,447247.4
2018-07-01,450036.7
2018-07-02,452862.9
2018-07-03,455726.8
2018-07-04,456333.2
2018-07-05,456979.5
2018-07-06,457663.9
2018-07-07,460569.0
2018-07-08,463510.0
2018-07-09,466487.4
2018-07-10,471499.7
2018-07-11,476557.1
2018-07-12,479475.2
2018-07-13,482439.4
2018-07-14,485064.9
2018-07-15,487740.7
2018-07-16,490467.8
2018-07-17,495113.1
2018-07-18,499814.9
2018-07-19,502082.2
2018-07-20,504398.3
2018-07-21,507202.5
2018-07-22,510049.5
2018-07-23,512936.6
2018-07-24,516555.2
2018-07-25,520213.3
2018-07-26,524920.4
2018-07-27,529662.0
2018-07-28,533816.9
2018-07-29,537997.6
2018-07-30,542202.2
2018-07-31,545497.7
2018-08-01,548814.7
2018-08-02,548228.5
2018-08-03,547730.1
2018-08-04,550489.9
2018-08-05,553352.1
2018-08-06,556320.3
2018-08-07,553321.5
2018-08-08,550425.8
2018-08-09,552519.1
2018-08-10,554731.3
2018-08-11,555172.7
2018-08-12,555756.8
2018-08-13,556482.8
2018-08-14,560084.0
2018-08-15,563775.2
2018-08-16,558223.6
2018-08-17,552681.8
2018-08-18,548553.1
2018-08-19,544435.5
2018-08-20,540330.3
2018-08-21,536237.2
2018-08-22,532157.8
2018-08-23,528259.0
2018-08-24,524376.4
2018-08-25,519044.2
2018-08-26,513731.1
2018-08-27,508439.1
2018-08-28,505699.6
2018-08-29,502983.9
2018-08-30,498318.1
2018-08-31,493678.5
2018-09-01,489746.8
2018-09-02,485849.3
2018-09-03,481982.8
2018-09-04,478146.2
2018-09-05,474341.3
2018-09-06,471952.1
2018-09-07,469600.0
2018-09-08,464370.3
2018-09-09,459176.2
2018-09-10,454019.4
2018-09-11,453145.1
2018-09-12,452315.1
2018-09-13,447215.6
2018-09-14,442176.0
2018-09-15,439197.9
2018-09-16,436269.5
2018-09-17,433387.9
2018-09-18,428465.4
2018-09-19,423584.7
2018-09-20,507883.8
2018-09-21,517784.3
2018-09-22,528013.0
2018-09-23,538522.3
2018-09-24,549297.8
2018-09-25,563066.6
2018-09-26,577047.3
2018-09-27,587689.6
2018-09-28,598512.6
2018-09-29,612230.6
2018-09-30,626071.8
2018-10-01,640004.1
2018-10-02,650534.5
2018-10-03,661144.8
2018-10-04,676799.3
2018-10-05,692518.1
2018-10-06,705142.1
2018-10-07,717827.3
2018-10-08,730563.3
2018-10-09,743336.9
2018-10-10,756891.0
2018-10-11,749938.3
2018-10-12,743086.3
2018-10-13,735000.4
2018-10-14,727025.7
2018-10-15,719194.3
2018-10-16,712998.0
2018-10-17,706947.7
2018-10-18,700557.5
2018-10-19,694257.0
2018-10-20,688350.5
2018-10-21,682527.6
2018-10-22,676788.1
2018-10-23,671862.8
2018-10-24,667047.7
2018-10-25,654486.1
2018-10-26,647275.4
2018-10-27,643581.5
2018-10-28,640033.7
2018-10-29,636614.8
2018-10-30,631644.8
2018-10-31,619803.1
2018-11-01,611230.0
2018-11-02,619552.6
2018-11-03,628007.8
2018-11-04,636626.6
2018-11-05,645432.1
2018-11-06,655996.8
2018-11-07,666689.5
2018-11-08,676308.3
2018-11-09,684823.2
2018-11-10,693433.5
2018-11-11,702144.5
2018-11-12,710955.9
2018-11-13,719857.7
2018-11-14,726476.6
2018-11-15,734591.7
2018-11-16,742795.0
2018-11-17,749265.9
2018-11-18,756077.3
2018-11-19,763348.0
2018-11-20,782135.8
2018-11-21,787545.4
2018-11-22,798253.6
2018-11-23,809220.7
2018-11-24,820596.8
2018-11-25,832440.4
2018-11-26,844694.6
2018-11-27,849535.1
2018-11-28,866419.9
2018-11-29,616194.2
2018-11-30,712087.7
2018-12-01,722658.5
2018-12-02,735913.4
2018-12-03,751363.2
2018-12-04,523600.0
2018-12-05,508474.6
2018-12-06,494000.4
2018-12-07,479268.0
2018-12-08,464868.9
2018-12-09,450945.3
2018-12-10,437761.8
2018-12-11,425387.5
2018-12-12,434832.1
2018-12-13,447168.4
2018-12-14,457190.3
2018-12-15,467722.1
2018-12-16,478619.1
2018-12-17,489837.6
2018-12-18,501352.7
2018-12-19,503901.8
2018-12-20,506562.5
2018-12-21,509336.9
2018-12-22,512215.4
2018-12-23,515186.2
2018-12-24,518238.9
2018-12-25,521366.4
2018-12-26,524566.2
2018-12-27,527832.9
2018-12-28,531160.3
2018-12-29,534542.1
2018-12-30,537977.1
2018-12-31,541465.4
2019-01-01,545005.1
2019-01-02,548606.6
2019-01-03,552272.4
2019-01-04,556019.6
2019-01-05,549476.9
2019-01-06,535368.1
2019-01-07,529127.7
2019-01-08,524396.8
2019-01-09,515632.6
2019-01-10,519524.3
2019-01-11,515214.3
2019-01-12,503477.7
2019-01-13,499273.7
2019-01-14,502856.1
2019-01-15,514863.9
2019-01-16,506773.2
2019-01-17,484268.2
2019-01-18,464593.1
2019-01-19,434677.3
2019-01-20,415474.6
2019-01-21,398459.3
2019-01-22,378851.4
2019-01-23,378543.2
2019-01-24,379671.5
2019-01-25,393564.4
2019-01-26,403271.8
2019-01-27,390508.6
2019-01-28,392865.8
2019-01-29,403167.6
2019-01-30,417754.0
2019-01-31,416561.6
2019-02-01,426730.9
2019-02-02,439653.2
2019-02-03,454713.4
2019-02-04,471202.4
2019-02-05,488697.5
2019-02-06,506975.3
2019-02-07,525911.2
2019-02-08,519422.8
2019-02-09,507582.9
2019-02-10,501585.3
2019-02-11,501353.5
2019-02-12,503974.0
2019-02-13,497754.8
2019-02-14,501242.9
2019-02-15,495250.4
2019-02-16,499168.6
2019-02-17,504441.4
2019-02-18,507483.1
2019-02-19,513495.5
2019-02-20,520944.7
2019-02-21,529579.3
2019-02-22,539290.8
2019-02-23,549698.3
2019-02-24,560692.7
2019-02-25,568038.4
2019-02-26,560709.6
2019-02-27,556073.3
2019-02-28,550484.4
2019-03-01,546345.0
2019-03-02,541904.4
2019-03-03,539485.1
2019-03-04,539381.9
2019-03-05,540805.9
2019-03-06,543058.6
2019-03-07,552072.4
2019-03-08,550546.1
2019-03-09,558850.5
2019-03-10,567938.2
2019-03-11,577580.0
2019-03-12,587739.6
2019-03-13,591303.7
2019-03-14,603150.1
2019-03-15,604970.9
2019-03-16,595048.6
2019-03-17,595341.2
2019-03-18,597840.5
2019-03-19,599551.9
2019-03-20,605938.9
2019-03-21,605130.8
2019-03-22,611691.4
2019-03-23,620695.5
2019-03-24,644309.3
2019-03-25,638133.6
2019-03-26,646221.0
2019-03-27,652955.7
2019-03-28,659855.9
2019-03-29,664376.5
2019-03-30,671403.4
2019-03-31,671107.0
2019-04-01,675652.9
2019-04-02,685834.2
2019-04-03,689546.4
2019-04-04,693728.2
2019-04-05,707778.0
2019-04-06,722255.1
2019-04-07,737001.4
2019-04-08,741632.9
2019-04-09,742981.1
2019-04-10,751892.4
2019-04-11,749470.9
2019-04-12,774741.2
2019-04-13,786505.6
2019-04-14,784361.4
2019-04-15,794186.9
2019-04-16,802196.9
2019-04-17,817242.3
2019-04-18,840638.1
2019-04-19,808479.7
2019-04-20,791667.5
2019-04-21,780242.6
2019-04-22,773674.3
2019-04-23,763406.6
2019-04-24,761389.6
2019-04-25,749524.5
2019-04-26,740798.7
2019-04-27,727625.5
2019-04-28,735652.7
2019-04-29,745933.2
2019-04-30,748897.7
2019-05-01,745609.6
2019-05-02,761548.3
2019-05-03,786579.8
2019-05-04,803390.5
2019-05-05,824791.3
2019-05-06,864482.5
2019-05-07,662295.9
2019-05-08,562646.8
2019-05-09,633221.4
2019-05-10,621692.8
2019-05-11,624106.3
2019-05-12,584797.8
2019-05-13,561632.2
2019-05-14,634529.8
2019-05-15,583898.1
2019-05-16,539539.9
2019-05-17,513993.0
2019-05-18,550603.3
2019-05-19,597146.0
2019-05-20,652011.1
2019-05-21,640894.6
2019-05-22,638480.5
2019-05-23,641955.1
2019-05-24,632418.7
2019-05-25,637992.7
2019-05-26,633771.8
2019-05-27,630513.6
2019-05-28,627976.3
2019-05-29,626098.8
2019-05-30,639834.2
2019-05-31,651552.3
2019-06-01,656619.0
2019-06-02,662292.0
2019-06-03,655900.4
2019-06-04,665449.0
2019-06-05,675595.7
2019-06-06,686302.9
2019-06-07,700880.2
2019-06-08,700938.6
2019-06-09,705392.1
2019-06-10,710277.4
2019-06-11,718847.7
2019-06-12,726670.3
2019-06-13,736307.6
2019-06-14,737425.9
2019-06-15,760797.6
2019-06-16,784680.1
2019-06-17,765272.6
2019-06-18,737395.1
2019-06-19,717703.8
2019-06-20,691279.0
2019-06-21,686727.0
2019-06-22,693171.2
2019-06-23,708600.0
2019-06-24,731738.5
2019-06-25,766249.8
2019-06-26,797726.3
2019-06-27,812924.8
2019-06-28,735716.9
2019-06-29,667419.3
2019-06-30,630903.2
2019-07-01,756829.9
2019-07-02,666039.5
2019-07-03,549103.3
2019-07-04,558292.1
2019-07-05,572103.0
2019-07-06,589666.3
2019-07-07,616426.2
2019-07-08,645659.0
2019-07-09,672848.3
2019-07-10,663866.6
2019-07-11,661060.4
2019-07-12,662273.0
2019-07-13,666691.8
2019-07-14,673609.7
2019-07-15,580566.6
2019-07-16,542426.4
2019-07-17,534820.2
2019-07-18,561942.8
2019-07-19,557556.0
2019-07-20,559098.3
2019-07-21,558718.1
2019-07-22,555841.4
2019-07-23,559307.0
2019-07-24,571956.4
2019-07-25,589166.6
2019-07-26,623915.6
2019-07-27,619184.2
2019-07-28,615957.4
2019-07-29,615409.0
2019-07-30,626884.6
2019-07-31,639465.2
2019-08-01,624593.8
2019-08-02,627382.4
2019-08-03,629750.3
2019-08-04,633037.8
2019-08-05,593016.4
2019-08-06,558680.0
2019-08-07,527806.9
2019-08-08,531908.0
2019-08-09,542758.1
2019-08-10,553077.0
2019-08-11,560979.8
2019-08-12,569384.6
2019-08-13,580037.5
2019-08-14,591278.2
2019-08-15,577900.8
2019-08-16,566228.9
2019-08-17,572681.6
2019-08-18,580625.0
2019-08-19,535100.2
2019-08-20,527510.0
2019-08-21,499588.8
2019-08-22,477831.6
2019-08-23,487437.0
2019-08-24,497700.3
2019-08-25,508526.4
2019-08-26,519956.6
2019-08-27,532193.0
2019-08-28,531849.0
2019-08-29,531618.9
2019-08-30,531506.9
2019-08-31,531527.6
2019-09-01,531702.9
2019-09-02,532040.5
2019-09-03,532595.9
2019-09-04,533360.6
2019-09-05,534311.6
2019-09-06,535443.5
2019-09-07,545964.6
2019-09-08,557163.6
2019-09-09,568750.1
2019-09-10,580983.4
2019-09-11,593936.6
2019-09-12,584894.8
2019-09-13,576432.4
2019-09-14,568644.5
2019-09-15,561722.7
2019-09-16,555773.5
2019-09-17,550549.7
2019-09-18,545931.6
2019-09-19,552922.9
2019-09-20,560161.9
2019-09-21,567694.2
2019-09-22,575647.4
2019-09-23,584119.4
2019-09-24,593063.1
2019-09-25,602463.3
2019-09-26,612150.5
2019-09-27,622149.1
2019-09-28,632386.8
2019-09-29,642811.8
2019-09-30,653402.7
2019-10-01,664147.2
2019-10-02,675058.3
2019-10-03,686130.2
2019-10-04,697344.1
2019-10-05,708676.9
2019-10-06,720130.5
2019-10-07,731713.4
2019-10-08,726027.6
2019-10-09,722694.1
2019-10-10,715687.2
2019-10-11,708768.7
2019-10-12,701927.2
2019-10-13,695162.8
2019-10-14,688470.1
2019-10-15,681850.7
2019-10-16,675300.7
2019-10-17,668817.1
2019-10-18,662401.5
2019-10-19,656062.3
2019-10-20,649803.8
2019-10-21,643626.0
2019-10-22,637533.7
2019-10-23,631524.5
2019-10-24,625609.3
2019-10-25,619791.7
2019-10-26,614068.5
2019-10-27,608438.1
2019-10-28,602891.7
2019-10-29,597421.7
2019-10-30,592023.4
2019-10-31,594392.3
2019-11-01,596833.1
2019-11-02,599367.8
2019-11-03,601999.3
2019-11-04,604751.7
2019-11-05,607653.3
2019-11-06,610662.0
2019-11-07,613751.0
2019-11-08,616909.5
2019-11-09,620150.2
2019-11-10,623460.5
2019-11-11,626833.2
2019-11-12,630263.1
2019-11-13,633749.1
2019-11-14,637292.6
2019-11-15,621769.3
2019-11-16,606425.5
2019-11-17,591263.5
2019-11-18,576339.5
2019-11-19,561681.9
2019-11-20,547335.9
2019-11-21,533339.5
2019-11-22,519710.2
2019-11-23,506468.6
2019-11-24,493620.5
2019-11-25,481135.7
2019-11-26,493801.6
2019-11-27,507516.9
2019-11-28,521807.3
2019-11-29,536514.2
2019-11-30,551694.4
2019-12-01,567339.8
2019-12-02,583360.3
2019-12-03,521119.6
2019-12-04,470522.2
2019-12-05,475844.1
2019-12-06,481333.6
2019-12-07,487020.4
2019-12-08,492926.2
2019-12-09,499016.5
2019-12-10,505284.2
2019-12-11,511754.8
2019-12-12,518418.5
2019-12-13,525278.4
2019-12-14,532307.4
2019-12-15,539530.6
2019-12-16,546957.5
2019-12-17,554528.6
2019-12-18,562197.6
2019-12-19,557291.3
2019-12-20,552477.1
2019-12-21,547791.8
2019-12-22,543264.1
2019-12-23,538819.9
2019-12-24,534436.8
2019-12-25,530127.9
2019-12-26,525903.5
2019-12-27,521767.5
2019-12-28,517726.0
2019-12-29,513777.9
2019-12-30,509904.3
2019-12-31,509215.5
2020-01-01,508855.3
2020-01-02,508907.2
2020-01-03,509462.3
2020-01-04,510492.7
2020-01-05,512052.0
2020-01-06,514059.8
2020-01-07,516641.1
2020-01-08,519659.9
2020-01-09,524125.1
2020-01-10,529215.3
2020-01-11,535222.9
2020-01-12,542461.3
2020-01-13,551107.3
2020-01-14,560769.7
2020-01-15,551230.8
2020-01-16,542422.7
2020-01-17,534381.7
2020-01-18,527252.0
2020-01-19,521191.5
2020-01-20,516323.1
2020-01-21,512831.8
2020-01-22,479670.1
2020-01-23,449044.8
2020-01-24,421050.3
2020-01-25,395971.6
2020-01-26,375070.3
2020-01-27,358131.9
2020-01-28,345357.7
2020-01-29,314739.3
2020-01-30,288670.5
2020-01-31,267355.0
2020-02-01,251230.5
2020-02-02,240272.4
2020-02-03,234339.1
2020-02-04,233037.7
2020-02-05,214562.5
2020-02-06,244755.7
2020-02-07,233967.2
2020-02-08,228018.0
2020-02-09,227497.2
2020-02-10,231724.8
2020-02-11,240375.4
2020-02-12,254083.2
2020-02-13,272838.9
2020-02-14,261894.0
2020-02-15,254134.6
2020-02-16,249456.0
2020-02-17,247941.1
2020-02-18,249374.9
2020-02-19,253899.5
2020-02-20,261773.4
2020-02-21,272751.8
2020-02-22,286732.7
2020-02-23,233495.3
2020-02-24,197359.7
2020-02-25,178348.1
2020-02-26,179765.8
2020-02-27,161359.9
2020-02-28,147813.0
2020-02-29,139278.2
2020-03-01,135192.6
2020-03-02,135060.1
2020-03-03,138718.0
2020-03-04,146201.1
2020-03-05,157058.3
2020-03-06,147423.6
2020-03-07,141610.1
2020-03-08,140942.0
2020-03-09,144719.9
2020-03-10,151040.6
2020-03-11,160287.2
2020-03-12,174606.7
2020-03-13,157214.6
2020-03-14,145179.5
2020-03-15,137212.9
2020-03-16,134267.1
2020-03-17,139705.2
2020-03-18,152796.8
2020-03-19,140031.7
2020-03-20,131345.9
2020-03-21,127529.5
2020-03-22,128439.8
2020-03-23,134223.5
2020-03-24,144731.0
2020-03-25,159818.6
2020-03-26,135787.6
2020-03-27,117994.7
2020-03-28,105727.9
2020-03-29,98061.5
2020-03-30,93104.1
2020-03-31,91085.0
2020-04-01,92049.6
2020-04-02,84681.6
2020-04-03,79726.2
2020-04-04,77221.9
2020-04-05,77100.6
2020-04-06,79508.1
2020-04-07,84914.0
2020-04-08,93711.8
2020-04-09,105817.1
2020-04-10,94669.7
2020-04-11,89008.2
2020-04-12,89133.9
2020-04-13,95059.4
2020-04-14,106142.4
2020-04-15,121989.2
2020-04-16,110721.4
2020-04-17,103393.6
2020-04-18,99356.9
2020-04-19,99291.9
2020-04-20,103413.6
2020-04-21,111680.1
2020-04-22,124020.0
2020-04-23,107840.0
2020-04-24,96858.9
2020-04-25,90831.4
2020-04-26,89623.6
2020-04-27,93774.1
2020-04-28,101895.2
2020-04-29,113158.6
2020-04-30,107622.5
2020-05-01,107589.9
2020-05-02,114583.0
2020-05-03,131021.0
2020-05-04,156355.8
2020-05-05,190804.3
2020-05-06,177299.9
2020-05-07,167485.5
2020-05-08,161541.0
2020-05-09,158380.5
2020-05-10,157870.2
2020-05-11,160250.8
2020-05-12,165828.1
2020-05-13,174150.7
2020-05-14,184565.2
2020-05-15,182103.5
2020-05-16,179734.9
2020-05-17,177461.3
2020-05-18,175293.9
2020-05-19,173248.3
2020-05-20,171330.5
2020-05-21,169569.4
2020-05-22,167962.4
2020-05-23,166500.0
2020-05-24,165185.4
2020-05-25,164005.7
2020-05-26,162956.1
2020-05-27,162024.8
2020-05-28,161205.7
2020-05-29,160490.5
2020-05-30,159872.2
2020-05-31,159351.1
2020-06-01,158931.6
2020-06-02,158628.6
2020-06-03,158456.0
2020-06-04,158424.2
2020-06-05,158553.7
2020-06-06,158860.1
2020-06-07,159353.9
2020-06-08,160043.6
2020-06-09,158680.9
2020-06-10,157468.0
2020-06-11,156390.3
2020-06-12,155457.4
2020-06-13,154644.3
2020-06-14,153943.8
2020-06-15,153359.8
2020-06-16,152896.3
2020-06-17,152570.0
2020-06-18,152407.9
2020-06-19,152437.2
2020-06-20,152692.1
2020-06-21,153199.3
2020-06-22,153956.6
2020-06-23,154909.9
2020-06-24,156014.0
2020-06-25,157251.0
2020-06-26,153796.8
2020-06-27,150744.6
2020-06-28,148078.1
2020-06-29,145778.1
2020-06-30,143957.6
2020-07-01,142690.5
2020-07-02,144311.4
2020-07-03,145995.9
2020-07-04,147742.8
2020-07-05,149554.8
2020-07-06,151434.3
2020-07-07,153400.7
2020-07-08,155461.2
2020-07-09,157609.6
2020-07-10,159841.3
2020-07-11,162164.1
2020-07-12,164564.6
2020-07-13,167049.3
2020-07-14,169642.9
2020-07-15,172366.7
2020-07-16,175264.1
2020-07-17,178347.1
2020-07-18,181564.1
2020-07-19,184889.8
2020-07-20,188330.7
2020-07-21,191895.8
2020-07-22,195583.2
2020-07-23,199391.7
2020-07-24,203305.1
2020-07-25,207320.8
2020-07-26,211427.8
2020-07-27,215630.9
2020-07-28,219940.9
2020-07-29,224360.1
2020-07-30,220289.3
2020-07-31,216339.0
2020-08-01,212536.4
2020-08-02,208847.1
2020-08-03,205255.6
2020-08-04,201751.0
2020-08-05,198324.1
2020-08-06,194976.5
2020-08-07,191704.0
2020-08-08,188508.1
2020-08-09,185394.2
2020-08-10,182365.5
2020-08-11,179424.1
2020-08-12,176570.2
2020-08-13,173803.6
2020-08-14,171128.1
2020-08-15,168547.6
2020-08-16,166073.7
2020-08-17,163698.3
2020-08-18,161416.3
2020-08-19,159228.5
2020-08-20,157138.5
2020-08-21,155130.4
2020-08-22,153194.5
2020-08-23,151323.9
2020-08-24,149515.6
2020-08-25,147771.6
2020-08-26,146094.1
2020-08-27,144495.3
2020-08-28,142981.3
2020-08-29,154781.3
2020-08-30,170673.0
2020-08-31,191299.6
2020-09-01,175677.5
2020-09-02,162274.2
2020-09-03,161225.7
2020-09-04,160575.2
2020-09-05,160175.3
2020-09-06,159960.1
2020-09-07,159917.0
2020-09-08,160053.0
2020-09-09,160386.8
2020-09-10,159037.2
2020-09-11,157784.1
2020-09-12,156644.0
2020-09-13,155642.2
2020-09-14,154814.1
2020-09-15,154217.4
2020-09-16,153866.2
2020-09-17,153224.3
2020-09-18,152611.5
2020-09-19,152027.9
2020-09-20,151474.4
2020-09-21,150951.4
2020-09-22,150458.1
2020-09-23,149993.7
2020-09-24,149556.6
2020-09-25,149142.2
2020-09-26,148749.7
2020-09-27,148376.8
2020-09-28,148025.7
2020-09-29,147698.7
2020-09-30,147398.8
2020-10-01,147129.5
2020-10-02,146890.5
2020-10-03,146685.9
2020-10-04,146526.4
2020-10-05,146425.9
2020-10-06,146390.6
2020-10-07,146429.8
2020-10-08,144605.9
2020-10-09,142829.6
2020-10-10,141096.1
2020-10-11,139402.1
2020-10-12,137745.4
2020-10-13,136126.2
2020-10-14,134551.6
2020-10-15,133018.2
2020-10-16,131521.5
2020-10-17,130059.7
2020-10-18,128632.0
2020-10-19,127235.5
2020-10-20,125868.6
2020-10-21,124530.2
2020-10-22,123214.5
2020-10-23,121919.0
2020-10-24,120642.7
2020-10-25,119385.2
2020-10-26,118144.7
2020-10-27,116920.8
2020-10-28,115713.5
2020-10-29,114523.4
2020-10-30,113348.6
2020-10-31,122371.6
2020-11-01,132100.0
2020-11-02,142741.1
2020-11-03,154648.3
2020-11-04,167874.0
2020-11-05,167123.8
2020-11-06,166410.4
2020-11-07,165733.1
2020-11-08,165086.7
2020-11-09,164464.9
2020-11-10,163867.8
2020-11-11,163296.6
2020-11-12,162751.9
2020-11-13,162233.7
2020-11-14,161744.5
2020-11-15,161277.0
2020-11-16,160831.4
2020-11-17,160407.9
2020-11-18,160006.8
2020-11-19,161892.0
2020-11-20,163859.2
2020-11-21,165902.7
2020-11-22,168021.9
2020-11-23,170216.5
2020-11-24,172496.4
2020-11-25,174859.3
2020-11-26,177313.5
2020-11-27,179859.5
2020-11-28,182513.8
2020-11-29,185289.0
2020-11-30,188192.5
2020-12-01,191224.9
2020-12-02,194398.1
2020-12-03,197708.0
2020-12-04,201166.7
2020-12-05,204781.8
2020-12-06,208530.5
2020-12-07,212442.7
2020-12-08,216602.5
2020-12-09,221060.4
2020-12-10,223107.9
2020-12-11,225351.6
2020-12-12,227758.3
2020-12-13,230316.6
2020-12-14,233025.1
2020-12-15,235882.0
2020-12-16,238884.2
2020-12-17,241349.5
2020-12-18,243851.6
2020-12-19,246396.2
2020-12-20,248979.3
2020-12-21,251608.1
2020-12-22,254281.5
2020-12-23,257001.0
2020-12-24,259763.8
2020-12-25,262570.8
2020-12-26,265420.3
2020-12-27,268310.6
2020-12-28,271239.5
2020-12-29,274209.6
2020-12-30,277219.9
2020-12-31,280267.1
2021-01-01,283356.7
2021-01-02,286487.3
2021-01-03,289653.6
2021-01-04,292860.0
2021-01-05,288620.4
2021-01-06,284525.8
2021-01-07,280575.0
2021-01-08,276764.2
2021-01-09,273083.5
2021-01-10,269536.2
2021-01-11,266109.0
2021-01-12,262792.0
2021-01-13,259566.1
2021-01-14,256428.7
2021-01-15,253371.0
2021-01-16,256574.4
2021-01-17,259850.3
2021-01-18,263203.5
2021-01-19,266647.9
2021-01-20,270198.7
2021-01-21,273852.7
2021-01-22,277601.5
2021-01-23,281442.2
2021-01-24,285377.1
2021-01-25,289412.3
2021-01-26,293564.7
2021-01-27,297861.4
2021-01-28,302286.5
2021-01-29,306829.7
2021-01-30,311503.2
2021-01-31,316325.4
2021-02-01,321285.5
2021-02-02,326394.9
2021-02-03,331648.9
2021-02-04,329934.4
2021-02-05,328293.5
2021-02-06,326725.5
2021-02-07,325232.4
2021-02-08,323812.5
2021-02-09,322466.7
2021-02-10,321197.4
2021-02-11,320006.7
2021-02-12,318895.5
2021-02-13,317858.2
2021-02-14,316896.2
2021-02-15,316016.1
2021-02-16,315221.6
2021-02-17,314508.6
2021-02-18,313873.5
2021-02-19,313321.4
2021-02-20,312846.4
2021-02-21,312448.5
2021-02-22,312130.7
2021-02-23,267289.8
2021-02-24,230255.1
2021-02-25,238689.6
2021-02-26,247811.2
2021-02-27,257775.6
2021-02-28,268717.4
2021-03-01,280519.9
2021-03-02,293004.0
2021-03-03,306027.9
2021-03-04,314833.6
2021-03-05,323969.3
2021-03-06,333442.1
2021-03-07,343243.1
2021-03-08,353359.9
2021-03-09,363785.4
2021-03-10,374510.2
2021-03-11,367202.1
2021-03-12,360183.2
2021-03-13,353464.5
2021-03-14,347079.9
2021-03-15,341043.3
2021-03-16,335347.7
2021-03-17,329981.0
2021-03-18,332892.4
2021-03-19,335889.7
2021-03-20,339095.3
2021-03-21,342513.2
2021-03-22,346129.9
2021-03-23,349932.8
2021-03-24,353912.0
2021-03-25,358080.3
2021-03-26,362456.7
2021-03-27,367052.0
2021-03-28,371872.9
2021-03-29,376912.0
2021-03-30,382170.2
2021-03-31,387672.8
2021-04-01,393488.6
2021-04-02,399661.9
2021-04-03,406189.0
2021-04-04,413077.4
2021-04-05,420307.5
2021-04-06,427871.9
2021-04-07,435764.4
2021-04-08,432778.8
2021-04-09,432437.9
2021-04-10,434345.7
2021-04-11,438420.0
2021-04-12,444602.4
2021-04-13,431733.0
2021-04-14,419895.1
2021-04-15,409229.3
2021-04-16,399870.2
2021-04-17,391965.1
2021-04-18,385304.5
2021-04-19,379754.0
2021-04-20,375355.5
2021-04-21,372256.6
2021-04-22,370759.8
2021-04-23,342262.7
2021-04-24,318709.2
2021-04-25,299563.6
2021-04-26,284043.9
2021-04-27,271590.1
2021-04-28,262526.8
2021-04-29,387501.1
2021-04-30,365321.4
2021-05-01,346946.5
2021-05-02,331930.3
2021-05-03,320336.7
2021-05-04,312419.5
2021-05-05,313647.5
2021-05-06,315074.1
2021-05-07,316708.6
2021-05-08,318539.8
2021-05-09,320576.4
2021-05-10,322836.4
2021-05-11,325320.7
2021-05-12,328037.2
2021-05-13,330978.1
2021-05-14,334122.6
2021-05-15,337460.1
2021-05-16,340988.4
2021-05-17,344689.5
2021-05-18,348556.3
2021-05-19,352581.2
2021-05-20,356763.1
2021-05-21,361103.9
2021-05-22,365600.2
2021-05-23,370253.2
2021-05-24,375066.0
2021-05-25,375066.0
2021-05-26,381595.8
2021-05-27,388865.5
2021-05-28,396847.7
2021-05-29,405582.5
2021-05-30,415022.8
2021-05-31,425140.5
2021-06-01,435999.0
2021-06-02,447736.5
2021-06-03,460261.9
2021-06-04,437755.7
2021-06-05,417641.3
2021-06-06,399579.5
2021-06-07,383724.7
2021-06-08,369988.7
2021-06-09,357946.5
2021-06-10,351850.9
2021-06-11,346663.1
2021-06-12,342347.4
2021-06-13,339178.6
2021-06-14,337508.6
2021-06-15,336933.7
2021-06-16,337452.8
2021-06-17,339150.2
2021-06-18,342193.4
2021-06-19,346639.5
2021-06-20,352601.8
2021-06-21,359816.8
2021-06-22,368091.8
2021-06-23,377438.7
2021-06-24,388240.6
2021-06-25,356572.6
2021-06-26,331305.5
2021-06-27,313177.3
2021-06-28,302157.7
2021-06-29,403730.9
2021-06-30,359750.9
2021-07-01,403713.0
2021-07-02,379465.5
2021-07-03,356193.3
2021-07-04,334180.4
2021-07-05,313904.3
2021-07-06,295442.0
2021-07-07,278814.2
2021-07-08,286431.3
2021-07-09,295920.1
2021-07-10,307089.7
2021-07-11,319609.1
2021-07-12,333262.4
2021-07-13,352099.5
2021-07-14,372266.5
2021-07-15,393327.1
2021-07-16,414924.7
2021-07-17,436972.8
2021-07-18,459419.8
2021-07-19,482230.0
2021-07-20,515863.2
2021-07-21,556392.5
2021-07-22,529119.9
2021-07-23,502806.4
2021-07-24,477196.3
2021-07-25,452191.7
2021-07-26,428185.8
2021-07-27,436701.2
2021-07-28,446224.4
2021-07-29,456504.1
2021-07-30,467404.3
2021-07-31,478862.1
2021-08-01,490861.0
2021-08-02,503361.6
2021-08-03,471230.4
2021-08-04,439336.8
2021-08-05,407719.2
2021-08-06,376569.7
2021-08-07,347157.5
2021-08-08,320195.9
2021-08-09,296175.4
2021-08-10,274797.9
2021-08-11,255723.4
2021-08-12,277550.6
2021-08-13,302576.6
2021-08-14,331219.9
2021-08-15,363311.7
2021-08-16,397692.2
2021-08-17,438519.4
2021-08-18,483780.1
2021-08-19,531776.5
2021-08-20,582146.5
2021-08-21,634348.5
2021-08-22,687987.3
2021-08-23,742489.7
2021-08-24,540850.2
2021-08-25,349620.9
2021-08-26,365149.5
2021-08-27,381648.0
2021-08-28,399294.9
2021-08-29,417886.5
2021-08-30,437246.6
2021-08-31,457115.7
2021-09-01,476244.9
2021-09-02,496676.5
2021-09-03,488992.7
2021-09-04,481404.8
2021-09-05,473928.5
2021-09-06,466595.1
2021-09-07,465500.5
2021-09-08,464503.1
2021-09-09,463606.9
2021-09-10,462797.9
2021-09-11,462066.0
2021-09-12,461428.8
2021-09-13,460934.9
2021-09-14,452225.3
2021-09-15,443804.2
2021-09-16,435604.1
2021-09-17,427612.3
2021-09-18,419807.5
2021-09-19,412187.2
2021-09-20,404757.0
2021-09-21,417235.8
2021-09-22,430955.9
2021-09-23,441443.4
2021-09-24,452070.6
2021-09-25,462820.1
2021-09-26,473678.1
2021-09-27,484650.0
2021-09-28,455269.7
2021-09-29,426315.0
2021-09-30,397910.3
2021-10-01,370268.2
2021-10-02,343642.0
2021-10-03,318090.3
2021-10-04,293556.3
2021-10-05,270104.8
2021-10-06,247931.7
2021-10-07,259300.0
2021-10-08,271179.7
2021-10-09,283502.9
2021-10-10,296243.9
2021-10-11,309428.3
2021-10-12,323067.0
2021-10-13,337142.3
2021-10-14,351612.4
2021-10-15,366422.9
2021-10-16,381550.0
2021-10-17,396975.3
2021-10-18,412681.7
2021-10-19,428601.8
2021-10-20,444697.1
2021-10-21,485882.8
2021-10-22,528730.1
2021-10-23,573065.4
2021-10-24,619199.6
2021-10-25,667616.3
2021-10-26,571520.7
2021-10-27,481541.7
2021-10-28,460431.0
2021-10-29,439740.6
2021-10-30,419447.7
2021-10-31,399678.4
2021-11-01,380565.4
2021-11-02,362126.2
2021-11-03,344568.7
2021-11-04,350362.7
2021-11-05,356550.7
2021-11-06,363069.5
2021-11-07,369952.8
2021-11-08,377332.5
2021-11-09,385123.9
2021-11-10,393236.1
2021-11-11,384016.1
2021-11-12,375171.8
2021-11-13,366809.6
2021-11-14,358981.3
2021-11-15,351792.4
2021-11-16,345252.6
2021-11-17,339297.0
2021-11-18,343503.5
2021-11-19,347854.0
2021-11-20,352338.3
2021-11-21,356938.1
2021-11-22,361656.7
2021-11-23,366502.3
2021-11-24,371482.2
2021-11-25,376586.1
2021-11-26,381784.1
2021-11-27,387064.2
2021-11-28,392412.5
2021-11-29,397822.1
2021-11-30,403286.7
2021-12-01,408806.0
2021-12-02,436122.1
2021-12-03,464256.2
2021-12-04,493203.8
2021-12-05,522775.6
2021-12-06,552791.4
2021-12-07,583158.5
2021-12-08,613796.1
2021-12-09,586852.0
2021-12-10,560190.4
2021-12-11,533872.6
2021-12-12,507992.2
2021-12-13,482637.6
2021-12-14,457974.9
2021-12-15,434337.4
2021-12-16,435225.4
2021-12-17,436164.7
2021-12-18,437159.7
2021-12-19,438222.3
2021-12-20,439348.6
2021-12-21,440528.2
2021-12-22,441761.4
2021-12-23,443051.1
2021-12-24,444397.0
2021-12-25,445803.0
2021-12-26,447267.4
2021-12-27,448790.6
2021-12-28,450374.5
2021-12-29,452017.3
2021-12-30,453714.7
2021-12-31,455459.4
2022-01-01,457245.5
2022-01-02,459069.0
2022-01-03,460928.0
2022-01-04,462818.9
2022-01-05,464740.4
2022-01-06,459297.2
2022-01-07,454749.5
2022-01-08,451175.0
2022-01-09,448487.3
2022-01-10,446551.8
2022-01-11,445289.6
2022-01-12,444604.3
2022-01-13,446065.8
2022-01-14,447572.5
2022-01-15,449122.7
2022-01-16,450713.2
2022-01-17,452342.9
2022-01-18,454015.5
2022-01-19,455739.7
2022-01-20,457515.4
2022-01-21,459346.8
2022-01-22,461234.8
2022-01-23,463172.4
2022-01-24,465155.9
2022-01-25,467179.0
2022-01-26,469239.4
2022-01-27,489286.6
2022-01-28,509738.0
2022-01-29,530511.0
2022-01-30,551520.4
2022-01-31,572751.8
2022-02-01,594170.9
2022-02-02,615780.9
2022-02-03,612783.0
2022-02-04,609915.4
2022-02-05,607156.0
2022-02-06,604484.9
2022-02-07,601895.2
2022-02-08,599399.8
2022-02-09,597038.9
2022-02-10,605735.5
2022-02-11,614533.3
2022-02-12,623429.8
2022-02-13,632413.4
2022-02-14,641480.3
2022-02-15,650629.4
2022-02-16,659858.0
2022-02-17,617355.0
2022-02-18,575519.6
2022-02-19,534347.5
2022-02-20,493609.9
2022-02-21,453270.5
2022-02-22,413621.6
2022-02-23,375179.1
2022-02-24,338482.6
2022-02-25,304926.0
2022-02-26,330762.9
2022-02-27,358535.9
2022-02-28,387819.9
2022-03-01,418232.4
2022-03-02,449459.7
2022-03-03,481344.2
2022-03-04,513753.4
2022-03-05,546659.4
2022-03-06,580123.1
2022-03-07,614165.2
2022-03-08,648719.2
2022-03-09,618181.2
2022-03-10,587844.3
2022-03-11,557711.2
2022-03-12,527871.4
2022-03-13,498604.6
2022-03-14,470617.4
2022-03-15,366502.2
2022-03-16,200681.8
2022-03-17,212938.8
2022-03-18,227016.2
2022-03-19,243003.8
2022-03-20,260907.7
2022-03-21,280720.1
2022-03-22,302339.0
2022-03-23,325553.5
2022-03-24,350033.2
2022-03-25,375633.6
2022-03-26,402281.3
2022-03-27,429942.7
2022-03-28,458590.3
2022-03-29,488221.5
2022-03-30,468211.8
2022-03-31,449393.4
2022-04-01,431834.8
2022-04-02,415493.3
2022-04-03,400325.3
2022-04-04,386418.3
2022-04-05,373794.3
2022-04-06,362312.4
2022-04-07,354339.9
2022-04-08,346571.2
2022-04-09,339001.3
2022-04-10,331630.7
2022-04-11,324477.8
2022-04-12,317509.0
2022-04-13,310702.9
2022-04-14,304070.3
2022-04-15,297599.3
2022-04-16,291289.8
2022-04-17,285134.0
2022-04-18,279122.5
2022-04-19,273249.5
2022-04-20,267513.9
2022-04-21,261903.0
2022-04-22,256418.5
2022-04-23,251052.3
2022-04-24,245800.4
2022-04-25,240664.0
2022-04-26,235665.2
2022-04-27,231998.6
2022-04-28,228421.8
2022-04-29,224935.6
2022-04-30,221541.9
2022-05-01,218254.9
2022-05-02,215087.5
2022-05-03,212057.8
2022-05-04,209172.4
2022-05-05,206429.8
2022-05-06,203801.9
2022-05-07,201275.9
2022-05-08,198843.3
2022-05-09,196504.0
2022-05-10,194259.2
2022-05-11,192120.3
2022-05-12,198320.7
2022-05-13,204878.7
2022-05-14,211796.7
2022-05-15,219039.8
2022-05-16,226583.9
2022-05-17,234434.6
2022-05-18,242580.5
2022-05-19,251019.0
2022-05-20,259749.1
2022-05-21,268766.5
2022-05-22,278107.8
2022-05-23,287824.3
2022-05-24,297958.2
2022-05-25,308594.5
2022-05-26,309322.3
2022-05-27,310526.2
2022-05-28,312115.6
2022-05-29,314038.9
2022-05-30,316328.6
2022-05-31,319164.4
2022-06-01,322656.5
2022-06-02,326966.1
2022-06-03,311360.3
2022-06-04,297333.9
2022-06-05,284454.7
2022-06-06,272522.3
2022-06-07,261577.0
2022-06-08,251422.0
2022-06-09,261138.7
2022-06-10,271146.1
2022-06-11,281450.3
2022-06-12,292067.8
2022-06-13,303066.0
2022-06-14,314489.8
2022-06-15,326413.4
2022-06-16,338809.6
2022-06-17,351620.9
2022-06-18,364838.9
2022-06-19,378436.3
2022-06-20,392333.7
2022-06-21,406507.9
2022-06-22,420982.2
2022-06-23,435816.3
2022-06-24,451044.4
2022-06-25,466626.1
2022-06-26,482534.4
2022-06-27,498724.9
2022-06-28,515168.5
2022-06-29,531846.5
2022-06-30,520317.5
2022-07-01,509065.6
2022-07-02,498077.4
2022-07-03,487364.7
2022-07-04,477007.7
2022-07-05,467054.2
2022-07-06,457518.6
2022-07-07,448349.0
2022-07-08,439533.7
2022-07-09,431058.2
2022-07-10,422901.1
2022-07-11,415038.3
2022-07-12,426387.7
2022-07-13,438074.5
2022-07-14,450133.2
2022-07-15,462535.1
2022-07-16,475260.9
2022-07-17,488310.7
2022-07-18,501699.0
2022-07-19,515446.4
2022-07-20,529609.5
2022-07-21,544202.4
2022-07-22,559206.5
2022-07-23,574724.6
2022-07-24,590706.8
2022-07-25,607196.2
2022-07-26,603023.5
2022-07-27,599024.8
2022-07-28,595223.8
2022-07-29,591619.9
2022-07-30,588209.0
2022-07-31,584989.3
2022-08-01,581964.9
2022-08-02,579125.9
2022-08-03,576420.8
2022-08-04,593755.9
2022-08-05,611540.4
2022-08-06,629630.8
2022-08-07,647973.2
2022-08-08,666661.9
2022-08-09,685708.1
2022-08-10,705063.1
2022-08-11,694187.4
2022-08-12,683656.7
2022-08-13,673518.2
2022-08-14,663687.4
2022-08-15,654101.6
2022-08-16,644830.1
2022-08-17,635831.8
2022-08-18,624269.2
2022-08-19,612913.0
2022-08-20,601859.5
2022-08-21,591250.3
2022-08-22,581091.3
2022-08-23,571832.7
2022-08-24,562653.2
2022-08-25,553560.9
2022-08-26,544582.1
2022-08-27,535791.0
2022-08-28,527261.2
2022-08-29,519020.3
2022-08-30,501028.6
2022-08-31,483432.4
2022-09-01,466263.1
2022-09-02,449676.8
2022-09-03,433945.9
2022-09-04,418904.0
2022-09-05,404520.5
2022-09-06,390999.8
2022-09-07,378432.9
2022-09-08,406552.1
2022-09-09,437842.9
2022-09-10,471607.3
2022-09-11,507291.5
2022-09-12,544315.4
2022-09-13,533943.6
2022-09-14,523653.5
2022-09-15,513474.0
2022-09-16,503437.2
2022-09-17,493549.3
2022-09-18,483794.6
2022-09-19,474193.2
2022-09-20,464747.0
2022-09-21,455467.4
2022-09-22,446366.3
2022-09-23,437429.0
2022-09-24,433118.7
2022-09-25,430598.7
2022-09-26,430189.1
2022-09-27,444850.2
2022-09-28,460044.6
2022-09-29,475691.1
2022-09-30,491782.1
2022-10-01,508286.7
2022-10-02,525124.3
2022-10-03,542278.8
2022-10-04,559654.9
2022-10-05,577194.2
2022-10-06,574997.4
2022-10-07,572866.2
2022-10-08,570810.9
2022-10-09,568838.0
2022-10-10,566982.1
2022-10-11,565327.9
2022-10-12,563748.4
2022-10-13,562328.9
2022-10-14,561061.3
2022-10-15,559920.9
2022-10-16,558875.1
2022-10-17,557909.4
2022-10-18,557237.9
2022-10-19,556937.7
2022-10-20,557014.1
2022-10-21,557502.6
2022-10-22,558406.3
2022-10-23,559608.1
2022-10-24,561063.9
2022-10-25,540038.7
2022-10-26,520604.2
2022-10-27,503915.9
2022-10-28,489162.9
2022-10-29,476471.6
2022-10-30,465930.7
2022-10-31,457537.3
2022-11-01,366885.5
2022-11-02,303348.2
2022-11-03,321254.4
2022-11-04,340445.9
2022-11-05,360945.1
2022-11-06,382382.0
2022-11-07,404609.9
2022-11-08,427684.5
2022-11-09,451695.4
2022-11-10,476753.8
2022-11-11,502783.4
2022-11-12,529648.6
2022-11-13,557371.7
2022-11-14,585980.5
2022-11-15,615049.9
2022-11-16,644500.8
2022-11-17,629102.2
2022-11-18,613775.4
2022-11-19,598528.4
2022-11-20,583358.5
2022-11-21,568255.8
2022-11-22,553221.5
2022-11-23,538256.2
2022-11-24,523371.3
2022-11-25,508632.2
2022-11-26,494084.6
2022-11-27,479738.0
2022-11-28,465635.9
2022-11-29,451835.9
2022-11-30,438388.2
2022-12-01,413771.6
2022-12-02,390641.4
2022-12-03,369011.3
2022-12-04,348674.0
2022-12-05,329439.0
2022-12-06,341040.9
2022-12-07,353026.3
2022-12-08,365418.1
2022-12-09,378254.6
2022-12-10,391666.8
2022-12-11,405640.4
2022-12-12,420192.7
2022-12-13,435353.2
2022-12-14,448934.0
2022-12-15,462981.3
2022-12-16,477468.0
2022-12-17,492314.2
2022-12-18,507440.6
2022-12-19,522807.0
2022-12-20,538390.8
2022-12-21,554164.2
2022-12-22,570103.7
2022-12-23,586204.8
2022-12-24,602464.3
2022-12-25,618860.8
2022-12-26,635372.1
2022-12-27,652011.2
2022-12-28,668799.8
2022-12-29,685719.4
2022-12-30,652623.8
2022-12-31,620162.7
2023-01-01,588494.5
2023-01-02,558277.3
2023-01-03,529989.0
2023-01-04,536979.8
2023-01-05,546699.4
2023-01-06,558691.0
2023-01-07,562614.3
2023-01-08,567687.4
2023-01-09,573688.5
2023-01-10,580623.6
2023-01-11,588405.7
2023-01-12,591243.8
2023-01-13,594106.5
2023-01-14,596991.6
2023-01-15,599900.9
2023-01-16,602833.7
2023-01-17,605789.9
2023-01-18,608773.9
2023-01-19,611786.7
2023-01-20,614830.6
2023-01-21,617911.9
2023-01-22,621028.2
2023-01-23,624174.5
2023-01-24,604577.5
2023-01-25,585011.7
2023-01-26,565481.8
2023-01-27,545989.4
2023-01-28,526539.7
2023-01-29,507190.6
2023-01-30,488168.8
2023-01-31,469749.5
2023-02-01,451884.2
2023-02-02,434357.4
2023-02-03,417201.8
2023-02-04,400495.0
2023-02-05,384315.9
2023-02-06,368718.0
2023-02-07,358817.6
2023-02-08,349284.1
2023-02-09,340188.2
2023-02-10,331552.5
2023-02-11,323373.4
2023-02-12,315685.7
2023-02-13,308538.7
2023-02-14,301920.1
2023-02-15,295817.9
2023-02-16,297011.9
2023-02-17,298460.0
2023-02-18,300198.7
2023-02-19,302289.9
2023-02-20,304880.9
2023-02-21,307888.2
2023-02-22,311247.0
2023-02-23,314960.2
2023-02-24,302362.5
2023-02-25,291577.0
2023-02-26,282429.0
2023-02-27,274611.1
2023-02-28,329981.8
2023-03-01,397345.2
2023-03-02,479108.9
2023-03-03,568454.0
2023-03-04,659843.1
2023-03-05,752604.8
2023-03-06,846902.3
2023-03-07,942975.8
2023-03-08,1040901.5
2023-03-09,1140801.4
2023-03-10,905818.5
2023-03-11,783492.3
2023-03-12,662467.1
2023-03-13,544137.6
2023-03-14,433833.0
2023-03-15,351110.5
2023-03-16,413028.0
2023-03-17,497340.8
2023-03-18,589653.3
2023-03-19,685759.8
2023-03-20,783654.0
2023-03-21,830995.9
2023-03-22,884455.9
2023-03-23,888837.4
2023-03-24,893323.9
2023-03-25,897924.1
2023-03-26,902638.4
2023-03-27,907470.8
2023-03-28,912422.3
2023-03-29,917477.6
2023-03-30,922629.6
2023-03-31,939398.3
2023-04-01,956512.0
2023-04-02,973952.9
2023-04-03,991849.6
2023-04-04,1010463.0
2023-04-05,1017168.0
2023-04-06,1023985.8
2023-04-07,1030929.9
2023-04-08,1038010.9
2023-04-09,1045244.5
2023-04-10,1052636.5
2023-04-11,1060192.8
2023-04-12,1050974.4
2023-04-13,1041866.6
2023-04-14,1032882.8
2023-04-15,1023997.6
2023-04-16,1015231.6
2023-04-17,1006609.3
2023-04-18,882247.0
2023-04-19,868267.5
2023-04-20,854416.8
2023-04-21,840717.1
2023-04-22,827281.8
2023-04-23,814324.4
2023-04-24,801750.8
2023-04-25,789478.9
2023-04-26,777511.9
2023-04-27,767104.3
2023-04-28,757087.1
2023-04-29,747456.7
2023-04-30,738237.9
2023-05-01,729483.8
2023-05-02,721182.8
2023-05-03,757796.0
2023-05-04,795987.2
2023-05-05,835147.7
2023-05-06,874650.8
2023-05-07,914381.8
2023-05-08,954238.4
2023-05-09,994284.4
2023-05-10,954334.9
2023-05-11,914479.8
2023-05-12,874730.9
2023-05-13,835154.6
2023-05-14,796975.3
2023-05-15,760207.9
2023-05-16,757337.4
2023-05-17,754585.2
2023-05-18,751952.2
2023-05-19,749411.8
2023-05-20,746969.5
2023-05-21,744707.7
2023-05-22,742605.3
2023-05-23,740702.3
2023-05-24,874383.3
2023-05-25,763964.8
2023-05-26,756654.9
2023-05-27,745997.1
2023-05-28,735737.8
2023-05-29,725933.9
2023-05-30,717021.5
2023-05-31,662324.9
2023-06-01,644748.3
2023-06-02,627915.8
2023-06-03,611886.9
2023-06-04,596732.6
2023-06-05,582399.5
2023-06-06,569208.4
2023-06-07,588450.9
2023-06-08,608869.8
2023-06-09,630252.5
2023-06-10,652394.7
2023-06-11,675355.0
2023-06-12,699241.1
2023-06-13,724099.2
2023-06-14,749831.7
2023-06-15,749968.1
2023-06-16,750251.2
2023-06-17,750712.8
2023-06-18,751407.6
2023-06-19,752389.5
2023-06-20,753685.3
2023-06-21,755251.2
2023-06-22,757025.7
2023-06-23,758991.8
2023-06-24,761123.5
2023-06-25,763374.9
2023-06-26,765745.5
2023-06-27,768256.0
2023-06-28,769911.0
2023-06-29,795603.0
2023-06-30,821832.1
2023-07-01,848497.3
2023-07-02,875544.2
2023-07-03,902901.9
2023-07-04,930514.8
2023-07-05,958353.5
2023-07-06,986393.4
2023-07-07,959902.3
2023-07-08,933847.7
2023-07-09,908145.0
2023-07-10,882896.9
2023-07-11,858477.0
2023-07-12,806069.9
2023-07-13,800289.1
2023-07-14,803610.6
2023-07-15,760809.8
2023-07-16,721188.0
2023-07-17,685283.0
2023-07-18,654865.5
2023-07-19,679355.7
2023-07-20,705922.4
2023-07-21,734351.6
2023-07-22,764128.9
2023-07-23,794944.8
2023-07-24,826716.1
2023-07-25,779294.9
2023-07-26,735328.9
2023-07-27,841391.1
2023-07-28,952688.2
2023-07-29,1068830.2
2023-07-30,1189085.6
2023-07-31,1313117.7
2023-08-01,935012.4
2023-08-02,594173.1
2023-08-03,618811.9
2023-08-04,644611.2
2023-08-05,671549.1
2023-08-06,699464.1
2023-08-07,728096.8
2023-08-08,715447.3
2023-08-09,703136.8
2023-08-10,691179.4
2023-08-11,679625.1
2023-08-12,668435.0
2023-08-13,657632.9
2023-08-14,647296.2
2023-08-15,573903.6
2023-08-16,511964.3
2023-08-17,512235.2
2023-08-18,513474.0
2023-08-19,515844.0
2023-08-20,519400.8
2023-08-21,524069.9
2023-08-22,543267.4
2023-08-23,564168.3
2023-08-24,586561.2
2023-08-25,610677.9
2023-08-26,651635.6
2023-08-27,700501.3
2023-08-28,755375.4
2023-08-29,378645.7
2023-08-30,491332.0
2023-08-31,374612.3
2023-09-01,292489.3
2023-09-02,332914.8
2023-09-03,380474.6
2023-09-04,435986.0
2023-09-05,498910.9
2023-09-06,567113.1
2023-09-07,537848.8
2023-09-08,510996.7
2023-09-09,486748.4
2023-09-10,465263.8
2023-09-11,446441.2
2023-09-12,425649.8
2023-09-13,405629.3
2023-09-14,386353.5
2023-09-15,367834.4
2023-09-16,350259.8
2023-09-17,333862.4
2023-09-18,318592.5
2023-09-19,344533.1
2023-09-20,372219.3
2023-09-21,401752.4
2023-09-22,433076.4
2023-09-23,466262.5
2023-09-24,501454.7
2023-09-25,538589.8
2023-09-26,461367.5
2023-09-27,400176.5
2023-09-28,374055.5
2023-09-29,350325.6
2023-09-30,329553.9
2023-10-01,311373.3
2023-10-02,295138.0
2023-10-03,322494.4
2023-10-04,351762.5
2023-10-05,383248.2
2023-10-06,416994.3
2023-10-07,453261.2
2023-10-08,492044.3
2023-10-09,533344.3
2023-10-10,577024.9
2023-10-11,530143.1
2023-10-12,487951.4
2023-10-13,450464.0
2023-10-14,417645.4
2023-10-15,389689.3
2023-10-16,367130.8
2023-10-17,385199.7
2023-10-18,406731.5
2023-10-19,431074.0
2023-10-20,458712.8
2023-10-21,489623.9
2023-10-22,523520.8
2023-10-23,560176.2
2023-10-24,542876.3
2023-10-25,526713.6
2023-10-26,511715.4
2023-10-27,497879.8
2023-10-28,485148.2
2023-10-29,473372.5
2023-10-30,462501.4
2023-10-31,435725.3
2023-11-01,410258.5
2023-11-02,386269.0
2023-11-03,363704.5
2023-11-04,342384.0
2023-11-05,322352.7
2023-11-06,303964.2
2023-11-07,325845.3
2023-11-08,349199.3
2023-11-09,373937.2
2023-11-10,400082.1
2023-11-11,427706.3
2023-11-12,457031.1
2023-11-13,488114.2
2023-11-14,475706.7
2023-11-15,463783.9
2023-11-16,452377.6
2023-11-17,441421.3
2023-11-18,430857.9
2023-11-19,420681.2
2023-11-20,410916.1
2023-11-21,347071.6
2023-11-22,294997.1
2023-11-23,299504.6
2023-11-24,304355.0
2023-11-25,309507.4
2023-11-26,314897.3
2023-11-27,320547.2
2023-11-28,336359.8
2023-11-29,353096.6
2023-11-30,370926.0
2023-12-01,390056.3
2023-12-02,410749.9
2023-12-03,433204.7
2023-12-04,457516.5
2023-12-05,416519.5
2023-12-06,379414.9
2023-12-07,345550.3
2023-12-08,314669.7
2023-12-09,286771.0
2023-12-10,261467.4
2023-12-11,238918.0
2023-12-12,263900.4
2023-12-13,291780.2
2023-12-14,322860.8
2023-12-15,357573.9
2023-12-16,396003.5
2023-12-17,438130.9
2023-12-18,484307.2
2023-12-19,413304.3
2023-12-20,356295.4
2023-12-21,386133.7
2023-12-22,419019.4
2023-12-23,454780.3
2023-12-24,493527.7
2023-12-25,535928.5
2023-12-26,581502.9
2023-12-27,562549.0
2023-12-28,544265.8
2023-12-29,526741.8
2023-12-30,510001.1
2023-12-31,494105.9
2024-01-01,478966.1
2024-01-02,464681.3
2024-01-03,451282.9
2024-01-04,441204.3
2024-01-05,431802.1
2024-01-06,423137.5
2024-01-07,415225.1
2024-01-08,408069.7
2024-01-09,401731.8
2024-01-10,396077.2
2024-01-11,399166.2
2024-01-12,402843.1
2024-01-13,407255.1
2024-01-14,412331.1
2024-01-15,418025.4
2024-01-16,424267.9
2024-01-17,431008.5
2024-01-18,422080.2
2024-01-19,415556.8
2024-01-20,410915.5
2024-01-21,407903.4
2024-01-22,406507.0
2024-01-23,403224.6
2024-01-24,400606.7
2024-01-25,398603.2
2024-01-26,397096.1
2024-01-27,396039.0
2024-01-28,395537.7
2024-01-29,395712.8
2024-01-30,399190.1
2024-01-31,403412.5
2024-02-01,408492.8
2024-02-02,414596.6
2024-02-03,422389.1
2024-02-04,432122.2
2024-02-05,442740.8
2024-02-06,463939.9
2024-02-07,486816.0
2024-02-08,511480.8
2024-02-09,537284.1
2024-02-10,564104.6
2024-02-11,591766.1
2024-02-12,620116.7
2024-02-13,556540.6
2024-02-14,511749.2
2024-02-15,502881.4
2024-02-16,494544.0
2024-02-17,486774.0
2024-02-18,479625.1
2024-02-19,472818.8
2024-02-20,466186.2
2024-02-21,472501.0
2024-02-22,478914.7
2024-02-23,485429.9
2024-02-24,492076.9
2024-02-25,498898.2
2024-02-26,505955.9
2024-02-27,561425.6
2024-02-28,617558.1
2024-02-29,579609.1
2024-03-01,542240.7
2024-03-02,505469.2
2024-03-03,469311.3
2024-03-04,434039.1
2024-03-05,437853.3
2024-03-06,441955.6
2024-03-07,446292.9
2024-03-08,450831.5
2024-03-09,455584.3
2024-03-10,460548.8
2024-03-11,465749.3
2024-03-12,489248.7
2024-03-13,513700.6
2024-03-14,539293.5
2024-03-15,565710.7
2024-03-16,592503.2
2024-03-17,619614.2
2024-03-18,646989.5
2024-03-19,674598.9
2024-03-20,702432.3
2024-03-21,652572.9
2024-03-22,604330.0
2024-03-23,560277.8
2024-03-24,520918.7
2024-03-25,485852.0
2024-03-26,524746.4
2024-03-27,566551.0
2024-03-28,611020.3
2024-03-29,658340.9
2024-03-30,707353.8
2024-03-31,757415.4
2024-04-01,808330.2
2024-04-02,859713.1
2024-04-03,911551.9
2024-04-04,926315.2
2024-04-05,941208.3
2024-04-06,956270.7
2024-04-07,971517.4
2024-04-08,986959.6
2024-04-09,981294.0
2024-04-10,975721.7
2024-04-11,970235.8
2024-04-12,964821.2
2024-04-13,959482.8
2024-04-14,954234.8
2024-04-15,949066.9
2024-04-16,932081.8
2024-04-17,915379.7
2024-04-18,898950.7
2024-04-19,882683.9
2024-04-20,866585.7
2024-04-21,850644.8
2024-04-22,834878.4
2024-04-23,819353.2
2024-04-24,804180.1
2024-04-25,817160.1
2024-04-26,830622.8
2024-04-27,844385.0
2024-04-28,858385.1
2024-04-29,872732.9
2024-04-30,917951.1
2024-05-01,964250.3
2024-05-02,910297.5
2024-05-03,745460.7
2024-05-04,742801.3
2024-05-05,741481.2
2024-05-06,742159.6
2024-05-07,754314.1
2024-05-08,876452.6
2024-05-09,764523.5
2024-05-10,775745.4
2024-05-11,728316.2
2024-05-12,683718.2
2024-05-13,644045.9
2024-05-14,687749.4
2024-05-15,689723.0
2024-05-16,683720.7
2024-05-17,678847.8
2024-05-18,674984.9
2024-05-19,671912.9
2024-05-20,669717.3
2024-05-21,668129.5
2024-05-22,667012.8
2024-05-23,712305.9
2024-05-24,761041.4
2024-05-25,696987.3
2024-05-26,634134.2
2024-05-27,575967.4
2024-05-28,532023.8
2024-05-29,513507.3
2024-05-30,590015.0
2024-05-31,682306.1
2024-06-01,686532.5
2024-06-02,692899.8
2024-06-03,702951.8
2024-06-04,635390.4
2024-06-05,577204.9
2024-06-06,540941.8
2024-06-07,505861.9
2024-06-08,472611.3
2024-06-09,442241.0
2024-06-10,415623.8
2024-06-11,392530.0
2024-06-12,397658.8
2024-06-13,402954.4
2024-06-14,408402.7
2024-06-15,413998.6
2024-06-16,419743.1
2024-06-17,425611.8
2024-06-18,431620.0
2024-06-19,437800.1
2024-06-20,444149.0
2024-06-21,450675.7
2024-06-22,461147.7
2024-06-23,473028.0
2024-06-24,486110.8
2024-06-25,495492.4
2024-06-26,505364.7
2024-06-27,515756.1
2024-06-28,526527.4
2024-06-29,537597.2
2024-06-30,548922.3
2024-07-01,560420.2
2024-07-02,572013.5
2024-07-03,583660.1
2024-07-04,595346.9
2024-07-05,607065.1
2024-07-06,618812.4
2024-07-07,630589.6
2024-07-08,642399.9
2024-07-09,654244.8
2024-07-10,666125.9
2024-07-11,655844.3
2024-07-12,645578.7
2024-07-13,635329.7
2024-07-14,625096.4
2024-07-15,614880.5
2024-07-16,604681.4
2024-07-17,594500.0
2024-07-18,584336.7
2024-07-19,574192.3
2024-07-20,564071.9
2024-07-21,553982.3
2024-07-22,543930.3
2024-07-23,533927.9
2024-07-24,523976.4
2024-07-25,514110.6
2024-07-26,504350.2
2024-07-27,494729.5
2024-07-28,485267.2
2024-07-29,475956.2
2024-07-30,466819.6
2024-07-31,457846.3
2024-08-01,449045.6
2024-08-02,440462.4
2024-08-03,432131.0
2024-08-04,424098.5
2024-08-05,416280.3
2024-08-06,430876.6
2024-08-07,446386.1
2024-08-08,462710.8
2024-08-09,479596.2
2024-08-10,496925.4
2024-08-11,514622.9
2024-08-12,532582.1
2024-08-13,525085.8
2024-08-14,517812.5
2024-08-15,510800.0
2024-08-16,504100.7
2024-08-17,497956.0
2024-08-18,492661.8
2024-08-19,488071.3
2024-08-20,491903.1
2024-08-21,496394.9
2024-08-22,501618.5
2024-08-23,507287.6
2024-08-24,513252.8
2024-08-25,519403.6
2024-08-26,525720.5
2024-08-27,506286.3
2024-08-28,487143.1
2024-08-29,468323.5
2024-08-30,449936.2
2024-08-31,432024.4
2024-09-01,414795.7
2024-09-02,398530.2
2024-09-03,383322.5
2024-09-04,369095.7
2024-09-05,399878.1
2024-09-06,434812.9
2024-09-07,472689.3
2024-09-08,512130.8
2024-09-09,552554.3
2024-09-10,593929.7
2024-09-11,607720.0
2024-09-12,623703.5
2024-09-13,629616.8
2024-09-14,635761.7
2024-09-15,642038.6
2024-09-16,648405.3
2024-09-17,654847.0
2024-09-18,661355.1
2024-09-19,667921.2
2024-09-20,674540.2
2024-09-21,681203.6
2024-09-22,687910.7
2024-09-23,694687.5
2024-09-24,693643.0
2024-09-25,692749.9
2024-09-26,692045.6
2024-09-27,691563.3
2024-09-28,691357.7
2024-09-29,691492.2
2024-09-30,692130.8
2024-10-01,665463.8
2024-10-02,639084.9
2024-10-03,612937.6
2024-10-04,587034.9
2024-10-05,561474.8
2024-10-06,536234.7
2024-10-07,511351.2
2024-10-08,510417.2
2024-10-09,509606.4
2024-10-10,508900.8
2024-10-11,508291.2
2024-10-12,507794.9
2024-10-13,507463.2
2024-10-14,507287.1
2024-10-15,507253.7
2024-10-16,507354.6
2024-10-17,557145.6
2024-10-18,609311.2
2024-10-19,662517.6
2024-10-20,716370.6
2024-10-21,770772.1
2024-10-22,756309.7
2024-10-23,741947.3
2024-10-24,727706.8
2024-10-25,713600.1
2024-10-26,699630.2
2024-10-27,685858.3
2024-10-28,672252.1
2024-10-29,677315.9
2024-10-30,682483.1
2024-10-31,687791.6
2024-11-01,693302.1
2024-11-02,699078.5
2024-11-03,705237.1
2024-11-04,711787.6
2024-11-05,677992.3
2024-11-06,644572.9
2024-11-07,611530.8
2024-11-08,579237.7
2024-11-09,547764.2
2024-11-10,517148.5
2024-11-11,487559.4
2024-11-12,459177.1
2024-11-13,517862.2
2024-11-14,581046.1
2024-11-15,647821.9
2024-11-16,716611.0
2024-11-17,786305.4
2024-11-18,856804.7
2024-11-19,824810.5
2024-11-20,793066.4
2024-11-21,761507.3
2024-11-22,730124.9
2024-11-23,699168.4
2024-11-24,668850.1
2024-11-25,639246.9
2024-11-26,667661.8
2024-11-27,696454.3
2024-11-28,725507.6
2024-11-29,754784.9
2024-11-30,784285.2
2024-12-01,813878.7
2024-12-02,843532.9
2024-12-03,834217.5
2024-12-04,824989.1
2024-12-05,815818.3
2024-12-06,806687.1
2024-12-07,797587.3
2024-12-08,788517.2
2024-12-09,779485.3
2024-12-10,784187.1
2024-12-11,788934.6
2024-12-12,793726.6
2024-12-13,798571.2
2024-12-14,803494.4
2024-12-15,808556.0
2024-12-16,813729.8
2024-12-17,804833.0
2024-12-18,796219.5
2024-12-19,765189.7
2024-12-20,734324.4
2024-12-21,703706.7
2024-12-22,673405.7
2024-12-23,643401.7
2024-12-24,613670.5
2024-12-25,584216.7
2024-12-26,555075.2
2024-12-27,526340.6
2024-12-28,498180.9
2024-12-29,470737.7
2024-12-30,444215.2
2024-12-31,496608.6
2025-01-01,550984.5
2025-01-02,606599.2
2025-01-03,663122.9
2025-01-04,720128.1
2025-01-05,777496.7
2025-01-06,835176.2
2025-01-07,849183.7
2025-01-08,863279.8
2025-01-09,877423.2
2025-01-10,891613.6
2025-01-11,905854.5
2025-01-12,920136.4
2025-01-13,934449.2
2025-01-14,948798.8
2025-01-15,963198.4
2025-01-16,936508.0
2025-01-17,909827.3
2025-01-18,883155.5
2025-01-19,856493.7
2025-01-20,829842.3
2025-01-21,803201.2
2025-01-22,776570.3
2025-01-23,749949.8
2025-01-24,723341.1
2025-01-25,696748.6
2025-01-26,670188.0
2025-01-27,643737.6
2025-01-28,723976.4
2025-01-29,805130.8
2025-01-30,796398.9
2025-01-31,787697.8
2025-02-01,779022.1
2025-02-02,770373.5
2025-02-03,761769.5
2025-02-04,753242.1
2025-02-05,744837.0
2025-02-06,776674.0
2025-02-07,808663.9
2025-02-08,840777.7
2025-02-09,872973.9
2025-02-10,905202.7
2025-02-11,937458.3
2025-02-12,969753.8
2025-02-13,1002107.9
2025-02-14,1034518.2
2025-02-15,951822.1
2025-02-16,869417.5
2025-02-17,787765.9
2025-02-18,707877.5
2025-02-19,700082.2
2025-02-20,692484.8
2025-02-21,685121.5
2025-02-22,677975.5
2025-02-23,671008.8
2025-02-24,664226.5
2025-02-25,657611.8
2025-02-26,651134.8
2025-02-27,644765.2
2025-02-28,645810.2
2025-03-01,646908.8
2025-03-02,648040.8
2025-03-03,649207.2
2025-03-04,650401.1
2025-03-05,651617.3
2025-03-06,652865.1
2025-03-07,654156.4
2025-03-08,655553.8
2025-03-09,657088.3
2025-03-10,658782.5
2025-03-11,683279.9
2025-03-12,708607.7
2025-03-13,734497.0
2025-03-14,700293.9
2025-03-15,666971.1
2025-03-16,634737.1
2025-03-17,603891.9
2025-03-18,395574.0
2025-03-19,303229.4
2025-03-20,741994.0
2025-03-21,697797.6
2025-03-22,654458.1
2025-03-23,613392.8
2025-03-24,579135.3
2025-03-25,597078.3
2025-03-26,623798.2
2025-03-27,690445.8
2025-03-28,759092.0
2025-03-29,754597.2
2025-03-30,750240.4
2025-03-31,745956.0
2025-04-01,741747.5
2025-04-02,737727.4
2025-04-03,734071.4
2025-04-04,734071.4
2025-04-05,734071.4
2025-04-06,734071.4
2025-04-07,734071.4
2025-04-08,734071.4
2025-04-09,734071.4
2025-04-10,734071.4
