2012-01-01,0.0
2012-01-02,0.0
2012-01-03,2695697.2
2012-01-04,2702112.6
2012-01-05,2803076.8
2012-01-06,2772894.2
2012-01-07,2742711.6
2012-01-08,2712529.0
2012-01-09,2682346.4
2012-01-10,2652175.4
2012-01-11,2622080.6
2012-01-12,2601686.4
2012-01-13,2581298.2
2012-01-14,2560915.8
2012-01-15,2540538.5
2012-01-16,2520166.2
2012-01-17,2499798.8
2012-01-18,2660780.5
2012-01-19,2351892.8
2012-01-20,2441838.1
2012-01-21,2532212.2
2012-01-22,2623010.6
2012-01-23,2714499.9
2012-01-24,2807096.3
2012-01-25,2775039.0
2012-01-26,2749126.4
2012-01-27,2723213.7
2012-01-28,2732270.9
2012-01-29,2780498.9
2012-01-30,2539052.0
2012-01-31,2655628.5
2012-02-01,2821102.4
2012-02-02,2811039.5
2012-02-03,2860423.0
2012-02-04,2909806.4
2012-02-05,2870145.8
2012-02-06,2863634.8
2012-02-07,2857123.9
2012-02-08,2850613.0
2012-02-09,3028926.5
2012-02-10,3018526.7
2012-02-11,2781224.8
2012-02-12,2927711.6
2012-02-13,2864234.4
2012-02-14,2771439.2
2012-02-15,2957493.2
2012-02-16,2994584.9
2012-02-17,3031676.6
2012-02-18,3068768.2
2012-02-19,3040056.3
2012-02-20,3011344.3
2012-02-21,2982632.3
2012-02-22,2953920.3
2012-02-23,2925208.4
2012-02-24,2896496.4
2012-02-25,2867784.4
2012-02-26,2839072.4
2012-02-27,2879450.6
2012-02-28,2919828.9
2012-02-29,2960207.1
2012-03-01,3000585.3
2012-03-02,3040963.5
2012-03-03,3081341.7
2012-03-04,3038320.2
2012-03-05,2929226.8
2012-03-06,2929256.6
2012-03-07,2993898.1
2012-03-08,2951953.5
2012-03-09,2910008.9
2012-03-10,2868064.3
2012-03-11,2842945.8
2012-03-12,2863642.8
2012-03-13,2884339.8
2012-03-14,2905036.8
2012-03-15,2136442.5
2012-03-16,2329123.4
2012-03-17,2524561.4
2012-03-18,2722160.0
2012-03-19,2920186.7
2012-03-20,3118213.3
2012-03-21,3116146.9
2012-03-22,3114080.4
2012-03-23,3112013.9
2012-03-24,3109947.5
2012-03-25,3107881.0
2012-03-26,3105814.5
2012-03-27,3103748.0
2012-03-28,3096226.0
2012-03-29,3088703.9
2012-03-30,3091487.0
2012-03-31,3094270.2
2012-04-01,3097053.3
2012-04-02,3099836.4
2012-04-03,3102619.6
2012-04-04,2991693.4
2012-04-05,2880767.2
2012-04-06,3074241.6
2012-04-07,3057691.6
2012-04-08,3041141.6
2012-04-09,3024591.6
2012-04-10,3032924.7
2012-04-11,3041257.9
2012-04-12,3045809.3
2012-04-13,3050360.7
2012-04-14,3054912.1
2012-04-15,3038323.0
2012-04-16,3021733.8
2012-04-17,3005144.7
2012-04-18,2922877.0
2012-04-19,2840613.9
2012-04-20,2902633.6
2012-04-21,2964657.9
2012-04-22,3026682.2
2012-04-23,3088706.5
2012-04-24,3150730.7
2012-04-25,2863408.9
2012-04-26,2969781.4
2012-04-27,3076153.9
2012-04-28,3074724.3
2012-04-29,3028171.1
2012-04-30,2981617.9
2012-05-01,3043083.8
2012-05-02,3174171.0
2012-05-03,3005087.1
2012-05-04,3035701.7
2012-05-05,3066316.2
2012-05-06,3096930.8
2012-05-07,3127545.3
2012-05-08,3158159.9
2012-05-09,3041969.3
2012-05-10,2925778.8
2012-05-11,2968917.3
2012-05-12,3012055.8
2012-05-13,3055194.3
2012-05-14,3098332.8
2012-05-15,3141471.2
2012-05-16,3212047.8
2012-05-17,3159119.1
2012-05-18,3065611.5
2012-05-19,3101698.2
2012-05-20,3038935.6
2012-05-21,3096011.8
2012-05-22,3153172.0
2012-05-23,3304786.8
2012-05-24,3326610.8
2012-05-25,3236546.6
2012-05-26,3232997.7
2012-05-27,3229448.9
2012-05-28,3225900.0
2012-05-29,3222351.1
2012-05-30,3239243.7
2012-05-31,3422595.9
2012-06-01,3418560.3
2012-06-02,3286138.2
2012-06-03,3153716.1
2012-06-04,3021294.0
2012-06-05,3021125.2
2012-06-06,3316738.6
2012-06-07,3207627.8
2012-06-08,3098516.9
2012-06-09,3087688.7
2012-06-10,3076860.6
2012-06-11,3066032.4
2012-06-12,3055204.3
2012-06-13,3044376.1
2012-06-14,3151460.5
2012-06-15,3258544.9
2012-06-16,3257982.5
2012-06-17,3257420.1
2012-06-18,3256857.7
2012-06-19,3267153.1
2012-06-20,3277448.5
2012-06-21,3285664.0
2012-06-22,3293879.4
2012-06-23,3302094.9
2012-06-24,3310310.4
2012-06-25,3318525.8
2012-06-26,3326741.3
2012-06-27,3291271.3
2012-06-28,3255801.3
2012-06-29,3166195.5
2012-06-30,3076589.6
2012-07-01,2986983.8
2012-07-02,2897378.0
2012-07-03,2971304.2
2012-07-04,2934949.7
2012-07-05,2898595.3
2012-07-06,2876012.1
2012-07-07,2896487.7
2012-07-08,2916963.3
2012-07-09,2937438.9
2012-07-10,2915225.5
2012-07-11,2945422.3
2012-07-12,2975619.1
2012-07-13,3005815.9
2012-07-14,3036012.7
2012-07-15,3066209.5
2012-07-16,3096406.3
2012-07-17,3126603.1
2012-07-18,2966422.2
2012-07-19,2806241.2
2012-07-20,2854839.4
2012-07-21,2903437.7
2012-07-22,2952035.9
2012-07-23,3000634.2
2012-07-24,3049232.4
2012-07-25,2827901.4
2012-07-26,2856780.2
2012-07-27,2885659.1
2012-07-28,2914537.9
2012-07-29,2943416.7
2012-07-30,2972295.5
2012-07-31,3001174.4
2012-08-01,3029820.7
2012-08-02,3058466.9
2012-08-03,3071127.3
2012-08-04,3083787.7
2012-08-05,3096448.1
2012-08-06,3109108.5
2012-08-07,3121768.9
2012-08-08,3134429.3
2012-08-09,3065156.3
2012-08-10,2995883.2
2012-08-11,2926610.2
2012-08-12,2857337.1
2012-08-13,2788064.1
2012-08-14,2869059.4
2012-08-15,2950054.8
2012-08-16,3031050.1
2012-08-17,3037731.6
2012-08-18,3044413.1
2012-08-19,3051094.7
2012-08-20,3057776.2
2012-08-21,3064457.7
2012-08-22,3061398.5
2012-08-23,3058339.2
2012-08-24,3055280.0
2012-08-25,3052220.7
2012-08-26,3049161.5
2012-08-27,3046102.2
2012-08-28,3043042.9
2012-08-29,3039983.7
2012-08-30,3036924.4
2012-08-31,3033865.2
2012-09-01,3030805.9
2012-09-02,3027746.7
2012-09-03,3024687.4
2012-09-04,3021628.2
2012-09-05,3018568.9
2012-09-06,3015509.7
2012-09-07,3012450.4
2012-09-08,3009391.1
2012-09-09,3006331.9
2012-09-10,3003272.6
2012-09-11,3000213.4
2012-09-12,3000238.4
2012-09-13,3000263.5
2012-09-14,2911087.9
2012-09-15,2821912.3
2012-09-16,2732736.7
2012-09-17,2643561.1
2012-09-18,2815150.5
2012-09-19,2986739.8
2012-09-20,2985640.4
2012-09-21,2984540.9
2012-09-22,2983441.5
2012-09-23,2982342.0
2012-09-24,2981242.5
2012-09-25,2980143.1
2012-09-26,2856533.2
2012-09-27,2732923.3
2012-09-28,2722706.5
2012-09-29,2712489.6
2012-09-30,2702272.7
2012-10-01,2692055.8
2012-10-02,2681838.9
2012-10-03,2688740.1
2012-10-04,2695641.2
2012-10-05,2702542.3
2012-10-06,2709443.5
2012-10-07,2716344.6
2012-10-08,2723245.8
2012-10-09,2730146.9
2012-10-10,2737048.1
2012-10-11,2743949.2
2012-10-12,2750850.4
2012-10-13,2757751.5
2012-10-14,2764652.7
2012-10-15,2771553.8
2012-10-16,2778454.9
2012-10-17,2785356.1
2012-10-18,2823997.4
2012-10-19,2862638.6
2012-10-20,2901279.9
2012-10-21,2939921.2
2012-10-22,2978562.5
2012-10-23,3017203.7
2012-10-24,2980380.8
2012-10-25,2943557.9
2012-10-26,2906735.0
2012-10-27,2869912.1
2012-10-28,2833089.3
2012-10-29,2796266.4
2012-10-30,2759443.5
2012-10-31,2722620.6
2012-11-01,2727435.9
2012-11-02,2732251.3
2012-11-03,2737066.6
2012-11-04,2741882.0
2012-11-05,2746697.3
2012-11-06,2751512.6
2012-11-07,2749606.1
2012-11-08,2747699.6
2012-11-09,2732321.2
2012-11-10,2716942.7
2012-11-11,2701564.2
2012-11-12,2686185.7
2012-11-13,2670807.3
2012-11-14,2655428.8
2012-11-15,2685318.6
2012-11-16,2715208.5
2012-11-17,2745098.3
2012-11-18,2774988.1
2012-11-19,2804878.0
2012-11-20,2834767.8
2012-11-21,2812789.6
2012-11-22,2790811.5
2012-11-23,2768833.3
2012-11-24,2746855.1
2012-11-25,2724876.9
2012-11-26,2702898.7
2012-11-27,2680920.5
2012-11-28,2743425.8
2012-11-29,2805931.1
2012-11-30,2792257.2
2012-12-01,2778583.4
2012-12-02,2764909.6
2012-12-03,2751235.8
2012-12-04,2737562.0
2012-12-05,2841086.7
2012-12-06,2944611.3
2012-12-07,2903088.1
2012-12-08,2861564.9
2012-12-09,2820041.7
2012-12-10,2778518.5
2012-12-11,2736995.2
2012-12-12,2786860.5
2012-12-13,2836725.9
2012-12-14,2848262.4
2012-12-15,2859798.9
2012-12-16,2871335.4
2012-12-17,2882871.9
2012-12-18,2894408.4
2012-12-19,2888526.5
2012-12-20,2882644.6
2012-12-21,2876762.8
2012-12-22,2870880.9
2012-12-23,2864999.0
2012-12-24,2859117.1
2012-12-25,2853235.2
2012-12-26,2847353.3
2012-12-27,2841471.4
2012-12-28,2854772.8
2012-12-29,2868074.3
2012-12-30,2881375.7
2012-12-31,2894677.1
2013-01-01,2907978.5
2013-01-02,2921280.0
2013-01-03,2908204.0
2013-01-04,2895128.1
2013-01-05,2882052.1
2013-01-06,2868976.2
2013-01-07,2855900.3
2013-01-08,2842824.3
2013-01-09,2877658.6
2013-01-10,2912492.9
2013-01-11,2947327.2
2013-01-12,2982161.6
2013-01-13,3016995.9
2013-01-14,3051830.2
2013-01-15,3086664.5
2013-01-16,3121498.8
2013-01-17,3049655.0
2013-01-18,2977811.2
2013-01-19,2958812.4
2013-01-20,2939813.6
2013-01-21,2920814.8
2013-01-22,2901816.0
2013-01-23,2915947.6
2013-01-24,2930079.1
2013-01-25,2944210.7
2013-01-26,2958342.3
2013-01-27,2972473.8
2013-01-28,2986605.4
2013-01-29,3000736.9
2013-01-30,3014868.5
2013-01-31,3029000.0
2013-02-01,3008947.6
2013-02-02,2988895.1
2013-02-03,2968842.6
2013-02-04,2948790.1
2013-02-05,2928737.6
2013-02-06,2925284.6
2013-02-07,2921831.7
2013-02-08,2918378.7
2013-02-09,2914925.8
2013-02-10,2911472.8
2013-02-11,2908019.8
2013-02-12,2904566.9
2013-02-13,2901113.9
2013-02-14,2914963.2
2013-02-15,2928812.5
2013-02-16,2926080.7
2013-02-17,2923348.9
2013-02-18,2920617.0
2013-02-19,2917885.2
2013-02-20,2915153.4
2013-02-21,2928819.1
2013-02-22,2906471.0
2013-02-23,2884122.9
2013-02-24,2861774.7
2013-02-25,2839426.6
2013-02-26,2817078.4
2013-02-27,2930930.5
2013-02-28,2896794.9
2013-03-01,2892196.5
2013-03-02,2887598.2
2013-03-03,2882999.8
2013-03-04,2878401.5
2013-03-05,2873803.1
2013-03-06,2946867.8
2013-03-07,2999522.8
2013-03-08,3052177.7
2013-03-09,3087192.0
2013-03-10,3122206.4
2013-03-11,3157220.7
2013-03-12,3192235.0
2013-03-13,3167888.9
2013-03-14,3145768.4
2013-03-15,3145773.2
2013-03-16,3145778.0
2013-03-17,3145782.8
2013-03-18,3145787.6
2013-03-19,3145792.4
2013-03-20,3159357.9
2013-03-21,3172923.4
2013-03-22,3186488.9
2013-03-23,3200054.4
2013-03-24,3213619.9
2013-03-25,3227185.4
2013-03-26,3240750.9
2013-03-27,3254316.4
2013-03-28,3210182.3
2013-03-29,3166048.1
2013-03-30,3121914.0
2013-03-31,3077779.9
2013-04-01,3033645.7
2013-04-02,3034127.0
2013-04-03,3044186.4
2013-04-04,3054245.8
2013-04-05,3064305.1
2013-04-06,3074364.5
2013-04-07,3084423.8
2013-04-08,3094483.2
2013-04-09,3104542.6
2013-04-10,3114601.9
2013-04-11,3114077.1
2013-04-12,3113552.4
2013-04-13,3113027.6
2013-04-14,3112502.8
2013-04-15,3111978.0
2013-04-16,3111453.2
2013-04-17,3110928.5
2013-04-18,3110403.7
2013-04-19,3109878.9
2013-04-20,3109354.1
2013-04-21,3108829.3
2013-04-22,3108304.5
2013-04-23,3107779.8
2013-04-24,3136984.8
2013-04-25,3166189.8
2013-04-26,3195394.8
2013-04-27,3224599.8
2013-04-28,3253804.8
2013-04-29,3283009.8
2013-04-30,3312214.8
2013-05-01,3135299.2
2013-05-02,2958383.6
2013-05-03,2982367.2
2013-05-04,3006350.9
2013-05-05,3030334.6
2013-05-06,3054318.3
2013-05-07,3078302.0
2013-05-08,3367097.9
2013-05-09,3325134.6
2013-05-10,3283171.2
2013-05-11,3241207.9
2013-05-12,3199244.5
2013-05-13,3157281.2
2013-05-14,3115317.8
2013-05-15,3385071.8
2013-05-16,3389092.0
2013-05-17,3404799.9
2013-05-18,3420507.9
2013-05-19,3436215.8
2013-05-20,3451923.7
2013-05-21,3467631.7
2013-05-22,3200704.5
2013-05-23,3355796.2
2013-05-24,3329247.4
2013-05-25,3302698.6
2013-05-26,3276149.7
2013-05-27,3249600.9
2013-05-28,3223052.0
2013-05-29,3196503.2
2013-05-30,3169954.4
2013-05-31,3201768.1
2013-06-01,3233581.8
2013-06-02,3265395.5
2013-06-03,3297209.2
2013-06-04,3329023.0
2013-06-05,3296605.8
2013-06-06,3264317.5
2013-06-07,3264309.3
2013-06-08,3264413.2
2013-06-09,3264525.5
2013-06-10,3264637.9
2013-06-11,3264750.2
2013-06-12,3364912.1
2013-06-13,3230680.8
2013-06-14,3271118.1
2013-06-15,3311555.3
2013-06-16,3351992.6
2013-06-17,3392429.9
2013-06-18,3432867.2
2013-06-19,3340073.1
2013-06-20,3558935.8
2013-06-21,3046152.9
2013-06-22,2971177.0
2013-06-23,2896240.2
2013-06-24,2821361.2
2013-06-25,3584047.3
2013-06-26,3216843.2
2013-06-27,3342698.0
2013-06-28,3300384.1
2013-06-29,3258070.2
2013-06-30,3215756.6
2013-07-01,3173547.3
2013-07-02,3131523.0
2013-07-03,3354024.7
2013-07-04,3279064.8
2013-07-05,3204105.0
2013-07-06,3129145.1
2013-07-07,3054185.2
2013-07-08,2979226.1
2013-07-09,2904475.7
2013-07-10,3101392.2
2013-07-11,3298519.0
2013-07-12,3269672.4
2013-07-13,3240825.9
2013-07-14,3211979.4
2013-07-15,3183132.8
2013-07-16,3154286.3
2013-07-17,3127342.4
2013-07-18,3100398.5
2013-07-19,3111521.8
2013-07-20,3122645.1
2013-07-21,3133768.4
2013-07-22,3144891.7
2013-07-23,3156015.0
2013-07-24,3075038.7
2013-07-25,3096329.8
2013-07-26,3125229.1
2013-07-27,3123866.9
2013-07-28,3122504.6
2013-07-29,3121142.4
2013-07-30,3119780.2
2013-07-31,3322494.8
2013-08-01,3353647.1
2013-08-02,3302928.9
2013-08-03,3179654.2
2013-08-04,3056379.5
2013-08-05,2933104.7
2013-08-06,3181147.1
2013-08-07,2937698.4
2013-08-08,3232338.9
2013-08-09,3257128.0
2013-08-10,3217870.8
2013-08-11,3178613.7
2013-08-12,3139356.6
2013-08-13,3100099.5
2013-08-14,3071517.0
2013-08-15,3042934.6
2013-08-16,3391070.9
2013-08-17,3393362.7
2013-08-18,3395654.6
2013-08-19,3397946.5
2013-08-20,3400238.3
2013-08-21,3322577.8
2013-08-22,3178471.0
2013-08-23,3268306.4
2013-08-24,3358141.8
2013-08-25,3447977.2
2013-08-26,3537812.5
2013-08-27,3627647.9
2013-08-28,3604719.6
2013-08-29,3581791.4
2013-08-30,3535110.5
2013-08-31,3457608.5
2013-09-01,3380106.4
2013-09-02,3302604.4
2013-09-03,3225102.3
2013-09-04,3426592.6
2013-09-05,3164867.6
2013-09-06,3179790.7
2013-09-07,3194713.8
2013-09-08,3209637.5
2013-09-09,3224562.7
2013-09-10,3380593.4
2013-09-11,3383216.6
2013-09-12,3385839.8
2013-09-13,3103616.0
2013-09-14,3062956.7
2013-09-15,3022317.4
2013-09-16,2981711.1
2013-09-17,2980429.3
2013-09-18,2979174.3
2013-09-19,3256547.4
2013-09-20,3273792.3
2013-09-21,3291037.2
2013-09-22,3308282.2
2013-09-23,3325527.1
2013-09-24,3342772.0
2013-09-25,3376898.2
2013-09-26,3411024.4
2013-09-27,3334041.7
2013-09-28,3257059.1
2013-09-29,3180076.5
2013-09-30,3103093.9
2013-10-01,3121990.3
2013-10-02,3140886.7
2013-10-03,3159783.1
2013-10-04,3178679.6
2013-10-05,3197576.0
2013-10-06,3216472.4
2013-10-07,3235368.8
2013-10-08,3254265.3
2013-10-09,3273161.7
2013-10-10,3292058.1
2013-10-11,3289071.2
2013-10-12,3286084.3
2013-10-13,3283097.4
2013-10-14,3280110.5
2013-10-15,3277123.6
2013-10-16,3274136.7
2013-10-17,3202803.8
2013-10-18,3170940.7
2013-10-19,3139077.7
2013-10-20,3107214.6
2013-10-21,3075351.5
2013-10-22,3043488.5
2013-10-23,3308643.4
2013-10-24,3573798.3
2013-10-25,3561350.6
2013-10-26,3548903.0
2013-10-27,3536455.3
2013-10-28,3524007.6
2013-10-29,3511560.0
2013-10-30,3482434.1
2013-10-31,3453308.2
2013-11-01,3467917.1
2013-11-02,3482526.0
2013-11-03,3497134.9
2013-11-04,3511743.8
2013-11-05,3526352.6
2013-11-06,3558230.7
2013-11-07,3590108.7
2013-11-08,3575477.6
2013-11-09,3560846.5
2013-11-10,3546215.5
2013-11-11,3531584.4
2013-11-12,3516953.3
2013-11-13,3502322.2
2013-11-14,3487691.1
2013-11-15,3512580.0
2013-11-16,3537468.8
2013-11-17,3562357.6
2013-11-18,3587246.5
2013-11-19,3612135.3
2013-11-20,3624307.5
2013-11-21,3636479.8
2013-11-22,3622078.0
2013-11-23,3607676.3
2013-11-24,3593274.5
2013-11-25,3578872.8
2013-11-26,3564471.0
2013-11-27,3550069.3
2013-11-28,3535667.5
2013-11-29,3521265.8
2013-11-30,3506864.0
2013-12-01,3492462.3
2013-12-02,3478060.5
2013-12-03,3463658.8
2013-12-04,3545289.5
2013-12-05,3626920.2
2013-12-06,3555313.5
2013-12-07,3483706.9
2013-12-08,3412100.2
2013-12-09,3340493.6
2013-12-10,3268887.0
2013-12-11,3197280.3
2013-12-12,3567883.0
2013-12-13,3566729.1
2013-12-14,3565575.1
2013-12-15,3564421.1
2013-12-16,3563267.2
2013-12-17,3562113.2
2013-12-18,3585799.8
2013-12-19,3609486.3
2013-12-20,3555961.7
2013-12-21,3502437.0
2013-12-22,3448912.3
2013-12-23,3395387.6
2013-12-24,3341862.9
2013-12-25,3252443.0
2013-12-26,3163023.0
2013-12-27,3194638.8
2013-12-28,3226254.6
2013-12-29,3257870.3
2013-12-30,3289486.1
2013-12-31,3321101.8
2014-01-01,3274787.4
2014-01-02,3228473.1
2014-01-03,3182945.2
2014-01-04,3137417.4
2014-01-05,3091889.6
2014-01-06,3046361.7
2014-01-07,3000833.9
2014-01-08,3029706.6
2014-01-09,3017317.0
2014-01-10,3057751.8
2014-01-11,3098186.5
2014-01-12,3138621.3
2014-01-13,3179056.0
2014-01-14,3219490.8
2014-01-15,2978184.8
2014-01-16,3003771.5
2014-01-17,3064442.0
2014-01-18,3125112.4
2014-01-19,3185782.9
2014-01-20,3246453.4
2014-01-21,3307123.9
2014-01-22,3367794.3
2014-01-23,3029799.6
2014-01-24,2972779.7
2014-01-25,2971416.4
2014-01-26,2970053.1
2014-01-27,2968689.7
2014-01-28,2967326.4
2014-01-29,3141934.7
2014-01-30,3316543.0
2014-01-31,3288141.3
2014-02-01,3271311.4
2014-02-02,3254481.6
2014-02-03,3237651.7
2014-02-04,3220821.9
2014-02-05,3203992.0
2014-02-06,3259577.4
2014-02-07,3190686.6
2014-02-08,3230133.2
2014-02-09,3269579.7
2014-02-10,3309026.3
2014-02-11,3348472.8
2014-02-12,3193086.2
2014-02-13,3037699.5
2014-02-14,3061469.8
2014-02-15,3085240.2
2014-02-16,3109010.5
2014-02-17,3132780.9
2014-02-18,3156551.2
2014-02-19,3180321.5
2014-02-20,3204091.9
2014-02-21,3227862.7
2014-02-22,3209168.2
2014-02-23,3190474.3
2014-02-24,3171780.3
2014-02-25,3153086.3
2014-02-26,3134392.4
2014-02-27,3198816.4
2014-02-28,3203300.3
2014-03-01,3207784.3
2014-03-02,3212268.3
2014-03-03,3216752.3
2014-03-04,3221236.3
2014-03-05,3225720.3
2014-03-06,3194405.8
2014-03-07,3443940.0
2014-03-08,3365070.6
2014-03-09,3286201.3
2014-03-10,3207332.0
2014-03-11,3138181.3
2014-03-12,3069030.5
2014-03-13,3459335.1
2014-03-14,3155054.1
2014-03-15,3146441.8
2014-03-16,3137829.5
2014-03-17,3129217.1
2014-03-18,3120604.8
2014-03-19,3413139.7
2014-03-20,3065058.8
2014-03-21,3486766.4
2014-03-22,3339589.6
2014-03-23,3192412.9
2014-03-24,3045236.1
2014-03-25,2976133.3
2014-03-26,3317650.3
2014-03-27,3380070.1
2014-03-28,3294015.8
2014-03-29,3207961.5
2014-03-30,3121907.2
2014-03-31,3035852.9
2014-04-01,2968837.9
2014-04-02,3137186.3
2014-04-03,3204537.5
2014-04-04,3162553.2
2014-04-05,3120568.9
2014-04-06,3078584.5
2014-04-07,3036600.2
2014-04-08,2994615.9
2014-04-09,3036574.0
2014-04-10,3078532.2
2014-04-11,3120490.4
2014-04-12,3162448.6
2014-04-13,3204406.7
2014-04-14,3246364.9
2014-04-15,3288323.1
2014-04-16,3330281.2
2014-04-17,3321818.8
2014-04-18,3301052.7
2014-04-19,3283152.3
2014-04-20,3265251.8
2014-04-21,3247351.4
2014-04-22,3229451.0
2014-04-23,2983267.3
2014-04-24,3301792.5
2014-04-25,3199440.2
2014-04-26,3097088.3
2014-04-27,2994752.8
2014-04-28,2892462.9
2014-04-29,2790248.7
2014-04-30,2980449.8
2014-05-01,3170763.8
2014-05-02,3119817.2
2014-05-03,3068876.8
2014-05-04,3017942.5
2014-05-05,2967014.8
2014-05-06,2916093.5
2014-05-07,2901479.2
2014-05-08,2966759.6
2014-05-09,3272206.2
2014-05-10,3178651.7
2014-05-11,3085097.2
2014-05-12,2991542.8
2014-05-13,2897988.3
2014-05-14,2936757.8
2014-05-15,2975527.3
2014-05-16,3014296.9
2014-05-17,3053066.4
2014-05-18,3091835.9
2014-05-19,3130605.4
2014-05-20,3169374.9
2014-05-21,2889208.3
2014-05-22,3237865.2
2014-05-23,2895486.9
2014-05-24,2882661.1
2014-05-25,2869839.8
2014-05-26,2857021.2
2014-05-27,2844202.9
2014-05-28,3121435.1
2014-05-29,3077079.6
2014-05-30,3032724.1
2014-05-31,2988368.6
2014-06-01,2944013.0
2014-06-02,2899657.5
2014-06-03,2855302.0
2014-06-04,3079220.3
2014-06-05,2819943.4
2014-06-06,2828966.0
2014-06-07,2838058.4
2014-06-08,2847227.8
2014-06-09,2856481.3
2014-06-10,2865811.9
2014-06-11,2875167.4
2014-06-12,3151249.6
2014-06-13,3071245.5
2014-06-14,2991241.4
2014-06-15,2911237.4
2014-06-16,2831233.3
2014-06-17,2683899.5
2014-06-18,2814876.8
2014-06-19,2945854.1
2014-06-20,2974967.8
2014-06-21,3004081.5
2014-06-22,3033195.1
2014-06-23,3062308.8
2014-06-24,3091422.5
2014-06-25,2836457.7
2014-06-26,2879925.4
2014-06-27,3030223.1
2014-06-28,2975210.1
2014-06-29,2920197.1
2014-06-30,2865184.2
2014-07-01,2810171.2
2014-07-02,3140625.5
2014-07-03,3172167.9
2014-07-04,3069147.3
2014-07-05,2966126.7
2014-07-06,2863107.7
2014-07-07,2760243.4
2014-07-08,2722975.7
2014-07-09,2798367.2
2014-07-10,2811431.6
2014-07-11,2824496.0
2014-07-12,2837560.5
2014-07-13,2850624.9
2014-07-14,2863689.3
2014-07-15,2876753.7
2014-07-16,2977123.3
2014-07-17,3077492.8
2014-07-18,3044374.2
2014-07-19,3011255.7
2014-07-20,2978137.1
2014-07-21,2945018.6
2014-07-22,2911900.0
2014-07-23,2935039.2
2014-07-24,3169164.9
2014-07-25,3108030.0
2014-07-26,3054586.9
2014-07-27,3001143.8
2014-07-28,2947700.7
2014-07-29,3190442.2
2014-07-30,3063559.3
2014-07-31,2936676.4
2014-08-01,3203982.1
2014-08-02,3183542.3
2014-08-03,3163102.4
2014-08-04,3142662.5
2014-08-05,3122222.7
2014-08-06,3141109.2
2014-08-07,3096709.9
2014-08-08,3113973.4
2014-08-09,3131241.3
2014-08-10,3148509.2
2014-08-11,3165777.0
2014-08-12,3204830.8
2014-08-13,3505657.1
2014-08-14,3335579.5
2014-08-15,3352761.3
2014-08-16,3369946.0
2014-08-17,3387130.8
2014-08-18,3404315.5
2014-08-19,3169153.2
2014-08-20,3608946.0
2014-08-21,3303897.5
2014-08-22,3313639.5
2014-08-23,3323381.4
2014-08-24,3333123.4
2014-08-25,3342865.3
2014-08-26,3352607.7
2014-08-27,3651838.2
2014-08-28,3548728.8
2014-08-29,3620843.0
2014-08-30,3522518.0
2014-08-31,3424193.0
2014-09-01,3325868.0
2014-09-02,3227543.0
2014-09-03,3171669.7
2014-09-04,3115796.3
2014-09-05,3059922.9
2014-09-06,3073339.4
2014-09-07,3086755.9
2014-09-08,3100172.4
2014-09-09,3113589.0
2014-09-10,3156136.3
2014-09-11,3198683.6
2014-09-12,3241230.9
2014-09-13,3309583.4
2014-09-14,3377935.8
2014-09-15,3446288.3
2014-09-16,3357428.4
2014-09-17,3327476.0
2014-09-18,3297523.5
2014-09-19,3310758.9
2014-09-20,3323994.2
2014-09-21,3337229.6
2014-09-22,3350465.0
2014-09-23,3347800.6
2014-09-24,3345136.3
2014-09-25,3342471.9
2014-09-26,3410053.3
2014-09-27,3477634.7
2014-09-28,3545216.2
2014-09-29,3612797.6
2014-09-30,3680379.0
2014-10-01,3665127.1
2014-10-02,3649875.1
2014-10-03,3557350.7
2014-10-04,3464826.2
2014-10-05,3372301.8
2014-10-06,3279777.3
2014-10-07,3187252.9
2014-10-08,3174234.3
2014-10-09,3161215.8
2014-10-10,3170439.8
2014-10-11,3179663.9
2014-10-12,3188887.9
2014-10-13,3198112.0
2014-10-14,3207336.0
2014-10-15,3216560.1
2014-10-16,3391137.5
2014-10-17,3347854.9
2014-10-18,3304572.4
2014-10-19,3261289.8
2014-10-20,3218007.3
2014-10-21,3187204.5
2014-10-22,3156401.6
2014-10-23,3125598.8
2014-10-24,3202888.2
2014-10-25,3280177.5
2014-10-26,3357466.9
2014-10-27,3434756.2
2014-10-28,3512045.5
2014-10-29,3498843.2
2014-10-30,3485640.9
2014-10-31,2944334.4
2014-11-01,2998472.4
2014-11-02,3052610.4
2014-11-03,3106748.5
2014-11-04,3160886.5
2014-11-05,3164391.3
2014-11-06,3167896.1
2014-11-07,3171400.9
2014-11-08,3191713.6
2014-11-09,3212026.3
2014-11-10,3232339.0
2014-11-11,3252651.8
2014-11-12,3272964.5
2014-11-13,3357347.6
2014-11-14,3441730.8
2014-11-15,3526113.9
2014-11-16,3610497.1
2014-11-17,3694880.2
2014-11-18,3779263.4
2014-11-19,3863646.6
2014-11-20,3880596.6
2014-11-21,3552376.3
2014-11-22,3506152.2
2014-11-23,3459928.1
2014-11-24,3413703.9
2014-11-25,3367479.8
2014-11-26,3308147.3
2014-11-27,3353340.8
2014-11-28,3398534.2
2014-11-29,3443727.7
2014-11-30,3488921.2
2014-12-01,3534114.6
2014-12-02,3579308.1
2014-12-03,3272971.2
2014-12-04,3335949.1
2014-12-05,3398927.0
2014-12-06,3461904.9
2014-12-07,3524882.8
2014-12-08,3587860.7
2014-12-09,3650838.5
2014-12-10,3400649.2
2014-12-11,3150459.8
2014-12-12,3238132.7
2014-12-13,3325805.6
2014-12-14,3413478.5
2014-12-15,3501151.4
2014-12-16,3539872.3
2014-12-17,3578593.2
2014-12-18,3617314.2
2014-12-19,3600534.3
2014-12-20,3583754.4
2014-12-21,3566974.6
2014-12-22,3550194.7
2014-12-23,3533414.9
2014-12-24,3516635.0
2014-12-25,3499855.2
2014-12-26,3483075.3
2014-12-27,3466295.4
2014-12-28,3449515.6
2014-12-29,3432735.7
2014-12-30,3415955.9
2014-12-31,3437626.5
2015-01-01,3459297.2
2015-01-02,3480967.9
2015-01-03,3502638.6
2015-01-04,3524309.2
2015-01-05,3545979.9
2015-01-06,3567650.6
2015-01-07,3589321.2
2015-01-08,3610991.9
2015-01-09,3632662.6
2015-01-10,3654333.3
2015-01-11,3676003.9
2015-01-12,3697674.6
2015-01-13,3719345.3
2015-01-14,3741015.9
2015-01-15,3762686.6
2015-01-16,3784357.3
2015-01-17,3806027.9
2015-01-18,3827698.6
2015-01-19,3849369.3
2015-01-20,3871040.0
2015-01-21,3892710.6
2015-01-22,3914381.3
2015-01-23,3936052.0
2015-01-24,3957722.6
2015-01-25,3979393.3
2015-01-26,4001064.0
2015-01-27,4022734.7
2015-01-28,3899053.9
2015-01-29,3775373.1
2015-01-30,3810299.9
2015-01-31,3845226.6
2015-02-01,3880153.4
2015-02-02,3915080.1
2015-02-03,3950006.9
2015-02-04,3885450.0
2015-02-05,3820893.0
2015-02-06,3811665.3
2015-02-07,3802437.6
2015-02-08,3793209.9
2015-02-09,3783982.2
2015-02-10,3774754.5
2015-02-11,3848829.4
2015-02-12,3922904.2
2015-02-13,3880756.0
2015-02-14,3838607.9
2015-02-15,3796459.7
2015-02-16,3754311.5
2015-02-17,3712163.3
2015-02-18,3670015.1
2015-02-19,3644862.6
2015-02-20,3619710.0
2015-02-21,3594557.5
2015-02-22,3569404.9
2015-02-23,3544252.4
2015-02-24,3519099.9
2015-02-25,3550361.0
2015-02-26,3581622.2
2015-02-27,3579463.1
2015-02-28,3577304.0
2015-03-01,3575144.8
2015-03-02,3572985.7
2015-03-03,3570826.6
2015-03-04,3564288.1
2015-03-05,3557749.7
2015-03-06,3551211.2
2015-03-07,3544672.8
2015-03-08,3538134.3
2015-03-09,3531595.8
2015-03-10,3525057.4
2015-03-11,3518518.9
2015-03-12,3511980.5
2015-03-13,3505442.0
2015-03-14,3498903.5
2015-03-15,3492365.1
2015-03-16,3485826.6
2015-03-17,3545677.0
2015-03-18,3605527.3
2015-03-19,3729610.3
2015-03-20,3718116.5
2015-03-21,3706622.8
2015-03-22,3695129.0
2015-03-23,3683635.3
2015-03-24,3672141.5
2015-03-25,3660647.8
2015-03-26,3664574.2
2015-03-27,3668500.6
2015-03-28,3672427.0
2015-03-29,3676353.5
2015-03-30,3680279.9
2015-03-31,3602036.3
2015-04-01,3523792.7
2015-04-02,3445550.2
2015-04-03,3447903.8
2015-04-04,3450257.4
2015-04-05,3452657.7
2015-04-06,3455420.7
2015-04-07,3457047.2
2015-04-08,3459129.3
2015-04-09,3446107.5
2015-04-10,3433086.9
2015-04-11,3420066.4
2015-04-12,3407045.9
2015-04-13,3394051.6
2015-04-14,3381119.3
2015-04-15,3442302.5
2015-04-16,3503971.8
2015-04-17,3453765.4
2015-04-18,3403667.5
2015-04-19,3353681.0
2015-04-20,3303708.3
2015-04-21,3253735.9
2015-04-22,3260046.3
2015-04-23,3229759.5
2015-04-24,3199472.6
2015-04-25,3169185.8
2015-04-26,3138899.0
2015-04-27,3108612.2
2015-04-28,3078325.4
2015-04-29,2929241.4
2015-04-30,2780162.4
2015-05-01,2792318.9
2015-05-02,2804480.6
2015-05-03,2751630.4
2015-05-04,2699216.7
2015-05-05,2753847.1
2015-05-06,2813164.9
2015-05-07,2719686.5
2015-05-08,2741220.2
2015-05-09,2762844.9
2015-05-10,2784528.7
2015-05-11,2806365.3
2015-05-12,2828339.9
2015-05-13,2863000.2
2015-05-14,2898113.7
2015-05-15,2836996.7
2015-05-16,2780884.6
2015-05-17,2724814.7
2015-05-18,2668818.8
2015-05-19,2675687.2
2015-05-20,2661909.3
2015-05-21,2648506.8
2015-05-22,2809451.4
2015-05-23,2764842.3
2015-05-24,2720347.9
2015-05-25,2675853.5
2015-05-26,2631359.1
2015-05-27,2715528.5
2015-05-28,2599560.4
2015-05-29,2625158.7
2015-05-30,2650757.0
2015-05-31,2676355.3
2015-06-01,2701953.6
2015-06-02,2739184.8
2015-06-03,2777064.2
2015-06-04,2711586.2
2015-06-05,2715402.8
2015-06-06,2760342.4
2015-06-07,2805294.3
2015-06-08,2850253.4
2015-06-09,2831615.5
2015-06-10,2813126.0
2015-06-11,2759122.0
2015-06-12,2705119.7
2015-06-13,2651123.7
2015-06-14,2597148.8
2015-06-15,2543206.1
2015-06-16,2489314.2
2015-06-17,2435495.6
2015-06-18,2496831.0
2015-06-19,2558511.1
2015-06-20,2620221.4
2015-06-21,2681931.7
2015-06-22,2743642.1
2015-06-23,2805352.4
2015-06-24,2774020.5
2015-06-25,2742688.6
2015-06-26,2782869.3
2015-06-27,2823050.0
2015-06-28,2863230.7
2015-06-29,2903411.4
2015-06-30,2943592.1
2015-07-01,2911733.6
2015-07-02,2879875.2
2015-07-03,2848016.7
2015-07-04,2816158.2
2015-07-05,2784299.8
2015-07-06,2752441.3
2015-07-07,2720582.8
2015-07-08,2688750.8
2015-07-09,2702503.4
2015-07-10,2716282.4
2015-07-11,2730061.4
2015-07-12,2743840.4
2015-07-13,2757619.4
2015-07-14,2771398.4
2015-07-15,2785184.2
2015-07-16,2798997.0
2015-07-17,2875196.6
2015-07-18,2891135.9
2015-07-19,2907075.2
2015-07-20,2923014.5
2015-07-21,2938953.8
2015-07-22,2817525.5
2015-07-23,2855625.8
2015-07-24,2821032.3
2015-07-25,2786438.9
2015-07-26,2751895.0
2015-07-27,2717545.9
2015-07-28,2850882.1
2015-07-29,2848604.1
2015-07-30,2664936.3
2015-07-31,2531876.0
2015-08-01,2593607.6
2015-08-02,2655512.3
2015-08-03,2717495.7
2015-08-04,2619509.4
2015-08-05,2523703.1
2015-08-06,2696704.5
2015-08-07,2428715.3
2015-08-08,2565554.2
2015-08-09,2705895.6
2015-08-10,2847460.5
2015-08-11,2989218.3
2015-08-12,2858220.1
2015-08-13,2895386.2
2015-08-14,2756817.8
2015-08-15,2719836.5
2015-08-16,2682867.3
2015-08-17,2645910.9
2015-08-18,2910283.0
2015-08-19,2961925.5
2015-08-20,2528201.5
2015-08-21,2578353.3
2015-08-22,2674056.1
2015-08-23,2769910.5
2015-08-24,2865882.1
2015-08-25,2868398.5
2015-08-26,2870953.5
2015-08-27,2773872.7
2015-08-28,2677412.4
2015-08-29,2676101.6
2015-08-30,2674871.7
2015-08-31,2673711.9
2015-09-01,2672629.4
2015-09-02,2810093.3
2015-09-03,2948959.8
2015-09-04,2944022.7
2015-09-05,2939097.6
2015-09-06,2934189.8
2015-09-07,2929311.8
2015-09-08,2924483.9
2015-09-09,2919716.9
2015-09-10,2679078.2
2015-09-11,2714267.0
2015-09-12,2749869.2
2015-09-13,2785748.9
2015-09-14,2821709.7
2015-09-15,2857723.8
2015-09-16,2901895.4
2015-09-17,2946127.2
2015-09-18,2926124.6
2015-09-19,2906237.5
2015-09-20,2886445.6
2015-09-21,2866709.2
2015-09-22,2846981.5
2015-09-23,2827253.8
2015-09-24,2859457.6
2015-09-25,2891661.4
2015-09-26,2923865.3
2015-09-27,2956069.1
2015-09-28,2988272.9
2015-09-29,2776087.2
2015-09-30,2821532.0
2015-10-01,2867728.8
2015-10-02,2851128.5
2015-10-03,2834697.9
2015-10-04,2818419.8
2015-10-05,2802228.9
2015-10-06,2784203.1
2015-10-07,2766177.2
2015-10-08,2748151.3
2015-10-09,2757813.1
2015-10-10,2767474.8
2015-10-11,2777136.5
2015-10-12,2786798.3
2015-10-13,2796460.0
2015-10-14,2806121.7
2015-10-15,2834504.8
2015-10-16,2862887.9
2015-10-17,2891271.0
2015-10-18,2919654.1
2015-10-19,2948037.2
2015-10-20,2976420.3
2015-10-21,2950470.1
2015-10-22,2924519.9
2015-10-23,2898569.7
2015-10-24,2872619.5
2015-10-25,2846669.3
2015-10-26,2820719.1
2015-10-27,2794768.9
2015-10-28,2768818.7
2015-10-29,2820233.4
2015-10-30,2871648.0
2015-10-31,2856124.6
2015-11-01,2840601.2
2015-11-02,2825077.8
2015-11-03,2809554.4
2015-11-04,2813319.1
2015-11-05,2817083.8
2015-11-06,2834037.1
2015-11-07,2850990.3
2015-11-08,2867943.6
2015-11-09,2884896.9
2015-11-10,2901850.1
2015-11-11,2904878.5
2015-11-12,2907906.9
2015-11-13,2901009.2
2015-11-14,2894111.4
2015-11-15,2887213.6
2015-11-16,2880315.8
2015-11-17,2873418.0
2015-11-18,2927116.2
2015-11-19,2980814.4
2015-11-20,2974761.8
2015-11-21,2968709.3
2015-11-22,2962656.7
2015-11-23,2956604.1
2015-11-24,2950551.6
2015-11-25,2967477.6
2015-11-26,2984403.6
2015-11-27,3001329.6
2015-11-28,3018255.6
2015-11-29,3035181.6
2015-11-30,3052107.6
2015-12-01,3067307.5
2015-12-02,3113119.2
2015-12-03,2943142.6
2015-12-04,2963514.1
2015-12-05,2984220.3
2015-12-06,3004948.6
2015-12-07,3025676.9
2015-12-08,3046405.2
2015-12-09,2871147.7
2015-12-10,2984990.1
2015-12-11,2997458.5
2015-12-12,3028143.1
2015-12-13,3058827.8
2015-12-14,3089513.1
2015-12-15,3120270.8
2015-12-16,3041933.4
2015-12-17,2963615.6
2015-12-18,2968418.5
2015-12-19,2973227.1
2015-12-20,2978036.9
2015-12-21,2982846.6
2015-12-22,2987656.3
2015-12-23,2992466.1
2015-12-24,2997275.8
2015-12-25,3002085.6
2015-12-26,3006895.3
2015-12-27,3011705.1
2015-12-28,3016514.8
2015-12-29,3004741.8
2015-12-30,2992968.9
2015-12-31,2981195.9
2016-01-01,2969422.9
2016-01-02,2957649.9
2016-01-03,2945876.9
2016-01-04,2934104.0
2016-01-05,3002571.6
2016-01-06,3091293.7
2016-01-07,3169472.8
2016-01-08,3247652.4
2016-01-09,3325832.1
2016-01-10,3404011.8
2016-01-11,3482191.4
2016-01-12,3560371.1
2016-01-13,3105048.9
2016-01-14,3065481.0
2016-01-15,3055536.7
2016-01-16,3045617.9
2016-01-17,3035728.0
2016-01-18,3025875.7
2016-01-19,2977980.6
2016-01-20,2930381.3
2016-01-21,2922730.0
2016-01-22,2915248.2
2016-01-23,2907971.5
2016-01-24,2900859.5
2016-01-25,2893883.1
2016-01-26,2887020.2
2016-01-27,2880257.5
2016-01-28,2966578.1
2016-01-29,2947605.0
2016-01-30,2928755.4
2016-01-31,2905934.5
2016-02-01,2883285.9
2016-02-02,2860861.4
2016-02-03,2838729.0
2016-02-04,2952158.6
2016-02-05,2931812.3
2016-02-06,2911650.4
2016-02-07,2891744.6
2016-02-08,2872247.8
2016-02-09,2951307.8
2016-02-10,2874973.0
2016-02-11,2858959.7
2016-02-12,2836612.3
2016-02-13,2814316.0
2016-02-14,2792084.3
2016-02-15,2769932.3
2016-02-16,2747864.1
2016-02-17,2725876.1
2016-02-18,2928237.7
2016-02-19,2906911.3
2016-02-20,2885636.6
2016-02-21,2864433.6
2016-02-22,2843320.4
2016-02-23,2822294.2
2016-02-24,2801348.6
2016-02-25,3004230.8
2016-02-26,2978157.8
2016-02-27,2952176.4
2016-02-28,2926330.0
2016-02-29,2816162.8
2016-03-01,2896593.4
2016-03-02,2651570.1
2016-03-03,2647543.1
2016-03-04,2672182.4
2016-03-05,2697135.1
2016-03-06,2722306.2
2016-03-07,2747663.1
2016-03-08,2773183.5
2016-03-09,2302862.5
2016-03-10,2365544.5
2016-03-11,2429020.6
2016-03-12,2493175.5
2016-03-13,2557723.6
2016-03-14,2622654.4
2016-03-15,2687939.9
2016-03-16,2753490.9
2016-03-17,2819255.9
2016-03-18,2885204.9
2016-03-19,2951302.0
2016-03-20,3017520.7
2016-03-21,3083847.3
2016-03-22,3132038.6
2016-03-23,3166462.5
2016-03-24,3163885.2
2016-03-25,3161318.3
2016-03-26,3158766.2
2016-03-27,3156224.3
2016-03-28,3153694.2
2016-03-29,3151175.1
2016-03-30,3128925.4
2016-03-31,3030735.3
2016-04-01,2932695.6
2016-04-02,2834854.5
2016-04-03,2737407.5
2016-04-04,2880477.9
2016-04-05,3024151.8
2016-04-06,3058432.4
2016-04-07,3092791.9
2016-04-08,3039455.5
2016-04-09,2986131.2
2016-04-10,2932823.3
2016-04-11,2879535.8
2016-04-12,2826275.5
2016-04-13,2834989.2
2016-04-14,2843778.9
2016-04-15,2766059.9
2016-04-16,2744093.9
2016-04-17,2722459.0
2016-04-18,2803577.9
2016-04-19,2884785.2
2016-04-20,2804873.5
2016-04-21,2813159.4
2016-04-22,2732743.1
2016-04-23,2789406.5
2016-04-24,2846163.1
2016-04-25,2902985.0
2016-04-26,2959871.6
2016-04-27,2907963.9
2016-04-28,2856402.9
2016-04-29,2886656.4
2016-04-30,2916997.4
2016-05-01,2947399.0
2016-05-02,2977859.2
2016-05-03,3008380.8
2016-05-04,3053336.2
2016-05-05,2850829.1
2016-05-06,2844655.9
2016-05-07,2944819.9
2016-05-08,2844229.5
2016-05-09,2743878.6
2016-05-10,2644524.5
2016-05-11,2806769.8
2016-05-12,2498001.3
2016-05-13,2608762.0
2016-05-14,2719522.7
2016-05-15,2830284.1
2016-05-16,2941057.6
2016-05-17,3051850.6
2016-05-18,2629260.0
2016-05-19,2675357.9
2016-05-20,2721537.8
2016-05-21,2760230.4
2016-05-22,2798973.4
2016-05-23,2837760.5
2016-05-24,2876585.6
2016-05-25,2518548.4
2016-05-26,2712195.3
2016-05-27,2671860.9
2016-05-28,2661731.5
2016-05-29,2651619.4
2016-05-30,2641520.0
2016-05-31,2631432.2
2016-06-01,2621869.5
2016-06-02,2631862.5
2016-06-03,2397542.5
2016-06-04,2426531.6
2016-06-05,2460121.1
2016-06-06,2494299.5
2016-06-07,2484468.1
2016-06-08,2293790.4
2016-06-09,2107629.6
2016-06-10,2125668.4
2016-06-11,2144292.2
2016-06-12,2163302.5
2016-06-13,2182653.9
2016-06-14,2202385.0
2016-06-15,2222337.4
2016-06-16,2122365.0
2016-06-17,2164512.3
2016-06-18,2207041.6
2016-06-19,2249967.8
2016-06-20,2293278.1
2016-06-21,2248317.1
2016-06-22,2205263.5
2016-06-23,2205862.1
2016-06-24,2228394.0
2016-06-25,2251275.1
2016-06-26,2274314.1
2016-06-27,2297537.8
2016-06-28,2365322.2
2016-06-29,2486053.9
2016-06-30,2607320.6
2016-07-01,2177457.0
2016-07-02,2209370.7
2016-07-03,2241958.4
2016-07-04,2275229.9
2016-07-05,2309239.6
2016-07-06,2344084.6
2016-07-07,2336532.8
2016-07-08,2329270.8
2016-07-09,2322321.6
2016-07-10,2315815.1
2016-07-11,2309697.1
2016-07-12,2303826.5
2016-07-13,2298178.8
2016-07-14,2359956.6
2016-07-15,2422889.0
2016-07-16,2486359.9
2016-07-17,2550136.5
2016-07-18,2614114.7
2016-07-19,2678264.7
2016-07-20,2346750.0
2016-07-21,2370131.8
2016-07-22,2394450.2
2016-07-23,2440647.7
2016-07-24,2487065.8
2016-07-25,2533682.6
2016-07-26,2580528.5
2016-07-27,2627653.9
2016-07-28,2674969.6
2016-07-29,2687030.4
2016-07-30,2699129.9
2016-07-31,2711268.0
2016-08-01,2723449.5
2016-08-02,2735699.6
2016-08-03,2770638.5
2016-08-04,2805785.0
2016-08-05,2777277.9
2016-08-06,2748775.1
2016-08-07,2720316.6
2016-08-08,2692102.3
2016-08-09,2664131.8
2016-08-10,2677376.8
2016-08-11,2690739.3
2016-08-12,2704188.4
2016-08-13,2717700.1
2016-08-14,2731277.1
2016-08-15,2744886.6
2016-08-16,2758506.6
2016-08-17,2639806.4
2016-08-18,2731895.5
2016-08-19,2824110.5
2016-08-20,2916376.1
2016-08-21,3008672.5
2016-08-22,3100993.5
2016-08-23,3193328.8
2016-08-24,2519114.3
2016-08-25,2545691.8
2016-08-26,2572362.6
2016-08-27,2599118.9
2016-08-28,2625958.8
2016-08-29,2652898.6
2016-08-30,2679948.7
2016-08-31,3121594.5
2016-09-01,3055823.7
2016-09-02,2821770.0
2016-09-03,3001090.7
2016-09-04,3180581.5
2016-09-05,3360072.3
2016-09-06,3539563.1
2016-09-07,3113673.2
2016-09-08,2689135.0
2016-09-09,2785854.0
2016-09-10,2883144.4
2016-09-11,2980803.7
2016-09-12,3078545.5
2016-09-13,3176354.6
2016-09-14,3001939.3
2016-09-15,2828555.3
2016-09-16,2866791.1
2016-09-17,2905345.5
2016-09-18,2943959.8
2016-09-19,2982617.0
2016-09-20,3021307.1
2016-09-21,3060031.8
2016-09-22,3165704.7
2016-09-23,3271632.7
2016-09-24,3306965.2
2016-09-25,3342297.6
2016-09-26,3377630.1
2016-09-27,3412962.5
2016-09-28,3448295.0
2016-09-29,3429640.9
2016-09-30,3410986.7
2016-10-01,3392332.6
2016-10-02,3373678.5
2016-10-03,3355024.4
2016-10-04,3336370.2
2016-10-05,3319663.9
2016-10-06,3309351.1
2016-10-07,3299038.4
2016-10-08,3288725.6
2016-10-09,3278412.8
2016-10-10,3268100.1
2016-10-11,3257787.3
2016-10-12,3247474.5
2016-10-13,3028500.8
2016-10-14,2812710.8
2016-10-15,2955304.9
2016-10-16,3100028.6
2016-10-17,3245373.2
2016-10-18,3390718.5
2016-10-19,3324813.2
2016-10-20,3258907.9
2016-10-21,3179777.1
2016-10-22,3100646.3
2016-10-23,3021580.4
2016-10-24,2943026.0
2016-10-25,2865191.8
2016-10-26,2996066.9
2016-10-27,3128860.6
2016-10-28,3087850.6
2016-10-29,3046840.5
2016-10-30,3005830.4
2016-10-31,2964820.4
2016-11-01,2933570.3
2016-11-02,2986984.8
2016-11-03,3040399.3
2016-11-04,3081402.8
2016-11-05,3122406.2
2016-11-06,3163409.7
2016-11-07,3204413.2
2016-11-08,3245416.7
2016-11-09,3252588.7
2016-11-10,3259760.8
2016-11-11,3266932.8
2016-11-12,3274104.9
2016-11-13,3281277.0
2016-11-14,3288449.0
2016-11-15,3295621.1
2016-11-16,3224686.8
2016-11-17,3153752.6
2016-11-18,3082841.6
2016-11-19,3114350.8
2016-11-20,3145883.3
2016-11-21,3177415.8
2016-11-22,3208948.3
2016-11-23,3202458.6
2016-11-24,3195968.8
2016-11-25,3189479.0
2016-11-26,3182989.2
2016-11-27,3176499.4
2016-11-28,3170009.6
2016-11-29,3163519.8
2016-11-30,2931247.8
2016-12-01,2699034.8
2016-12-02,2824721.8
2016-12-03,2950467.9
2016-12-04,3076214.0
2016-12-05,3201960.1
2016-12-06,3327706.2
2016-12-07,3321907.0
2016-12-08,3316107.7
2016-12-09,3304762.8
2016-12-10,3293417.9
2016-12-11,3282073.0
2016-12-12,3270728.2
2016-12-13,3259383.3
2016-12-14,3254362.4
2016-12-15,3249341.6
2016-12-16,3244320.7
2016-12-17,3239299.9
2016-12-18,3234279.0
2016-12-19,3229258.2
2016-12-20,3224237.3
2016-12-21,3219216.5
2016-12-22,3214195.6
2016-12-23,3201228.3
2016-12-24,3188260.9
2016-12-25,3175293.5
2016-12-26,3162326.2
2016-12-27,3149358.8
2016-12-28,3136391.5
2016-12-29,3123424.1
2016-12-30,3110456.7
2016-12-31,3147099.1
2017-01-01,3183741.4
2017-01-02,3220383.8
2017-01-03,3257026.1
2017-01-04,3293668.4
2017-01-05,3347254.4
2017-01-06,3302860.9
2017-01-07,3258467.4
2017-01-08,3214073.8
2017-01-09,3169680.3
2017-01-10,3131018.0
2017-01-11,3046850.1
2017-01-12,2962682.2
2017-01-13,2878514.2
2017-01-14,2794346.3
2017-01-15,2710178.4
2017-01-16,2626010.5
2017-01-17,2541842.6
2017-01-18,2457674.6
2017-01-19,2373517.6
2017-01-20,2289866.5
2017-01-21,2207838.0
2017-01-22,2127319.3
2017-01-23,2048422.3
2017-01-24,1970695.7
2017-01-25,1893820.3
2017-01-26,1893252.2
2017-01-27,1892974.0
2017-01-28,1893026.2
2017-01-29,1893473.6
2017-01-30,1894527.3
2017-01-31,1896407.2
2017-02-01,1879974.1
2017-02-02,1863697.2
2017-02-03,1847631.9
2017-02-04,1831722.1
2017-02-05,1815970.5
2017-02-06,1800374.6
2017-02-07,1796483.5
2017-02-08,1792655.9
2017-02-09,1788896.3
2017-02-10,1785212.0
2017-02-11,1781604.6
2017-02-12,1778072.3
2017-02-13,1774615.7
2017-02-14,1771218.8
2017-02-15,1857367.1
2017-02-16,1944137.0
2017-02-17,2031389.0
2017-02-18,2118847.1
2017-02-19,2206443.7
2017-02-20,2294161.4
2017-02-21,2381990.1
2017-02-22,2469897.0
2017-02-23,2557848.2
2017-02-24,2439689.6
2017-02-25,2321896.3
2017-02-26,2204667.3
2017-02-27,2088362.0
2017-02-28,2061629.5
2017-03-01,2038091.6
2017-03-02,2013984.4
2017-03-03,1990151.6
2017-03-04,1966579.6
2017-03-05,1943281.5
2017-03-06,1920131.3
2017-03-07,1897099.3
2017-03-08,2002299.3
2017-03-09,2022489.7
2017-03-10,1788612.2
2017-03-11,1819330.1
2017-03-12,1850405.2
2017-03-13,1881920.6
2017-03-14,1913831.4
2017-03-15,1923654.2
2017-03-16,1853399.7
2017-03-17,1783929.7
2017-03-18,1715148.2
2017-03-19,1646995.3
2017-03-20,1579463.5
2017-03-21,1512563.0
2017-03-22,1616425.2
2017-03-23,1722766.9
2017-03-24,1730831.0
2017-03-25,1738966.4
2017-03-26,1747192.8
2017-03-27,1755534.5
2017-03-28,1763985.4
2017-03-29,1696799.7
2017-03-30,1730993.9
2017-03-31,1765910.7
2017-04-01,1801413.8
2017-04-02,1837306.6
2017-04-03,1873420.9
2017-04-04,1902894.0
2017-04-05,1752889.6
2017-04-06,1615064.2
2017-04-07,1668332.5
2017-04-08,1723998.0
2017-04-09,1782474.0
2017-04-10,1843884.1
2017-04-11,1907991.9
2017-04-12,1876717.2
2017-04-13,2137866.6
2017-04-14,1890759.0
2017-04-15,1898281.8
2017-04-16,1906177.2
2017-04-17,1914214.9
2017-04-18,1916287.9
2017-04-19,1957057.0
2017-04-20,1918496.6
2017-04-21,1907578.0
2017-04-22,1896677.9
2017-04-23,1885802.6
2017-04-24,1874948.2
2017-04-25,1864110.2
2017-04-26,1690942.9
2017-04-27,1601256.0
2017-04-28,1681309.4
2017-04-29,1762079.0
2017-04-30,1843238.3
2017-05-01,1924753.7
2017-05-02,2006351.1
2017-05-03,1877103.2
2017-05-04,1852893.0
2017-05-05,1685086.3
2017-05-06,1731894.5
2017-05-07,1778972.7
2017-05-08,1826095.8
2017-05-09,1873230.7
2017-05-10,1993055.3
2017-05-11,1810214.0
2017-05-12,1858203.4
2017-05-13,1906393.3
2017-05-14,1954741.6
2017-05-15,2003259.5
2017-05-16,2052146.1
2017-05-17,1988166.4
2017-05-18,1927160.2
2017-05-19,1944476.9
2017-05-20,1928002.4
2017-05-21,1912111.7
2017-05-22,1896644.1
2017-05-23,1881653.6
2017-05-24,1867355.9
2017-05-25,1836775.6
2017-05-26,1811404.1
2017-05-27,1822795.1
2017-05-28,1835766.7
2017-05-29,1850520.6
2017-05-30,1866313.1
2017-05-31,1883725.9
2017-06-01,1781463.4
2017-06-02,1772018.2
2017-06-03,1751637.3
2017-06-04,1733827.0
2017-06-05,1720414.1
2017-06-06,1710530.6
2017-06-07,1622245.4
2017-06-08,1568652.8
2017-06-09,1648659.3
2017-06-10,1528494.1
2017-06-11,1417344.9
2017-06-12,1393573.8
2017-06-13,1551642.0
2017-06-14,1724488.6
2017-06-15,1659717.6
2017-06-16,1491012.7
2017-06-17,1544215.7
2017-06-18,1599528.9
2017-06-19,1656494.4
2017-06-20,1715015.3
2017-06-21,1710012.0
2017-06-22,1707191.1
2017-06-23,1705933.6
2017-06-24,1579436.9
2017-06-25,1548570.7
2017-06-26,1518699.3
2017-06-27,1491108.7
2017-06-28,1557838.7
2017-06-29,1501406.7
2017-06-30,1607339.4
2017-07-01,1573448.2
2017-07-02,1541856.7
2017-07-03,1511079.0
2017-07-04,1503278.2
2017-07-05,1498227.4
2017-07-06,1519871.2
2017-07-07,1445961.3
2017-07-08,1469406.4
2017-07-09,1493293.5
2017-07-10,1517996.4
2017-07-11,1543563.5
2017-07-12,1477795.6
2017-07-13,1626454.1
2017-07-14,1299369.9
2017-07-15,1282465.6
2017-07-16,1266814.2
2017-07-17,1252199.2
2017-07-18,1290078.7
2017-07-19,1470721.2
2017-07-20,1369228.0
2017-07-21,1320720.8
2017-07-22,1272797.9
2017-07-23,1225610.1
2017-07-24,1179712.5
2017-07-25,1236228.3
2017-07-26,1307242.6
2017-07-27,1381989.0
2017-07-28,1427157.0
2017-07-29,1443707.5
2017-07-30,1460804.0
2017-07-31,1478568.8
2017-08-01,1496842.6
2017-08-02,1624520.5
2017-08-03,1573202.8
2017-08-04,1558442.0
2017-08-05,1543938.1
2017-08-06,1529729.6
2017-08-07,1516022.0
2017-08-08,1502748.3
2017-08-09,1417762.1
2017-08-10,1595066.7
2017-08-11,1588957.6
2017-08-12,1583774.5
2017-08-13,1579580.8
2017-08-14,1576254.3
2017-08-15,1573692.1
2017-08-16,1595677.6
2017-08-17,1807053.6
2017-08-18,1880091.5
2017-08-19,1756662.2
2017-08-20,1643487.0
2017-08-21,1541868.0
2017-08-22,1629478.8
2017-08-23,1645259.4
2017-08-24,1654684.0
2017-08-25,1406740.6
2017-08-26,1365343.1
2017-08-27,1324597.9
2017-08-28,1284707.9
2017-08-29,1391062.5
2017-08-30,1501101.7
2017-08-31,1613665.6
2017-09-01,1728235.0
2017-09-02,1667111.3
2017-09-03,1606629.6
2017-09-04,1547144.6
2017-09-05,1498076.0
2017-09-06,1464042.2
2017-09-07,1317108.9
2017-09-08,1462282.2
2017-09-09,1443695.9
2017-09-10,1425920.3
2017-09-11,1408644.1
2017-09-12,1391701.8
2017-09-13,1471496.4
2017-09-14,1329518.3
2017-09-15,1310955.4
2017-09-16,1292634.6
2017-09-17,1274492.7
2017-09-18,1256586.3
2017-09-19,1239017.8
2017-09-20,1212442.0
2017-09-21,1187749.3
2017-09-22,1164875.5
2017-09-23,1170827.7
2017-09-24,1177932.9
2017-09-25,1186136.0
2017-09-26,1195009.8
2017-09-27,1282857.4
2017-09-28,1378691.2
2017-09-29,1362129.6
2017-09-30,1346066.6
2017-10-01,1330487.4
2017-10-02,1315308.7
2017-10-03,1242956.8
2017-10-04,1306133.5
2017-10-05,1372297.6
2017-10-06,1364511.0
2017-10-07,1356913.5
2017-10-08,1349552.3
2017-10-09,1342246.3
2017-10-10,1313357.4
2017-10-11,1273312.9
2017-10-12,1296984.1
2017-10-13,1321181.2
2017-10-14,1345906.1
2017-10-15,1371256.3
2017-10-16,1397180.4
2017-10-17,1423807.1
2017-10-18,1393229.6
2017-10-19,1363729.2
2017-10-20,1377249.4
2017-10-21,1390913.2
2017-10-22,1404704.4
2017-10-23,1418597.9
2017-10-24,1432585.1
2017-10-25,1365700.8
2017-10-26,1303153.5
2017-10-27,1300711.9
2017-10-28,1297244.6
2017-10-29,1294013.7
2017-10-30,1291040.2
2017-10-31,1288143.0
2017-11-01,1310149.1
2017-11-02,1333321.1
2017-11-03,1292792.7
2017-11-04,1252783.0
2017-11-05,1213510.0
2017-11-06,1175832.9
2017-11-07,1139730.0
2017-11-08,1222075.6
2017-11-09,1308051.6
2017-11-10,1284262.8
2017-11-11,1260889.8
2017-11-12,1238008.6
2017-11-13,1215883.9
2017-11-14,1194642.3
2017-11-15,1194714.8
2017-11-16,1196582.5
2017-11-17,1228940.3
2017-11-18,1262614.0
2017-11-19,1297492.6
2017-11-20,1333092.4
2017-11-21,1369028.1
2017-11-22,1368341.9
2017-11-23,1367739.3
2017-11-24,1367222.0
2017-11-25,1366769.2
2017-11-26,1366466.9
2017-11-27,1366345.2
2017-11-28,1366416.1
2017-11-29,1379193.4
2017-11-30,1394027.2
2017-12-01,1405123.7
2017-12-02,1417175.0
2017-12-03,1429788.4
2017-12-04,1442663.7
2017-12-05,1452051.7
2017-12-06,1446311.7
2017-12-07,1441528.8
2017-12-08,1468017.5
2017-12-09,1494844.9
2017-12-10,1522073.7
2017-12-11,1549653.9
2017-12-12,1577550.6
2017-12-13,1462493.4
2017-12-14,1350737.5
2017-12-15,1349933.2
2017-12-16,1349256.5
2017-12-17,1348709.0
2017-12-18,1348299.8
2017-12-19,1348147.3
2017-12-20,1357588.5
2017-12-21,1368362.3
2017-12-22,1377517.9
2017-12-23,1386841.7
2017-12-24,1396355.0
2017-12-25,1406122.1
2017-12-26,1416264.5
2017-12-27,1426725.5
2017-12-28,1447612.9
2017-12-29,1423664.3
2017-12-30,1399838.2
2017-12-31,1376179.6
2018-01-01,1352801.6
2018-01-02,1329833.4
2018-01-03,1307159.9
2018-01-04,1380888.5
2018-01-05,1455294.2
2018-01-06,1530283.4
2018-01-07,1605759.8
2018-01-08,1681652.4
2018-01-09,1796743.4
2018-01-10,1918984.7
2018-01-11,1248898.1
2018-01-12,1273406.7
2018-01-13,1298045.4
2018-01-14,1322811.9
2018-01-15,1347708.8
2018-01-16,1372736.7
2018-01-17,1397898.5
2018-01-18,1423198.8
2018-01-19,1448642.3
2018-01-20,1474232.0
2018-01-21,1499959.5
2018-01-22,1525812.0
2018-01-23,1551775.0
2018-01-24,1448456.8
2018-01-25,1347604.4
2018-01-26,1374565.9
2018-01-27,1401957.2
2018-01-28,1429876.1
2018-01-29,1458257.9
2018-01-30,1486856.1
2018-01-31,1636387.4
2018-02-01,1791881.2
2018-02-02,1778272.7
2018-02-03,1764832.3
2018-02-04,1751554.1
2018-02-05,1738422.0
2018-02-06,1724604.9
2018-02-07,1710997.2
2018-02-08,1697803.0
2018-02-09,1674440.0
2018-02-10,1651312.4
2018-02-11,1628463.5
2018-02-12,1605983.2
2018-02-13,1583957.9
2018-02-14,1718461.6
2018-02-15,1856192.1
2018-02-16,1821321.0
2018-02-17,1786495.0
2018-02-18,1751718.0
2018-02-19,1716990.4
2018-02-20,1682320.7
2018-02-21,1647787.2
2018-02-22,1613465.1
2018-02-23,1596918.9
2018-02-24,1580673.4
2018-02-25,1564790.7
2018-02-26,1549488.9
2018-02-27,1534994.7
2018-02-28,1742530.3
2018-03-01,1619686.7
2018-03-02,1651538.1
2018-03-03,1684012.6
2018-03-04,1716926.0
2018-03-05,1750167.3
2018-03-06,1264576.1
2018-03-07,1629255.6
2018-03-08,1664828.1
2018-03-09,1655290.2
2018-03-10,1647839.1
2018-03-11,1642835.0
2018-03-12,1639863.3
2018-03-13,1744915.2
2018-03-14,1589969.1
2018-03-15,1770245.3
2018-03-16,1814111.3
2018-03-17,1859162.2
2018-03-18,1693431.3
2018-03-19,1648156.5
2018-03-20,1607139.4
2018-03-21,1880587.2
2018-03-22,1631354.0
2018-03-23,1763556.9
2018-03-24,1570397.3
2018-03-25,1642106.1
2018-03-26,1630329.8
2018-03-27,1587315.6
2018-03-28,1712990.1
2018-03-29,1670566.6
2018-03-30,1512751.3
2018-03-31,1509646.3
2018-04-01,1507480.5
2018-04-02,1506235.4
2018-04-03,1510502.2
2018-04-04,1519397.5
2018-04-05,1529257.2
2018-04-06,1573500.8
2018-04-07,1575832.2
2018-04-08,1567429.3
2018-04-09,1590448.6
2018-04-10,1614336.3
2018-04-11,1686651.0
2018-04-12,1505514.3
2018-04-13,1519254.9
2018-04-14,1597332.9
2018-04-15,1632824.7
2018-04-16,1591387.7
2018-04-17,1631115.3
2018-04-18,1273836.6
2018-04-19,1494343.9
2018-04-20,1410914.0
2018-04-21,1533159.1
2018-04-22,1521896.7
2018-04-23,1525655.5
2018-04-24,1333254.4
2018-04-25,1622880.2
2018-04-26,1569062.0
2018-04-27,1411737.8
2018-04-28,1552463.4
2018-04-29,1591448.3
2018-04-30,1421425.6
2018-05-01,1595389.1
2018-05-02,1634499.9
2018-05-03,1547643.9
2018-05-04,1436375.0
2018-05-05,1429877.3
2018-05-06,1465305.2
2018-05-07,1394097.6
2018-05-08,1387073.0
2018-05-09,1401917.7
2018-05-10,1525248.7
2018-05-11,1412322.1
2018-05-12,1419067.6
2018-05-13,1401537.3
2018-05-14,1391037.5
2018-05-15,1500176.1
2018-05-16,1464422.1
2018-05-17,1418724.0
2018-05-18,1485786.1
2018-05-19,1438777.5
2018-05-20,1474141.8
2018-05-21,1391039.0
2018-05-22,1317757.2
2018-05-23,1285301.6
2018-05-24,1375235.4
2018-05-25,1281717.3
2018-05-26,1367196.2
2018-05-27,1372403.4
2018-05-28,1380438.4
2018-05-29,1392509.5
2018-05-30,1164366.7
2018-05-31,1188934.0
2018-06-01,1197041.0
2018-06-02,1173809.0
2018-06-03,1217210.4
2018-06-04,1264285.5
2018-06-05,1324680.8
2018-06-06,1287828.5
2018-06-07,1182517.5
2018-06-08,1531917.0
2018-06-09,1240532.8
2018-06-10,1200615.0
2018-06-11,1165842.2
2018-06-12,1293568.9
2018-06-13,1236337.6
2018-06-14,1191300.0
2018-06-15,1199206.0
2018-06-16,1207713.7
2018-06-17,1216842.7
2018-06-18,1226486.9
2018-06-19,1236586.0
2018-06-20,1155689.5
2018-06-21,1079586.1
2018-06-22,1065180.7
2018-06-23,1052095.4
2018-06-24,1040630.2
2018-06-25,1036378.2
2018-06-26,1046734.5
2018-06-27,973093.3
2018-06-28,921633.7
2018-06-29,961494.4
2018-06-30,1005070.0
2018-07-01,1053970.5
2018-07-02,1108519.9
2018-07-03,1044061.8
2018-07-04,984350.6
2018-07-05,930550.6
2018-07-06,981361.8
2018-07-07,1034529.5
2018-07-08,1090270.6
2018-07-09,1149302.0
2018-07-10,1211113.0
2018-07-11,1187442.3
2018-07-12,1171177.9
2018-07-13,1191964.9
2018-07-14,1214381.2
2018-07-15,1238329.4
2018-07-16,1263942.8
2018-07-17,1290836.7
2018-07-18,1183149.4
2018-07-19,1084265.7
2018-07-20,1139953.3
2018-07-21,1197610.8
2018-07-22,1257398.0
2018-07-23,1319705.3
2018-07-24,1384649.5
2018-07-25,1298444.2
2018-07-26,1223207.4
2018-07-27,1225278.9
2018-07-28,1227647.7
2018-07-29,1230359.8
2018-07-30,1233431.0
2018-07-31,1236857.6
2018-08-01,1316325.3
2018-08-02,1400751.7
2018-08-03,1370055.8
2018-08-04,1339657.6
2018-08-05,1309601.0
2018-08-06,1279897.6
2018-08-07,1250496.5
2018-08-08,1240669.9
2018-08-09,1232918.6
2018-08-10,1250418.6
2018-08-11,1268433.0
2018-08-12,1286875.9
2018-08-13,1305760.7
2018-08-14,1325167.8
2018-08-15,1284394.1
2018-08-16,1232092.8
2018-08-17,1170467.6
2018-08-18,1109591.8
2018-08-19,1049166.7
2018-08-20,989083.1
2018-08-21,931963.2
2018-08-22,1036305.9
2018-08-23,1154369.3
2018-08-24,1135468.4
2018-08-25,1117136.6
2018-08-26,1099299.1
2018-08-27,1081968.5
2018-08-28,1065232.9
2018-08-29,1110865.6
2018-08-30,1159661.1
2018-08-31,1139584.9
2018-09-01,1081272.9
2018-09-02,1024239.3
2018-09-03,968528.1
2018-09-04,914275.1
2018-09-05,862001.0
2018-09-06,812803.9
2018-09-07,892548.6
2018-09-08,976278.0
2018-09-09,1063689.3
2018-09-10,1154868.2
2018-09-11,1248595.4
2018-09-12,1207928.3
2018-09-13,1170202.8
2018-09-14,1186683.7
2018-09-15,1203614.1
2018-09-16,1221254.2
2018-09-17,1239794.9
2018-09-18,1259192.4
2018-09-19,1258825.7
2018-09-20,1260858.3
2018-09-21,1265897.6
2018-09-22,1266395.4
2018-09-23,1266893.1
2018-09-24,1267390.9
2018-09-25,1267888.6
2018-09-26,1347815.6
2018-09-27,1435303.4
2018-09-28,1441744.7
2018-09-29,1448335.2
2018-09-30,1455031.3
2018-10-01,1462360.2
2018-10-02,1470183.0
2018-10-03,1488322.5
2018-10-04,1507633.8
2018-10-05,1515893.0
2018-10-06,1524297.3
2018-10-07,1532837.7
2018-10-08,1541508.5
2018-10-09,1550292.1
2018-10-10,1559174.0
2018-10-11,1568143.0
2018-10-12,1609559.8
2018-10-13,1651346.8
2018-10-14,1693273.0
2018-10-15,1735266.3
2018-10-16,1777355.4
2018-10-17,1611883.7
2018-10-18,1447577.6
2018-10-19,1481095.3
2018-10-20,1514983.3
2018-10-21,1549067.3
2018-10-22,1583218.3
2018-10-23,1617389.5
2018-10-24,1563734.7
2018-10-25,1511004.2
2018-10-26,1557718.5
2018-10-27,1605014.4
2018-10-28,1652616.9
2018-10-29,1700366.2
2018-10-30,1748119.8
2018-10-31,1541177.0
2018-11-01,1510605.5
2018-11-02,1480353.6
2018-11-03,1486912.1
2018-11-04,1493470.7
2018-11-05,1500034.0
2018-11-06,1499867.1
2018-11-07,1499892.8
2018-11-08,1353587.2
2018-11-09,1387785.1
2018-11-10,1422123.3
2018-11-11,1456589.8
2018-11-12,1491139.5
2018-11-13,1525720.6
2018-11-14,1560329.1
2018-11-15,1575563.9
2018-11-16,1407210.3
2018-11-17,1242068.4
2018-11-18,1082699.8
2018-11-19,933393.5
2018-11-20,1392844.9
2018-11-21,1442003.6
2018-11-22,1437406.7
2018-11-23,1433497.7
2018-11-24,1430337.3
2018-11-25,1427924.3
2018-11-26,1426022.1
2018-11-27,1393183.1
2018-11-28,1581105.8
2018-11-29,1298656.3
2018-11-30,1350666.6
2018-12-01,1403325.9
2018-12-02,1456355.9
2018-12-03,1509731.0
2018-12-04,1250922.4
2018-12-05,1312001.6
2018-12-06,1375813.5
2018-12-07,1409243.6
2018-12-08,1443380.0
2018-12-09,1477985.1
2018-12-10,1512780.9
2018-12-11,1392012.4
2018-12-12,1457730.7
2018-12-13,1425691.4
2018-12-14,1393913.3
2018-12-15,1362426.9
2018-12-16,1331349.4
2018-12-17,1300883.8
2018-12-18,1271052.6
2018-12-19,1400749.1
2018-12-20,1380643.8
2018-12-21,1361134.8
2018-12-22,1342305.0
2018-12-23,1324078.5
2018-12-24,1306888.1
2018-12-25,1290582.5
2018-12-26,1274900.4
2018-12-27,1259745.4
2018-12-28,1234161.7
2018-12-29,1209199.9
2018-12-30,1185055.9
2018-12-31,1161696.0
2019-01-01,1139182.4
2019-01-02,1117636.9
2019-01-03,1097117.3
2019-01-04,1077653.8
2019-01-05,1161486.8
2019-01-06,1251245.5
2019-01-07,1345464.0
2019-01-08,1440278.1
2019-01-09,1524915.3
2019-01-10,1613881.9
2019-01-11,1614597.2
2019-01-12,1500566.2
2019-01-13,1466827.8
2019-01-14,1415806.3
2019-01-15,1541956.8
2019-01-16,1441439.2
2019-01-17,1614802.0
2019-01-18,1440328.7
2019-01-19,1273300.5
2019-01-20,1410485.0
2019-01-21,1555687.6
2019-01-22,1230555.1
2019-01-23,1168993.0
2019-01-24,1115955.0
2019-01-25,1172864.4
2019-01-26,1183889.4
2019-01-27,1196400.0
2019-01-28,1210161.7
2019-01-29,1371881.9
2019-01-30,1530523.6
2019-01-31,1401478.4
2019-02-01,1451160.7
2019-02-02,1448934.2
2019-02-03,1446967.2
2019-02-04,1445246.4
2019-02-05,1443773.0
2019-02-06,1442564.6
2019-02-07,1441637.8
2019-02-08,1440985.3
2019-02-09,1585017.0
2019-02-10,1535067.6
2019-02-11,1485724.3
2019-02-12,1437385.9
2019-02-13,1389871.2
2019-02-14,1554790.5
2019-02-15,1272328.3
2019-02-16,1302404.8
2019-02-17,1333153.4
2019-02-18,1364461.2
2019-02-19,1396288.5
2019-02-20,1428653.5
2019-02-21,1461628.7
2019-02-22,1495256.3
2019-02-23,1529895.5
2019-02-24,1565637.5
2019-02-25,1590020.5
2019-02-26,1599323.3
2019-02-27,1437467.6
2019-02-28,1465099.8
2019-03-01,1494632.9
2019-03-02,1525834.0
2019-03-03,1558464.1
2019-03-04,1592196.3
2019-03-05,1626767.1
2019-03-06,1557672.7
2019-03-07,1491309.0
2019-03-08,1489139.6
2019-03-09,1499783.9
2019-03-10,1511083.5
2019-03-11,1523143.0
2019-03-12,1535857.4
2019-03-13,1501519.0
2019-03-14,1689277.4
2019-03-15,1886803.7
2019-03-16,1637034.9
2019-03-17,1405012.9
2019-03-18,1566581.2
2019-03-19,1568466.1
2019-03-20,1623793.0
2019-03-21,1556455.5
2019-03-22,1427546.0
2019-03-23,1436295.0
2019-03-24,1414376.6
2019-03-25,1408003.4
2019-03-26,1405458.5
2019-03-27,1380071.4
2019-03-28,1356881.7
2019-03-29,1393194.0
2019-03-30,1431022.7
2019-03-31,1470062.3
2019-04-01,1510034.4
2019-04-02,1550856.6
2019-04-03,1410011.0
2019-04-04,1279853.5
2019-04-05,1308223.8
2019-04-06,1338996.6
2019-04-07,1372106.7
2019-04-08,1408081.3
2019-04-09,1443317.0
2019-04-10,1195876.9
2019-04-11,994897.7
2019-04-12,1044164.5
2019-04-13,1104085.0
2019-04-14,1497692.4
2019-04-15,1258503.0
2019-04-16,1142720.3
2019-04-17,1186660.6
2019-04-18,1115221.0
2019-04-19,1054890.9
2019-04-20,1035755.7
2019-04-21,1021470.4
2019-04-22,1015292.2
2019-04-23,1032300.5
2019-04-24,1080441.9
2019-04-25,979497.6
2019-04-26,953987.5
2019-04-27,991377.9
2019-04-28,1036704.6
2019-04-29,1088761.4
2019-04-30,1055884.2
2019-05-01,1134489.4
2019-05-02,1097529.3
2019-05-03,926866.4
2019-05-04,1045317.5
2019-05-05,1178747.4
2019-05-06,1116585.6
2019-05-07,1114440.9
2019-05-08,1068495.6
2019-05-09,1079886.2
2019-05-10,1159816.9
2019-05-11,1287285.1
2019-05-12,1190925.1
2019-05-13,1131050.3
2019-05-14,1292283.2
2019-05-15,1269920.4
2019-05-16,1263627.0
2019-05-17,1360099.2
2019-05-18,1389262.9
2019-05-19,1439218.2
2019-05-20,1474524.0
2019-05-21,1468635.2
2019-05-22,1521588.0
2019-05-23,1528253.2
2019-05-24,1363500.7
2019-05-25,1490236.5
2019-05-26,1479708.2
2019-05-27,1477276.7
2019-05-28,1483080.6
2019-05-29,1534327.0
2019-05-30,1597976.3
2019-05-31,1488295.3
2019-06-01,1459946.8
2019-06-02,1470639.0
2019-06-03,1285023.5
2019-06-04,1281955.6
2019-06-05,1386975.7
2019-06-06,1474897.7
2019-06-07,1605441.7
2019-06-08,1547544.8
2019-06-09,1588224.2
2019-06-10,1686628.6
2019-06-11,1842157.6
2019-06-12,1593414.5
2019-06-13,1592817.1
2019-06-14,1415775.9
2019-06-15,1508063.2
2019-06-16,1670263.6
2019-06-17,1693984.4
2019-06-18,1649460.8
2019-06-19,1639750.7
2019-06-20,1308650.7
2019-06-21,1523793.8
2019-06-22,1555869.3
2019-06-23,1653826.9
2019-06-24,1816585.0
2019-06-25,1745770.2
2019-06-26,1711030.1
2019-06-27,1889562.1
2019-06-28,1768291.9
2019-06-29,1773893.3
2019-06-30,1827032.8
2019-07-01,1893042.7
2019-07-02,1681055.7
2019-07-03,1334838.2
2019-07-04,1379313.6
2019-07-05,1558315.8
2019-07-06,1551225.2
2019-07-07,1556689.7
2019-07-08,1585113.3
2019-07-09,1640415.5
2019-07-10,1670102.6
2019-07-11,1730113.7
2019-07-12,1805254.3
2019-07-13,1886333.0
2019-07-14,1973590.3
2019-07-15,1992639.8
2019-07-16,1888515.3
2019-07-17,1857864.9
2019-07-18,1724956.5
2019-07-19,1448975.3
2019-07-20,1624126.0
2019-07-21,1668103.3
2019-07-22,1349332.8
2019-07-23,1796219.8
2019-07-24,1770957.5
2019-07-25,1916868.1
2019-07-26,1868976.8
2019-07-27,1922406.5
2019-07-28,1827336.6
2019-07-29,1749142.4
2019-07-30,1914425.0
2019-07-31,1904922.0
2019-08-01,1678932.7
2019-08-02,1866180.5
2019-08-03,2002092.5
2019-08-04,2148128.8
2019-08-05,1981218.3
2019-08-06,1760776.2
2019-08-07,1760674.5
2019-08-08,1747712.4
2019-08-09,1839286.8
2019-08-10,1955228.5
2019-08-11,1874746.4
2019-08-12,1798705.6
2019-08-13,1730882.0
2019-08-14,1708211.8
2019-08-15,1690706.4
2019-08-16,1584493.3
2019-08-17,1657083.4
2019-08-18,1733668.4
2019-08-19,1699473.2
2019-08-20,1666971.9
2019-08-21,1635734.0
2019-08-22,1483641.0
2019-08-23,1475752.5
2019-08-24,1468787.2
2019-08-25,1462638.4
2019-08-26,1457164.9
2019-08-27,1454641.8
2019-08-28,1635021.8
2019-08-29,1458874.3
2019-08-30,1325671.0
2019-08-31,1346363.7
2019-09-01,1367947.8
2019-09-02,1390354.2
2019-09-03,1414847.0
2019-09-04,760307.7
2019-09-05,852736.0
2019-09-06,950762.4
2019-09-07,1054524.0
2019-09-08,1164411.3
2019-09-09,1279772.2
2019-09-10,1399701.0
2019-09-11,1483654.4
2019-09-12,1574032.8
2019-09-13,1560520.9
2019-09-14,1548013.5
2019-09-15,1536187.0
2019-09-16,1525007.9
2019-09-17,1514369.1
2019-09-18,1454521.3
2019-09-19,1398021.0
2019-09-20,1413248.2
2019-09-21,1429370.9
2019-09-22,1445972.2
2019-09-23,1462953.1
2019-09-24,1480340.9
2019-09-25,1538427.6
2019-09-26,1598042.8
2019-09-27,1565107.2
2019-09-28,1532975.1
2019-09-29,1501892.1
2019-09-30,1472014.9
2019-10-01,1443497.5
2019-10-02,1474233.7
2019-10-03,1510743.6
2019-10-04,1465627.0
2019-10-05,1421304.7
2019-10-06,1377746.2
2019-10-07,1335779.9
2019-10-08,1297933.6
2019-10-09,1310497.8
2019-10-10,1327873.6
2019-10-11,1401954.5
2019-10-12,1479114.1
2019-10-13,1558241.6
2019-10-14,1639739.1
2019-10-15,1723739.9
2019-10-16,1810125.5
2019-10-17,1812074.5
2019-10-18,1814156.5
2019-10-19,1816381.9
2019-10-20,1818799.7
2019-10-21,1821559.2
2019-10-22,1824757.4
2019-10-23,1673099.2
2019-10-24,1533032.7
2019-10-25,1534190.5
2019-10-26,1536084.8
2019-10-27,1538728.7
2019-10-28,1542037.7
2019-10-29,1546309.1
2019-10-30,1528901.9
2019-10-31,1514768.7
2019-11-01,1440831.1
2019-11-02,1369095.1
2019-11-03,1298958.3
2019-11-04,1232220.9
2019-11-05,1299295.3
2019-11-06,1379039.7
2019-11-07,1464589.2
2019-11-08,1447033.3
2019-11-09,1430803.9
2019-11-10,1415810.7
2019-11-11,1402266.6
2019-11-12,1390606.0
2019-11-13,1381244.7
2019-11-14,1373386.1
2019-11-15,1367180.0
2019-11-16,1362610.1
2019-11-17,1359514.6
2019-11-18,1357869.6
2019-11-19,1358144.4
2019-11-20,1449528.5
2019-11-21,1553476.4
2019-11-22,1542105.7
2019-11-23,1530919.8
2019-11-24,1519870.7
2019-11-25,1509016.7
2019-11-26,1498643.7
2019-11-27,1476772.1
2019-11-28,1455630.4
2019-11-29,1435564.0
2019-11-30,1416798.2
2019-12-01,1399647.3
2019-12-02,1384329.3
2019-12-03,1370824.1
2019-12-04,1541268.9
2019-12-05,1742097.0
2019-12-06,1656970.1
2019-12-07,1572655.3
2019-12-08,1489554.5
2019-12-09,1408605.7
2019-12-10,1331921.6
2019-12-11,1259737.4
2019-12-12,1295717.8
2019-12-13,1334472.2
2019-12-14,1374809.4
2019-12-15,1416337.5
2019-12-16,1458997.0
2019-12-17,1502421.0
2019-12-18,1465027.2
2019-12-19,1430900.7
2019-12-20,1327829.1
2019-12-21,1228395.6
2019-12-22,1134495.4
2019-12-23,1047716.4
2019-12-24,1093183.4
2019-12-25,1141555.3
2019-12-26,1192852.7
2019-12-27,1246199.6
2019-12-28,1300835.1
2019-12-29,1356544.8
2019-12-30,1413176.1
2019-12-31,1470407.4
2020-01-01,1458246.6
2020-01-02,1446368.8
2020-01-03,1434840.2
2020-01-04,1423685.2
2020-01-05,1412844.0
2020-01-06,1402345.7
2020-01-07,1393417.9
2020-01-08,1340142.1
2020-01-09,1290941.1
2020-01-10,1316370.2
2020-01-11,1342273.2
2020-01-12,1368599.5
2020-01-13,1395273.5
2020-01-14,1422330.2
2020-01-15,1449643.6
2020-01-16,1426509.1
2020-01-17,1409365.6
2020-01-18,1463079.3
2020-01-19,1520927.5
2020-01-20,1582089.2
2020-01-21,1646693.6
2020-01-22,1472648.2
2020-01-23,1324344.3
2020-01-24,1747103.2
2020-01-25,1749959.7
2020-01-26,1755986.3
2020-01-27,1766274.5
2020-01-28,1535734.2
2020-01-29,1831157.3
2020-01-30,1809423.5
2020-01-31,1829392.3
2020-02-01,1866912.1
2020-02-02,1937022.9
2020-02-03,2014819.5
2020-02-04,1960054.4
2020-02-05,1972768.2
2020-02-06,2011173.7
2020-02-07,1948449.4
2020-02-08,2106965.7
2020-02-09,2097999.7
2020-02-10,2033361.4
2020-02-11,1988776.2
2020-02-12,1953339.8
2020-02-13,1888924.3
2020-02-14,1916141.1
2020-02-15,1901323.4
2020-02-16,1818239.9
2020-02-17,1738287.3
2020-02-18,1749785.2
2020-02-19,1768695.1
2020-02-20,1796297.8
2020-02-21,1849674.6
2020-02-22,1784750.4
2020-02-23,1849332.7
2020-02-24,1786662.7
2020-02-25,1761698.6
2020-02-26,1779309.3
2020-02-27,1652657.6
2020-02-28,1950836.3
2020-02-29,1674995.3
2020-03-01,1876667.1
2020-03-02,1774373.8
2020-03-03,1665557.8
2020-03-04,1588869.9
2020-03-05,1554313.1
2020-03-06,1647463.6
2020-03-07,1665822.0
2020-03-08,1609372.9
2020-03-09,1507405.3
2020-03-10,1216150.6
2020-03-11,1281353.4
2020-03-12,1504921.0
2020-03-13,1416746.6
2020-03-14,1103512.8
2020-03-15,1270379.3
2020-03-16,1248835.4
2020-03-17,1204771.1
2020-03-18,1303389.0
2020-03-19,933246.8
2020-03-20,1016022.4
2020-03-21,1080183.9
2020-03-22,1159907.9
2020-03-23,1250348.8
2020-03-24,1233898.0
2020-03-25,1393279.3
2020-03-26,1210786.7
2020-03-27,970717.8
2020-03-28,1013800.8
2020-03-29,1066207.3
2020-03-30,1126265.5
2020-03-31,1016939.7
2020-04-01,1203884.9
2020-04-02,979727.2
2020-04-03,1153931.3
2020-04-04,1317433.2
2020-04-05,1370573.7
2020-04-06,1337347.6
2020-04-07,988217.0
2020-04-08,1204583.3
2020-04-09,1392895.7
2020-04-10,1315447.4
2020-04-11,1378339.6
2020-04-12,1337682.1
2020-04-13,1311721.8
2020-04-14,1201817.9
2020-04-15,1353196.8
2020-04-16,1246285.4
2020-04-17,1159045.0
2020-04-18,1179012.6
2020-04-19,1264908.8
2020-04-20,1370802.9
2020-04-21,1393243.9
2020-04-22,1347033.2
2020-04-23,1187047.2
2020-04-24,1091678.8
2020-04-25,1196618.7
2020-04-26,1101662.9
2020-04-27,1063136.4
2020-04-28,1001527.0
2020-04-29,1018857.7
2020-04-30,1380511.0
2020-05-01,1039181.2
2020-05-02,1046994.7
2020-05-03,1118389.8
2020-05-04,1208590.5
2020-05-05,1363410.0
2020-05-06,1170699.0
2020-05-07,1246180.0
2020-05-08,1269264.9
2020-05-09,1324562.9
2020-05-10,1246620.0
2020-05-11,1212770.2
2020-05-12,1338868.5
2020-05-13,964673.9
2020-05-14,1276786.5
2020-05-15,1101460.9
2020-05-16,1118881.1
2020-05-17,1162377.8
2020-05-18,1362044.8
2020-05-19,1326166.5
2020-05-20,1110481.9
2020-05-21,1288484.1
2020-05-22,1156054.0
2020-05-23,1242052.9
2020-05-24,1198546.9
2020-05-25,1163478.2
2020-05-26,1135835.0
2020-05-27,1334142.6
2020-05-28,1264429.7
2020-05-29,1064768.5
2020-05-30,1142356.0
2020-05-31,1240962.9
2020-06-01,1327771.3
2020-06-02,1295288.7
2020-06-03,1219842.7
2020-06-04,1412263.4
2020-06-05,1242016.6
2020-06-06,1222044.6
2020-06-07,1214442.3
2020-06-08,1220956.6
2020-06-09,1232028.6
2020-06-10,1131876.7
2020-06-11,1295419.7
2020-06-12,1196961.7
2020-06-13,1152383.4
2020-06-14,1166680.6
2020-06-15,1189577.4
2020-06-16,1221451.5
2020-06-17,1186471.1
2020-06-18,1067996.1
2020-06-19,1124800.5
2020-06-20,1101557.3
2020-06-21,1087417.6
2020-06-22,1083446.0
2020-06-23,1118232.6
2020-06-24,1136779.8
2020-06-25,1182303.7
2020-06-26,1051265.6
2020-06-27,1132965.9
2020-06-28,1224687.8
2020-06-29,1145810.9
2020-06-30,1168989.2
2020-07-01,1169301.7
2020-07-02,1151974.0
2020-07-03,1098982.0
2020-07-04,1049421.6
2020-07-05,1003221.4
2020-07-06,995719.8
2020-07-07,995351.6
2020-07-08,1155917.4
2020-07-09,1008696.5
2020-07-10,1040161.6
2020-07-11,1073194.0
2020-07-12,1107694.2
2020-07-13,1143513.7
2020-07-14,1180630.7
2020-07-15,1190934.8
2020-07-16,1205964.2
2020-07-17,1203885.5
2020-07-18,1204441.4
2020-07-19,1207675.4
2020-07-20,1214260.2
2020-07-21,1224712.9
2020-07-22,1149158.3
2020-07-23,1097616.8
2020-07-24,1149428.3
2020-07-25,1204698.7
2020-07-26,1262575.6
2020-07-27,1322179.0
2020-07-28,1383353.2
2020-07-29,1319114.1
2020-07-30,1259108.7
2020-07-31,1278774.5
2020-08-01,1299607.0
2020-08-02,1321580.0
2020-08-03,1344922.8
2020-08-04,1367754.5
2020-08-05,1352300.8
2020-08-06,1344350.2
2020-08-07,1346658.2
2020-08-08,1350014.2
2020-08-09,1354823.9
2020-08-10,1360576.1
2020-08-11,1366511.9
2020-08-12,1372660.6
2020-08-13,1311434.0
2020-08-14,1315455.6
2020-08-15,1321564.6
2020-08-16,1329413.5
2020-08-17,1338165.0
2020-08-18,1347347.6
2020-08-19,1357028.5
2020-08-20,1187005.3
2020-08-21,1205940.0
2020-08-22,1225552.5
2020-08-23,1245975.1
2020-08-24,1267330.2
2020-08-25,1289563.0
2020-08-26,1312505.6
2020-08-27,1336181.4
2020-08-28,1360637.2
2020-08-29,1324126.9
2020-08-30,1290288.6
2020-08-31,1259020.9
2020-09-01,1232795.2
2020-09-02,1266757.8
2020-09-03,1303714.6
2020-09-04,1305567.9
2020-09-05,1307858.4
2020-09-06,1310585.2
2020-09-07,1313717.6
2020-09-08,1317227.7
2020-09-09,1293778.2
2020-09-10,1272269.3
2020-09-11,1256976.2
2020-09-12,1242721.0
2020-09-13,1229394.1
2020-09-14,1217202.0
2020-09-15,1206343.1
2020-09-16,1197327.1
2020-09-17,1135009.2
2020-09-18,1107561.4
2020-09-19,1081062.6
2020-09-20,1055594.0
2020-09-21,1031337.5
2020-09-22,1008497.0
2020-09-23,1100770.5
2020-09-24,1202291.4
2020-09-25,1187081.2
2020-09-26,1172485.8
2020-09-27,1158670.3
2020-09-28,1145702.8
2020-09-29,1133924.7
2020-09-30,1131793.5
2020-10-01,1132680.7
2020-10-02,1134063.4
2020-10-03,1136010.0
2020-10-04,1138585.2
2020-10-05,1141942.8
2020-10-06,1146141.1
2020-10-07,1145806.9
2020-10-08,1148709.7
2020-10-09,1139865.7
2020-10-10,1131526.7
2020-10-11,1123580.9
2020-10-12,1115879.8
2020-10-13,1108385.0
2020-10-14,1101089.9
2020-10-15,1046271.5
2020-10-16,1048509.1
2020-10-17,1051135.1
2020-10-18,1054220.8
2020-10-19,1057778.9
2020-10-20,1061720.8
2020-10-21,1108879.7
2020-10-22,1158572.0
2020-10-23,1155470.9
2020-10-24,1152553.5
2020-10-25,1149820.6
2020-10-26,1147272.4
2020-10-27,1144909.3
2020-10-28,1142711.2
2020-10-29,1140653.8
2020-10-30,1138736.8
2020-10-31,1171711.2
2020-11-01,1205673.5
2020-11-02,1240647.0
2020-11-03,1274561.6
2020-11-04,1258215.4
2020-11-05,1242059.0
2020-11-06,1226109.5
2020-11-07,1210383.6
2020-11-08,1194903.0
2020-11-09,1179645.6
2020-11-10,1164594.4
2020-11-11,1125363.1
2020-11-12,1088194.9
2020-11-13,1076383.3
2020-11-14,1064880.3
2020-11-15,1053744.7
2020-11-16,1043035.4
2020-11-17,1032782.4
2020-11-18,1101649.0
2020-11-19,1174929.9
2020-11-20,1164291.2
2020-11-21,1156041.8
2020-11-22,1150163.7
2020-11-23,1146284.0
2020-11-24,1144518.5
2020-11-25,1238521.7
2020-11-26,1257922.4
2020-11-27,1277780.6
2020-11-28,1298095.1
2020-11-29,1318801.0
2020-11-30,1339862.2
2020-12-01,1361379.4
2020-12-02,1305198.4
2020-12-03,1039899.2
2020-12-04,1059257.6
2020-12-05,1082671.7
2020-12-06,1110983.0
2020-12-07,1147477.2
2020-12-08,1194571.3
2020-12-09,1085081.4
2020-12-10,985022.7
2020-12-11,1006117.7
2020-12-12,1028892.4
2020-12-13,1053602.0
2020-12-14,1082221.1
2020-12-15,1116864.6
2020-12-16,1187908.0
2020-12-17,1263044.1
2020-12-18,1158230.9
2020-12-19,1056312.6
2020-12-20,960117.4
2020-12-21,876423.6
2020-12-22,813861.0
2020-12-23,781079.1
2020-12-24,749199.2
2020-12-25,718264.1
2020-12-26,688050.4
2020-12-27,658564.5
2020-12-28,631600.5
2020-12-29,613643.1
2020-12-30,737587.3
2020-12-31,664527.6
2021-01-01,598211.6
2021-01-02,537078.7
2021-01-03,481316.6
2021-01-04,431091.1
2021-01-05,386852.3
2021-01-06,397835.2
2021-01-07,409369.9
2021-01-08,421448.9
2021-01-09,434126.5
2021-01-10,447547.4
2021-01-11,461756.2
2021-01-12,476877.7
2021-01-13,484298.3
2021-01-14,494861.3
2021-01-15,487495.3
2021-01-16,480522.1
2021-01-17,474004.6
2021-01-18,467966.6
2021-01-19,462340.3
2021-01-20,457059.1
2021-01-21,526506.2
2021-01-22,533563.9
2021-01-23,541293.3
2021-01-24,549608.2
2021-01-25,558480.6
2021-01-26,567842.6
2021-01-27,577713.5
2021-01-28,622306.0
2021-01-29,573122.6
2021-01-30,527416.8
2021-01-31,487516.8
2021-02-01,460548.2
2021-02-02,448458.0
2021-02-03,510338.2
2021-02-04,594007.6
2021-02-05,543408.8
2021-02-06,495755.6
2021-02-07,455158.1
2021-02-08,424184.0
2021-02-09,402386.2
2021-02-10,389455.8
2021-02-11,381773.4
2021-02-12,343672.2
2021-02-13,316954.1
2021-02-14,300593.4
2021-02-15,290681.1
2021-02-16,284589.5
2021-02-17,280114.4
2021-02-18,309361.2
2021-02-19,358972.5
2021-02-20,371534.1
2021-02-21,391892.6
2021-02-22,421402.8
2021-02-23,405048.8
2021-02-24,394479.0
2021-02-25,394814.1
2021-02-26,366302.5
2021-02-27,342565.1
2021-02-28,323351.1
2021-03-01,308767.5
2021-03-02,298789.5
2021-03-03,298397.9
2021-03-04,314923.4
2021-03-05,300691.6
2021-03-06,289322.5
2021-03-07,281345.5
2021-03-08,276602.6
2021-03-09,274364.5
2021-03-10,249854.8
2021-03-11,235727.5
2021-03-12,238132.6
2021-03-13,241679.6
2021-03-14,246455.2
2021-03-15,252424.7
2021-03-16,259575.0
2021-03-17,235231.9
2021-03-18,222338.2
2021-03-19,220757.0
2021-03-20,220722.5
2021-03-21,222327.9
2021-03-22,225872.5
2021-03-23,231068.4
2021-03-24,237752.9
2021-03-25,253046.6
2021-03-26,299410.4
2021-03-27,356494.7
2021-03-28,425523.2
2021-03-29,508478.2
2021-03-30,602267.3
2021-03-31,569348.9
2021-04-01,558130.2
2021-04-02,487594.6
2021-04-03,426579.1
2021-04-04,374793.3
2021-04-05,331743.3
2021-04-06,296342.6
2021-04-07,429958.4
2021-04-08,619225.0
2021-04-09,552950.3
2021-04-10,495039.6
2021-04-11,444693.2
2021-04-12,401393.2
2021-04-13,363646.5
2021-04-14,314904.6
2021-04-15,312738.1
2021-04-16,368647.0
2021-04-17,436033.1
2021-04-18,513953.5
2021-04-19,601638.8
2021-04-20,700315.6
2021-04-21,390737.3
2021-04-22,289881.2
2021-04-23,237758.6
2021-04-24,256345.7
2021-04-25,292119.4
2021-04-26,344982.6
2021-04-27,321770.2
2021-04-28,362771.9
2021-04-29,389297.4
2021-04-30,374050.8
2021-05-01,364011.0
2021-05-02,360477.6
2021-05-03,364094.6
2021-05-04,387510.9
2021-05-05,307399.4
2021-05-06,538036.3
2021-05-07,545830.2
2021-05-08,558720.4
2021-05-09,577069.4
2021-05-10,599761.1
2021-05-11,626033.7
2021-05-12,524399.8
2021-05-13,453189.5
2021-05-14,330364.0
2021-05-15,298100.1
2021-05-16,276580.7
2021-05-17,270932.3
2021-05-18,534466.5
2021-05-19,390850.3
2021-05-20,286450.2
2021-05-21,260243.7
2021-05-22,220970.1
2021-05-23,192623.8
2021-05-24,176199.9
2021-05-25,257598.2
2021-05-26,230905.0
2021-05-27,195891.4
2021-05-28,192137.0
2021-05-29,190836.2
2021-05-30,192400.8
2021-05-31,197368.1
2021-06-01,205852.6
2021-06-02,323317.4
2021-06-03,470844.5
2021-06-04,428573.3
2021-06-05,390262.8
2021-06-06,357005.1
2021-06-07,329690.2
2021-06-08,415838.9
2021-06-09,413258.5
2021-06-10,415016.7
2021-06-11,413726.9
2021-06-12,413072.3
2021-06-13,413088.1
2021-06-14,413925.2
2021-06-15,454556.4
2021-06-16,505654.4
2021-06-17,493068.4
2021-06-18,481195.1
2021-06-19,470071.8
2021-06-20,459798.9
2021-06-21,450502.6
2021-06-22,442367.2
2021-06-23,435495.4
2021-06-24,429092.9
2021-06-25,424387.7
2021-06-26,421432.1
2021-06-27,420076.4
2021-06-28,420204.4
2021-06-29,421918.1
2021-06-30,425653.6
2021-07-01,458899.5
2021-07-02,510476.9
2021-07-03,526004.5
2021-07-04,544792.1
2021-07-05,565775.4
2021-07-06,588834.6
2021-07-07,631571.6
2021-07-08,695236.4
2021-07-09,722034.1
2021-07-10,751779.3
2021-07-11,784732.2
2021-07-12,820454.5
2021-07-13,858292.6
2021-07-14,629552.8
2021-07-15,433235.7
2021-07-16,491899.1
2021-07-17,561573.1
2021-07-18,637886.7
2021-07-19,718958.4
2021-07-20,804760.6
2021-07-21,543262.5
2021-07-22,483657.3
2021-07-23,519465.0
2021-07-24,561711.7
2021-07-25,608761.0
2021-07-26,659373.0
2021-07-27,713049.4
2021-07-28,722583.3
2021-07-29,737817.5
2021-07-30,703273.0
2021-07-31,671159.4
2021-08-01,641309.3
2021-08-02,613506.4
2021-08-03,587640.0
2021-08-04,586501.3
2021-08-05,597878.5
2021-08-06,646910.0
2021-08-07,702950.6
2021-08-08,764736.9
2021-08-09,832512.8
2021-08-10,904926.0
2021-08-11,836223.9
2021-08-12,796973.3
2021-08-13,767778.6
2021-08-14,741069.0
2021-08-15,716676.2
2021-08-16,694769.3
2021-08-17,675306.2
2021-08-18,577156.9
2021-08-19,501727.3
2021-08-20,490122.0
2021-08-21,481605.8
2021-08-22,476261.1
2021-08-23,473825.4
2021-08-24,474591.4
2021-08-25,636014.7
2021-08-26,847734.7
2021-08-27,774878.1
2021-08-28,705738.0
2021-08-29,641661.8
2021-08-30,584145.9
2021-08-31,533257.4
2021-09-01,495194.8
2021-09-02,463250.9
2021-09-03,437177.6
2021-09-04,456492.6
2021-09-05,479793.5
2021-09-06,506275.1
2021-09-07,536869.6
2021-09-08,558504.2
2021-09-09,594206.6
2021-09-10,645711.6
2021-09-11,703012.1
2021-09-12,767752.1
2021-09-13,839798.2
2021-09-14,917059.1
2021-09-15,770257.9
2021-09-16,652600.1
2021-09-17,728564.5
2021-09-18,811442.9
2021-09-19,900296.7
2021-09-20,994511.9
2021-09-21,1093347.5
2021-09-22,1065959.4
2021-09-23,1042885.3
2021-09-24,961692.3
2021-09-25,884365.0
2021-09-26,811216.1
2021-09-27,743117.4
2021-09-28,680103.6
2021-09-29,622326.5
2021-09-30,994778.9
2021-10-01,988676.7
2021-10-02,982747.3
2021-10-03,977029.6
2021-10-04,971634.2
2021-10-05,966640.9
2021-10-06,803813.5
2021-10-07,661870.5
2021-10-08,694993.9
2021-10-09,730252.4
2021-10-10,767359.1
2021-10-11,806007.0
2021-10-12,846013.3
2021-10-13,887118.6
2021-10-14,940806.7
2021-10-15,917971.5
2021-10-16,895669.0
2021-10-17,873971.8
2021-10-18,853052.1
2021-10-19,832953.0
2021-10-20,916924.3
2021-10-21,1010637.3
2021-10-22,1017309.8
2021-10-23,1024488.5
2021-10-24,1032117.1
2021-10-25,1040113.8
2021-10-26,1048454.1
2021-10-27,998124.5
2021-10-28,950244.7
2021-10-29,902737.0
2021-10-30,856139.1
2021-10-31,810791.8
2021-11-01,766874.2
2021-11-02,724625.3
2021-11-03,839625.7
2021-11-04,962977.2
2021-11-05,929520.1
2021-11-06,897379.8
2021-11-07,866849.5
2021-11-08,838050.3
2021-11-09,811050.7
2021-11-10,832462.3
2021-11-11,854719.1
2021-11-12,877817.9
2021-11-13,901759.0
2021-11-14,926424.1
2021-11-15,951748.9
2021-11-16,977726.9
2021-11-17,940083.1
2021-11-18,904347.9
2021-11-19,889450.1
2021-11-20,874889.2
2021-11-21,860675.8
2021-11-22,847075.7
2021-11-23,834247.5
2021-11-24,1047511.8
2021-11-25,1062436.6
2021-11-26,1077743.2
2021-11-27,1093343.0
2021-11-28,1109162.7
2021-11-29,1125185.0
2021-11-30,1141404.2
2021-12-01,990373.3
2021-12-02,852925.9
2021-12-03,921374.1
2021-12-04,992889.0
2021-12-05,1067529.6
2021-12-06,1145452.5
2021-12-07,1225093.0
2021-12-08,1000432.3
2021-12-09,798822.5
2021-12-10,843552.2
2021-12-11,890842.4
2021-12-12,940312.5
2021-12-13,991653.1
2021-12-14,1044702.5
2021-12-15,1041021.4
2021-12-16,1039674.3
2021-12-17,985755.0
2021-12-18,933016.7
2021-12-19,881725.0
2021-12-20,832134.7
2021-12-21,784907.4
2021-12-22,1121504.1
2021-12-23,1088753.8
2021-12-24,1056696.9
2021-12-25,1025559.6
2021-12-26,995244.0
2021-12-27,965699.0
2021-12-28,936886.8
2021-12-29,793532.5
2021-12-30,840901.6
2021-12-31,889919.3
2022-01-01,940347.4
2022-01-02,992072.3
2022-01-03,1045085.8
2022-01-04,1099422.9
2022-01-05,1154932.2
2022-01-06,1211303.4
2022-01-07,1122083.7
2022-01-08,1036093.6
2022-01-09,954152.2
2022-01-10,876930.5
2022-01-11,806120.5
2022-01-12,900986.3
2022-01-13,1020305.6
2022-01-14,1012273.4
2022-01-15,1005208.7
2022-01-16,999879.7
2022-01-17,996959.9
2022-01-18,996153.1
2022-01-19,997566.5
2022-01-20,1073881.4
2022-01-21,887564.6
2022-01-22,930370.1
2022-01-23,979186.5
2022-01-24,1033034.4
2022-01-25,1089562.4
2022-01-26,1083852.3
2022-01-27,1085312.8
2022-01-28,643006.3
2022-01-29,710792.2
2022-01-30,794901.3
2022-01-31,897245.6
2022-02-01,1126431.3
2022-02-02,1029710.9
2022-02-03,934131.0
2022-02-04,842591.8
2022-02-05,931434.1
2022-02-06,1024552.6
2022-02-07,1118744.9
2022-02-08,1362845.6
2022-02-09,792025.4
2022-02-10,1052916.4
2022-02-11,1090257.2
2022-02-12,1121892.4
2022-02-13,1154049.0
2022-02-14,1186413.7
2022-02-15,1456591.9
2022-02-16,1244121.4
2022-02-17,970035.9
2022-02-18,887351.5
2022-02-19,889565.5
2022-02-20,892859.7
2022-02-21,897112.2
2022-02-22,901821.6
2022-02-23,906936.3
2022-02-24,912497.7
2022-02-25,918622.7
2022-02-26,927061.8
2022-02-27,940584.4
2022-02-28,958753.7
2022-03-01,580726.8
2022-03-02,939777.4
2022-03-03,888312.9
2022-03-04,832179.0
2022-03-05,778424.0
2022-03-06,726922.8
2022-03-07,678300.2
2022-03-08,632857.7
2022-03-09,937241.0
2022-03-10,368170.2
2022-03-11,449697.4
2022-03-12,546176.1
2022-03-13,654655.5
2022-03-14,770914.7
2022-03-15,766784.8
2022-03-16,940416.2
2022-03-17,735701.2
2022-03-18,784227.1
2022-03-19,834584.8
2022-03-20,886213.2
2022-03-21,938921.6
2022-03-22,992609.0
2022-03-23,893698.0
2022-03-24,1076291.8
2022-03-25,634887.3
2022-03-26,721052.6
2022-03-27,812988.8
2022-03-28,909490.6
2022-03-29,874069.0
2022-03-30,842132.2
2022-03-31,834212.5
2022-04-01,826834.5
2022-04-02,820090.6
2022-04-03,814167.0
2022-04-04,808939.3
2022-04-05,804436.0
2022-04-06,777258.1
2022-04-07,759324.9
2022-04-08,751660.8
2022-04-09,787775.4
2022-04-10,836962.1
2022-04-11,895845.7
2022-04-12,907900.2
2022-04-13,921625.2
2022-04-14,936726.3
2022-04-15,946073.2
2022-04-16,955968.4
2022-04-17,966476.3
2022-04-18,977406.4
2022-04-19,988583.6
2022-04-20,903162.3
2022-04-21,819966.7
2022-04-22,739810.5
2022-04-23,664172.8
2022-04-24,593972.8
2022-04-25,529593.1
2022-04-26,560575.3
2022-04-27,596781.5
2022-04-28,637908.4
2022-04-29,692142.3
2022-04-30,750093.7
2022-05-01,811283.9
2022-05-02,875267.7
2022-05-03,540719.1
2022-05-04,495287.8
2022-05-05,461380.5
2022-05-06,494484.2
2022-05-07,530391.1
2022-05-08,568918.8
2022-05-09,609831.6
2022-05-10,652878.2
2022-05-11,662684.8
2022-05-12,676660.5
2022-05-13,593629.9
2022-05-14,516587.8
2022-05-15,447567.7
2022-05-16,387826.2
2022-05-17,335831.5
2022-05-18,563688.1
2022-05-19,871595.9
2022-05-20,812118.4
2022-05-21,875005.1
2022-05-22,945313.6
2022-05-23,1020299.7
2022-05-24,921930.8
2022-05-25,854798.6
2022-05-26,981035.6
2022-05-27,964260.2
2022-05-28,955490.9
2022-05-29,947501.5
2022-05-30,940159.5
2022-05-31,933602.4
2022-06-01,928317.0
2022-06-02,912605.1
2022-06-03,899857.9
2022-06-04,912973.2
2022-06-05,927486.5
2022-06-06,943935.8
2022-06-07,935837.3
2022-06-08,1045621.7
2022-06-09,1165699.1
2022-06-10,1106921.4
2022-06-11,1104699.1
2022-06-12,1105273.4
2022-06-13,1108559.3
2022-06-14,1026005.9
2022-06-15,983582.3
2022-06-16,946969.0
2022-06-17,999233.9
2022-06-18,996374.0
2022-06-19,996965.9
2022-06-20,1002460.1
2022-06-21,1012943.5
2022-06-22,1057901.3
2022-06-23,1106165.3
2022-06-24,1158147.7
2022-06-25,1088293.9
2022-06-26,1023158.1
2022-06-27,966345.9
2022-06-28,955546.0
2022-06-29,954203.3
2022-06-30,954195.5
2022-07-01,971997.0
2022-07-02,992262.5
2022-07-03,1016501.9
2022-07-04,1047756.7
2022-07-05,1086338.7
2022-07-06,1132511.8
2022-07-07,1123174.0
2022-07-08,1115160.7
2022-07-09,1108476.2
2022-07-10,1102561.2
2022-07-11,1097137.2
2022-07-12,1092059.5
2022-07-13,1097505.7
2022-07-14,1103781.0
2022-07-15,1110677.3
2022-07-16,1170482.3
2022-07-17,1231022.5
2022-07-18,1292090.4
2022-07-19,1353569.3
2022-07-20,1415750.1
2022-07-21,1710638.9
2022-07-22,2006933.3
2022-07-23,1769704.7
2022-07-24,1617585.8
2022-07-25,1466267.2
2022-07-26,1593087.7
2022-07-27,1325324.8
2022-07-28,1208784.8
2022-07-29,1290990.3
2022-07-30,1213723.4
2022-07-31,1136624.8
2022-08-01,1059942.9
2022-08-02,1154268.4
2022-08-03,1087680.4
2022-08-04,1021681.0
2022-08-05,1067013.2
2022-08-06,1112868.9
2022-08-07,1158783.4
2022-08-08,1204702.2
2022-08-09,1169200.3
2022-08-10,1089216.2
2022-08-11,1158418.9
2022-08-12,867009.2
2022-08-13,906498.7
2022-08-14,947294.1
2022-08-15,988324.1
2022-08-16,794513.8
2022-08-17,795640.3
2022-08-18,800651.9
2022-08-19,783457.2
2022-08-20,766781.0
2022-08-21,750785.6
2022-08-22,735745.0
2022-08-23,721793.8
2022-08-24,838574.2
2022-08-25,961459.0
2022-08-26,899556.9
2022-08-27,838094.0
2022-08-28,777529.0
2022-08-29,718390.4
2022-08-30,661320.6
2022-08-31,809373.9
2022-09-01,966581.2
2022-09-02,910838.0
2022-09-03,855678.4
2022-09-04,801240.8
2022-09-05,747784.9
2022-09-06,696100.2
2022-09-07,640051.3
2022-09-08,587358.1
2022-09-09,618056.5
2022-09-10,650094.8
2022-09-11,683086.8
2022-09-12,716467.4
2022-09-13,750173.1
2022-09-14,679504.1
2022-09-15,611490.3
2022-09-16,640324.8
2022-09-17,670018.6
2022-09-18,700401.2
2022-09-19,731172.9
2022-09-20,762262.9
2022-09-21,682402.5
2022-09-22,612982.7
2022-09-23,613396.2
2022-09-24,614693.8
2022-09-25,616901.8
2022-09-26,620117.3
2022-09-27,624062.2
2022-09-28,805100.4
2022-09-29,1006542.2
2022-09-30,1212508.0
2022-10-01,1094205.1
2022-10-02,976031.1
2022-10-03,862049.0
2022-10-04,755955.7
2022-10-05,850292.7
2022-10-06,955583.7
2022-10-07,1063615.0
2022-10-08,1029789.1
2022-10-09,995964.2
2022-10-10,962148.6
2022-10-11,928376.0
2022-10-12,862237.3
2022-10-13,798213.6
2022-10-14,839785.4
2022-10-15,882143.6
2022-10-16,924987.2
2022-10-17,968232.9
2022-10-18,1011663.9
2022-10-19,1055180.3
2022-10-20,799304.7
2022-10-21,808753.3
2022-10-22,818228.1
2022-10-23,827724.9
2022-10-24,837253.7
2022-10-25,846826.1
2022-10-26,801368.3
2022-10-27,756525.5
2022-10-28,710238.8
2022-10-29,664715.0
2022-10-30,623655.7
2022-10-31,587757.3
2022-11-01,554642.9
2022-11-02,753162.5
2022-11-03,975746.3
2022-11-04,997388.6
2022-11-05,1019242.1
2022-11-06,1041100.5
2022-11-07,1062959.0
2022-11-08,1084818.0
2022-11-09,956187.0
2022-11-10,829079.1
2022-11-11,797513.4
2022-11-12,766125.3
2022-11-13,735550.0
2022-11-14,706857.8
2022-11-15,680394.3
2022-11-16,648377.7
2022-11-17,620855.8
2022-11-18,610266.5
2022-11-19,600452.1
2022-11-20,591489.8
2022-11-21,583292.4
2022-11-22,575908.0
2022-11-23,930892.0
2022-11-24,920891.4
2022-11-25,910921.4
2022-11-26,900990.8
2022-11-27,891080.5
2022-11-28,881183.6
2022-11-29,871329.0
2022-11-30,611323.1
2022-12-01,404145.5
2022-12-02,492870.0
2022-12-03,594064.6
2022-12-04,704475.3
2022-12-05,822410.8
2022-12-06,943830.5
2022-12-07,693861.4
2022-12-08,479342.6
2022-12-09,512054.3
2022-12-10,546907.5
2022-12-11,584228.8
2022-12-12,623633.0
2022-12-13,664646.6
2022-12-14,736480.1
2022-12-15,814545.7
2022-12-16,749446.2
2022-12-17,686816.0
2022-12-18,627882.6
2022-12-19,573087.0
2022-12-20,522262.6
2022-12-21,770264.6
2022-12-22,1059807.6
2022-12-23,970683.2
2022-12-24,881670.6
2022-12-25,793064.3
2022-12-26,707403.8
2022-12-27,627091.0
2022-12-28,552695.9
2022-12-29,621642.8
2022-12-30,697422.0
2022-12-31,778238.5
2023-01-01,860932.3
2023-01-02,944215.4
2023-01-03,1027768.0
2023-01-04,1111468.4
2023-01-05,1037596.2
2023-01-06,963839.2
2023-01-07,890257.9
2023-01-08,817069.3
2023-01-09,744880.2
2023-01-10,674444.4
2023-01-11,923336.3
2023-01-12,1177844.6
2023-01-13,1155527.8
2023-01-14,1133226.7
2023-01-15,1110943.4
2023-01-16,1088679.4
2023-01-17,1066437.9
2023-01-18,1044219.8
2023-01-19,1094991.0
2023-01-20,1145830.3
2023-01-21,1196719.8
2023-01-22,1247638.6
2023-01-23,1298568.3
2023-01-24,1349504.6
2023-01-25,1024556.3
2023-01-26,717047.7
2023-01-27,822755.3
2023-01-28,936363.8
2023-01-29,1054123.7
2023-01-30,1172304.9
2023-01-31,1290513.3
2023-02-01,1315512.2
2023-02-02,1340581.2
2023-02-03,1365739.6
2023-02-04,1292489.1
2023-02-05,1219241.0
2023-02-06,1145998.5
2023-02-07,1072767.3
2023-02-08,974186.4
2023-02-09,876322.4
2023-02-10,781560.6
2023-02-11,894216.3
2023-02-12,1009926.5
2023-02-13,1126307.4
2023-02-14,1046312.8
2023-02-15,1059084.8
2023-02-16,1072421.7
2023-02-17,1086335.2
2023-02-18,1051369.2
2023-02-19,1016768.1
2023-02-20,982344.8
2023-02-21,948702.9
2023-02-22,1082197.4
2023-02-23,969569.8
2023-02-24,930868.8
2023-02-25,892555.8
2023-02-26,854756.4
2023-02-27,817527.1
2023-02-28,781130.8
2023-03-01,882639.2
2023-03-02,985757.4
2023-03-03,1013635.5
2023-03-04,1041860.1
2023-03-05,1070238.7
2023-03-06,1098742.0
2023-03-07,1127421.9
2023-03-08,1177375.0
2023-03-09,1228847.1
2023-03-10,1280653.7
2023-03-11,1221227.1
2023-03-12,1162194.2
2023-03-13,1105611.8
2023-03-14,1073162.4
2023-03-15,1042467.9
2023-03-16,1012201.3
2023-03-17,1095581.2
2023-03-18,1095346.2
2023-03-19,1095171.7
2023-03-20,1095138.7
2023-03-21,1095452.5
2023-03-22,996000.9
2023-03-23,1063991.8
2023-03-24,1101702.5
2023-03-25,1140304.1
2023-03-26,1179468.8
2023-03-27,1218748.8
2023-03-28,985601.3
2023-03-29,758775.1
2023-03-30,764677.2
2023-03-31,771120.6
2023-04-01,777939.0
2023-04-02,784943.1
2023-04-03,792086.0
2023-04-04,924100.4
2023-04-05,1058650.2
2023-04-06,826479.7
2023-04-07,806054.7
2023-04-08,785967.1
2023-04-09,766380.6
2023-04-10,747339.0
2023-04-11,733973.4
2023-04-12,808487.2
2023-04-13,885781.5
2023-04-14,888797.8
2023-04-15,892452.9
2023-04-16,896378.3
2023-04-17,900543.6
2023-04-18,875848.8
2023-04-19,852019.0
2023-04-20,829265.7
2023-04-21,981960.7
2023-04-22,1002648.2
2023-04-23,1023981.2
2023-04-24,1046079.9
2023-04-25,795191.1
2023-04-26,833492.4
2023-04-27,787954.4
2023-04-28,1008508.9
2023-04-29,954288.2
2023-04-30,901282.2
2023-05-01,851468.1
2023-05-02,1059043.7
2023-05-03,1016954.3
2023-05-04,983596.6
2023-05-05,969488.1
2023-05-06,956028.2
2023-05-07,942967.0
2023-05-08,930206.2
2023-05-09,945553.3
2023-05-10,913501.7
2023-05-11,994564.1
2023-05-12,1006783.0
2023-05-13,1076345.7
2023-05-14,1149757.6
2023-05-15,1225019.7
2023-05-16,1300971.0
2023-05-17,1093185.3
2023-05-18,964617.9
2023-05-19,1014863.1
2023-05-20,1068194.1
2023-05-21,1123356.1
2023-05-22,1179519.1
2023-05-23,1245289.0
2023-05-24,1076866.2
2023-05-25,949268.6
2023-05-26,1068456.1
2023-05-27,1098813.4
2023-05-28,1129870.4
2023-05-29,1161651.7
2023-05-30,1194253.0
2023-05-31,1037439.6
2023-06-01,1170268.1
2023-06-02,1309607.6
2023-06-03,1253821.8
2023-06-04,1201120.9
2023-06-05,1150362.7
2023-06-06,1157663.5
2023-06-07,1158394.5
2023-06-08,910150.8
2023-06-09,1087477.0
2023-06-10,1011131.4
2023-06-11,936039.6
2023-06-12,863335.9
2023-06-13,1162822.4
2023-06-14,999643.8
2023-06-15,893643.6
2023-06-16,904139.8
2023-06-17,876988.4
2023-06-18,850531.1
2023-06-19,824912.3
2023-06-20,800647.7
2023-06-21,779028.2
2023-06-22,760114.0
2023-06-23,948439.8
2023-06-24,1077156.3
2023-06-25,1207906.5
2023-06-26,1338994.5
2023-06-27,1201299.6
2023-06-28,909106.1
2023-06-29,640080.2
2023-06-30,945300.4
2023-07-01,939568.2
2023-07-02,934717.9
2023-07-03,931245.2
2023-07-04,949896.1
2023-07-05,971844.6
2023-07-06,830198.6
2023-07-07,761864.4
2023-07-08,857074.5
2023-07-09,956922.3
2023-07-10,1058548.0
2023-07-11,1055818.9
2023-07-12,909513.0
2023-07-13,885612.0
2023-07-14,885708.6
2023-07-15,887133.9
2023-07-16,889269.1
2023-07-17,891829.5
2023-07-18,894883.1
2023-07-19,957415.8
2023-07-20,937306.7
2023-07-21,958849.9
2023-07-22,980693.5
2023-07-23,1002751.8
2023-07-24,1025046.9
2023-07-25,1047441.9
2023-07-26,900782.2
2023-07-27,761072.9
2023-07-28,808007.7
2023-07-29,856681.5
2023-07-30,906612.3
2023-07-31,957371.5
2023-08-01,1008508.0
2023-08-02,911719.9
2023-08-03,817579.6
2023-08-04,843178.2
2023-08-05,869628.9
2023-08-06,896707.5
2023-08-07,924107.8
2023-08-08,951585.7
2023-08-09,842912.9
2023-08-10,740558.5
2023-08-11,806603.4
2023-08-12,876136.2
2023-08-13,947735.5
2023-08-14,1020349.4
2023-08-15,1093386.4
2023-08-16,962729.3
2023-08-17,836268.0
2023-08-18,859771.9
2023-08-19,883940.5
2023-08-20,908934.4
2023-08-21,934426.8
2023-08-22,960134.5
2023-08-23,985978.3
2023-08-24,892208.0
2023-08-25,866871.6
2023-08-26,841719.7
2023-08-27,816929.1
2023-08-28,792585.2
2023-08-29,768817.2
2023-08-30,969960.1
2023-08-31,866410.7
2023-09-01,768973.1
2023-09-02,778765.8
2023-09-03,789790.9
2023-09-04,801981.5
2023-09-05,815170.5
2023-09-06,914352.0
2023-09-07,1015622.0
2023-09-08,828657.6
2023-09-09,794084.2
2023-09-10,762474.5
2023-09-11,735145.7
2023-09-12,713167.6
2023-09-13,598910.5
2023-09-14,507178.9
2023-09-15,552551.3
2023-09-16,602604.9
2023-09-17,657349.8
2023-09-18,715820.7
2023-09-19,777191.6
2023-09-20,748835.2
2023-09-21,722453.4
2023-09-22,664097.8
2023-09-23,608002.9
2023-09-24,554935.7
2023-09-25,505739.7
2023-09-26,461493.5
2023-09-27,445541.2
2023-09-28,432724.8
2023-09-29,437827.5
2023-09-30,443654.3
2023-10-01,450107.5
2023-10-02,457187.8
2023-10-03,464959.4
2023-10-04,464438.4
2023-10-05,464269.6
2023-10-06,464445.5
2023-10-07,464941.0
2023-10-08,465699.0
2023-10-09,466731.2
2023-10-10,468043.1
2023-10-11,469641.1
2023-10-12,474482.3
2023-10-13,480119.2
2023-10-14,486640.1
2023-10-15,494025.2
2023-10-16,502145.9
2023-10-17,511028.5
2023-10-18,513234.8
2023-10-19,519295.1
2023-10-20,504267.5
2023-10-21,490139.7
2023-10-22,476958.2
2023-10-23,464607.1
2023-10-24,453057.5
2023-10-25,397046.5
2023-10-26,352550.2
2023-10-27,391694.8
2023-10-28,438884.7
2023-10-29,494763.3
2023-10-30,557586.1
2023-10-31,625929.4
2023-11-01,659588.4
2023-11-02,696826.2
2023-11-03,642958.1
2023-11-04,592718.7
2023-11-05,545911.0
2023-11-06,503623.3
2023-11-07,466238.8
2023-11-08,459518.2
2023-11-09,453293.0
2023-11-10,447518.0
2023-11-11,442192.2
2023-11-12,437311.5
2023-11-13,432880.2
2023-11-14,428874.6
2023-11-15,464412.3
2023-11-16,507116.3
2023-11-17,513506.9
2023-11-18,520534.2
2023-11-19,528205.4
2023-11-20,536485.7
2023-11-21,545349.0
2023-11-22,569936.6
2023-11-23,595657.0
2023-11-24,622435.3
2023-11-25,650323.8
2023-11-26,679308.0
2023-11-27,709418.8
2023-11-28,740615.5
2023-11-29,632660.1
2023-11-30,539217.3
2023-12-01,542748.5
2023-12-02,546969.8
2023-12-03,552042.1
2023-12-04,558035.2
2023-12-05,564749.5
2023-12-06,636326.7
2023-12-07,715083.2
2023-12-08,747278.7
2023-12-09,780407.4
2023-12-10,814185.2
2023-12-11,848512.8
2023-12-12,883465.9
2023-12-13,722485.9
2023-12-14,579281.0
2023-12-15,616519.8
2023-12-16,656137.3
2023-12-17,697920.1
2023-12-18,741743.2
2023-12-19,787316.2
2023-12-20,705016.1
2023-12-21,630053.3
2023-12-22,627840.4
2023-12-23,625855.1
2023-12-24,624090.4
2023-12-25,622581.4
2023-12-26,621372.4
2023-12-27,620411.9
2023-12-28,640734.3
2023-12-29,661606.0
2023-12-30,683060.2
2023-12-31,705042.1
2024-01-01,727517.9
2024-01-02,750447.3
2024-01-03,773781.7
2024-01-04,797504.2
2024-01-05,781677.8
2024-01-06,766479.2
2024-01-07,751939.5
2024-01-08,738035.1
2024-01-09,724755.4
2024-01-10,724086.3
2024-01-11,728563.7
2024-01-12,717900.2
2024-01-13,707597.9
2024-01-14,697674.9
2024-01-15,688101.6
2024-01-16,678883.3
2024-01-17,669980.6
2024-01-18,791711.2
2024-01-19,843399.2
2024-01-20,897115.6
2024-01-21,952988.7
2024-01-22,1010309.4
2024-01-23,1068145.6
2024-01-24,1033151.0
2024-01-25,998169.0
2024-01-26,963284.0
2024-01-27,928716.4
2024-01-28,894663.7
2024-01-29,861304.9
2024-01-30,828877.2
2024-01-31,769362.9
2024-02-01,714422.6
2024-02-02,715871.2
2024-02-03,719141.3
2024-02-04,723617.5
2024-02-05,729323.2
2024-02-06,736291.1
2024-02-07,762379.0
2024-02-08,794575.9
2024-02-09,825661.4
2024-02-10,858913.6
2024-02-11,893710.7
2024-02-12,929965.2
2024-02-13,966912.9
2024-02-14,1004197.3
2024-02-15,1041761.8
2024-02-16,1012468.7
2024-02-17,984139.6
2024-02-18,956358.3
2024-02-19,929023.9
2024-02-20,902295.3
2024-02-21,876276.5
2024-02-22,874922.4
2024-02-23,899961.9
2024-02-24,926352.3
2024-02-25,953532.8
2024-02-26,981250.8
2024-02-27,1009185.4
2024-02-28,1117814.5
2024-02-29,1227494.8
2024-03-01,1061204.8
2024-03-02,1019351.0
2024-03-03,979710.5
2024-03-04,944520.6
2024-03-05,914648.6
2024-03-06,1011422.1
2024-03-07,1118446.9
2024-03-08,823726.4
2024-03-09,964519.2
2024-03-10,1116552.9
2024-03-11,1271217.5
2024-03-12,1153857.2
2024-03-13,1301635.7
2024-03-14,1132285.3
2024-03-15,1077446.5
2024-03-16,1022816.1
2024-03-17,969092.1
2024-03-18,917307.2
2024-03-19,744551.9
2024-03-20,773810.3
2024-03-21,778072.7
2024-03-22,838935.6
2024-03-23,901546.0
2024-03-24,965275.4
2024-03-25,1029722.3
2024-03-26,1094689.7
2024-03-27,1097758.8
2024-03-28,736985.6
2024-03-29,1079768.8
2024-03-30,1014585.5
2024-03-31,952038.0
2024-04-01,893242.1
2024-04-02,534676.7
2024-04-03,588902.2
2024-04-04,653338.0
2024-04-05,687331.2
2024-04-06,722687.3
2024-04-07,759043.1
2024-04-08,796253.1
2024-04-09,834260.4
2024-04-10,735665.6
2024-04-11,646388.7
2024-04-12,621349.8
2024-04-13,597691.7
2024-04-14,576201.4
2024-04-15,557465.0
2024-04-16,541363.2
2024-04-17,594805.9
2024-04-18,684078.0
2024-04-19,754725.4
2024-04-20,835959.4
2024-04-21,921273.0
2024-04-22,1009626.2
2024-04-23,1121795.9
2024-04-24,1023186.8
2024-04-25,932961.3
2024-04-26,760424.4
2024-04-27,693624.2
2024-04-28,634574.7
2024-04-29,583865.1
2024-04-30,546827.0
2024-05-01,654518.8
2024-05-02,775461.0
2024-05-03,754875.7
2024-05-04,734928.8
2024-05-05,715766.4
2024-05-06,697599.1
2024-05-07,680479.1
2024-05-08,809711.5
2024-05-09,645577.6
2024-05-10,830989.9
2024-05-11,740823.5
2024-05-12,657857.7
2024-05-13,586948.6
2024-05-14,1033599.6
2024-05-15,666229.2
2024-05-16,760854.1
2024-05-17,747239.1
2024-05-18,736693.2
2024-05-19,728783.9
2024-05-20,723163.4
2024-05-21,733687.5
2024-05-22,748118.3
2024-05-23,765116.9
2024-05-24,797159.5
2024-05-25,799577.2
2024-05-26,802824.5
2024-05-27,806825.9
2024-05-28,811458.5
2024-05-29,816561.2
2024-05-30,739276.2
2024-05-31,1131293.4
2024-06-01,970660.2
2024-06-02,813479.7
2024-06-03,673887.7
2024-06-04,726430.2
2024-06-05,705900.8
2024-06-06,692503.7
2024-06-07,849826.1
2024-06-08,779253.5
2024-06-09,712488.7
2024-06-10,657180.9
2024-06-11,605276.1
2024-06-12,641774.3
2024-06-13,694021.9
2024-06-14,678790.2
2024-06-15,664136.6
2024-06-16,650271.5
2024-06-17,637987.3
2024-06-18,627903.2
2024-06-19,620261.1
2024-06-20,615196.8
2024-06-21,652365.2
2024-06-22,696674.8
2024-06-23,745521.4
2024-06-24,797026.9
2024-06-25,849593.2
2024-06-26,713214.1
2024-06-27,932963.7
2024-06-28,890023.6
2024-06-29,847749.0
2024-06-30,806223.0
2024-07-01,767332.6
2024-07-02,844897.6
2024-07-03,852018.4
2024-07-04,861601.2
2024-07-05,872730.4
2024-07-06,884916.3
2024-07-07,897681.3
2024-07-08,910547.1
2024-07-09,923416.4
2024-07-10,936297.6
2024-07-11,914591.6
2024-07-12,892886.6
2024-07-13,871182.6
2024-07-14,849479.4
2024-07-15,827776.8
2024-07-16,806082.4
2024-07-17,784415.4
2024-07-18,762802.0
2024-07-19,741263.5
2024-07-20,719828.7
2024-07-21,698557.3
2024-07-22,677492.0
2024-07-23,656634.8
2024-07-24,635957.8
2024-07-25,615515.2
2024-07-26,595432.0
2024-07-27,575938.3
2024-07-28,557281.3
2024-07-29,539647.6
2024-07-30,523243.7
2024-07-31,508127.1
2024-08-01,494322.1
2024-08-02,499282.2
2024-08-03,506012.0
2024-08-04,514016.8
2024-08-05,523306.8
2024-08-06,533984.4
2024-08-07,493380.9
2024-08-08,463783.9
2024-08-09,486167.4
2024-08-10,510336.0
2024-08-11,535900.6
2024-08-12,562641.7
2024-08-13,590343.1
2024-08-14,618947.4
2024-08-15,648446.2
2024-08-16,626746.3
2024-08-17,605794.0
2024-08-18,586118.3
2024-08-19,568079.3
2024-08-20,551525.0
2024-08-21,558749.3
2024-08-22,573615.1
2024-08-23,575667.5
2024-08-24,579176.0
2024-08-25,583764.8
2024-08-26,589461.7
2024-08-27,596205.1
2024-08-28,618775.2
2024-08-29,649720.8
2024-08-30,644980.5
2024-08-31,641850.3
2024-09-01,639843.2
2024-09-02,638793.1
2024-09-03,639164.9
2024-09-04,639832.7
2024-09-05,645033.7
2024-09-06,656382.5
2024-09-07,668698.4
2024-09-08,681673.5
2024-09-09,695191.4
2024-09-10,765979.0
2024-09-11,846617.6
2024-09-12,928005.8
2024-09-13,864178.0
2024-09-14,800369.9
2024-09-15,737815.8
2024-09-16,683410.6
2024-09-17,658002.5
2024-09-18,637518.1
2024-09-19,621193.3
2024-09-20,620045.6
2024-09-21,620524.3
2024-09-22,622019.9
2024-09-23,624514.6
2024-09-24,628719.5
2024-09-25,633122.2
2024-09-26,643671.8
2024-09-27,686428.2
2024-09-28,731034.3
2024-09-29,776407.7
2024-09-30,822383.5
2024-10-01,868660.0
2024-10-02,813167.6
2024-10-03,759946.7
2024-10-04,765221.4
2024-10-05,771535.5
2024-10-06,778468.1
2024-10-07,785654.4
2024-10-08,793023.0
2024-10-09,767260.4
2024-10-10,741540.1
2024-10-11,715860.1
2024-10-12,690229.8
2024-10-13,664808.1
2024-10-14,639693.2
2024-10-15,615261.3
2024-10-16,695272.7
2024-10-17,777350.8
2024-10-18,788423.5
2024-10-19,799543.6
2024-10-20,810677.9
2024-10-21,821830.4
2024-10-22,833104.3
2024-10-23,744880.5
2024-10-24,657336.0
2024-10-25,650252.6
2024-10-26,643492.4
2024-10-27,636978.1
2024-10-28,630693.8
2024-10-29,624753.3
2024-10-30,726666.6
2024-10-31,830626.7
2024-11-01,852361.1
2024-11-02,874164.5
2024-11-03,895994.9
2024-11-04,917856.7
2024-11-05,939757.8
2024-11-06,801106.9
2024-11-07,663243.7
2024-11-08,689124.8
2024-11-09,715348.8
2024-11-10,741698.0
2024-11-11,768069.8
2024-11-12,794446.6
2024-11-13,820832.9
2024-11-14,847234.2
2024-11-15,873652.7
2024-11-16,843834.4
2024-11-17,814513.2
2024-11-18,787570.7
2024-11-19,833561.8
2024-11-20,882607.8
2024-11-21,931889.8
2024-11-22,900115.6
2024-11-23,868370.4
2024-11-24,836664.6
2024-11-25,805028.9
2024-11-26,773584.5
2024-11-27,804986.1
2024-11-28,836533.7
2024-11-29,868139.6
2024-11-30,899771.7
2024-12-01,931424.3
2024-12-02,963094.0
2024-12-03,994772.6
2024-12-04,900841.5
2024-12-05,807008.4
2024-12-06,800374.0
2024-12-07,793770.9
2024-12-08,787179.7
2024-12-09,780604.4
2024-12-10,774061.8
2024-12-11,787440.6
2024-12-12,800827.7
2024-12-13,814222.4
2024-12-14,827642.1
2024-12-15,841167.3
2024-12-16,854824.6
2024-12-17,868634.5
2024-12-18,856154.4
2024-12-19,844500.7
2024-12-20,880854.7
2024-12-21,917262.1
2024-12-22,953740.4
2024-12-23,990301.4
2024-12-24,982482.2
2024-12-25,974781.5
2024-12-26,967115.5
2024-12-27,959498.6
2024-12-28,962837.6
2024-12-29,966197.8
2024-12-30,969579.5
2024-12-31,972987.2
2025-01-01,847697.0
2025-01-02,726533.7
2025-01-03,801753.8
2025-01-04,878104.3
2025-01-05,955163.5
2025-01-06,1032669.9
2025-01-07,1110352.3
2025-01-08,1078886.4
2025-01-09,1047433.3
2025-01-10,1015996.2
2025-01-11,984609.5
2025-01-12,953317.4
2025-01-13,922127.9
2025-01-14,891043.6
2025-01-15,878583.1
2025-01-16,866906.1
2025-01-17,901311.5
2025-01-18,935770.2
2025-01-19,970258.8
2025-01-20,1004764.4
2025-01-21,1039272.9
2025-01-22,1073781.4
2025-01-23,1108290.1
2025-01-24,1142798.9
2025-01-25,1065709.7
2025-01-26,988706.2
2025-01-27,911882.1
2025-01-28,835539.3
2025-01-29,848165.1
2025-01-30,861915.7
2025-01-31,910191.5
2025-02-01,958653.3
2025-02-02,1007199.5
2025-02-03,1055800.5
2025-02-04,1104482.8
2025-02-05,1099271.9
2025-02-06,1094181.4
2025-02-07,1089169.7
2025-02-08,1084200.0
2025-02-09,1079255.4
2025-02-10,1074314.6
2025-02-11,1069410.4
2025-02-12,1086236.7
2025-02-13,1103085.5
2025-02-14,1119937.6
2025-02-15,1136793.5
2025-02-16,1153652.3
2025-02-17,1170511.9
2025-02-18,1187372.6
2025-02-19,1204238.2
2025-02-20,1164463.3
2025-02-21,1125008.6
2025-02-22,1085731.8
2025-02-23,1046600.2
2025-02-24,1007614.3
2025-02-25,968818.2
2025-02-26,941483.8
2025-02-27,915173.9
2025-02-28,958554.9
2025-03-01,924811.0
2025-03-02,891360.1
2025-03-03,858583.3
2025-03-04,863331.7
2025-03-05,871460.7
2025-03-06,859551.1
2025-03-07,860612.9
2025-03-08,800085.6
2025-03-09,741245.7
2025-03-10,685299.1
2025-03-11,553942.2
2025-03-12,456030.9
2025-03-13,567132.7
2025-03-14,697221.7
2025-03-15,706363.3
2025-03-16,716475.1
2025-03-17,727551.1
2025-03-18,739480.2
2025-03-19,803147.4
2025-03-20,882286.8
2025-03-21,839426.4
2025-03-22,798448.5
2025-03-23,760602.6
2025-03-24,727008.6
2025-03-25,698134.1
2025-03-26,748785.0
2025-03-27,802020.2
2025-03-28,857077.6
2025-03-29,913967.2
2025-03-30,972196.2
2025-03-31,1031288.5
2025-04-01,1091138.1
2025-04-02,743213.0
2025-04-03,755906.4
2025-04-04,689864.8
2025-04-05,710432.1
2025-04-06,733438.2
2025-04-07,758776.5
2025-04-08,758776.5
2025-04-09,758776.5
2025-04-10,758776.5
