2012-01-01,0.0
2012-01-02,0.0
2012-01-03,3144036.1
2012-01-04,3193397.9
2012-01-05,3328175.8
2012-01-06,3306362.4
2012-01-07,3284549.0
2012-01-08,3262735.6
2012-01-09,3240922.2
2012-01-10,3219108.8
2012-01-11,3197295.4
2012-01-12,3175482.0
2012-01-13,3153668.6
2012-01-14,3131855.3
2012-01-15,3110041.9
2012-01-16,3088228.5
2012-01-17,3066415.1
2012-01-18,3270705.1
2012-01-19,2973826.0
2012-01-20,3046628.4
2012-01-21,3119430.9
2012-01-22,3192233.4
2012-01-23,3265035.9
2012-01-24,3337838.3
2012-01-25,3358304.5
2012-01-26,3422334.3
2012-01-27,3486364.1
2012-01-28,3422473.4
2012-01-29,3446462.5
2012-01-30,3207431.1
2012-01-31,3263720.6
2012-02-01,3394037.9
2012-02-02,3405033.8
2012-02-03,3393958.1
2012-02-04,3382882.4
2012-02-05,3464240.8
2012-02-06,3391807.2
2012-02-07,3409359.8
2012-02-08,3426912.3
2012-02-09,3438035.6
2012-02-10,3339181.3
2012-02-11,3393072.1
2012-02-12,3531846.2
2012-02-13,3458263.2
2012-02-14,3360128.4
2012-02-15,3553785.5
2012-02-16,3531521.5
2012-02-17,3509257.5
2012-02-18,3486993.5
2012-02-19,3474984.7
2012-02-20,3462975.9
2012-02-21,3450967.1
2012-02-22,3438958.4
2012-02-23,3426949.6
2012-02-24,3414940.8
2012-02-25,3402932.0
2012-02-26,3390923.2
2012-02-27,3445546.6
2012-02-28,3500170.0
2012-02-29,3554793.3
2012-03-01,3609416.7
2012-03-02,3664040.1
2012-03-03,3718663.5
2012-03-04,3512985.8
2012-03-05,3619699.0
2012-03-06,3592669.4
2012-03-07,3565639.8
2012-03-08,3529995.8
2012-03-09,3494351.9
2012-03-10,3458707.9
2012-03-11,3539461.5
2012-03-12,3529679.8
2012-03-13,3519898.1
2012-03-14,3510116.4
2012-03-15,2654569.9
2012-03-16,2885076.2
2012-03-17,3115582.5
2012-03-18,3346088.7
2012-03-19,3576595.0
2012-03-20,3807101.3
2012-03-21,3837320.5
2012-03-22,3830148.6
2012-03-23,3749406.3
2012-03-24,3668663.9
2012-03-25,3587921.6
2012-03-26,3553066.3
2012-03-27,3518211.0
2012-03-28,3503084.1
2012-03-29,3487957.2
2012-03-30,3548132.4
2012-03-31,3608307.7
2012-04-01,3668483.0
2012-04-02,3728658.2
2012-04-03,3788833.5
2012-04-04,3674111.6
2012-04-05,3559389.7
2012-04-06,3756815.4
2012-04-07,3627231.0
2012-04-08,3497646.7
2012-04-09,3368062.3
2012-04-10,3354484.5
2012-04-11,3340906.7
2012-04-12,3446604.6
2012-04-13,3552302.5
2012-04-14,3658000.4
2012-04-15,3668625.5
2012-04-16,3679250.7
2012-04-17,3689875.9
2012-04-18,3644076.8
2012-04-19,3598277.7
2012-04-20,3640695.9
2012-04-21,3683114.0
2012-04-22,3725532.2
2012-04-23,3767950.3
2012-04-24,3810368.4
2012-04-25,3782619.6
2012-04-26,3754870.8
2012-04-27,3727122.0
2012-04-28,3699373.1
2012-04-29,3671624.3
2012-04-30,3643875.5
2012-05-01,3616126.6
2012-05-02,3648198.5
2012-05-03,3680270.3
2012-05-04,3705373.4
2012-05-05,3730476.6
2012-05-06,3755579.7
2012-05-07,3780682.9
2012-05-08,3805786.0
2012-05-09,3675724.0
2012-05-10,3545661.9
2012-05-11,3587111.8
2012-05-12,3628561.6
2012-05-13,3670011.4
2012-05-14,3711461.2
2012-05-15,3752911.1
2012-05-16,3773125.1
2012-05-17,3634530.9
2012-05-18,3679052.7
2012-05-19,3648341.7
2012-05-20,3618928.0
2012-05-21,3632619.9
2012-05-22,3646311.9
2012-05-23,3939882.2
2012-05-24,3724761.1
2012-05-25,3783370.8
2012-05-26,3750592.8
2012-05-27,3717814.9
2012-05-28,3685037.0
2012-05-29,3652259.1
2012-05-30,3719373.0
2012-05-31,3704193.6
2012-06-01,3948408.0
2012-06-02,3820407.3
2012-06-03,3692406.6
2012-06-04,3564405.9
2012-06-05,3714410.6
2012-06-06,3864415.3
2012-06-07,3768089.1
2012-06-08,3671763.0
2012-06-09,3706926.4
2012-06-10,3742089.9
2012-06-11,3777253.3
2012-06-12,3812416.8
2012-06-13,3847580.3
2012-06-14,3821251.3
2012-06-15,3794922.3
2012-06-16,3768103.8
2012-06-17,3741285.2
2012-06-18,3714466.7
2012-06-19,3701737.4
2012-06-20,3689008.2
2012-06-21,3642680.7
2012-06-22,3596353.3
2012-06-23,3550025.8
2012-06-24,3503698.4
2012-06-25,3457370.9
2012-06-26,3411043.5
2012-06-27,3415506.0
2012-06-28,3419968.6
2012-06-29,3403349.7
2012-06-30,3386730.7
2012-07-01,3370111.8
2012-07-02,3353492.9
2012-07-03,3366671.7
2012-07-04,3379850.6
2012-07-05,3393029.5
2012-07-06,3388276.9
2012-07-07,3383524.3
2012-07-08,3378771.8
2012-07-09,3374019.2
2012-07-10,3364814.5
2012-07-11,3415398.0
2012-07-12,3465981.6
2012-07-13,3516565.2
2012-07-14,3567148.7
2012-07-15,3617732.3
2012-07-16,3668315.9
2012-07-17,3718899.4
2012-07-18,3551712.8
2012-07-19,3384526.1
2012-07-20,3437798.6
2012-07-21,3491071.1
2012-07-22,3544343.6
2012-07-23,3597616.1
2012-07-24,3650888.6
2012-07-25,3349763.3
2012-07-26,3689513.8
2012-07-27,3684915.9
2012-07-28,3680318.0
2012-07-29,3675720.1
2012-07-30,3671122.2
2012-07-31,3666524.2
2012-08-01,3619298.5
2012-08-02,3572072.8
2012-08-03,3555903.7
2012-08-04,3539734.6
2012-08-05,3523565.5
2012-08-06,3507396.5
2012-08-07,3491227.4
2012-08-08,3475058.3
2012-08-09,3457789.1
2012-08-10,3440520.0
2012-08-11,3423250.9
2012-08-12,3405981.7
2012-08-13,3388712.6
2012-08-14,3341860.6
2012-08-15,3295008.7
2012-08-16,3248156.7
2012-08-17,3311250.1
2012-08-18,3374343.5
2012-08-19,3437436.9
2012-08-20,3500530.3
2012-08-21,3563623.7
2012-08-22,3563249.5
2012-08-23,3562875.4
2012-08-24,3562501.2
2012-08-25,3562127.0
2012-08-26,3561752.9
2012-08-27,3561378.7
2012-08-28,3561004.6
2012-08-29,3560630.4
2012-08-30,3560256.2
2012-08-31,3559882.1
2012-09-01,3559507.9
2012-09-02,3559133.8
2012-09-03,3558759.6
2012-09-04,3558385.5
2012-09-05,3558011.3
2012-09-06,3557637.1
2012-09-07,3557263.0
2012-09-08,3556888.8
2012-09-09,3556514.7
2012-09-10,3556140.5
2012-09-11,3555766.3
2012-09-12,3446173.0
2012-09-13,3336579.7
2012-09-14,3288686.4
2012-09-15,3240793.0
2012-09-16,3192899.7
2012-09-17,3145006.4
2012-09-18,3351388.4
2012-09-19,3557770.3
2012-09-20,3552007.0
2012-09-21,3546243.8
2012-09-22,3540480.5
2012-09-23,3534717.2
2012-09-24,3528953.9
2012-09-25,3523190.6
2012-09-26,3483907.2
2012-09-27,3444623.7
2012-09-28,3121830.4
2012-09-29,3129157.4
2012-09-30,3136484.4
2012-10-01,3143811.4
2012-10-02,3151138.4
2012-10-03,3171144.2
2012-10-04,3191150.1
2012-10-05,3211155.9
2012-10-06,3215639.8
2012-10-07,3220123.8
2012-10-08,3224607.7
2012-10-09,3229091.6
2012-10-10,3233575.5
2012-10-11,3238059.5
2012-10-12,3242543.4
2012-10-13,3247027.3
2012-10-14,3251511.3
2012-10-15,3255995.2
2012-10-16,3260479.1
2012-10-17,3264963.0
2012-10-18,3315877.4
2012-10-19,3366791.8
2012-10-20,3417706.2
2012-10-21,3468620.6
2012-10-22,3519535.0
2012-10-23,3570449.4
2012-10-24,3438514.1
2012-10-25,3306578.7
2012-10-26,3174643.4
2012-10-27,3172841.9
2012-10-28,3171040.3
2012-10-29,3169238.8
2012-10-30,3167437.3
2012-10-31,3165635.7
2012-11-01,3173793.3
2012-11-02,3181950.9
2012-11-03,3186968.3
2012-11-04,3191985.6
2012-11-05,3197002.9
2012-11-06,3202020.3
2012-11-07,3197942.6
2012-11-08,3193864.9
2012-11-09,3175663.9
2012-11-10,3157462.9
2012-11-11,3139261.9
2012-11-12,3121060.8
2012-11-13,3102859.8
2012-11-14,3084658.8
2012-11-15,3127413.7
2012-11-16,3170168.5
2012-11-17,3212923.4
2012-11-18,3255678.3
2012-11-19,3298433.2
2012-11-20,3341188.0
2012-11-21,3317864.5
2012-11-22,3294541.0
2012-11-23,3271217.5
2012-11-24,3247894.0
2012-11-25,3224570.5
2012-11-26,3201247.0
2012-11-27,3177923.5
2012-11-28,3199376.4
2012-11-29,3220829.3
2012-11-30,3212712.4
2012-12-01,3204595.5
2012-12-02,3196478.6
2012-12-03,3188361.6
2012-12-04,3180244.7
2012-12-05,3175023.7
2012-12-06,3169802.7
2012-12-07,3174882.2
2012-12-08,3179961.6
2012-12-09,3185041.1
2012-12-10,3190120.6
2012-12-11,3195200.1
2012-12-12,3244273.2
2012-12-13,3293346.3
2012-12-14,3282451.3
2012-12-15,3271556.3
2012-12-16,3260661.3
2012-12-17,3249766.3
2012-12-18,3238871.3
2012-12-19,3241566.3
2012-12-20,3244261.3
2012-12-21,3246956.3
2012-12-22,3249651.3
2012-12-23,3252346.3
2012-12-24,3255041.3
2012-12-25,3257736.3
2012-12-26,3260431.3
2012-12-27,3263126.3
2012-12-28,3265990.9
2012-12-29,3268855.6
2012-12-30,3271720.2
2012-12-31,3274584.8
2013-01-01,3277449.5
2013-01-02,3280314.1
2013-01-03,3283178.7
2013-01-04,3286043.4
2013-01-05,3288908.0
2013-01-06,3291772.6
2013-01-07,3294637.3
2013-01-08,3297501.9
2013-01-09,3327297.7
2013-01-10,3357093.4
2013-01-11,3386889.2
2013-01-12,3416685.0
2013-01-13,3446480.8
2013-01-14,3476276.6
2013-01-15,3506072.3
2013-01-16,3535868.1
2013-01-17,3535623.1
2013-01-18,3535378.0
2013-01-19,3535133.0
2013-01-20,3534887.9
2013-01-21,3534642.9
2013-01-22,3534397.9
2013-01-23,3534152.8
2013-01-24,3530612.4
2013-01-25,3527072.1
2013-01-26,3523531.7
2013-01-27,3519991.3
2013-01-28,3516450.9
2013-01-29,3512910.5
2013-01-30,3509370.1
2013-01-31,3505829.7
2013-02-01,3462388.1
2013-02-02,3418946.4
2013-02-03,3375504.7
2013-02-04,3332063.0
2013-02-05,3288621.3
2013-02-06,3315148.6
2013-02-07,3341675.9
2013-02-08,3368203.2
2013-02-09,3394730.6
2013-02-10,3421257.9
2013-02-11,3447785.2
2013-02-12,3474312.5
2013-02-13,3500839.8
2013-02-14,3501099.7
2013-02-15,3501359.5
2013-02-16,3501619.3
2013-02-17,3501879.2
2013-02-18,3502139.0
2013-02-19,3502398.9
2013-02-20,3502658.7
2013-02-21,3510336.1
2013-02-22,3518013.5
2013-02-23,3525690.9
2013-02-24,3533368.3
2013-02-25,3541045.7
2013-02-26,3548723.1
2013-02-27,3556400.5
2013-02-28,3555536.7
2013-03-01,3554672.9
2013-03-02,3553809.0
2013-03-03,3552945.2
2013-03-04,3552081.4
2013-03-05,3551217.6
2013-03-06,3590059.7
2013-03-07,3628901.8
2013-03-08,3667743.9
2013-03-09,3706586.0
2013-03-10,3745428.1
2013-03-11,3784270.2
2013-03-12,3823112.3
2013-03-13,3817479.6
2013-03-14,3811846.9
2013-03-15,3804847.4
2013-03-16,3797847.9
2013-03-17,3790848.4
2013-03-18,3783848.9
2013-03-19,3776849.4
2013-03-20,3795128.9
2013-03-21,3813408.4
2013-03-22,3831687.8
2013-03-23,3870847.5
2013-03-24,3910007.2
2013-03-25,3949166.8
2013-03-26,3988326.5
2013-03-27,4027486.2
2013-03-28,4005169.0
2013-03-29,3982851.7
2013-03-30,3960534.5
2013-03-31,3938217.3
2013-04-01,3915900.1
2013-04-02,3893582.9
2013-04-03,3873950.6
2013-04-04,3854318.3
2013-04-05,3834685.9
2013-04-06,3815053.6
2013-04-07,3795421.3
2013-04-08,3775788.9
2013-04-09,3756156.6
2013-04-10,3736524.3
2013-04-11,3753622.0
2013-04-12,3770719.8
2013-04-13,3787817.5
2013-04-14,3804915.3
2013-04-15,3822013.0
2013-04-16,3839110.8
2013-04-17,3856208.5
2013-04-18,3873306.3
2013-04-19,3890404.0
2013-04-20,3907501.8
2013-04-21,3924599.6
2013-04-22,3941697.3
2013-04-23,3958795.1
2013-04-24,3930590.9
2013-04-25,3902386.7
2013-04-26,3874182.5
2013-04-27,3845978.3
2013-04-28,3817774.2
2013-04-29,3789570.0
2013-04-30,3761365.8
2013-05-01,3772234.3
2013-05-02,3783102.8
2013-05-03,3798689.6
2013-05-04,3814276.5
2013-05-05,3829863.4
2013-05-06,3845450.2
2013-05-07,3861037.1
2013-05-08,3917369.2
2013-05-09,3940623.8
2013-05-10,3963878.4
2013-05-11,3987133.1
2013-05-12,4010387.7
2013-05-13,4033642.3
2013-05-14,4056896.9
2013-05-15,4086760.6
2013-05-16,3757823.8
2013-05-17,3842963.7
2013-05-18,3928103.6
2013-05-19,4013243.5
2013-05-20,4098383.4
2013-05-21,4183523.3
2013-05-22,3884591.9
2013-05-23,4000747.2
2013-05-24,3959208.7
2013-05-25,3917670.2
2013-05-26,3876131.6
2013-05-27,3834593.1
2013-05-28,3793054.6
2013-05-29,3728640.8
2013-05-30,3664396.1
2013-05-31,3688572.7
2013-06-01,3712912.2
2013-06-02,3737254.7
2013-06-03,3761597.2
2013-06-04,3785939.8
2013-06-05,3766840.7
2013-06-06,3747741.7
2013-06-07,3733187.1
2013-06-08,3718632.5
2013-06-09,3704077.9
2013-06-10,3689523.3
2013-06-11,3674968.7
2013-06-12,3831447.7
2013-06-13,3535138.5
2013-06-14,3617079.2
2013-06-15,3699019.8
2013-06-16,3780960.5
2013-06-17,3862901.2
2013-06-18,3944841.8
2013-06-19,3683878.6
2013-06-20,3825981.7
2013-06-21,3540956.4
2013-06-22,3437922.2
2013-06-23,3334887.9
2013-06-24,3231853.7
2013-06-25,3960645.6
2013-06-26,3479075.7
2013-06-27,3282338.7
2013-06-28,3303703.6
2013-06-29,3325068.5
2013-06-30,3346433.4
2013-07-01,3367798.3
2013-07-02,3389163.2
2013-07-03,3650550.5
2013-07-04,3578888.9
2013-07-05,3507227.3
2013-07-06,3435565.7
2013-07-07,3363904.1
2013-07-08,3292242.5
2013-07-09,3220580.9
2013-07-10,3270849.4
2013-07-11,3321117.9
2013-07-12,3333926.1
2013-07-13,3346734.3
2013-07-14,3359542.5
2013-07-15,3372350.7
2013-07-16,3385158.9
2013-07-17,3441688.7
2013-07-18,3498218.9
2013-07-19,3524696.8
2013-07-20,3551175.1
2013-07-21,3577653.4
2013-07-22,3604131.6
2013-07-23,3630609.9
2013-07-24,3557088.0
2013-07-25,3632303.3
2013-07-26,3735623.0
2013-07-27,3779446.5
2013-07-28,3823270.0
2013-07-29,3867093.5
2013-07-30,3910917.0
2013-07-31,3940147.7
2013-08-01,3660746.1
2013-08-02,3641214.5
2013-08-03,3543439.5
2013-08-04,3445664.4
2013-08-05,3347889.3
2013-08-06,3403972.5
2013-08-07,3311899.4
2013-08-08,3302401.8
2013-08-09,3389059.9
2013-08-10,3400258.3
2013-08-11,3411456.8
2013-08-12,3422655.2
2013-08-13,3433874.2
2013-08-14,3452290.5
2013-08-15,3470727.4
2013-08-16,3509956.4
2013-08-17,3596974.4
2013-08-18,3683992.4
2013-08-19,3771010.5
2013-08-20,3858028.5
2013-08-21,3536553.5
2013-08-22,3612212.7
2013-08-23,3659064.5
2013-08-24,3560375.9
2013-08-25,3461687.2
2013-08-26,3362998.5
2013-08-27,3914911.9
2013-08-28,3382718.2
2013-08-29,3825127.5
2013-08-30,3711922.7
2013-08-31,3676101.6
2013-09-01,3640280.6
2013-09-02,3604459.5
2013-09-03,3568638.5
2013-09-04,3553143.8
2013-09-05,3537649.1
2013-09-06,3567627.6
2013-09-07,3597606.2
2013-09-08,3627584.7
2013-09-09,3657563.3
2013-09-10,3687541.8
2013-09-11,3597153.0
2013-09-12,3506764.2
2013-09-13,3660406.1
2013-09-14,3470721.3
2013-09-15,3281036.4
2013-09-16,3091351.6
2013-09-17,3480961.9
2013-09-18,3256033.4
2013-09-19,3052315.0
2013-09-20,3119151.0
2013-09-21,3185986.9
2013-09-22,3252822.9
2013-09-23,3319658.8
2013-09-24,3386494.7
2013-09-25,3451572.3
2013-09-26,3516649.9
2013-09-27,3424881.4
2013-09-28,3333112.9
2013-09-29,3241344.4
2013-09-30,3149575.9
2013-10-01,3164151.1
2013-10-02,3178726.2
2013-10-03,3193301.3
2013-10-04,3207876.4
2013-10-05,3222451.6
2013-10-06,3237026.7
2013-10-07,3251601.8
2013-10-08,3288588.2
2013-10-09,3325574.6
2013-10-10,3362561.0
2013-10-11,3364779.8
2013-10-12,3366998.6
2013-10-13,3369217.3
2013-10-14,3371436.1
2013-10-15,3373654.9
2013-10-16,3375873.7
2013-10-17,3285124.3
2013-10-18,3270563.4
2013-10-19,3256002.5
2013-10-20,3241441.6
2013-10-21,3226880.7
2013-10-22,3212319.8
2013-10-23,3464518.2
2013-10-24,3716716.6
2013-10-25,3681596.6
2013-10-26,3646476.6
2013-10-27,3611356.5
2013-10-28,3576236.5
2013-10-29,3541116.5
2013-10-30,3534613.1
2013-10-31,3528109.8
2013-11-01,3547460.7
2013-11-02,3566811.6
2013-11-03,3586162.5
2013-11-04,3605513.4
2013-11-05,3624864.3
2013-11-06,3653984.9
2013-11-07,3683105.5
2013-11-08,3679984.6
2013-11-09,3676863.7
2013-11-10,3673742.8
2013-11-11,3670622.0
2013-11-12,3667501.1
2013-11-13,3664380.2
2013-11-14,3661259.3
2013-11-15,3667826.8
2013-11-16,3674394.2
2013-11-17,3680961.7
2013-11-18,3687529.2
2013-11-19,3694096.6
2013-11-20,3733217.4
2013-11-21,3772338.3
2013-11-22,3757939.2
2013-11-23,3743540.1
2013-11-24,3729141.0
2013-11-25,3714742.0
2013-11-26,3700342.9
2013-11-27,3688212.7
2013-11-28,3676082.4
2013-11-29,3663952.2
2013-11-30,3651822.0
2013-12-01,3639691.8
2013-12-02,3627561.5
2013-12-03,3615431.3
2013-12-04,3621275.2
2013-12-05,3627119.0
2013-12-06,3661254.8
2013-12-07,3695390.6
2013-12-08,3729526.5
2013-12-09,3763662.3
2013-12-10,3797798.1
2013-12-11,3736338.1
2013-12-12,3674878.0
2013-12-13,3680163.6
2013-12-14,3685449.2
2013-12-15,3690734.8
2013-12-16,3696020.4
2013-12-17,3701306.0
2013-12-18,3752038.4
2013-12-19,3802770.9
2013-12-20,3715898.0
2013-12-21,3629025.1
2013-12-22,3542152.3
2013-12-23,3455279.4
2013-12-24,3368406.5
2013-12-25,3368609.9
2013-12-26,3368813.3
2013-12-27,3369016.7
2013-12-28,3369220.1
2013-12-29,3369423.5
2013-12-30,3369626.8
2013-12-31,3369830.2
2014-01-01,3351868.6
2014-01-02,3333906.9
2014-01-03,3315945.2
2014-01-04,3297983.6
2014-01-05,3280021.9
2014-01-06,3262060.3
2014-01-07,3244098.6
2014-01-08,3278617.1
2014-01-09,3225802.2
2014-01-10,3276574.9
2014-01-11,3327347.5
2014-01-12,3378120.2
2014-01-13,3428892.8
2014-01-14,3479665.4
2014-01-15,3250811.7
2014-01-16,3297028.7
2014-01-17,3292483.3
2014-01-18,3287938.0
2014-01-19,3283392.6
2014-01-20,3278847.2
2014-01-21,3274301.9
2014-01-22,3269756.5
2014-01-23,3340638.9
2014-01-24,3683490.3
2014-01-25,3599166.6
2014-01-26,3514843.0
2014-01-27,3430519.3
2014-01-28,3346195.6
2014-01-29,3547053.2
2014-01-30,3747910.9
2014-01-31,3733803.5
2014-02-01,3699868.3
2014-02-02,3665933.0
2014-02-03,3631997.8
2014-02-04,3598062.5
2014-02-05,3564127.3
2014-02-06,3679445.8
2014-02-07,3648009.7
2014-02-08,3677929.1
2014-02-09,3707848.5
2014-02-10,3737767.8
2014-02-11,3767687.2
2014-02-12,3589123.1
2014-02-13,3410559.1
2014-02-14,3500653.7
2014-02-15,3590748.4
2014-02-16,3680843.1
2014-02-17,3770937.8
2014-02-18,3861032.5
2014-02-19,3951127.1
2014-02-20,4041221.8
2014-02-21,4131316.5
2014-02-22,4066188.7
2014-02-23,4001060.9
2014-02-24,3935933.1
2014-02-25,3870805.2
2014-02-26,3805677.4
2014-02-27,3923264.7
2014-02-28,4076259.1
2014-03-01,3969040.5
2014-03-02,3861822.0
2014-03-03,3754603.5
2014-03-04,3793041.4
2014-03-05,3831479.3
2014-03-06,3874338.4
2014-03-07,4121540.6
2014-03-08,4000147.8
2014-03-09,3878755.1
2014-03-10,3757362.3
2014-03-11,3674555.2
2014-03-12,3591765.3
2014-03-13,3970592.3
2014-03-14,3670400.7
2014-03-15,3648676.0
2014-03-16,3626992.6
2014-03-17,3605373.5
2014-03-18,3760980.1
2014-03-19,4152354.6
2014-03-20,3828588.5
2014-03-21,3678450.8
2014-03-22,3708591.0
2014-03-23,3738768.4
2014-03-24,3768945.8
2014-03-25,3660516.7
2014-03-26,3943828.2
2014-03-27,3989358.9
2014-03-28,3903437.3
2014-03-29,3817515.7
2014-03-30,3731594.3
2014-03-31,3645678.4
2014-04-01,3559772.6
2014-04-02,4013358.7
2014-04-03,3899284.2
2014-04-04,3383510.2
2014-04-05,3403099.5
2014-04-06,3422688.7
2014-04-07,3442282.0
2014-04-08,3461902.3
2014-04-09,3555636.0
2014-04-10,3649404.9
2014-04-11,3743173.8
2014-04-12,3526537.1
2014-04-13,3309900.5
2014-04-14,3093263.8
2014-04-15,3472856.0
2014-04-16,3449998.9
2014-04-17,3371255.3
2014-04-18,2990722.7
2014-04-19,2965112.3
2014-04-20,2939501.9
2014-04-21,2913891.6
2014-04-22,2888281.2
2014-04-23,2862670.8
2014-04-24,3246163.6
2014-04-25,2714342.3
2014-04-26,2729919.6
2014-04-27,2745497.0
2014-04-28,2761074.4
2014-04-29,2776657.3
2014-04-30,2933433.6
2014-05-01,3090215.4
2014-05-02,3051435.3
2014-05-03,3012655.1
2014-05-04,2973875.0
2014-05-05,2935094.8
2014-05-06,2896314.7
2014-05-07,2866738.7
2014-05-08,2847741.1
2014-05-09,3181128.9
2014-05-10,3112060.9
2014-05-11,3042992.8
2014-05-12,2973924.8
2014-05-13,2904856.8
2014-05-14,2948439.9
2014-05-15,2992023.0
2014-05-16,3044717.4
2014-05-17,3097411.7
2014-05-18,3150106.0
2014-05-19,3202800.3
2014-05-20,3255494.6
2014-05-21,2995675.8
2014-05-22,3381341.6
2014-05-23,2906962.1
2014-05-24,2997512.5
2014-05-25,3088063.0
2014-05-26,3178613.5
2014-05-27,3269164.0
2014-05-28,3359714.5
2014-05-29,3309460.2
2014-05-30,3259206.0
2014-05-31,3208951.7
2014-06-01,3158697.5
2014-06-02,3108443.3
2014-06-03,3058189.0
2014-06-04,3341768.7
2014-06-05,3102041.2
2014-06-06,3097236.1
2014-06-07,3092430.9
2014-06-08,3087625.8
2014-06-09,3082820.6
2014-06-10,3078015.4
2014-06-11,3073210.3
2014-06-12,3534976.9
2014-06-13,3402776.0
2014-06-14,3270575.5
2014-06-15,3138382.0
2014-06-16,3006206.5
2014-06-17,2874058.7
2014-06-18,2988769.6
2014-06-19,3103498.1
2014-06-20,3106332.1
2014-06-21,3109192.9
2014-06-22,3112069.1
2014-06-23,3114949.8
2014-06-24,3117830.8
2014-06-25,3232260.0
2014-06-26,3185342.4
2014-06-27,3285283.6
2014-06-28,3321837.6
2014-06-29,3358391.5
2014-06-30,3394945.5
2014-07-01,3431499.4
2014-07-02,3457311.8
2014-07-03,3075686.9
2014-07-04,3032877.9
2014-07-05,2990069.1
2014-07-06,2947264.0
2014-07-07,2904472.2
2014-07-08,2951122.5
2014-07-09,3094602.5
2014-07-10,3074228.8
2014-07-11,3053856.0
2014-07-12,3033484.3
2014-07-13,3013114.6
2014-07-14,2992746.7
2014-07-15,2972381.0
2014-07-16,3132472.8
2014-07-17,3292587.4
2014-07-18,2873191.0
2014-07-19,2898906.4
2014-07-20,2924621.8
2014-07-21,2950337.2
2014-07-22,2976052.7
2014-07-23,3042581.5
2014-07-24,2862686.6
2014-07-25,3248412.3
2014-07-26,3244683.9
2014-07-27,3240955.6
2014-07-28,3237227.3
2014-07-29,3233499.0
2014-07-30,3162835.2
2014-07-31,3092171.5
2014-08-01,3269615.8
2014-08-02,3261304.4
2014-08-03,3252993.1
2014-08-04,3244681.7
2014-08-05,3236370.4
2014-08-06,3212567.3
2014-08-07,3188764.3
2014-08-08,3188848.7
2014-08-09,3188933.0
2014-08-10,3189017.4
2014-08-11,3189101.7
2014-08-12,3189186.1
2014-08-13,3554244.0
2014-08-14,3340771.2
2014-08-15,3358600.5
2014-08-16,3376429.7
2014-08-17,3394259.0
2014-08-18,3412088.3
2014-08-19,3130799.0
2014-08-20,3677162.0
2014-08-21,3308026.4
2014-08-22,3321370.1
2014-08-23,3334713.8
2014-08-24,3348057.4
2014-08-25,3361401.1
2014-08-26,3374744.8
2014-08-27,3609783.6
2014-08-28,3658139.1
2014-08-29,3671701.8
2014-08-30,3630612.4
2014-08-31,3589523.0
2014-09-01,3548433.7
2014-09-02,3507344.3
2014-09-03,3450831.7
2014-09-04,3394319.1
2014-09-05,3337806.5
2014-09-06,3360226.8
2014-09-07,3382647.2
2014-09-08,3405067.5
2014-09-09,3427487.9
2014-09-10,3458315.5
2014-09-11,3489143.1
2014-09-12,3519970.7
2014-09-13,3578896.8
2014-09-14,3637822.8
2014-09-15,3696748.8
2014-09-16,3586828.2
2014-09-17,3583678.4
2014-09-18,3580528.7
2014-09-19,3581121.2
2014-09-20,3581713.7
2014-09-21,3582306.2
2014-09-22,3582898.8
2014-09-23,3506513.7
2014-09-24,3430128.6
2014-09-25,3650721.3
2014-09-26,3706759.0
2014-09-27,3762796.7
2014-09-28,3818834.4
2014-09-29,3874872.0
2014-09-30,3930909.7
2014-10-01,3914083.3
2014-10-02,3897256.8
2014-10-03,3785519.0
2014-10-04,3673781.2
2014-10-05,3562043.4
2014-10-06,3450305.6
2014-10-07,3338567.8
2014-10-08,3326963.4
2014-10-09,3315359.0
2014-10-10,3335461.2
2014-10-11,3355563.4
2014-10-12,3375665.6
2014-10-13,3395767.8
2014-10-14,3415870.0
2014-10-15,3435972.2
2014-10-16,3597250.5
2014-10-17,3581802.0
2014-10-18,3566353.4
2014-10-19,3550904.9
2014-10-20,3535456.3
2014-10-21,3520007.8
2014-10-22,3424989.4
2014-10-23,3329971.0
2014-10-24,3438455.6
2014-10-25,3546940.1
2014-10-26,3655424.7
2014-10-27,3763909.2
2014-10-28,3872393.7
2014-10-29,3815678.8
2014-10-30,3758963.8
2014-10-31,3204124.1
2014-11-01,3286608.2
2014-11-02,3369092.4
2014-11-03,3451576.6
2014-11-04,3534060.7
2014-11-05,3509500.3
2014-11-06,3484939.9
2014-11-07,3460379.4
2014-11-08,3466048.6
2014-11-09,3471717.8
2014-11-10,3477387.0
2014-11-11,3483056.1
2014-11-12,3488725.3
2014-11-13,3589890.8
2014-11-14,3691056.2
2014-11-15,3792221.7
2014-11-16,3893387.1
2014-11-17,3994552.6
2014-11-18,4095718.1
2014-11-19,3831877.1
2014-11-20,3970935.0
2014-11-21,3996525.6
2014-11-22,4022116.3
2014-11-23,4047707.0
2014-11-24,4073297.7
2014-11-25,4098888.3
2014-11-26,3623899.3
2014-11-27,3652079.5
2014-11-28,3680259.8
2014-11-29,3708440.1
2014-11-30,3736620.3
2014-12-01,3764800.6
2014-12-02,3792980.9
2014-12-03,3566247.0
2014-12-04,3605617.7
2014-12-05,3644988.5
2014-12-06,3684359.2
2014-12-07,3723729.9
2014-12-08,3763100.7
2014-12-09,3802471.4
2014-12-10,3750525.5
2014-12-11,3698580.8
2014-12-12,3708419.2
2014-12-13,3718258.7
2014-12-14,3728098.3
2014-12-15,3737937.8
2014-12-16,3773404.7
2014-12-17,3808871.5
2014-12-18,3844338.4
2014-12-19,3862274.7
2014-12-20,3880211.1
2014-12-21,3898147.4
2014-12-22,3916083.8
2014-12-23,3934020.1
2014-12-24,3951956.4
2014-12-25,3969892.8
2014-12-26,3987829.1
2014-12-27,4005765.5
2014-12-28,4023701.8
2014-12-29,4041638.2
2014-12-30,4059574.5
2014-12-31,4069171.6
2015-01-01,4078768.6
2015-01-02,4088365.6
2015-01-03,4097962.7
2015-01-04,4107559.7
2015-01-05,4117156.8
2015-01-06,4126753.8
2015-01-07,4136350.9
2015-01-08,4145947.9
2015-01-09,4155545.0
2015-01-10,4165142.0
2015-01-11,4174739.1
2015-01-12,4184336.1
2015-01-13,4193933.2
2015-01-14,4203530.2
2015-01-15,4213127.3
2015-01-16,4222724.3
2015-01-17,4232321.4
2015-01-18,4241918.4
2015-01-19,4251515.5
2015-01-20,4261112.5
2015-01-21,4270709.6
2015-01-22,4280306.6
2015-01-23,4289903.7
2015-01-24,4299500.7
2015-01-25,4309097.8
2015-01-26,4318694.8
2015-01-27,4328291.8
2015-01-28,4275533.0
2015-01-29,4222774.2
2015-01-30,4238797.0
2015-01-31,4254819.8
2015-02-01,4270842.6
2015-02-02,4286865.3
2015-02-03,4302888.1
2015-02-04,4136756.0
2015-02-05,3970623.8
2015-02-06,3917655.2
2015-02-07,3864686.7
2015-02-08,3811718.1
2015-02-09,3758749.5
2015-02-10,3705781.0
2015-02-11,3645581.4
2015-02-12,3585381.8
2015-02-13,3571624.7
2015-02-14,3557867.6
2015-02-15,3544110.4
2015-02-16,3530353.3
2015-02-17,3516596.2
2015-02-18,3502839.0
2015-02-19,3343619.3
2015-02-20,3184399.6
2015-02-21,3071753.3
2015-02-22,2959106.9
2015-02-23,2846460.6
2015-02-24,2733814.2
2015-02-25,2744467.5
2015-02-26,2755120.9
2015-02-27,2778913.6
2015-02-28,2802706.3
2015-03-01,2826499.1
2015-03-02,2850291.8
2015-03-03,2874084.6
2015-03-04,2897877.3
2015-03-05,2921670.1
2015-03-06,2945462.8
2015-03-07,2942513.5
2015-03-08,2939564.2
2015-03-09,2936614.8
2015-03-10,2933665.5
2015-03-11,2930716.2
2015-03-12,2927766.8
2015-03-13,2924817.5
2015-03-14,2921868.2
2015-03-15,2918918.9
2015-03-16,2915969.5
2015-03-17,2985064.1
2015-03-18,3054158.6
2015-03-19,3226393.9
2015-03-20,3156488.4
2015-03-21,3086582.8
2015-03-22,3016677.2
2015-03-23,2946771.7
2015-03-24,2876866.1
2015-03-25,3100731.6
2015-03-26,3101770.8
2015-03-27,3102810.0
2015-03-28,3103849.2
2015-03-29,3104888.4
2015-03-30,3105976.3
2015-03-31,3037550.4
2015-04-01,2964036.6
2015-04-02,2890843.9
2015-04-03,2884225.9
2015-04-04,2877649.2
2015-04-05,2871233.3
2015-04-06,2865225.0
2015-04-07,2843424.2
2015-04-08,2821940.1
2015-04-09,2832187.4
2015-04-10,2842469.7
2015-04-11,2852841.8
2015-04-12,2863355.1
2015-04-13,2874433.9
2015-04-14,2886198.1
2015-04-15,2927424.7
2015-04-16,2970648.6
2015-04-17,2954696.9
2015-04-18,2938757.5
2015-04-19,2922829.1
2015-04-20,2906915.3
2015-04-21,2891029.7
2015-04-22,2875218.6
2015-04-23,2897233.9
2015-04-24,2919355.4
2015-04-25,2941537.6
2015-04-26,2963756.1
2015-04-27,2985993.1
2015-04-28,3008241.5
2015-04-29,2977510.3
2015-04-30,2947718.4
2015-05-01,2952712.3
2015-05-02,2957759.8
2015-05-03,2962877.4
2015-05-04,2968128.7
2015-05-05,2974130.7
2015-05-06,2934303.7
2015-05-07,2967037.5
2015-05-08,2985706.3
2015-05-09,3004458.7
2015-05-10,3023308.8
2015-05-11,3042288.7
2015-05-12,3061423.8
2015-05-13,2991563.6
2015-05-14,2922596.4
2015-05-15,2869429.0
2015-05-16,2816294.6
2015-05-17,2763219.8
2015-05-18,2710328.0
2015-05-19,2692958.3
2015-05-20,2684693.1
2015-05-21,2676576.0
2015-05-22,2721084.2
2015-05-23,2742375.8
2015-05-24,2763733.7
2015-05-25,2785123.2
2015-05-26,2806530.4
2015-05-27,2828019.2
2015-05-28,2812913.0
2015-05-29,2828261.4
2015-05-30,2843658.4
2015-05-31,2859100.3
2015-06-01,2874607.8
2015-06-02,2867244.0
2015-06-03,2860029.5
2015-06-04,2767702.1
2015-06-05,2862725.3
2015-06-06,2915538.3
2015-06-07,2968583.2
2015-06-08,3021806.0
2015-06-09,3038589.7
2015-06-10,3055446.0
2015-06-11,3016636.0
2015-06-12,2977826.2
2015-06-13,2939016.4
2015-06-14,2900206.6
2015-06-15,2861396.8
2015-06-16,2822587.0
2015-06-17,2783777.2
2015-06-18,2838396.7
2015-06-19,2893016.2
2015-06-20,2947635.7
2015-06-21,3002255.2
2015-06-22,3056874.7
2015-06-23,3111494.2
2015-06-24,3080189.9
2015-06-25,3048892.0
2015-06-26,3093464.5
2015-06-27,3138043.3
2015-06-28,3182622.2
2015-06-29,3227201.0
2015-06-30,3271779.9
2015-07-01,3225043.7
2015-07-02,3178307.5
2015-07-03,3131571.3
2015-07-04,3084835.1
2015-07-05,3038098.8
2015-07-06,2991364.8
2015-07-07,3089712.2
2015-07-08,3026586.2
2015-07-09,3024619.9
2015-07-10,3022653.6
2015-07-11,3020687.3
2015-07-12,3018720.9
2015-07-13,3016754.6
2015-07-14,3014788.3
2015-07-15,3012822.0
2015-07-16,2811260.1
2015-07-17,2850238.8
2015-07-18,2889365.8
2015-07-19,2928492.9
2015-07-20,2967619.9
2015-07-21,3006747.0
2015-07-22,3134694.9
2015-07-23,2953431.6
2015-07-24,2883237.7
2015-07-25,2813115.7
2015-07-26,2743148.0
2015-07-27,3004692.9
2015-07-28,3266634.9
2015-07-29,3021815.6
2015-07-30,2731015.1
2015-07-31,2735830.5
2015-08-01,2740681.6
2015-08-02,2745532.8
2015-08-03,2750423.8
2015-08-04,2754664.2
2015-08-05,2759353.2
2015-08-06,2975166.9
2015-08-07,2955114.8
2015-08-08,2935062.8
2015-08-09,2915010.8
2015-08-10,2894958.8
2015-08-11,2874906.8
2015-08-12,2854854.8
2015-08-13,2859101.3
2015-08-14,2832947.6
2015-08-15,2806793.8
2015-08-16,2780640.0
2015-08-17,2754486.2
2015-08-18,2728332.4
2015-08-19,3136687.1
2015-08-20,3101977.9
2015-08-21,3067268.7
2015-08-22,3032559.5
2015-08-23,2997850.4
2015-08-24,2963141.2
2015-08-25,2928432.0
2015-08-26,2893722.9
2015-08-27,2859013.7
2015-08-28,2920112.0
2015-08-29,2981210.4
2015-08-30,3042308.7
2015-08-31,3103407.0
2015-09-01,3164505.4
2015-09-02,3087451.8
2015-09-03,3010398.3
2015-09-04,3022105.0
2015-09-05,3033811.8
2015-09-06,3045518.5
2015-09-07,3057225.3
2015-09-08,3068932.1
2015-09-09,3080638.8
2015-09-10,2704852.9
2015-09-11,2734003.1
2015-09-12,2763153.3
2015-09-13,2792303.5
2015-09-14,2821453.7
2015-09-15,2850603.9
2015-09-16,2951415.1
2015-09-17,3052226.3
2015-09-18,3023038.6
2015-09-19,2993850.8
2015-09-20,2964663.1
2015-09-21,2935475.4
2015-09-22,2906287.6
2015-09-23,2877099.9
2015-09-24,2897864.8
2015-09-25,2918629.8
2015-09-26,2939394.7
2015-09-27,2960159.6
2015-09-28,2980924.5
2015-09-29,2808504.8
2015-09-30,2891758.7
2015-10-01,2975012.7
2015-10-02,2953752.3
2015-10-03,2932491.9
2015-10-04,2911231.5
2015-10-05,2889971.0
2015-10-06,2868710.6
2015-10-07,2847450.2
2015-10-08,2826189.8
2015-10-09,2840894.5
2015-10-10,2855599.3
2015-10-11,2870304.0
2015-10-12,2885008.8
2015-10-13,2899713.5
2015-10-14,2914418.3
2015-10-15,2928254.3
2015-10-16,2942090.2
2015-10-17,2955926.2
2015-10-18,2969762.2
2015-10-19,2983598.2
2015-10-20,2997434.2
2015-10-21,2970226.2
2015-10-22,2943018.1
2015-10-23,2915810.0
2015-10-24,2888602.0
2015-10-25,2861393.9
2015-10-26,2834185.8
2015-10-27,2806977.8
2015-10-28,2779769.7
2015-10-29,2840828.3
2015-10-30,2901886.9
2015-10-31,2883907.4
2015-11-01,2865927.9
2015-11-02,2847948.5
2015-11-03,2829969.0
2015-11-04,2836233.8
2015-11-05,2842498.7
2015-11-06,2857639.2
2015-11-07,2872779.8
2015-11-08,2887920.3
2015-11-09,2903060.9
2015-11-10,2918201.5
2015-11-11,2938026.6
2015-11-12,2957851.8
2015-11-13,2954240.9
2015-11-14,2950630.0
2015-11-15,2947019.1
2015-11-16,2943408.2
2015-11-17,2939797.3
2015-11-18,3053171.4
2015-11-19,3166545.4
2015-11-20,3123037.5
2015-11-21,3079529.5
2015-11-22,3036021.5
2015-11-23,2992513.5
2015-11-24,2949005.6
2015-11-25,2985977.0
2015-11-26,3022948.3
2015-11-27,3059919.7
2015-11-28,3096891.1
2015-11-29,3133862.5
2015-11-30,3170833.9
2015-12-01,3207805.3
2015-12-02,3189642.8
2015-12-03,3141730.7
2015-12-04,3142901.7
2015-12-05,3144072.7
2015-12-06,3145243.8
2015-12-07,3146414.8
2015-12-08,3147585.9
2015-12-09,3140493.3
2015-12-10,3098634.9
2015-12-11,3158755.0
2015-12-12,3193703.1
2015-12-13,3228651.2
2015-12-14,3263599.4
2015-12-15,3298547.5
2015-12-16,3227387.5
2015-12-17,3156227.5
2015-12-18,3151472.7
2015-12-19,3146718.0
2015-12-20,3141963.2
2015-12-21,3137208.4
2015-12-22,3132453.6
2015-12-23,3127698.8
2015-12-24,3122944.1
2015-12-25,3118189.3
2015-12-26,3113434.5
2015-12-27,3108679.7
2015-12-28,3103924.9
2015-12-29,3099170.2
2015-12-30,3094415.4
2015-12-31,3089660.6
2016-01-01,3084906.9
2016-01-02,3080163.2
2016-01-03,3075445.8
2016-01-04,3070752.7
2016-01-05,3189919.1
2016-01-06,3324922.9
2016-01-07,3412400.4
2016-01-08,3499877.8
2016-01-09,3587355.3
2016-01-10,3674832.7
2016-01-11,3762310.2
2016-01-12,3849787.6
2016-01-13,3326721.3
2016-01-14,3368322.3
2016-01-15,3335017.3
2016-01-16,3301803.6
2016-01-17,3268590.6
2016-01-18,3235569.6
2016-01-19,3166238.4
2016-01-20,3097330.7
2016-01-21,3124989.7
2016-01-22,3152875.0
2016-01-23,3180778.6
2016-01-24,3208682.2
2016-01-25,3236585.8
2016-01-26,3264489.4
2016-01-27,3292402.6
2016-01-28,3366978.0
2016-01-29,3325090.5
2016-01-30,3283245.9
2016-01-31,3241465.2
2016-02-01,3199754.3
2016-02-02,3158358.7
2016-02-03,3117624.9
2016-02-04,3310497.5
2016-02-05,3279293.6
2016-02-06,3248089.8
2016-02-07,3216945.9
2016-02-08,3186271.2
2016-02-09,3355877.7
2016-02-10,3203819.4
2016-02-11,3169914.0
2016-02-12,3168867.9
2016-02-13,3167822.6
2016-02-14,3166777.9
2016-02-15,3165735.2
2016-02-16,3164704.5
2016-02-17,3163758.3
2016-02-18,3162915.7
2016-02-19,3187547.2
2016-02-20,3212328.7
2016-02-21,3237199.9
2016-02-22,3262071.9
2016-02-23,3286943.9
2016-02-24,3311815.9
2016-02-25,3336687.9
2016-02-26,3314040.7
2016-02-27,3291393.4
2016-02-28,3268746.2
2016-02-29,3246099.0
2016-03-01,3223451.7
2016-03-02,2925987.5
2016-03-03,2798888.4
2016-03-04,2939786.4
2016-03-05,3081387.4
2016-03-06,3031151.3
2016-03-07,2980915.3
2016-03-08,2930679.2
2016-03-09,2297669.8
2016-03-10,2345906.8
2016-03-11,2396650.4
2016-03-12,2448092.1
2016-03-13,2499758.7
2016-03-14,2551503.7
2016-03-15,2603307.2
2016-03-16,2594830.4
2016-03-17,2586414.4
2016-03-18,2578162.3
2016-03-19,2570101.8
2016-03-20,2562248.8
2016-03-21,2554633.5
2016-03-22,2509571.6
2016-03-23,2525872.6
2016-03-24,2542190.1
2016-03-25,2558521.9
2016-03-26,2574869.5
2016-03-27,2591232.9
2016-03-28,2607620.2
2016-03-29,2624467.3
2016-03-30,2592802.2
2016-03-31,2499780.7
2016-04-01,2408383.6
2016-04-02,2318649.4
2016-04-03,2230917.1
2016-04-04,2389176.0
2016-04-05,2559289.6
2016-04-06,2628798.8
2016-04-07,2698463.3
2016-04-08,2596376.8
2016-04-09,2495196.7
2016-04-10,2395621.9
2016-04-11,2299057.2
2016-04-12,2331837.1
2016-04-13,2331074.0
2016-04-14,2332041.4
2016-04-15,2277255.2
2016-04-16,2223695.0
2016-04-17,2171502.9
2016-04-18,2272246.4
2016-04-19,2376302.4
2016-04-20,2379579.4
2016-04-21,2334180.0
2016-04-22,2344759.6
2016-04-23,2355425.4
2016-04-24,2366179.2
2016-04-25,2377026.2
2016-04-26,2387973.2
2016-04-27,2360960.9
2016-04-28,2334524.2
2016-04-29,2362153.0
2016-04-30,2389876.1
2016-05-01,2417687.4
2016-05-02,2445602.3
2016-05-03,2473635.1
2016-05-04,2507110.7
2016-05-05,2462819.3
2016-05-06,2462849.7
2016-05-07,2463110.7
2016-05-08,2463625.3
2016-05-09,2464383.3
2016-05-10,2465375.1
2016-05-11,2388346.2
2016-05-12,2316469.4
2016-05-13,2438973.8
2016-05-14,2562090.4
2016-05-15,2685330.4
2016-05-16,2808571.6
2016-05-17,2931841.7
2016-05-18,2669813.6
2016-05-19,2408278.4
2016-05-20,2463664.3
2016-05-21,2519122.3
2016-05-22,2574613.4
2016-05-23,2630125.9
2016-05-24,2685655.2
2016-05-25,2435235.8
2016-05-26,2605566.2
2016-05-27,2463228.3
2016-05-28,2504609.5
2016-05-29,2546290.0
2016-05-30,2588361.1
2016-05-31,2630928.0
2016-06-01,2674181.4
2016-06-02,2731407.2
2016-06-03,2733363.5
2016-06-04,2735460.7
2016-06-05,2737605.5
2016-06-06,2739793.1
2016-06-07,2742026.7
2016-06-08,2676104.1
2016-06-09,2611316.5
2016-06-10,2657050.4
2016-06-11,2703451.0
2016-06-12,2750476.3
2016-06-13,2798037.6
2016-06-14,2845812.6
2016-06-15,2893672.2
2016-06-16,2746263.7
2016-06-17,2785651.1
2016-06-18,2825458.1
2016-06-19,2865914.8
2016-06-20,2907353.5
2016-06-21,2826790.0
2016-06-22,2747569.4
2016-06-23,2754484.6
2016-06-24,2799610.3
2016-06-25,2844854.3
2016-06-26,2890231.9
2016-06-27,2935758.2
2016-06-28,2982879.0
2016-06-29,3155755.0
2016-06-30,3329526.0
2016-07-01,3003557.1
2016-07-02,3013578.0
2016-07-03,3023760.1
2016-07-04,3034117.2
2016-07-05,3044546.5
2016-07-06,3074664.2
2016-07-07,3066801.1
2016-07-08,3058946.5
2016-07-09,3051107.6
2016-07-10,3043283.8
2016-07-11,3035477.6
2016-07-12,3027687.7
2016-07-13,3092082.0
2016-07-14,3156651.1
2016-07-15,3179604.1
2016-07-16,3202624.5
2016-07-17,3225700.2
2016-07-18,3248811.2
2016-07-19,3271943.7
2016-07-20,2993939.7
2016-07-21,3002179.4
2016-07-22,3010839.9
2016-07-23,3072804.9
2016-07-24,3135478.6
2016-07-25,3198233.4
2016-07-26,3261037.1
2016-07-27,3323867.3
2016-07-28,3386702.5
2016-07-29,3388831.3
2016-07-30,3390960.1
2016-07-31,3393088.9
2016-08-01,3395217.7
2016-08-02,3397346.5
2016-08-03,3453972.5
2016-08-04,3510598.4
2016-08-05,3491376.6
2016-08-06,3472154.8
2016-08-07,3452932.9
2016-08-08,3433711.1
2016-08-09,3414489.3
2016-08-10,3396201.9
2016-08-11,3377914.6
2016-08-12,3359627.2
2016-08-13,3341339.8
2016-08-14,3323065.6
2016-08-15,3305052.7
2016-08-16,3202336.7
2016-08-17,3107003.1
2016-08-18,3140523.6
2016-08-19,3174183.9
2016-08-20,3207873.7
2016-08-21,3241563.5
2016-08-22,3275253.3
2016-08-23,3308943.1
2016-08-24,3083803.3
2016-08-25,3122421.2
2016-08-26,3161043.9
2016-08-27,3199670.8
2016-08-28,3238300.6
2016-08-29,3276932.4
2016-08-30,3315566.0
2016-08-31,3411744.0
2016-09-01,3492809.9
2016-09-02,3573875.9
2016-09-03,3674822.5
2016-09-04,3775769.2
2016-09-05,3876715.8
2016-09-06,3977662.4
2016-09-07,3747166.4
2016-09-08,3516670.4
2016-09-09,3544564.9
2016-09-10,3572459.4
2016-09-11,3600353.9
2016-09-12,3628248.5
2016-09-13,3656143.0
2016-09-14,3561480.3
2016-09-15,3466817.7
2016-09-16,3496475.3
2016-09-17,3526132.9
2016-09-18,3555790.5
2016-09-19,3585448.1
2016-09-20,3615105.7
2016-09-21,3644763.3
2016-09-22,3702803.9
2016-09-23,3760844.5
2016-09-24,3759292.2
2016-09-25,3757740.0
2016-09-26,3756187.7
2016-09-27,3754635.4
2016-09-28,3753083.1
2016-09-29,3693637.8
2016-09-30,3634192.5
2016-10-01,3574747.3
2016-10-02,3515302.0
2016-10-03,3455856.7
2016-10-04,3396411.4
2016-10-05,3336966.2
2016-10-06,3380872.6
2016-10-07,3424779.0
2016-10-08,3468685.4
2016-10-09,3512591.9
2016-10-10,3556498.3
2016-10-11,3600404.7
2016-10-12,3644311.2
2016-10-13,3619993.6
2016-10-14,3595676.1
2016-10-15,3595529.3
2016-10-16,3595382.6
2016-10-17,3595235.8
2016-10-18,3595089.1
2016-10-19,3631739.0
2016-10-20,3668389.0
2016-10-21,3577157.2
2016-10-22,3485925.4
2016-10-23,3394693.7
2016-10-24,3303461.9
2016-10-25,3212230.1
2016-10-26,3334757.9
2016-10-27,3457285.7
2016-10-28,3415126.2
2016-10-29,3372966.6
2016-10-30,3330807.1
2016-10-31,3288647.6
2016-11-01,3246488.1
2016-11-02,3234264.4
2016-11-03,3222040.7
2016-11-04,3267801.0
2016-11-05,3313561.3
2016-11-06,3359321.6
2016-11-07,3405081.9
2016-11-08,3450842.2
2016-11-09,3484986.5
2016-11-10,3519130.7
2016-11-11,3553275.0
2016-11-12,3587419.2
2016-11-13,3621563.5
2016-11-14,3655707.7
2016-11-15,3689852.0
2016-11-16,3625625.7
2016-11-17,3561399.5
2016-11-18,3497173.2
2016-11-19,3496182.2
2016-11-20,3495191.1
2016-11-21,3494200.1
2016-11-22,3493209.0
2016-11-23,3484124.2
2016-11-24,3475039.4
2016-11-25,3465954.6
2016-11-26,3456869.8
2016-11-27,3447785.0
2016-11-28,3438700.2
2016-11-29,3429615.4
2016-11-30,3181088.1
2016-12-01,2932560.8
2016-12-02,3029928.0
2016-12-03,3127295.3
2016-12-04,3224662.6
2016-12-05,3322029.9
2016-12-06,3419397.2
2016-12-07,3505310.0
2016-12-08,3591222.8
2016-12-09,3588644.2
2016-12-10,3586065.6
2016-12-11,3583487.0
2016-12-12,3580908.4
2016-12-13,3578329.8
2016-12-14,3575903.1
2016-12-15,3573476.3
2016-12-16,3571049.5
2016-12-17,3568622.7
2016-12-18,3566195.9
2016-12-19,3563769.1
2016-12-20,3561342.3
2016-12-21,3558915.6
2016-12-22,3556488.8
2016-12-23,3545214.6
2016-12-24,3533940.4
2016-12-25,3522666.2
2016-12-26,3511392.0
2016-12-27,3500117.8
2016-12-28,3488843.6
2016-12-29,3477569.4
2016-12-30,3466295.2
2016-12-31,3494994.1
2017-01-01,3523693.0
2017-01-02,3552391.9
2017-01-03,3581090.8
2017-01-04,3609789.7
2017-01-05,3694328.6
2017-01-06,3636305.2
2017-01-07,3578281.8
2017-01-08,3520258.4
2017-01-09,3462234.9
2017-01-10,3404211.5
2017-01-11,3311722.0
2017-01-12,3219232.5
2017-01-13,3126743.1
2017-01-14,3034253.6
2017-01-15,2941764.1
2017-01-16,2849274.6
2017-01-17,2756785.1
2017-01-18,2664295.6
2017-01-19,2571819.7
2017-01-20,2479418.1
2017-01-21,2387204.5
2017-01-22,2295346.9
2017-01-23,2204881.9
2017-01-24,2115783.7
2017-01-25,2027577.2
2017-01-26,2051889.3
2017-01-27,2076858.7
2017-01-28,2102447.5
2017-01-29,2128614.4
2017-01-30,2155256.3
2017-01-31,2182117.0
2017-02-01,2154964.2
2017-02-02,2127837.4
2017-02-03,2100740.4
2017-02-04,2073682.9
2017-02-05,2046677.9
2017-02-06,2019775.4
2017-02-07,2030073.8
2017-02-08,2042363.7
2017-02-09,2054738.9
2017-02-10,2067227.0
2017-02-11,2079822.7
2017-02-12,2092495.3
2017-02-13,2105224.1
2017-02-14,2117996.8
2017-02-15,2198582.6
2017-02-16,2279621.0
2017-02-17,2360944.3
2017-02-18,2442337.5
2017-02-19,2523765.4
2017-02-20,2605198.7
2017-02-21,2686631.9
2017-02-22,2768065.2
2017-02-23,2849498.4
2017-02-24,2729910.4
2017-02-25,2610322.4
2017-02-26,2490734.4
2017-02-27,2371152.3
2017-02-28,2291402.8
2017-03-01,2212501.2
2017-03-02,2213710.2
2017-03-03,2214930.1
2017-03-04,2216165.3
2017-03-05,2217426.5
2017-03-06,2218741.7
2017-03-07,2220520.7
2017-03-08,2415421.6
2017-03-09,2519194.4
2017-03-10,2325176.7
2017-03-11,2319421.0
2017-03-12,2313684.8
2017-03-13,2307959.3
2017-03-14,2302240.2
2017-03-15,2352623.8
2017-03-16,2301639.5
2017-03-17,2251774.5
2017-03-18,2172991.9
2017-03-19,2094348.4
2017-03-20,2016005.2
2017-03-21,1937993.5
2017-03-22,2074411.0
2017-03-23,2212320.2
2017-03-24,2240578.6
2017-03-25,2268837.0
2017-03-26,2297095.4
2017-03-27,2325558.9
2017-03-28,2281071.4
2017-03-29,2236710.1
2017-03-30,2290032.8
2017-03-31,2343444.7
2017-04-01,2396951.9
2017-04-02,2450516.0
2017-04-03,2504082.8
2017-04-04,2557649.7
2017-04-05,2593872.3
2017-04-06,2630095.0
2017-04-07,2568957.8
2017-04-08,2507850.5
2017-04-09,2447252.7
2017-04-10,2387657.6
2017-04-11,2328964.8
2017-04-12,2271102.6
2017-04-13,2572542.9
2017-04-14,2172782.1
2017-04-15,2158698.7
2017-04-16,2144704.3
2017-04-17,2130713.7
2017-04-18,2108936.1
2017-04-19,2155517.9
2017-04-20,2181117.6
2017-04-21,2159095.4
2017-04-22,2137073.1
2017-04-23,2115050.9
2017-04-24,2093028.6
2017-04-25,2071006.4
2017-04-26,2177467.7
2017-04-27,2166336.1
2017-04-28,2201795.4
2017-04-29,2237255.9
2017-04-30,2272716.4
2017-05-01,2308176.9
2017-05-02,2343637.4
2017-05-03,2170445.0
2017-05-04,2217927.7
2017-05-05,2249338.8
2017-05-06,2218700.8
2017-05-07,2188064.1
2017-05-08,2157435.0
2017-05-09,2126912.4
2017-05-10,2254439.9
2017-05-11,2040376.1
2017-05-12,2106085.1
2017-05-13,2171997.6
2017-05-14,2237955.6
2017-05-15,2303960.0
2017-05-16,2370042.1
2017-05-17,2115237.4
2017-05-18,2154386.9
2017-05-19,2178204.6
2017-05-20,2182963.0
2017-05-21,2187725.4
2017-05-22,2192492.6
2017-05-23,2197277.0
2017-05-24,2202186.8
2017-05-25,2208160.2
2017-05-26,2210257.1
2017-05-27,2212404.4
2017-05-28,2214625.0
2017-05-29,2216998.1
2017-05-30,2220594.6
2017-05-31,2225740.9
2017-06-01,2067318.2
2017-06-02,2084231.9
2017-06-03,2128461.4
2017-06-04,2173433.3
2017-06-05,2218906.0
2017-06-06,2264860.6
2017-06-07,1982470.1
2017-06-08,2223745.7
2017-06-09,2171272.5
2017-06-10,2122350.0
2017-06-11,2074900.4
2017-06-12,2028189.6
2017-06-13,2095913.2
2017-06-14,2228673.9
2017-06-15,2324166.8
2017-06-16,2108878.5
2017-06-17,2170405.6
2017-06-18,2063612.1
2017-06-19,1965454.9
2017-06-20,2155324.7
2017-06-21,2171541.1
2017-06-22,2187873.6
2017-06-23,2204643.2
2017-06-24,1998128.7
2017-06-25,1917464.3
2017-06-26,1837633.8
2017-06-27,2089330.5
2017-06-28,1905121.2
2017-06-29,1859405.4
2017-06-30,2017600.6
2017-07-01,1992800.7
2017-07-02,1968078.1
2017-07-03,1943445.4
2017-07-04,1876929.7
2017-07-05,1810694.6
2017-07-06,1745927.7
2017-07-07,1879462.0
2017-07-08,1885855.1
2017-07-09,1892440.7
2017-07-10,1899114.2
2017-07-11,1905853.0
2017-07-12,1849333.7
2017-07-13,1794425.2
2017-07-14,1807804.4
2017-07-15,1822078.6
2017-07-16,1837057.9
2017-07-17,1852270.6
2017-07-18,1909068.6
2017-07-19,2121817.9
2017-07-20,1888833.5
2017-07-21,1840877.2
2017-07-22,1793280.6
2017-07-23,1746145.0
2017-07-24,1699619.4
2017-07-25,1873354.9
2017-07-26,1745424.9
2017-07-27,1976883.4
2017-07-28,1939219.0
2017-07-29,1954782.6
2017-07-30,1970573.3
2017-07-31,1986603.3
2017-08-01,2002801.1
2017-08-02,2254942.5
2017-08-03,2201034.8
2017-08-04,2047351.3
2017-08-05,2033528.7
2017-08-06,2019737.8
2017-08-07,2005959.0
2017-08-08,1992194.1
2017-08-09,1839654.1
2017-08-10,1904568.4
2017-08-11,1768211.3
2017-08-12,1758900.3
2017-08-13,1749722.7
2017-08-14,1740753.7
2017-08-15,1773574.4
2017-08-16,1838981.2
2017-08-17,1909370.5
2017-08-18,1649182.1
2017-08-19,1625161.0
2017-08-20,1601139.9
2017-08-21,1577136.8
2017-08-22,1553722.8
2017-08-23,1962915.3
2017-08-24,1993048.2
2017-08-25,1754074.6
2017-08-26,1728969.1
2017-08-27,1704364.1
2017-08-28,1679820.3
2017-08-29,1793483.4
2017-08-30,1907151.9
2017-08-31,2020820.5
2017-09-01,2134493.7
2017-09-02,2080550.9
2017-09-03,2026612.8
2017-09-04,1972674.7
2017-09-05,1918736.6
2017-09-06,1937359.7
2017-09-07,2051691.2
2017-09-08,2048670.3
2017-09-09,2045664.9
2017-09-10,2042675.6
2017-09-11,2039705.3
2017-09-12,2036752.0
2017-09-13,2018597.2
2017-09-14,2000473.5
2017-09-15,1956853.2
2017-09-16,1913239.1
2017-09-17,1869629.1
2017-09-18,1826022.7
2017-09-19,1782419.0
2017-09-20,1764293.6
2017-09-21,1746176.4
2017-09-22,1728067.4
2017-09-23,1721259.9
2017-09-24,1714454.0
2017-09-25,1707649.3
2017-09-26,1700845.8
2017-09-27,1829935.4
2017-09-28,1959171.2
2017-09-29,1930519.0
2017-09-30,1901866.9
2017-10-01,1873214.7
2017-10-02,1844567.9
2017-10-03,1806655.0
2017-10-04,1857478.7
2017-10-05,1908429.2
2017-10-06,1916400.0
2017-10-07,1924370.9
2017-10-08,1932341.7
2017-10-09,1937551.5
2017-10-10,1906353.8
2017-10-11,1833847.3
2017-10-12,1864340.8
2017-10-13,1895001.4
2017-10-14,1925720.7
2017-10-15,1956440.4
2017-10-16,1987160.2
2017-10-17,2017879.9
2017-10-18,1963528.3
2017-10-19,1909176.7
2017-10-20,1935070.3
2017-10-21,1960964.0
2017-10-22,1986857.6
2017-10-23,2012751.2
2017-10-24,2038644.8
2017-10-25,1968840.1
2017-10-26,1899035.3
2017-10-27,1904110.6
2017-10-28,1909185.9
2017-10-29,1914261.2
2017-10-30,1919336.5
2017-10-31,1924411.8
2017-11-01,1904728.1
2017-11-02,1885044.5
2017-11-03,1851698.6
2017-11-04,1818352.7
2017-11-05,1785006.8
2017-11-06,1751660.9
2017-11-07,1718315.0
2017-11-08,1825448.4
2017-11-09,1932581.8
2017-11-10,1898859.4
2017-11-11,1865136.9
2017-11-12,1831414.4
2017-11-13,1797753.0
2017-11-14,1764314.5
2017-11-15,1738866.5
2017-11-16,1713756.8
2017-11-17,1742856.4
2017-11-18,1771956.1
2017-11-19,1801055.7
2017-11-20,1830155.4
2017-11-21,1859255.1
2017-11-22,1871995.8
2017-11-23,1884736.5
2017-11-24,1897477.3
2017-11-25,1910218.0
2017-11-26,1922958.8
2017-11-27,1935699.5
2017-11-28,1948440.2
2017-11-29,1931605.8
2017-11-30,1914771.3
2017-12-01,1925785.6
2017-12-02,1936799.8
2017-12-03,1947814.1
2017-12-04,1958828.3
2017-12-05,1969842.6
2017-12-06,1968540.8
2017-12-07,1967238.9
2017-12-08,2001497.8
2017-12-09,2035756.7
2017-12-10,2070015.6
2017-12-11,2104274.4
2017-12-12,2138533.3
2017-12-13,2010618.2
2017-12-14,1882703.1
2017-12-15,1851624.3
2017-12-16,1820545.6
2017-12-17,1789466.9
2017-12-18,1758388.2
2017-12-19,1727309.4
2017-12-20,1812576.3
2017-12-21,1897846.2
2017-12-22,1898324.2
2017-12-23,1898805.6
2017-12-24,1899287.1
2017-12-25,1899768.6
2017-12-26,1900250.0
2017-12-27,1900731.5
2017-12-28,2111063.5
2017-12-29,2070147.2
2017-12-30,2029230.9
2017-12-31,1988314.6
2018-01-01,1947398.2
2018-01-02,1906481.9
2018-01-03,1865565.6
2018-01-04,1938140.9
2018-01-05,2010716.2
2018-01-06,2083291.5
2018-01-07,2155866.8
2018-01-08,2228442.1
2018-01-09,2301017.5
2018-01-10,2373592.8
2018-01-11,2222668.8
2018-01-12,2214202.8
2018-01-13,2205736.7
2018-01-14,2197270.7
2018-01-15,2188804.6
2018-01-16,2180338.6
2018-01-17,2171872.5
2018-01-18,2163406.5
2018-01-19,2154940.4
2018-01-20,2146474.4
2018-01-21,2138008.3
2018-01-22,2129542.2
2018-01-23,2121076.2
2018-01-24,1953335.4
2018-01-25,1785594.5
2018-01-26,1813687.7
2018-01-27,1841780.9
2018-01-28,1869874.0
2018-01-29,1897967.2
2018-01-30,1926060.4
2018-01-31,2088624.9
2018-02-01,2251189.3
2018-02-02,2249687.1
2018-02-03,2248184.8
2018-02-04,2246682.6
2018-02-05,2245180.4
2018-02-06,2243678.1
2018-02-07,2242175.9
2018-02-08,2240673.7
2018-02-09,2183948.1
2018-02-10,2127222.5
2018-02-11,2070497.0
2018-02-12,2013771.4
2018-02-13,1957045.9
2018-02-14,2212211.5
2018-02-15,2467377.2
2018-02-16,2389242.5
2018-02-17,2311107.8
2018-02-18,2232973.5
2018-02-19,2154842.5
2018-02-20,2076719.4
2018-02-21,1998606.3
2018-02-22,1920512.7
2018-02-23,1944746.9
2018-02-24,1968992.6
2018-02-25,1993245.7
2018-02-26,2017505.5
2018-02-27,2041771.1
2018-02-28,2311493.1
2018-03-01,2155938.4
2018-03-02,2132916.5
2018-03-03,2197650.8
2018-03-04,2262414.2
2018-03-05,2327520.1
2018-03-06,1736801.4
2018-03-07,2020315.5
2018-03-08,2170003.1
2018-03-09,2169086.2
2018-03-10,2168224.3
2018-03-11,2167980.7
2018-03-12,2170060.3
2018-03-13,2255499.5
2018-03-14,2105562.6
2018-03-15,2251687.2
2018-03-16,2299265.4
2018-03-17,2348111.6
2018-03-18,2283828.1
2018-03-19,2177695.6
2018-03-20,2075709.3
2018-03-21,2333327.7
2018-03-22,2156733.3
2018-03-23,2352525.9
2018-03-24,2036871.8
2018-03-25,2157841.5
2018-03-26,2148664.4
2018-03-27,2253842.7
2018-03-28,2310494.7
2018-03-29,2236539.5
2018-03-30,2030607.7
2018-03-31,2040999.4
2018-04-01,2053033.1
2018-04-02,2066831.7
2018-04-03,2074212.1
2018-04-04,2082505.5
2018-04-05,2092346.3
2018-04-06,2125266.4
2018-04-07,2007420.7
2018-04-08,2095397.1
2018-04-09,2141177.9
2018-04-10,2188306.7
2018-04-11,2215618.1
2018-04-12,2143814.7
2018-04-13,2118917.8
2018-04-14,2193367.7
2018-04-15,2062050.0
2018-04-16,2212244.1
2018-04-17,2280365.6
2018-04-18,2009237.2
2018-04-19,2067418.2
2018-04-20,2031085.5
2018-04-21,2097423.5
2018-04-22,2141109.5
2018-04-23,2092138.2
2018-04-24,1907971.5
2018-04-25,2300722.0
2018-04-26,2127304.1
2018-04-27,2026360.0
2018-04-28,2225215.9
2018-04-29,2271801.0
2018-04-30,2002602.4
2018-05-01,2038009.5
2018-05-02,1851136.8
2018-05-03,1833884.0
2018-05-04,1697065.1
2018-05-05,1581381.6
2018-05-06,1511818.9
2018-05-07,1513963.8
2018-05-08,1397617.2
2018-05-09,1395484.8
2018-05-10,1493543.3
2018-05-11,1407316.0
2018-05-12,1269589.6
2018-05-13,1234540.3
2018-05-14,1212866.2
2018-05-15,1321540.8
2018-05-16,1289050.3
2018-05-17,1125911.7
2018-05-18,1302072.6
2018-05-19,1304247.5
2018-05-20,1327994.8
2018-05-21,1304514.3
2018-05-22,875901.7
2018-05-23,1395782.0
2018-05-24,1400755.5
2018-05-25,1365730.2
2018-05-26,1422836.4
2018-05-27,1451621.4
2018-05-28,1481432.1
2018-05-29,1511952.5
2018-05-30,1305587.0
2018-05-31,1268155.1
2018-06-01,1361113.1
2018-06-02,1150057.8
2018-06-03,1176896.8
2018-06-04,1212732.7
2018-06-05,1487751.6
2018-06-06,1623257.7
2018-06-07,1123384.9
2018-06-08,1733217.7
2018-06-09,1336887.3
2018-06-10,1384703.4
2018-06-11,1443541.6
2018-06-12,1395519.4
2018-06-13,1350369.8
2018-06-14,1309160.2
2018-06-15,1325829.6
2018-06-16,1343394.3
2018-06-17,1361755.1
2018-06-18,1380741.0
2018-06-19,1400262.4
2018-06-20,1323911.0
2018-06-21,1256468.3
2018-06-22,1281847.2
2018-06-23,1309173.2
2018-06-24,1337979.9
2018-06-25,1367851.0
2018-06-26,1398769.4
2018-06-27,1328138.6
2018-06-28,1263081.6
2018-06-29,1362446.3
2018-06-30,1466998.1
2018-07-01,1575857.9
2018-07-02,1690543.5
2018-07-03,1619158.9
2018-07-04,1551714.1
2018-07-05,1486231.8
2018-07-06,1501772.3
2018-07-07,1518485.3
2018-07-08,1536962.5
2018-07-09,1558119.4
2018-07-10,1582870.5
2018-07-11,1484855.5
2018-07-12,1403988.2
2018-07-13,1451401.8
2018-07-14,1500601.5
2018-07-15,1551799.2
2018-07-16,1605973.0
2018-07-17,1664714.6
2018-07-18,1502737.1
2018-07-19,1347618.3
2018-07-20,1413531.3
2018-07-21,1480906.1
2018-07-22,1549464.3
2018-07-23,1618768.7
2018-07-24,1688753.1
2018-07-25,1654737.5
2018-07-26,1622430.7
2018-07-27,1611205.8
2018-07-28,1600410.9
2018-07-29,1589820.4
2018-07-30,1579474.0
2018-07-31,1569479.9
2018-08-01,1565496.9
2018-08-02,1562219.4
2018-08-03,1566890.7
2018-08-04,1572303.9
2018-08-05,1579045.2
2018-08-06,1586587.5
2018-08-07,1594440.8
2018-08-08,1637239.7
2018-08-09,1682473.8
2018-08-10,1678373.1
2018-08-11,1674708.3
2018-08-12,1671471.9
2018-08-13,1668703.3
2018-08-14,1666233.2
2018-08-15,1676853.9
2018-08-16,1692626.0
2018-08-17,1652035.9
2018-08-18,1613037.5
2018-08-19,1576002.9
2018-08-20,1540782.8
2018-08-21,1473707.7
2018-08-22,1467659.4
2018-08-23,1463729.7
2018-08-24,1435236.7
2018-08-25,1406970.7
2018-08-26,1378971.1
2018-08-27,1351260.6
2018-08-28,1323848.5
2018-08-29,1396182.1
2018-08-30,1473875.4
2018-08-31,1406200.8
2018-09-01,1340143.7
2018-09-02,1275794.1
2018-09-03,1213232.3
2018-09-04,1152605.8
2018-09-05,1093938.9
2018-09-06,1037051.7
2018-09-07,1114480.2
2018-09-08,1195115.1
2018-09-09,1278270.5
2018-09-10,1363578.2
2018-09-11,1450867.1
2018-09-12,1375082.0
2018-09-13,1302053.1
2018-09-14,1348252.2
2018-09-15,1395807.1
2018-09-16,1444599.7
2018-09-17,1494689.9
2018-09-18,1545742.9
2018-09-19,1507849.9
2018-09-20,1470525.8
2018-09-21,1433951.7
2018-09-22,1434291.9
2018-09-23,1434632.2
2018-09-24,1434972.4
2018-09-25,1435312.7
2018-09-26,1493520.9
2018-09-27,1554834.5
2018-09-28,1578211.0
2018-09-29,1603325.5
2018-09-30,1629349.3
2018-10-01,1655691.7
2018-10-02,1682288.1
2018-10-03,1738248.5
2018-10-04,1796538.9
2018-10-05,1796693.7
2018-10-06,1797002.9
2018-10-07,1797373.5
2018-10-08,1797817.3
2018-10-09,1798339.7
2018-10-10,1798964.1
2018-10-11,1799733.8
2018-10-12,1824682.7
2018-10-13,1849912.6
2018-10-14,1875458.7
2018-10-15,1901321.1
2018-10-16,1927560.7
2018-10-17,1699696.0
2018-10-18,1490672.7
2018-10-19,1550602.5
2018-10-20,1614023.3
2018-10-21,1680046.6
2018-10-22,1747730.8
2018-10-23,1816428.1
2018-10-24,1727018.3
2018-10-25,1640683.4
2018-10-26,1717280.7
2018-10-27,1797010.3
2018-10-28,1879341.2
2018-10-29,1963897.1
2018-10-30,2049541.8
2018-10-31,2135239.1
2018-11-01,1993276.7
2018-11-02,1851955.1
2018-11-03,1891279.8
2018-11-04,1930851.5
2018-11-05,1970532.5
2018-11-06,2010316.1
2018-11-07,2050192.9
2018-11-08,1780818.9
2018-11-09,1818032.2
2018-11-10,1857374.1
2018-11-11,1898010.3
2018-11-12,1939297.9
2018-11-13,1981023.2
2018-11-14,2022842.8
2018-11-15,2051459.5
2018-11-16,1871791.4
2018-11-17,1692471.8
2018-11-18,1516895.8
2018-11-19,1349798.2
2018-11-20,1802340.1
2018-11-21,1990503.0
2018-11-22,1965912.4
2018-11-23,1942191.2
2018-11-24,1921048.0
2018-11-25,1901473.3
2018-11-26,1882776.7
2018-11-27,1928533.8
2018-11-28,2030909.5
2018-11-29,1801630.2
2018-11-30,1778834.6
2018-12-01,1756286.8
2018-12-02,1734122.4
2018-12-03,1712436.3
2018-12-04,1870960.9
2018-12-05,1632412.5
2018-12-06,1405368.9
2018-12-07,1547752.8
2018-12-08,1695912.3
2018-12-09,1847395.2
2018-12-10,2001076.3
2018-12-11,2003222.9
2018-12-12,2056246.8
2018-12-13,2010212.5
2018-12-14,1964296.1
2018-12-15,1918518.3
2018-12-16,1872924.7
2018-12-17,1827542.6
2018-12-18,1782393.4
2018-12-19,1938123.8
2018-12-20,1901732.3
2018-12-21,1865554.1
2018-12-22,1829658.0
2018-12-23,1794116.0
2018-12-24,1758986.7
2018-12-25,1724153.7
2018-12-26,1689646.1
2018-12-27,1655442.0
2018-12-28,1643489.4
2018-12-29,1631592.8
2018-12-30,1619759.3
2018-12-31,1608016.6
2019-01-01,1596394.0
2019-01-02,1584934.5
2019-01-03,1573672.9
2019-01-04,1562633.0
2019-01-05,1607921.9
2019-01-06,1654271.0
2019-01-07,1701751.5
2019-01-08,1847739.6
2019-01-09,1950975.6
2019-01-10,2055999.9
2019-01-11,2085262.1
2019-01-12,1993288.2
2019-01-13,1904083.9
2019-01-14,1817266.8
2019-01-15,1939043.1
2019-01-16,1855378.8
2019-01-17,2175919.2
2019-01-18,1941411.2
2019-01-19,1667706.1
2019-01-20,1704842.6
2019-01-21,1745700.8
2019-01-22,1788549.0
2019-01-23,1728587.8
2019-01-24,1672219.3
2019-01-25,1646927.7
2019-01-26,1586979.6
2019-01-27,1532310.9
2019-01-28,1488296.5
2019-01-29,1749691.6
2019-01-30,1756386.3
2019-01-31,1814013.4
2019-02-01,1625190.2
2019-02-02,1584226.1
2019-02-03,1544892.9
2019-02-04,1507551.3
2019-02-05,1472522.7
2019-02-06,1441174.0
2019-02-07,1415568.0
2019-02-08,1394554.1
2019-02-09,1525768.0
2019-02-10,1438327.9
2019-02-11,1358216.7
2019-02-12,1288952.5
2019-02-13,1231775.6
2019-02-14,1342543.1
2019-02-15,1139802.6
2019-02-16,1172767.6
2019-02-17,1207723.4
2019-02-18,1245306.0
2019-02-19,1285115.1
2019-02-20,1326821.2
2019-02-21,1370167.2
2019-02-22,1414950.2
2019-02-23,1461173.9
2019-02-24,1508610.9
2019-02-25,1557091.5
2019-02-26,1554936.2
2019-02-27,1355561.3
2019-02-28,1411503.1
2019-03-01,1469343.0
2019-03-02,1528824.8
2019-03-03,1590077.2
2019-03-04,1653523.5
2019-03-05,1719507.9
2019-03-06,1653468.6
2019-03-07,1596165.4
2019-03-08,1575971.6
2019-03-09,1598893.2
2019-03-10,1626549.6
2019-03-11,1657112.9
2019-03-12,1689841.6
2019-03-13,1658639.5
2019-03-14,1841890.4
2019-03-15,2039389.6
2019-03-16,1504574.1
2019-03-17,1633489.2
2019-03-18,1773022.3
2019-03-19,1735360.6
2019-03-20,1830502.4
2019-03-21,1735043.1
2019-03-22,1620278.4
2019-03-23,1609170.9
2019-03-24,1591885.1
2019-03-25,1583644.4
2019-03-26,1577322.0
2019-03-27,1584045.2
2019-03-28,1591946.4
2019-03-29,1637258.3
2019-03-30,1685433.9
2019-03-31,1737337.0
2019-04-01,1738223.5
2019-04-02,1858960.1
2019-04-03,1675506.4
2019-04-04,1506142.4
2019-04-05,1536950.3
2019-04-06,1570569.8
2019-04-07,1606646.8
2019-04-08,1645017.2
2019-04-09,1646686.3
2019-04-10,1512717.7
2019-04-11,1387970.9
2019-04-12,1444918.4
2019-04-13,1504350.7
2019-04-14,1565693.8
2019-04-15,1628738.8
2019-04-16,1693295.3
2019-04-17,1693005.5
2019-04-18,1742344.1
2019-04-19,1794376.5
2019-04-20,1794270.5
2019-04-21,1795113.1
2019-04-22,1797065.5
2019-04-23,1793813.8
2019-04-24,1796298.6
2019-04-25,1954613.1
2019-04-26,1666652.0
2019-04-27,1691158.1
2019-04-28,1720091.4
2019-04-29,1754037.6
2019-04-30,1714465.0
2019-05-01,1971211.9
2019-05-02,1725285.0
2019-05-03,1643368.1
2019-05-04,1680334.8
2019-05-05,1727141.7
2019-05-06,1418775.7
2019-05-07,1373590.7
2019-05-08,1214958.8
2019-05-09,1258610.9
2019-05-10,1306021.6
2019-05-11,1359048.3
2019-05-12,1417269.4
2019-05-13,1479737.6
2019-05-14,1545481.8
2019-05-15,1614053.8
2019-05-16,1685077.2
2019-05-17,1586091.0
2019-05-18,1570067.2
2019-05-19,1557429.2
2019-05-20,1431510.5
2019-05-21,1490690.1
2019-05-22,1564819.3
2019-05-23,1488160.3
2019-05-24,1437004.2
2019-05-25,1472985.5
2019-05-26,1515913.8
2019-05-27,1567807.4
2019-05-28,1626880.2
2019-05-29,1645166.5
2019-05-30,1665525.0
2019-05-31,1687879.7
2019-06-01,1712368.7
2019-06-02,1738880.4
2019-06-03,1767417.5
2019-06-04,1739643.5
2019-06-05,1656240.2
2019-06-06,1549828.0
2019-06-07,1631149.2
2019-06-08,1654667.6
2019-06-09,1675271.1
2019-06-10,1708814.4
2019-06-11,1795995.4
2019-06-12,1650054.1
2019-06-13,1730802.6
2019-06-14,1474335.5
2019-06-15,1604875.3
2019-06-16,1803212.5
2019-06-17,1757016.3
2019-06-18,1687045.2
2019-06-19,1647064.0
2019-06-20,1554718.3
2019-06-21,1683116.7
2019-06-22,1731260.8
2019-06-23,1799921.4
2019-06-24,1878985.9
2019-06-25,1880622.7
2019-06-26,1856144.6
2019-06-27,1845984.0
2019-06-28,1819840.1
2019-06-29,1708041.1
2019-06-30,1632500.4
2019-07-01,1765208.4
2019-07-02,1669608.3
2019-07-03,1544881.4
2019-07-04,1541883.2
2019-07-05,1575322.3
2019-07-06,1637129.0
2019-07-07,1663653.5
2019-07-08,1729808.2
2019-07-09,1709987.2
2019-07-10,1670075.1
2019-07-11,1635295.8
2019-07-12,1609631.8
2019-07-13,1599657.3
2019-07-14,1604038.2
2019-07-15,1535837.5
2019-07-16,1589183.0
2019-07-17,1741964.4
2019-07-18,1565291.9
2019-07-19,1619359.1
2019-07-20,1678622.0
2019-07-21,1644031.8
2019-07-22,1551260.4
2019-07-23,1641782.7
2019-07-24,1696062.3
2019-07-25,1799821.1
2019-07-26,1786034.3
2019-07-27,1821625.2
2019-07-28,1747635.6
2019-07-29,1700008.7
2019-07-30,1739648.9
2019-07-31,1603930.8
2019-08-01,1200637.2
2019-08-02,1383045.8
2019-08-03,1408004.8
2019-08-04,1452830.4
2019-08-05,1358243.3
2019-08-06,1291980.0
2019-08-07,1221971.5
2019-08-08,1087314.2
2019-08-09,1072554.1
2019-08-10,1063076.3
2019-08-11,1059001.0
2019-08-12,1059524.4
2019-08-13,1066074.0
2019-08-14,970088.4
2019-08-15,887528.8
2019-08-16,886235.5
2019-08-17,886013.4
2019-08-18,887038.9
2019-08-19,889399.2
2019-08-20,893257.0
2019-08-21,898867.4
2019-08-22,779767.8
2019-08-23,830722.8
2019-08-24,885878.8
2019-08-25,944923.8
2019-08-26,1007672.7
2019-08-27,1073423.0
2019-08-28,1194620.1
2019-08-29,948599.1
2019-08-30,949953.5
2019-08-31,952529.9
2019-09-01,955907.1
2019-09-02,959914.7
2019-09-03,964976.6
2019-09-04,1014330.1
2019-09-05,1013706.6
2019-09-06,1014017.1
2019-09-07,1015349.5
2019-09-08,1017653.4
2019-09-09,1021000.9
2019-09-10,1025460.5
2019-09-11,1041807.2
2019-09-12,1065282.5
2019-09-13,1032524.8
2019-09-14,1001646.6
2019-09-15,972955.0
2019-09-16,946600.7
2019-09-17,922333.0
2019-09-18,922271.8
2019-09-19,928393.6
2019-09-20,937830.0
2019-09-21,948694.6
2019-09-22,960740.7
2019-09-23,973663.2
2019-09-24,987259.2
2019-09-25,1018980.2
2019-09-26,1054828.4
2019-09-27,1032886.5
2019-09-28,1014248.0
2019-09-29,998668.1
2019-09-30,985713.7
2019-10-01,974897.3
2019-10-02,992061.4
2019-10-03,1023022.5
2019-10-04,984423.3
2019-10-05,947307.7
2019-10-06,912275.7
2019-10-07,879720.5
2019-10-08,849174.7
2019-10-09,835146.5
2019-10-10,827639.5
2019-10-11,886924.1
2019-10-12,952412.9
2019-10-13,1023364.4
2019-10-14,1098426.6
2019-10-15,1177274.6
2019-10-16,1259176.0
2019-10-17,1268471.9
2019-10-18,1277861.6
2019-10-19,1287354.4
2019-10-20,1296959.3
2019-10-21,1306685.8
2019-10-22,1316532.9
2019-10-23,1161853.9
2019-10-24,1025745.4
2019-10-25,1036453.2
2019-10-26,1048186.7
2019-10-27,1060618.0
2019-10-28,1073789.4
2019-10-29,1087544.1
2019-10-30,1049427.0
2019-10-31,1016485.0
2019-11-01,1000141.5
2019-11-02,985763.5
2019-11-03,973254.8
2019-11-04,963041.7
2019-11-05,954437.1
2019-11-06,1021711.9
2019-11-07,1095538.8
2019-11-08,1100229.2
2019-11-09,1108389.4
2019-11-10,1119709.6
2019-11-11,1134835.5
2019-11-12,1156302.3
2019-11-13,1183137.3
2019-11-14,1200408.4
2019-11-15,1222067.8
2019-11-16,1247824.3
2019-11-17,1276453.5
2019-11-18,1307127.3
2019-11-19,1339247.9
2019-11-20,1451051.3
2019-11-21,1587887.8
2019-11-22,1535713.3
2019-11-23,1484835.5
2019-11-24,1437061.6
2019-11-25,1391933.1
2019-11-26,1349094.9
2019-11-27,1304389.0
2019-11-28,1262517.1
2019-11-29,1224811.9
2019-11-30,1190767.8
2019-12-01,1159525.9
2019-12-02,1131381.8
2019-12-03,1107032.0
2019-12-04,1359635.2
2019-12-05,1711240.2
2019-12-06,1655684.6
2019-12-07,1601188.9
2019-12-08,1548932.9
2019-12-09,1500702.0
2019-12-10,1455385.6
2019-12-11,1412481.2
2019-12-12,1468345.1
2019-12-13,1526442.5
2019-12-14,1586279.1
2019-12-15,1647470.6
2019-12-16,1709345.7
2019-12-17,1771446.0
2019-12-18,1737456.8
2019-12-19,1703654.5
2019-12-20,1586350.6
2019-12-21,1470645.3
2019-12-22,1360944.2
2019-12-23,1262841.5
2019-12-24,1327149.8
2019-12-25,1395848.5
2019-12-26,1468301.8
2019-12-27,1543265.7
2019-12-28,1619072.7
2019-12-29,1695463.2
2019-12-30,1772335.0
2019-12-31,1849671.6
2020-01-01,1835576.5
2020-01-02,1821526.3
2020-01-03,1807525.6
2020-01-04,1793578.6
2020-01-05,1779691.9
2020-01-06,1765872.5
2020-01-07,1752121.4
2020-01-08,1736960.6
2020-01-09,1723102.2
2020-01-10,1707313.3
2020-01-11,1691673.8
2020-01-12,1676165.9
2020-01-13,1660798.8
2020-01-14,1645617.4
2020-01-15,1630614.2
2020-01-16,1678536.0
2020-01-17,1729365.9
2020-01-18,1782597.0
2020-01-19,1837513.9
2020-01-20,1893941.8
2020-01-21,1951398.0
2020-01-22,1846693.5
2020-01-23,1763870.2
2020-01-24,1734520.5
2020-01-25,1709264.8
2020-01-26,1687590.6
2020-01-27,1668363.5
2020-01-28,1651386.3
2020-01-29,1913775.4
2020-01-30,1910187.2
2020-01-31,1915442.8
2020-02-01,1922853.2
2020-02-02,1932022.9
2020-02-03,1942886.3
2020-02-04,1906742.4
2020-02-05,1841022.4
2020-02-06,1790692.4
2020-02-07,1813866.6
2020-02-08,2022790.7
2020-02-09,1911969.7
2020-02-10,1848600.7
2020-02-11,1786525.7
2020-02-12,1725696.4
2020-02-13,1738282.1
2020-02-14,1812902.4
2020-02-15,1901460.6
2020-02-16,1719718.5
2020-02-17,1775397.5
2020-02-18,1832495.9
2020-02-19,1890731.9
2020-02-20,1949939.1
2020-02-21,2010026.7
2020-02-22,1942593.8
2020-02-23,2012153.5
2020-02-24,1846681.3
2020-02-25,1912342.6
2020-02-26,1829769.3
2020-02-27,1938790.6
2020-02-28,2115525.9
2020-02-29,1743067.5
2020-03-01,2090408.1
2020-03-02,2100800.6
2020-03-03,2077693.8
2020-03-04,2055602.3
2020-03-05,2034785.1
2020-03-06,2039005.3
2020-03-07,2062872.9
2020-03-08,2199360.4
2020-03-09,2193435.8
2020-03-10,2195576.7
2020-03-11,1781520.2
2020-03-12,1955440.2
2020-03-13,2148378.9
2020-03-14,1884295.2
2020-03-15,2136149.6
2020-03-16,1882646.7
2020-03-17,1779794.8
2020-03-18,2167560.3
2020-03-19,2078407.7
2020-03-20,2143593.6
2020-03-21,2115869.1
2020-03-22,2093868.5
2020-03-23,2083310.3
2020-03-24,2035980.4
2020-03-25,1982938.9
2020-03-26,1940624.6
2020-03-27,2165128.5
2020-03-28,2139339.1
2020-03-29,2027028.4
2020-03-30,1923920.8
2020-03-31,1980848.9
2020-04-01,2140899.3
2020-04-02,1971974.8
2020-04-03,2154393.5
2020-04-04,2116943.8
2020-04-05,2220838.8
2020-04-06,2132733.6
2020-04-07,2169120.9
2020-04-08,2126444.6
2020-04-09,2079294.0
2020-04-10,2267444.4
2020-04-11,2205327.9
2020-04-12,2151475.5
2020-04-13,2107857.5
2020-04-14,1990788.2
2020-04-15,2014401.8
2020-04-16,1819348.4
2020-04-17,2010492.7
2020-04-18,1914761.8
2020-04-19,1837408.9
2020-04-20,1903643.8
2020-04-21,1950662.3
2020-04-22,1844711.5
2020-04-23,1852519.7
2020-04-24,1655300.6
2020-04-25,1863668.8
2020-04-26,1683438.8
2020-04-27,1547892.1
2020-04-28,1464942.6
2020-04-29,1487232.9
2020-04-30,1771958.6
2020-05-01,1680411.6
2020-05-02,1590837.8
2020-05-03,1545516.0
2020-05-04,1506081.8
2020-05-05,1514248.9
2020-05-06,1518512.0
2020-05-07,1748806.1
2020-05-08,1409625.4
2020-05-09,1450308.2
2020-05-10,1270580.4
2020-05-11,1141325.2
2020-05-12,1322824.4
2020-05-13,1172385.6
2020-05-14,1202856.5
2020-05-15,1137040.1
2020-05-16,1088248.0
2020-05-17,1053785.5
2020-05-18,1077473.1
2020-05-19,1155672.4
2020-05-20,942305.3
2020-05-21,1024627.2
2020-05-22,1061582.4
2020-05-23,1088864.6
2020-05-24,1064107.2
2020-05-25,1048743.4
2020-05-26,1040414.2
2020-05-27,1099396.2
2020-05-28,1112872.2
2020-05-29,1037924.2
2020-05-30,1171493.6
2020-05-31,1331829.3
2020-06-01,1305728.0
2020-06-02,1359136.1
2020-06-03,1312982.0
2020-06-04,1127962.4
2020-06-05,1243085.3
2020-06-06,1213508.3
2020-06-07,1199549.5
2020-06-08,1206925.8
2020-06-09,1102151.0
2020-06-10,1169018.0
2020-06-11,1287930.8
2020-06-12,1204220.7
2020-06-13,1240145.6
2020-06-14,1221841.3
2020-06-15,1215121.9
2020-06-16,1312117.5
2020-06-17,1281807.3
2020-06-18,1129935.0
2020-06-19,1168254.8
2020-06-20,1162977.8
2020-06-21,1163012.3
2020-06-22,1168417.0
2020-06-23,1178712.4
2020-06-24,1115614.6
2020-06-25,1153783.0
2020-06-26,1050070.8
2020-06-27,1124797.8
2020-06-28,1210056.1
2020-06-29,1187044.7
2020-06-30,1174565.5
2020-07-01,1187797.8
2020-07-02,1160637.1
2020-07-03,1134974.6
2020-07-04,1111092.9
2020-07-05,1088551.6
2020-07-06,1203617.7
2020-07-07,1124402.4
2020-07-08,1233643.7
2020-07-09,1070878.8
2020-07-10,1108587.8
2020-07-11,1147260.5
2020-07-12,1186871.9
2020-07-13,1227338.8
2020-07-14,1268741.4
2020-07-15,1241894.5
2020-07-16,1217615.4
2020-07-17,1220571.3
2020-07-18,1226750.3
2020-07-19,1237098.5
2020-07-20,1252034.8
2020-07-21,1269784.5
2020-07-22,1132896.5
2020-07-23,1029105.4
2020-07-24,1081518.8
2020-07-25,1135205.4
2020-07-26,1190260.7
2020-07-27,1246941.9
2020-07-28,1305702.6
2020-07-29,1229695.8
2020-07-30,1161386.3
2020-07-31,1290286.3
2020-08-01,1255521.6
2020-08-02,1225694.8
2020-08-03,1202981.5
2020-08-04,1185377.2
2020-08-05,1182101.9
2020-08-06,1181650.9
2020-08-07,1193878.1
2020-08-08,1206315.1
2020-08-09,1218973.0
2020-08-10,1231866.9
2020-08-11,1245012.4
2020-08-12,1258418.2
2020-08-13,1263608.2
2020-08-14,1249744.7
2020-08-15,1236086.5
2020-08-16,1222661.8
2020-08-17,1209454.3
2020-08-18,1196465.0
2020-08-19,1183696.0
2020-08-20,1237387.4
2020-08-21,1237494.2
2020-08-22,1238291.8
2020-08-23,1240018.1
2020-08-24,1242772.4
2020-08-25,1246854.5
2020-08-26,1252382.4
2020-08-27,1258872.3
2020-08-28,1265995.9
2020-08-29,1243654.8
2020-08-30,1224705.1
2020-08-31,1211126.7
2020-09-01,1201730.8
2020-09-02,1169223.5
2020-09-03,1139592.8
2020-09-04,1188557.8
2020-09-05,1238851.5
2020-09-06,1290718.3
2020-09-07,1344269.2
2020-09-08,1399250.6
2020-09-09,1341895.9
2020-09-10,1287806.3
2020-09-11,1275034.4
2020-09-12,1263704.1
2020-09-13,1253847.9
2020-09-14,1245242.8
2020-09-15,1238098.1
2020-09-16,1231825.1
2020-09-17,1171466.1
2020-09-18,1179214.2
2020-09-19,1187577.2
2020-09-20,1196526.5
2020-09-21,1205973.6
2020-09-22,1215920.4
2020-09-23,1256750.2
2020-09-24,1300509.9
2020-09-25,1295468.9
2020-09-26,1290558.1
2020-09-27,1285773.2
2020-09-28,1281102.7
2020-09-29,1276545.3
2020-09-30,1227390.4
2020-10-01,1180004.0
2020-10-02,1170402.0
2020-10-03,1161240.3
2020-10-04,1152462.7
2020-10-05,1144019.6
2020-10-06,1135898.7
2020-10-07,1175193.7
2020-10-08,1215794.5
2020-10-09,1204686.6
2020-10-10,1193828.4
2020-10-11,1183215.1
2020-10-12,1172840.0
2020-10-13,1162705.1
2020-10-14,1152812.7
2020-10-15,1200907.6
2020-10-16,1190200.5
2020-10-17,1179594.3
2020-10-18,1169104.6
2020-10-19,1158755.9
2020-10-20,1148551.0
2020-10-21,1179532.4
2020-10-22,1211756.6
2020-10-23,1202658.9
2020-10-24,1193674.7
2020-10-25,1184798.4
2020-10-26,1176032.2
2020-10-27,1167375.8
2020-10-28,1158826.2
2020-10-29,1150399.6
2020-10-30,1142086.2
2020-10-31,1166514.9
2020-11-01,1191364.6
2020-11-02,1216708.5
2020-11-03,1242675.1
2020-11-04,1228232.8
2020-11-05,1213925.3
2020-11-06,1199763.7
2020-11-07,1185734.2
2020-11-08,1171857.4
2020-11-09,1158108.9
2020-11-10,1144484.4
2020-11-11,1163471.6
2020-11-12,1183863.1
2020-11-13,1182870.3
2020-11-14,1182416.3
2020-11-15,1182435.8
2020-11-16,1182860.6
2020-11-17,1183640.5
2020-11-18,1183186.1
2020-11-19,1185312.5
2020-11-20,1164930.3
2020-11-21,1146067.2
2020-11-22,1129141.3
2020-11-23,1114960.8
2020-11-24,1103166.5
2020-11-25,1185286.1
2020-11-26,1198904.0
2020-11-27,1212771.8
2020-11-28,1226898.1
2020-11-29,1241247.7
2020-11-30,1255805.5
2020-12-01,1270560.1
2020-12-02,1279497.9
2020-12-03,1291584.0
2020-12-04,1249125.8
2020-12-05,1210685.1
2020-12-06,1174998.2
2020-12-07,1141843.0
2020-12-08,1110846.1
2020-12-09,1071545.2
2020-12-10,1042893.9
2020-12-11,1082179.4
2020-12-12,1123182.1
2020-12-13,1166270.8
2020-12-14,1212481.3
2020-12-15,1263079.9
2020-12-16,1344397.4
2020-12-17,1432545.7
2020-12-18,1381417.6
2020-12-19,1331886.1
2020-12-20,1283687.3
2020-12-21,1236821.5
2020-12-22,1191407.4
2020-12-23,1217859.7
2020-12-24,1244863.5
2020-12-25,1272480.2
2020-12-26,1300699.1
2020-12-27,1329476.1
2020-12-28,1358740.0
2020-12-29,1388484.6
2020-12-30,1379523.0
2020-12-31,1373699.0
2021-01-01,1368680.9
2021-01-02,1364620.0
2021-01-03,1361729.3
2021-01-04,1360209.5
2021-01-05,1360960.9
2021-01-06,1314228.9
2021-01-07,1268401.0
2021-01-08,1223658.7
2021-01-09,1180334.8
2021-01-10,1139084.9
2021-01-11,1100990.7
2021-01-12,1067648.0
2021-01-13,1061011.4
2021-01-14,1058760.3
2021-01-15,1025630.3
2021-01-16,994429.6
2021-01-17,966547.4
2021-01-18,943206.1
2021-01-19,928172.1
2021-01-20,929691.2
2021-01-21,981025.9
2021-01-22,954209.0
2021-01-23,928849.1
2021-01-24,905734.6
2021-01-25,889154.5
2021-01-26,884252.7
2021-01-27,889750.2
2021-01-28,1025304.4
2021-01-29,945400.3
2021-01-30,875050.5
2021-01-31,818794.0
2021-02-01,782105.2
2021-02-02,755461.5
2021-02-03,788254.3
2021-02-04,838647.1
2021-02-05,801744.7
2021-02-06,797092.6
2021-02-07,793674.6
2021-02-08,791634.5
2021-02-09,791097.6
2021-02-10,792039.8
2021-02-11,794538.8
2021-02-12,759751.9
2021-02-13,730116.5
2021-02-14,704985.6
2021-02-15,683735.4
2021-02-16,666790.1
2021-02-17,652833.1
2021-02-18,651182.7
2021-02-19,701846.2
2021-02-20,648979.5
2021-02-21,599749.8
2021-02-22,558015.0
2021-02-23,536966.0
2021-02-24,621359.1
2021-02-25,732045.7
2021-02-26,652257.6
2021-02-27,590917.2
2021-02-28,548234.4
2021-03-01,521121.0
2021-03-02,503052.0
2021-03-03,537563.3
2021-03-04,612554.0
2021-03-05,574045.4
2021-03-06,541220.2
2021-03-07,513051.8
2021-03-08,490390.4
2021-03-09,471229.7
2021-03-10,457361.9
2021-03-11,469107.0
2021-03-12,455019.7
2021-03-13,443150.1
2021-03-14,434838.3
2021-03-15,430706.3
2021-03-16,429353.3
2021-03-17,412315.8
2021-03-18,408848.8
2021-03-19,406035.5
2021-03-20,404980.1
2021-03-21,405960.2
2021-03-22,409193.8
2021-03-23,414488.1
2021-03-24,402753.2
2021-03-25,399640.2
2021-03-26,405758.1
2021-03-27,414348.6
2021-03-28,425324.7
2021-03-29,438651.8
2021-03-30,454273.7
2021-03-31,577005.9
2021-04-01,732743.4
2021-04-02,625137.5
2021-04-03,524873.4
2021-04-04,432703.4
2021-04-05,347807.6
2021-04-06,269940.5
2021-04-07,394710.0
2021-04-08,561099.9
2021-04-09,504236.2
2021-04-10,451864.9
2021-04-11,403551.0
2021-04-12,359030.9
2021-04-13,318429.9
2021-04-14,256815.7
2021-04-15,225972.2
2021-04-16,227716.8
2021-04-17,231214.0
2021-04-18,235938.5
2021-04-19,241792.3
2021-04-20,248572.3
2021-04-21,351514.8
2021-04-22,314316.7
2021-04-23,287639.9
2021-04-24,272377.5
2021-04-25,259520.3
2021-04-26,249663.0
2021-04-27,254421.3
2021-04-28,297203.8
2021-04-29,247194.2
2021-04-30,242416.4
2021-05-01,240780.4
2021-05-02,242860.7
2021-05-03,251942.4
2021-05-04,199429.6
2021-05-05,150345.6
2021-05-06,365851.7
2021-05-07,360751.7
2021-05-08,358570.6
2021-05-09,359633.1
2021-05-10,363585.9
2021-05-11,369984.7
2021-05-12,378463.5
2021-05-13,269946.9
2021-05-14,253881.7
2021-05-15,241687.4
2021-05-16,233541.7
2021-05-17,231165.0
2021-05-18,248814.8
2021-05-19,268006.6
2021-05-20,289580.4
2021-05-21,312868.7
2021-05-22,338703.0
2021-05-23,367775.4
2021-05-24,400423.6
2021-05-25,436276.4
2021-05-26,335487.8
2021-05-27,431827.5
2021-05-28,363089.4
2021-05-29,355701.7
2021-05-30,352262.8
2021-05-31,351561.6
2021-06-01,352547.1
2021-06-02,423487.8
2021-06-03,507107.2
2021-06-04,514381.9
2021-06-05,466385.6
2021-06-06,424871.8
2021-06-07,393890.4
2021-06-08,498597.1
2021-06-09,484693.1
2021-06-10,472560.3
2021-06-11,473556.2
2021-06-12,475048.4
2021-06-13,476937.6
2021-06-14,479208.9
2021-06-15,491657.2
2021-06-16,513421.2
2021-06-17,479181.2
2021-06-18,446624.1
2021-06-19,417451.8
2021-06-20,394480.7
2021-06-21,377104.0
2021-06-22,364114.0
2021-06-23,366212.8
2021-06-24,478519.7
2021-06-25,238096.2
2021-06-26,232154.3
2021-06-27,230105.5
2021-06-28,232125.6
2021-06-29,237907.8
2021-06-30,247703.0
2021-07-01,294637.7
2021-07-02,364179.2
2021-07-03,376677.0
2021-07-04,391666.7
2021-07-05,409556.2
2021-07-06,429926.3
2021-07-07,518792.5
2021-07-08,631612.9
2021-07-09,545288.9
2021-07-10,464406.4
2021-07-11,389883.9
2021-07-12,323280.3
2021-07-13,267435.7
2021-07-14,210496.3
2021-07-15,173223.2
2021-07-16,238132.4
2021-07-17,328096.5
2021-07-18,440948.5
2021-07-19,569847.3
2021-07-20,714787.0
2021-07-21,518447.0
2021-07-22,377748.4
2021-07-23,382319.1
2021-07-24,388496.2
2021-07-25,396635.1
2021-07-26,406984.1
2021-07-27,419973.0
2021-07-28,498732.7
2021-07-29,592571.5
2021-07-30,563377.0
2021-07-31,538064.5
2021-08-01,516057.1
2021-08-02,496468.6
2021-08-03,479231.8
2021-08-04,483347.5
2021-08-05,500674.7
2021-08-06,533007.0
2021-08-07,569417.2
2021-08-08,608765.2
2021-08-09,650822.0
2021-08-10,695611.9
2021-08-11,570322.1
2021-08-12,485926.2
2021-08-13,480561.0
2021-08-14,476722.7
2021-08-15,474631.4
2021-08-16,474306.9
2021-08-17,475487.2
2021-08-18,398665.7
2021-08-19,338347.8
2021-08-20,299514.0
2021-08-21,263899.4
2021-08-22,232126.5
2021-08-23,206399.0
2021-08-24,186541.9
2021-08-25,334906.2
2021-08-26,562884.7
2021-08-27,510141.2
2021-08-28,463589.1
2021-08-29,426021.2
2021-08-30,399191.9
2021-08-31,376335.3
2021-09-01,354843.2
2021-09-02,342399.2
2021-09-03,342945.5
2021-09-04,365845.7
2021-09-05,392194.4
2021-09-06,423580.0
2021-09-07,459875.8
2021-09-08,418217.0
2021-09-09,384426.1
2021-09-10,422308.4
2021-09-11,465370.4
2021-09-12,514497.7
2021-09-13,570871.9
2021-09-14,634261.6
2021-09-15,534159.0
2021-09-16,466307.6
2021-09-17,488952.8
2021-09-18,514016.5
2021-09-19,542478.0
2021-09-20,575693.6
2021-09-21,612923.1
2021-09-22,660836.7
2021-09-23,717625.7
2021-09-24,672644.1
2021-09-25,630549.5
2021-09-26,591543.1
2021-09-27,555018.0
2021-09-28,520803.9
2021-09-29,488927.8
2021-09-30,745829.6
2021-10-01,721115.8
2021-10-02,696863.1
2021-10-03,673108.4
2021-10-04,649905.4
2021-10-05,627290.2
2021-10-06,503252.4
2021-10-07,400363.1
2021-10-08,422029.7
2021-10-09,445306.1
2021-10-10,470091.2
2021-10-11,496214.5
2021-10-12,523426.5
2021-10-13,551498.3
2021-10-14,701788.4
2021-10-15,673506.2
2021-10-16,645939.4
2021-10-17,619152.6
2021-10-18,593198.3
2021-10-19,568218.9
2021-10-20,611578.1
2021-10-21,661460.5
2021-10-22,678834.4
2021-10-23,697063.9
2021-10-24,716247.9
2021-10-25,736496.0
2021-10-26,757937.0
2021-10-27,718303.2
2021-10-28,681687.3
2021-10-29,644868.8
2021-10-30,609345.0
2021-10-31,575011.1
2021-11-01,541929.0
2021-11-02,510285.0
2021-11-03,551933.5
2021-11-04,599764.6
2021-11-05,586962.6
2021-11-06,574911.8
2021-11-07,563705.7
2021-11-08,553462.7
2021-11-09,544208.6
2021-11-10,554220.8
2021-11-11,564493.5
2021-11-12,575112.6
2021-11-13,586101.8
2021-11-14,597425.3
2021-11-15,609010.3
2021-11-16,620825.2
2021-11-17,611232.9
2021-11-18,603092.6
2021-11-19,598670.1
2021-11-20,594967.7
2021-11-21,591927.7
2021-11-22,589561.4
2021-11-23,587797.0
2021-11-24,752266.0
2021-11-25,764003.3
2021-11-26,776084.9
2021-11-27,788466.2
2021-11-28,801186.7
2021-11-29,814323.6
2021-11-30,827927.6
2021-12-01,692894.7
2021-12-02,578276.2
2021-12-03,643389.5
2021-12-04,714882.0
2021-12-05,792623.9
2021-12-06,876964.7
2021-12-07,967564.7
2021-12-08,751324.9
2021-12-09,570207.5
2021-12-10,572252.7
2021-12-11,574623.7
2021-12-12,577304.7
2021-12-13,580294.0
2021-12-14,583564.0
2021-12-15,653678.4
2021-12-16,731139.8
2021-12-17,687390.1
2021-12-18,645182.7
2021-12-19,605146.8
2021-12-20,567024.3
2021-12-21,530857.9
2021-12-22,689493.0
2021-12-23,674077.6
2021-12-24,658978.7
2021-12-25,644279.9
2021-12-26,630039.6
2021-12-27,616211.5
2021-12-28,602848.7
2021-12-29,587482.7
2021-12-30,603181.9
2021-12-31,619379.4
2022-01-01,636116.9
2022-01-02,653278.9
2022-01-03,670877.9
2022-01-04,688903.0
2022-01-05,707335.5
2022-01-06,726159.5
2022-01-07,691457.9
2022-01-08,658081.0
2022-01-09,626212.9
2022-01-10,596065.2
2022-01-11,567789.4
2022-01-12,579944.3
2022-01-13,598252.6
2022-01-14,616568.8
2022-01-15,635359.1
2022-01-16,654698.8
2022-01-17,674564.8
2022-01-18,694910.2
2022-01-19,715655.0
2022-01-20,773337.2
2022-01-21,788882.2
2022-01-22,808186.8
2022-01-23,830986.9
2022-01-24,856764.6
2022-01-25,886110.0
2022-01-26,923046.6
2022-01-27,965334.9
2022-01-28,927853.8
2022-01-29,892644.0
2022-01-30,859151.3
2022-01-31,827245.0
2022-02-01,796713.9
2022-02-02,816708.8
2022-02-03,837552.0
2022-02-04,859276.5
2022-02-05,881820.1
2022-02-06,905115.8
2022-02-07,929074.4
2022-02-08,953622.0
2022-02-09,962798.7
2022-02-10,1222328.4
2022-02-11,1025544.6
2022-02-12,979974.6
2022-02-13,938511.2
2022-02-14,901527.7
2022-02-15,1083112.8
2022-02-16,829292.2
2022-02-17,814482.8
2022-02-18,730334.9
2022-02-19,737215.4
2022-02-20,745207.7
2022-02-21,754426.5
2022-02-22,764792.0
2022-02-23,776097.9
2022-02-24,788180.5
2022-02-25,695776.3
2022-02-26,625822.3
2022-02-27,568798.5
2022-02-28,520924.9
2022-03-01,480663.5
2022-03-02,876923.8
2022-03-03,828988.1
2022-03-04,826294.4
2022-03-05,826580.5
2022-03-06,829016.9
2022-03-07,834563.5
2022-03-08,653582.9
2022-03-09,1383825.8
2022-03-10,549203.7
2022-03-11,634621.1
2022-03-12,729665.4
2022-03-13,832335.8
2022-03-14,941759.0
2022-03-15,935666.4
2022-03-16,948691.4
2022-03-17,529847.5
2022-03-18,574053.6
2022-03-19,624527.1
2022-03-20,681479.2
2022-03-21,744812.5
2022-03-22,814623.8
2022-03-23,466610.1
2022-03-24,619910.7
2022-03-25,648613.9
2022-03-26,686990.1
2022-03-27,735993.8
2022-03-28,792582.1
2022-03-29,810825.7
2022-03-30,831173.4
2022-03-31,801418.6
2022-04-01,772565.5
2022-04-02,744925.7
2022-04-03,718630.2
2022-04-04,693924.1
2022-04-05,671228.9
2022-04-06,598491.7
2022-04-07,551014.4
2022-04-08,606288.6
2022-04-09,670481.2
2022-04-10,743733.0
2022-04-11,823878.3
2022-04-12,884287.7
2022-04-13,951533.8
2022-04-14,1021792.3
2022-04-15,966609.7
2022-04-16,912019.2
2022-04-17,858417.1
2022-04-18,806498.5
2022-04-19,757072.0
2022-04-20,711342.5
2022-04-21,670056.5
2022-04-22,632779.1
2022-04-23,657186.4
2022-04-24,683679.2
2022-04-25,712819.7
2022-04-26,745241.8
2022-04-27,780406.3
2022-04-28,816966.8
2022-04-29,857389.8
2022-04-30,899624.9
2022-05-01,943404.7
2022-05-02,988221.2
2022-05-03,654656.4
2022-05-04,589945.0
2022-05-05,534026.4
2022-05-06,582662.6
2022-05-07,635485.6
2022-05-08,691646.2
2022-05-09,750333.0
2022-05-10,811090.7
2022-05-11,784762.8
2022-05-12,762797.8
2022-05-13,624858.5
2022-05-14,505376.7
2022-05-15,408382.9
2022-05-16,334049.2
2022-05-17,277227.9
2022-05-18,559206.9
2022-05-19,1022650.1
2022-05-20,922574.5
2022-05-21,927235.2
2022-05-22,936597.7
2022-05-23,948027.2
2022-05-24,834991.6
2022-05-25,821110.1
2022-05-26,1019331.9
2022-05-27,749670.0
2022-05-28,753583.0
2022-05-29,758567.9
2022-05-30,764625.5
2022-05-31,771634.6
2022-06-01,753565.8
2022-06-02,850853.8
2022-06-03,658315.1
2022-06-04,653172.8
2022-06-05,650593.5
2022-06-06,650414.0
2022-06-07,696128.2
2022-06-08,834515.2
2022-06-09,991103.6
2022-06-10,1082709.5
2022-06-11,1182272.8
2022-06-12,1282641.6
2022-06-13,1384297.2
2022-06-14,904593.9
2022-06-15,864370.1
2022-06-16,827421.6
2022-06-17,797588.9
2022-06-18,789175.7
2022-06-19,783603.4
2022-06-20,779784.7
2022-06-21,776972.6
2022-06-22,769233.9
2022-06-23,763754.1
2022-06-24,763509.0
2022-06-25,711109.2
2022-06-26,666576.9
2022-06-27,631144.8
2022-06-28,596505.6
2022-06-29,577300.3
2022-06-30,601032.6
2022-07-01,629322.8
2022-07-02,661433.9
2022-07-03,695652.8
2022-07-04,731266.3
2022-07-05,767898.9
2022-07-06,821219.4
2022-07-07,883869.4
2022-07-08,949490.4
2022-07-09,1016282.5
2022-07-10,1083597.0
2022-07-11,1151111.0
2022-07-12,1218761.8
2022-07-13,1215120.2
2022-07-14,1211637.3
2022-07-15,1208304.2
2022-07-16,1205099.0
2022-07-17,1202008.5
2022-07-18,1199038.6
2022-07-19,1196209.9
2022-07-20,1193588.8
2022-07-21,1285999.5
2022-07-22,1380322.5
2022-07-23,1474841.9
2022-07-24,1425130.2
2022-07-25,1375418.6
2022-07-26,1325706.9
2022-07-27,1182121.8
2022-07-28,1039396.2
2022-07-29,1031253.6
2022-07-30,1023629.4
2022-07-31,1017014.5
2022-08-01,1011734.9
2022-08-02,1007652.8
2022-08-03,1044310.2
2022-08-04,1090951.5
2022-08-05,1104634.3
2022-08-06,1118524.1
2022-08-07,1132655.9
2022-08-08,1147113.6
2022-08-09,1161850.3
2022-08-10,1216505.2
2022-08-11,1164166.2
2022-08-12,781841.1
2022-08-13,813565.7
2022-08-14,846856.3
2022-08-15,881234.3
2022-08-16,879357.1
2022-08-17,754246.4
2022-08-18,823108.8
2022-08-19,796502.8
2022-08-20,770632.1
2022-08-21,745918.4
2022-08-22,722601.9
2022-08-23,700738.6
2022-08-24,816865.5
2022-08-25,941377.0
2022-08-26,874410.9
2022-08-27,808375.0
2022-08-28,743950.8
2022-08-29,682185.5
2022-08-30,623653.9
2022-08-31,625889.7
2022-09-01,632967.7
2022-09-02,662945.3
2022-09-03,694162.3
2022-09-04,726369.1
2022-09-05,759222.5
2022-09-06,792689.9
2022-09-07,690655.3
2022-09-08,597121.6
2022-09-09,625281.3
2022-09-10,654984.0
2022-09-11,685702.9
2022-09-12,717093.9
2022-09-13,748935.0
2022-09-14,646708.8
2022-09-15,551869.1
2022-09-16,616381.0
2022-09-17,685533.9
2022-09-18,757094.8
2022-09-19,830652.7
2022-09-20,905623.7
2022-09-21,608538.9
2022-09-22,591050.8
2022-09-23,599538.4
2022-09-24,608734.1
2022-09-25,618660.9
2022-09-26,629266.5
2022-09-27,640413.7
2022-09-28,806434.5
2022-09-29,980117.3
2022-09-30,1158003.7
2022-10-01,1072387.3
2022-10-02,987357.2
2022-10-03,903014.7
2022-10-04,819817.0
2022-10-05,907944.1
2022-10-06,997569.0
2022-10-07,1088219.2
2022-10-08,1039085.2
2022-10-09,990544.3
2022-10-10,942504.1
2022-10-11,894957.3
2022-10-12,844096.3
2022-10-13,795090.5
2022-10-14,851235.8
2022-10-15,908574.2
2022-10-16,966821.9
2022-10-17,1025923.1
2022-10-18,1085682.5
2022-10-19,1145946.7
2022-10-20,872366.4
2022-10-21,840653.0
2022-10-22,809279.3
2022-10-23,778220.1
2022-10-24,747696.0
2022-10-25,718128.8
2022-10-26,741296.7
2022-10-27,766120.2
2022-10-28,738448.1
2022-10-29,711800.9
2022-10-30,686482.1
2022-10-31,662971.5
2022-11-01,641822.0
2022-11-02,809921.0
2022-11-03,994151.7
2022-11-04,1001584.5
2022-11-05,1009106.9
2022-11-06,1016703.1
2022-11-07,1024367.2
2022-11-08,1032102.6
2022-11-09,871680.8
2022-11-10,717661.1
2022-11-11,695636.9
2022-11-12,674092.4
2022-11-13,653052.0
2022-11-14,632936.0
2022-11-15,615246.7
2022-11-16,624997.6
2022-11-17,638330.8
2022-11-18,608217.5
2022-11-19,579128.3
2022-11-20,551273.6
2022-11-21,524950.2
2022-11-22,500605.9
2022-11-23,957371.8
2022-11-24,924606.7
2022-11-25,892084.0
2022-11-26,859850.9
2022-11-27,827963.8
2022-11-28,796521.0
2022-11-29,765669.4
2022-11-30,604393.1
2022-12-01,468948.7
2022-12-02,531978.5
2022-12-03,602363.8
2022-12-04,678801.7
2022-12-05,759407.0
2022-12-06,842562.3
2022-12-07,833604.6
2022-12-08,825071.7
2022-12-09,782637.8
2022-12-10,740847.7
2022-12-11,699849.1
2022-12-12,660078.7
2022-12-13,622654.6
2022-12-14,711460.4
2022-12-15,808625.2
2022-12-16,728702.2
2022-12-17,651338.0
2022-12-18,579910.8
2022-12-19,518307.7
2022-12-20,470209.4
2022-12-21,697048.8
2022-12-22,982101.9
2022-12-23,885686.2
2022-12-24,791405.9
2022-12-25,699570.2
2022-12-26,611706.2
2022-12-27,530434.2
2022-12-28,458691.0
2022-12-29,518419.3
2022-12-30,585224.1
2022-12-31,657164.7
2023-01-01,732307.1
2023-01-02,809511.6
2023-01-03,888117.4
2023-01-04,967855.9
2023-01-05,910079.8
2023-01-06,852884.3
2023-01-07,796584.8
2023-01-08,741652.6
2023-01-09,688904.8
2023-01-10,640092.6
2023-01-11,765571.5
2023-01-12,907840.5
2023-01-13,850312.9
2023-01-14,793461.8
2023-01-15,737559.7
2023-01-16,683135.7
2023-01-17,630695.3
2023-01-18,581088.2
2023-01-19,653878.4
2023-01-20,731220.2
2023-01-21,811597.4
2023-01-22,894318.9
2023-01-23,978847.3
2023-01-24,1065453.0
2023-01-25,834801.3
2023-01-26,625410.1
2023-01-27,597144.8
2023-01-28,570149.2
2023-01-29,545028.6
2023-01-30,521737.4
2023-01-31,500213.8
2023-02-01,561700.7
2023-02-02,627806.4
2023-02-03,697568.6
2023-02-04,770295.7
2023-02-05,845502.5
2023-02-06,922491.2
2023-02-07,1000711.1
2023-02-08,990071.9
2023-02-09,979537.1
2023-02-10,969067.1
2023-02-11,958643.2
2023-02-12,948264.9
2023-02-13,937941.4
2023-02-14,831344.3
2023-02-15,858420.9
2023-02-16,765430.2
2023-02-17,681559.0
2023-02-18,704952.9
2023-02-19,730056.4
2023-02-20,756596.9
2023-02-21,784362.2
2023-02-22,951213.2
2023-02-23,949676.4
2023-02-24,948339.8
2023-02-25,947283.1
2023-02-26,946707.5
2023-02-27,946863.8
2023-02-28,947618.2
2023-03-01,877617.8
2023-03-02,812851.0
2023-03-03,850442.7
2023-03-04,889879.1
2023-03-05,930599.4
2023-03-06,972299.3
2023-03-07,1015049.4
2023-03-08,971743.5
2023-03-09,929272.0
2023-03-10,887672.2
2023-03-11,846857.1
2023-03-12,807106.2
2023-03-13,768838.0
2023-03-14,824348.8
2023-03-15,886646.7
2023-03-16,953313.1
2023-03-17,1240969.3
2023-03-18,1225466.0
2023-03-19,1211237.8
2023-03-20,1199717.1
2023-03-21,1191343.7
2023-03-22,1158481.6
2023-03-23,1135898.2
2023-03-24,939536.3
2023-03-25,876864.7
2023-03-26,816531.1
2023-03-27,761201.8
2023-03-28,738017.6
2023-03-29,719065.0
2023-03-30,750108.0
2023-03-31,782580.3
2023-04-01,816442.2
2023-04-02,852499.6
2023-04-03,889742.9
2023-04-04,839327.1
2023-04-05,796716.6
2023-04-06,754352.8
2023-04-07,812080.0
2023-04-08,875552.9
2023-04-09,942405.4
2023-04-10,1011380.8
2023-04-11,801968.8
2023-04-12,743998.1
2023-04-13,672449.2
2023-04-14,695725.2
2023-04-15,721148.6
2023-04-16,748214.6
2023-04-17,776225.4
2023-04-18,805190.1
2023-04-19,811599.0
2023-04-20,821068.1
2023-04-21,897980.7
2023-04-22,883851.9
2023-04-23,872736.7
2023-04-24,864099.0
2023-04-25,857438.7
2023-04-26,887242.8
2023-04-27,927668.2
2023-04-28,914893.3
2023-04-29,902595.3
2023-04-30,890754.4
2023-05-01,879292.5
2023-05-02,1030106.3
2023-05-03,999760.6
2023-05-04,976284.5
2023-05-05,942904.8
2023-05-06,910420.1
2023-05-07,878771.0
2023-05-08,848097.6
2023-05-09,914065.5
2023-05-10,1023150.3
2023-05-11,1033100.9
2023-05-12,970683.6
2023-05-13,1053080.7
2023-05-14,1139846.2
2023-05-15,1227535.5
2023-05-16,1315243.4
2023-05-17,847189.9
2023-05-18,1168183.7
2023-05-19,1144748.4
2023-05-20,1121392.2
2023-05-21,1098175.0
2023-05-22,1075210.0
2023-05-23,1052717.6
2023-05-24,835643.8
2023-05-25,864378.4
2023-05-26,908169.6
2023-05-27,952949.2
2023-05-28,998208.7
2023-05-29,1043674.2
2023-05-30,1089278.2
2023-05-31,1134954.7
2023-06-01,1180694.8
2023-06-02,1226496.0
2023-06-03,1238842.8
2023-06-04,1251442.7
2023-06-05,1264164.6
2023-06-06,1277008.9
2023-06-07,1119601.8
2023-06-08,965635.4
2023-06-09,972785.5
2023-06-10,1025765.0
2023-06-11,1082302.7
2023-06-12,1140523.3
2023-06-13,1431129.1
2023-06-14,1207445.3
2023-06-15,1132529.8
2023-06-16,984607.3
2023-06-17,1017543.3
2023-06-18,1053811.1
2023-06-19,1093883.1
2023-06-20,1138934.2
2023-06-21,1070655.9
2023-06-22,1005564.4
2023-06-23,937546.9
2023-06-24,1076777.5
2023-06-25,1220328.2
2023-06-26,1366165.3
2023-06-27,1266383.6
2023-06-28,1044223.7
2023-06-29,907463.8
2023-06-30,872214.4
2023-07-01,867410.6
2023-07-02,863920.9
2023-07-03,861917.1
2023-07-04,883946.3
2023-07-05,919254.7
2023-07-06,693376.3
2023-07-07,556578.4
2023-07-08,625798.1
2023-07-09,704626.7
2023-07-10,792630.9
2023-07-11,836345.4
2023-07-12,774252.4
2023-07-13,740265.7
2023-07-14,730872.5
2023-07-15,723474.2
2023-07-16,718319.1
2023-07-17,715588.3
2023-07-18,715432.3
2023-07-19,773750.5
2023-07-20,840700.6
2023-07-21,809996.4
2023-07-22,781477.8
2023-07-23,755076.9
2023-07-24,730609.2
2023-07-25,708558.4
2023-07-26,671857.1
2023-07-27,640729.4
2023-07-28,651983.2
2023-07-29,664424.2
2023-07-30,678087.8
2023-07-31,692626.3
2023-08-01,707851.5
2023-08-02,644436.2
2023-08-03,589786.7
2023-08-04,625341.1
2023-08-05,663038.9
2023-08-06,702534.4
2023-08-07,743765.7
2023-08-08,786270.9
2023-08-09,698540.1
2023-08-10,622019.3
2023-08-11,657195.7
2023-08-12,696159.9
2023-08-13,737829.3
2023-08-14,781918.2
2023-08-15,828371.7
2023-08-16,731946.5
2023-08-17,647397.2
2023-08-18,659137.3
2023-08-19,671565.0
2023-08-20,684740.4
2023-08-21,698928.1
2023-08-22,714433.4
2023-08-23,731165.5
2023-08-24,731903.4
2023-08-25,765547.5
2023-08-26,801216.5
2023-08-27,838846.8
2023-08-28,878136.5
2023-08-29,918886.6
2023-08-30,777677.0
2023-08-31,660748.6
2023-09-01,672510.1
2023-09-02,685450.7
2023-09-03,699512.3
2023-09-04,715019.8
2023-09-05,732279.5
2023-09-06,724937.4
2023-09-07,721379.7
2023-09-08,740356.9
2023-09-09,760475.0
2023-09-10,781695.3
2023-09-11,803907.9
2023-09-12,827189.3
2023-09-13,817132.4
2023-09-14,813293.3
2023-09-15,840896.3
2023-09-16,870778.7
2023-09-17,902572.0
2023-09-18,936504.5
2023-09-19,972599.7
2023-09-20,947571.1
2023-09-21,923953.5
2023-09-22,875222.8
2023-09-23,829428.4
2023-09-24,787016.3
2023-09-25,748206.7
2023-09-26,713185.7
2023-09-27,668722.8
2023-09-28,628095.6
2023-09-29,637930.3
2023-09-30,648656.8
2023-10-01,660399.4
2023-10-02,673186.8
2023-10-03,687064.4
2023-10-04,688216.3
2023-10-05,689627.2
2023-10-06,691304.0
2023-10-07,693294.3
2023-10-08,695645.3
2023-10-09,698344.7
2023-10-10,701417.3
2023-10-11,704895.9
2023-10-12,707229.8
2023-10-13,710411.9
2023-10-14,714521.1
2023-10-15,719623.9
2023-10-16,725939.9
2023-10-17,733333.9
2023-10-18,729845.5
2023-10-19,735783.2
2023-10-20,716960.6
2023-10-21,699317.9
2023-10-22,682799.6
2023-10-23,667462.2
2023-10-24,653440.8
2023-10-25,583647.7
2023-10-26,524254.1
2023-10-27,568728.6
2023-10-28,618622.3
2023-10-29,674425.1
2023-10-30,737544.0
2023-10-31,807596.7
2023-11-01,843396.1
2023-11-02,883493.2
2023-11-03,837412.8
2023-11-04,793625.2
2023-11-05,752285.7
2023-11-06,713682.4
2023-11-07,678226.8
2023-11-08,671366.8
2023-11-09,664800.9
2023-11-10,658491.8
2023-11-11,652389.2
2023-11-12,646483.1
2023-11-13,640762.8
2023-11-14,635207.9
2023-11-15,693770.6
2023-11-16,757602.3
2023-11-17,767097.5
2023-11-18,777540.9
2023-11-19,788712.9
2023-11-20,800603.9
2023-11-21,813239.5
2023-11-22,829717.0
2023-11-23,846678.8
2023-11-24,864163.4
2023-11-25,882055.7
2023-11-26,900269.9
2023-11-27,918773.2
2023-11-28,937567.2
2023-11-29,851398.1
2023-11-30,772632.6
2023-12-01,771125.0
2023-12-02,770075.0
2023-12-03,769470.7
2023-12-04,769262.5
2023-12-05,769540.3
2023-12-06,829268.4
2023-12-07,895073.5
2023-12-08,914186.1
2023-12-09,933858.2
2023-12-10,953944.0
2023-12-11,974381.0
2023-12-12,995167.5
2023-12-13,910213.9
2023-12-14,829054.8
2023-12-15,817259.4
2023-12-16,806249.8
2023-12-17,796093.4
2023-12-18,786976.3
2023-12-19,778733.9
2023-12-20,788717.7
2023-12-21,801462.7
2023-12-22,790581.6
2023-12-23,780091.3
2023-12-24,770012.6
2023-12-25,760280.5
2023-12-26,750869.3
2023-12-27,741752.8
2023-12-28,759334.3
2023-12-29,777586.3
2023-12-30,796589.4
2023-12-31,816291.7
2024-01-01,836819.7
2024-01-02,858452.1
2024-01-03,881053.8
2024-01-04,904467.9
2024-01-05,914190.1
2024-01-06,924533.1
2024-01-07,935468.8
2024-01-08,947005.7
2024-01-09,959093.4
2024-01-10,924195.2
2024-01-11,893775.7
2024-01-12,887055.7
2024-01-13,880587.3
2024-01-14,874403.1
2024-01-15,868539.0
2024-01-16,863123.0
2024-01-17,858188.5
2024-01-18,940422.6
2024-01-19,975953.5
2024-01-20,1012386.9
2024-01-21,1049681.1
2024-01-22,1087637.8
2024-01-23,1126205.2
2024-01-24,1110768.2
2024-01-25,1096153.8
2024-01-26,1082627.9
2024-01-27,1070286.7
2024-01-28,1059822.6
2024-01-29,1051973.0
2024-01-30,1046430.4
2024-01-31,877535.1
2024-02-01,845087.7
2024-02-02,794149.5
2024-02-03,748065.9
2024-02-04,706980.1
2024-02-05,674214.6
2024-02-06,651786.9
2024-02-07,694125.3
2024-02-08,740936.1
2024-02-09,763648.1
2024-02-10,787006.3
2024-02-11,811078.2
2024-02-12,835834.8
2024-02-13,861200.9
2024-02-14,887081.1
2024-02-15,913374.0
2024-02-16,911994.2
2024-02-17,911404.0
2024-02-18,911615.4
2024-02-19,912486.9
2024-02-20,913936.5
2024-02-21,915931.9
2024-02-22,966036.1
2024-02-23,966582.5
2024-02-24,969828.4
2024-02-25,975596.0
2024-02-26,984020.4
2024-02-27,994430.5
2024-02-28,1093911.5
2024-02-29,1205388.0
2024-03-01,1017159.1
2024-03-02,971088.5
2024-03-03,933374.8
2024-03-04,903690.2
2024-03-05,880484.6
2024-03-06,1009673.4
2024-03-07,1160350.7
2024-03-08,1144106.2
2024-03-09,1128509.9
2024-03-10,1113661.6
2024-03-11,1099836.4
2024-03-12,1087613.6
2024-03-13,1293110.2
2024-03-14,1161835.9
2024-03-15,711340.5
2024-03-16,755570.5
2024-03-17,822410.0
2024-03-18,904364.7
2024-03-19,664425.0
2024-03-20,810909.4
2024-03-21,816360.3
2024-03-22,1066025.1
2024-03-23,1040035.1
2024-03-24,1015714.5
2024-03-25,992790.0
2024-03-26,892407.6
2024-03-27,688856.0
2024-03-28,693978.3
2024-03-29,871490.5
2024-03-30,864876.6
2024-03-31,863320.1
2024-04-01,863975.3
2024-04-02,554018.2
2024-04-03,650997.3
2024-04-04,784337.6
2024-04-05,759685.9
2024-04-06,736374.7
2024-04-07,715468.8
2024-04-08,700142.0
2024-04-09,691156.1
2024-04-10,712740.5
2024-04-11,759404.5
2024-04-12,734172.5
2024-04-13,710262.6
2024-04-14,687551.7
2024-04-15,666071.4
2024-04-16,646162.7
2024-04-17,629998.7
2024-04-18,1091656.2
2024-04-19,902572.7
2024-04-20,860297.9
2024-04-21,824749.5
2024-04-22,796898.5
2024-04-23,1049664.6
2024-04-24,939127.9
2024-04-25,855985.8
2024-04-26,762395.9
2024-04-27,675573.3
2024-04-28,601932.4
2024-04-29,544301.6
2024-04-30,593931.7
2024-05-01,619790.7
2024-05-02,663783.9
2024-05-03,661088.9
2024-05-04,660614.2
2024-05-05,663077.4
2024-05-06,668388.5
2024-05-07,733511.5
2024-05-08,672761.9
2024-05-09,684197.6
2024-05-10,780201.8
2024-05-11,745798.7
2024-05-12,714404.8
2024-05-13,686207.9
2024-05-14,662474.4
2024-05-15,474113.9
2024-05-16,578461.3
2024-05-17,581687.1
2024-05-18,587312.0
2024-05-19,595147.6
2024-05-20,605339.9
2024-05-21,623101.9
2024-05-22,648260.2
2024-05-23,679503.5
2024-05-24,667484.1
2024-05-25,657429.3
2024-05-26,650487.6
2024-05-27,646371.3
2024-05-28,644571.9
2024-05-29,644891.1
2024-05-30,707791.9
2024-05-31,686677.2
2024-06-01,669713.6
2024-06-02,659340.3
2024-06-03,658921.3
2024-06-04,668608.1
2024-06-05,712712.3
2024-06-06,802299.4
2024-06-07,720509.4
2024-06-08,645070.9
2024-06-09,581613.0
2024-06-10,535238.2
2024-06-11,505537.6
2024-06-12,538670.4
2024-06-13,684224.0
2024-06-14,821292.6
2024-06-15,855987.5
2024-06-16,901821.6
2024-06-17,958240.1
2024-06-18,822767.7
2024-06-19,698568.4
2024-06-20,593818.8
2024-06-21,792457.9
2024-06-22,841040.0
2024-06-23,898691.9
2024-06-24,959036.2
2024-06-25,1020952.6
2024-06-26,600434.5
2024-06-27,952631.0
2024-06-28,935483.4
2024-06-29,920428.2
2024-06-30,908173.7
2024-07-01,900543.7
2024-07-02,994927.9
2024-07-03,974844.6
2024-07-04,955825.1
2024-07-05,937859.2
2024-07-06,920725.8
2024-07-07,904218.4
2024-07-08,888380.9
2024-07-09,873533.0
2024-07-10,859986.4
2024-07-11,840302.7
2024-07-12,820692.9
2024-07-13,801161.9
2024-07-14,781720.6
2024-07-15,762371.8
2024-07-16,743122.9
2024-07-17,724000.2
2024-07-18,705006.9
2024-07-19,686173.8
2024-07-20,667535.1
2024-07-21,649148.0
2024-07-22,631075.6
2024-07-23,613439.3
2024-07-24,596370.4
2024-07-25,580074.8
2024-07-26,564625.4
2024-07-27,550117.8
2024-07-28,536612.7
2024-07-29,524140.4
2024-07-30,512669.0
2024-07-31,502187.6
2024-08-01,492732.7
2024-08-02,500379.9
2024-08-03,510641.0
2024-08-04,523081.4
2024-08-05,537586.2
2024-08-06,553871.3
2024-08-07,505282.6
2024-08-08,473293.3
2024-08-09,494111.5
2024-08-10,517093.8
2024-08-11,542866.7
2024-08-12,571422.6
2024-08-13,602091.6
2024-08-14,634438.6
2024-08-15,668283.4
2024-08-16,627953.0
2024-08-17,589542.0
2024-08-18,554066.2
2024-08-19,523175.0
2024-08-20,498063.7
2024-08-21,507340.2
2024-08-22,533201.9
2024-08-23,564705.3
2024-08-24,600128.8
2024-08-25,638620.9
2024-08-26,679307.5
2024-08-27,721255.6
2024-08-28,712747.7
2024-08-29,714289.0
2024-08-30,688871.6
2024-08-31,664475.8
2024-09-01,641429.0
2024-09-02,620066.8
2024-09-03,600597.0
2024-09-04,578039.3
2024-09-05,568574.6
2024-09-06,601032.1
2024-09-07,637867.6
2024-09-08,677953.9
2024-09-09,720617.3
2024-09-10,701476.3
2024-09-11,693249.2
2024-09-12,699427.6
2024-09-13,662411.8
2024-09-14,631865.9
2024-09-15,610196.3
2024-09-16,599376.0
2024-09-17,558839.0
2024-09-18,524393.2
2024-09-19,496991.2
2024-09-20,506879.8
2024-09-21,519667.4
2024-09-22,535787.2
2024-09-23,554861.0
2024-09-24,576385.5
2024-09-25,667709.7
2024-09-26,772445.7
2024-09-27,755394.6
2024-09-28,738951.1
2024-09-29,723262.1
2024-09-30,708612.5
2024-10-01,695528.6
2024-10-02,649057.0
2024-10-03,611701.5
2024-10-04,626831.3
2024-10-05,644615.6
2024-10-06,664568.8
2024-10-07,685988.5
2024-10-08,708979.2
2024-10-09,677128.8
2024-10-10,646017.6
2024-10-11,616187.3
2024-10-12,588376.3
2024-10-13,562816.5
2024-10-14,539484.6
2024-10-15,518440.5
2024-10-16,574796.2
2024-10-17,648511.0
2024-10-18,666178.9
2024-10-19,685552.1
2024-10-20,706638.5
2024-10-21,729780.4
2024-10-22,754209.5
2024-10-23,683829.8
2024-10-24,621571.0
2024-10-25,611645.9
2024-10-26,603239.7
2024-10-27,596550.3
2024-10-28,591545.6
2024-10-29,588231.5
2024-10-30,618567.3
2024-10-31,660416.7
2024-11-01,675329.7
2024-11-02,691086.5
2024-11-03,707619.4
2024-11-04,725115.5
2024-11-05,743396.6
2024-11-06,676883.2
2024-11-07,620163.8
2024-11-08,631768.8
2024-11-09,644882.7
2024-11-10,659144.6
2024-11-11,674156.5
2024-11-12,689780.8
2024-11-13,705915.5
2024-11-14,722373.9
2024-11-15,704589.0
2024-11-16,689891.7
2024-11-17,678635.6
2024-11-18,670421.6
2024-11-19,700774.3
2024-11-20,737467.4
2024-11-21,779436.2
2024-11-22,751460.8
2024-11-23,723855.7
2024-11-24,696727.7
2024-11-25,670459.8
2024-11-26,646147.7
2024-11-27,665392.7
2024-11-28,685672.9
2024-11-29,706908.8
2024-11-30,728974.9
2024-12-01,751685.6
2024-12-02,774944.8
2024-12-03,798685.0
2024-12-04,763977.9
2024-12-05,734630.5
2024-12-06,720004.0
2024-12-07,706134.4
2024-12-08,692961.3
2024-12-09,680707.6
2024-12-10,669683.9
2024-12-11,655247.0
2024-12-12,641956.9
2024-12-13,629639.6
2024-12-14,618147.8
2024-12-15,607700.9
2024-12-16,598365.5
2024-12-17,590318.3
2024-12-18,633634.4
2024-12-19,688015.8
2024-12-20,710196.6
2024-12-21,734489.9
2024-12-22,759984.1
2024-12-23,785881.3
2024-12-24,749566.2
2024-12-25,714443.4
2024-12-26,681321.5
2024-12-27,650821.9
2024-12-28,674683.5
2024-12-29,700783.4
2024-12-30,729263.9
2024-12-31,759232.0
2025-01-01,750979.0
2025-01-02,746777.2
2025-01-03,753136.5
2025-01-04,760075.2
2025-01-05,767593.9
2025-01-06,775594.8
2025-01-07,784053.0
2025-01-08,767688.6
2025-01-09,751793.2
2025-01-10,736535.9
2025-01-11,721986.2
2025-01-12,708293.1
2025-01-13,695808.6
2025-01-14,684521.8
2025-01-15,742544.0
2025-01-16,809226.0
2025-01-17,818206.7
2025-01-18,827396.9
2025-01-19,836743.4
2025-01-20,846248.6
2025-01-21,855918.9
2025-01-22,865770.9
2025-01-23,875845.0
2025-01-24,886158.9
2025-01-25,808848.5
2025-01-26,733313.2
2025-01-27,660935.1
2025-01-28,593786.3
2025-01-29,612913.0
2025-01-30,643951.7
2025-01-31,662310.6
2025-02-01,684167.0
2025-02-02,708946.7
2025-02-03,736307.1
2025-02-04,765905.1
2025-02-05,845791.5
2025-02-06,929100.7
2025-02-07,1013442.9
2025-02-08,1097989.8
2025-02-09,1182609.9
2025-02-10,1267297.6
2025-02-11,1352051.0
2025-02-12,1106659.3
2025-02-13,862789.9
2025-02-14,864499.7
2025-02-15,867139.4
2025-02-16,870482.4
2025-02-17,874561.0
2025-02-18,879503.8
2025-02-19,885600.4
2025-02-20,871984.1
2025-02-21,859055.9
2025-02-22,846896.0
2025-02-23,835783.0
2025-02-24,825868.4
2025-02-25,817276.3
2025-02-26,811785.4
2025-02-27,806707.1
2025-02-28,801995.0
2025-03-01,797670.6
2025-03-02,793743.8
2025-03-03,790212.1
2025-03-04,787081.4
2025-03-05,784392.7
2025-03-06,794656.6
2025-03-07,806744.7
2025-03-08,820507.8
2025-03-09,835528.1
2025-03-10,851670.6
2025-03-11,868974.9
2025-03-12,887599.8
2025-03-13,839716.9
2025-03-14,902774.2
2025-03-15,972876.5
2025-03-16,1048265.2
2025-03-17,1126973.9
2025-03-18,1206987.0
2025-03-19,1161218.4
2025-03-20,1117770.1
2025-03-21,1076875.0
2025-03-22,1056021.7
2025-03-23,1036187.2
2025-03-24,1018636.3
2025-03-25,1004385.9
2025-03-26,1062430.7
2025-03-27,1123083.4
2025-03-28,1185620.9
2025-03-29,1249486.1
2025-03-30,1314414.7
2025-03-31,1379760.9
2025-04-01,1445296.7
2025-04-02,1203390.0
2025-04-03,1408729.3
2025-04-04,1160891.1
2025-04-05,1160891.1
2025-04-06,1160891.1
2025-04-07,1160891.1
2025-04-08,1160891.1
2025-04-09,1160891.1
2025-04-10,1160891.1
