2012-01-01,0.0
2012-01-02,0.0
2012-01-03,2627241.1
2012-01-04,2660454.1
2012-01-05,2801208.7
2012-01-06,2687797.3
2012-01-07,2693236.9
2012-01-08,2698678.0
2012-01-09,2704123.6
2012-01-10,2709570.5
2012-01-11,2715020.7
2012-01-12,2720473.2
2012-01-13,2725927.1
2012-01-14,2731383.5
2012-01-15,2736843.4
2012-01-16,2742305.6
2012-01-17,2747768.7
2012-01-18,2679378.8
2012-01-19,2729746.9
2012-01-20,2721984.7
2012-01-21,2714232.7
2012-01-22,2706489.5
2012-01-23,2698756.1
2012-01-24,2691029.5
2012-01-25,2712636.5
2012-01-26,2647558.4
2012-01-27,2582568.0
2012-01-28,2562510.8
2012-01-29,2573770.4
2012-01-30,2592571.4
2012-01-31,2517739.1
2012-02-01,2555074.4
2012-02-02,2592455.1
2012-02-03,2629858.6
2012-02-04,2542754.1
2012-02-05,2455649.8
2012-02-06,2580479.3
2012-02-07,2541393.1
2012-02-08,2502329.2
2012-02-09,2511295.3
2012-02-10,2357931.4
2012-02-11,2237999.8
2012-02-12,2295448.7
2012-02-13,2513528.1
2012-02-14,2453036.3
2012-02-15,2392544.9
2012-02-16,2446000.2
2012-02-17,2499456.7
2012-02-18,2483908.6
2012-02-19,2470582.3
2012-02-20,2457256.0
2012-02-21,2443929.7
2012-02-22,2430603.4
2012-02-23,2417277.2
2012-02-24,2403950.9
2012-02-25,2390624.7
2012-02-26,2460029.4
2012-02-27,2451843.7
2012-02-28,2443659.0
2012-02-29,2435476.4
2012-03-01,2427294.8
2012-03-02,2419114.3
2012-03-03,2410935.0
2012-03-04,2387235.1
2012-03-05,2324101.4
2012-03-06,2258909.7
2012-03-07,2286684.7
2012-03-08,2516811.5
2012-03-09,2389055.7
2012-03-10,2261301.9
2012-03-11,2286113.2
2012-03-12,2310926.4
2012-03-13,2315402.3
2012-03-14,2319951.1
2012-03-15,2280873.7
2012-03-16,2288251.8
2012-03-17,2295633.1
2012-03-18,2303017.8
2012-03-19,2310403.9
2012-03-20,2317792.5
2012-03-21,2333701.9
2012-03-22,2349622.8
2012-03-23,2365555.9
2012-03-24,2381502.7
2012-03-25,2397463.1
2012-03-26,2358928.2
2012-03-27,2320435.9
2012-03-28,2302958.1
2012-03-29,2285482.2
2012-03-30,2285524.7
2012-03-31,2285567.5
2012-04-01,2285610.9
2012-04-02,2285654.6
2012-04-03,2285698.8
2012-04-04,2253220.3
2012-04-05,2220828.8
2012-04-06,2205382.5
2012-04-07,2223430.6
2012-04-08,2241486.3
2012-04-09,2259549.0
2012-04-10,2344417.2
2012-04-11,2429310.7
2012-04-12,2415450.2
2012-04-13,2401595.2
2012-04-14,2387745.8
2012-04-15,2373899.5
2012-04-16,2360056.1
2012-04-17,2346218.6
2012-04-18,2332383.9
2012-04-19,2452817.6
2012-04-20,2414599.7
2012-04-21,2376401.5
2012-04-22,2338233.0
2012-04-23,2300101.6
2012-04-24,2262011.6
2012-04-25,2261950.7
2012-04-26,2261890.0
2012-04-27,2261829.5
2012-04-28,2261769.1
2012-04-29,2261708.7
2012-04-30,2261648.6
2012-05-01,2261588.7
2012-05-02,2271562.1
2012-05-03,2281599.7
2012-05-04,2291694.4
2012-05-05,2293617.3
2012-05-06,2295571.5
2012-05-07,2297564.6
2012-05-08,2224900.4
2012-05-09,2218354.2
2012-05-10,2064275.4
2012-05-11,2139652.1
2012-05-12,2147817.2
2012-05-13,2155996.4
2012-05-14,2164186.9
2012-05-15,2135650.1
2012-05-16,2102226.5
2012-05-17,2068811.5
2012-05-18,2041911.5
2012-05-19,2015025.3
2012-05-20,1988149.8
2012-05-21,1961280.7
2012-05-22,1932723.4
2012-05-23,1901130.7
2012-05-24,1904129.1
2012-05-25,1907132.6
2012-05-26,1910137.6
2012-05-27,1913143.2
2012-05-28,1916150.3
2012-05-29,1919157.8
2012-05-30,1922166.3
2012-05-31,1925175.6
2012-06-01,1928186.2
2012-06-02,1931198.6
2012-06-03,1934211.7
2012-06-04,1937225.7
2012-06-05,1940240.8
2012-06-06,1986607.1
2012-06-07,2033022.1
2012-06-08,2031184.6
2012-06-09,2029355.3
2012-06-10,2027533.2
2012-06-11,2025720.8
2012-06-12,2023916.4
2012-06-13,2022121.0
2012-06-14,2109053.1
2012-06-15,2107318.7
2012-06-16,2105585.0
2012-06-17,2103852.3
2012-06-18,2102120.9
2012-06-19,2100391.0
2012-06-20,2064185.7
2012-06-21,2027984.7
2012-06-22,1991789.5
2012-06-23,1955601.0
2012-06-24,1919419.4
2012-06-25,1883245.5
2012-06-26,1847081.1
2012-06-27,1869281.9
2012-06-28,1891489.9
2012-06-29,1889416.1
2012-06-30,1887345.7
2012-07-01,1885279.2
2012-07-02,1883220.4
2012-07-03,1848442.9
2012-07-04,1813677.5
2012-07-05,1779032.7
2012-07-06,1778984.5
2012-07-07,1778936.3
2012-07-08,1778888.1
2012-07-09,1778839.9
2012-07-10,1778791.8
2012-07-11,1784564.1
2012-07-12,1790375.6
2012-07-13,1796217.0
2012-07-14,1802072.6
2012-07-15,1807936.0
2012-07-16,1813809.5
2012-07-17,1882463.2
2012-07-18,1951214.3
2012-07-19,2020022.8
2012-07-20,1972493.3
2012-07-21,1924986.3
2012-07-22,1877505.5
2012-07-23,1830054.1
2012-07-24,1782633.7
2012-07-25,2001301.5
2012-07-26,1958190.2
2012-07-27,1956414.8
2012-07-28,1954639.5
2012-07-29,1952864.4
2012-07-30,1951089.3
2012-07-31,1949314.3
2012-08-01,1848754.5
2012-08-02,1748371.1
2012-08-03,1753016.9
2012-08-04,1757663.0
2012-08-05,1762309.6
2012-08-06,1766956.7
2012-08-07,1771605.0
2012-08-08,1776253.9
2012-08-09,1785401.1
2012-08-10,1794548.9
2012-08-11,1803697.4
2012-08-12,1812846.8
2012-08-13,1821997.0
2012-08-14,1831147.8
2012-08-15,1804146.6
2012-08-16,1777211.6
2012-08-17,1786423.0
2012-08-18,1795641.7
2012-08-19,1804868.3
2012-08-20,1814102.6
2012-08-21,1823346.1
2012-08-22,1790064.1
2012-08-23,1794346.6
2012-08-24,1798630.0
2012-08-25,1802914.1
2012-08-26,1807198.6
2012-08-27,1811483.5
2012-08-28,1815769.1
2012-08-29,1820056.1
2012-08-30,1824344.0
2012-08-31,1828632.3
2012-09-01,1832921.3
2012-09-02,1837211.0
2012-09-03,1841501.1
2012-09-04,1845792.3
2012-09-05,1850084.2
2012-09-06,1854377.0
2012-09-07,1858670.5
2012-09-08,1862964.3
2012-09-09,1867259.1
2012-09-10,1871554.6
2012-09-11,1875850.9
2012-09-12,1882403.9
2012-09-13,1889006.4
2012-09-14,1887087.6
2012-09-15,1885170.9
2012-09-16,1883256.5
2012-09-17,1881345.3
2012-09-18,1879436.2
2012-09-19,1877528.7
2012-09-20,1869211.1
2012-09-21,1860908.0
2012-09-22,1860736.1
2012-09-23,1860586.8
2012-09-24,1860463.7
2012-09-25,1860372.9
2012-09-26,1841603.4
2012-09-27,1822915.2
2012-09-28,1822860.1
2012-09-29,1822805.1
2012-09-30,1822750.0
2012-10-01,1822695.0
2012-10-02,1822639.9
2012-10-03,1826836.5
2012-10-04,1831033.1
2012-10-05,1835229.9
2012-10-06,1839426.9
2012-10-07,1843623.9
2012-10-08,1847821.0
2012-10-09,1852018.2
2012-10-10,1856215.5
2012-10-11,1860413.0
2012-10-12,1864610.5
2012-10-13,1868808.1
2012-10-14,1873005.6
2012-10-15,1877203.2
2012-10-16,1881401.0
2012-10-17,1885598.8
2012-10-18,1889796.7
2012-10-19,1893994.7
2012-10-20,1898192.6
2012-10-21,1902390.6
2012-10-22,1906588.7
2012-10-23,1910786.8
2012-10-24,1901248.8
2012-10-25,1891711.0
2012-10-26,1882173.4
2012-10-27,1872636.4
2012-10-28,1863100.3
2012-10-29,1853566.8
2012-10-30,1844035.1
2012-10-31,1834507.9
2012-11-01,1842780.0
2012-11-02,1851055.8
2012-11-03,1859333.9
2012-11-04,1867614.8
2012-11-05,1875898.9
2012-11-06,1884184.8
2012-11-07,1886131.0
2012-11-08,1888087.1
2012-11-09,1893422.0
2012-11-10,1898763.8
2012-11-11,1904114.0
2012-11-12,1909473.3
2012-11-13,1914843.0
2012-11-14,1920221.4
2012-11-15,1908813.1
2012-11-16,1897412.4
2012-11-17,1886020.8
2012-11-18,1874637.8
2012-11-19,1863263.0
2012-11-20,1851894.6
2012-11-21,1853546.3
2012-11-22,1855204.3
2012-11-23,1856870.6
2012-11-24,1858544.5
2012-11-25,1860229.8
2012-11-26,1861927.0
2012-11-27,1863638.5
2012-11-28,1865364.6
2012-11-29,1867098.4
2012-11-30,1867098.4
2012-12-01,1867098.4
2012-12-02,1867098.4
2012-12-03,1867098.4
2012-12-04,1867098.4
2012-12-05,1850444.0
2012-12-06,1833795.0
2012-12-07,1827435.4
2012-12-08,1821088.4
2012-12-09,1814753.8
2012-12-10,1808432.4
2012-12-11,1802123.2
2012-12-12,1824354.3
2012-12-13,1846604.0
2012-12-14,1856010.5
2012-12-15,1865433.7
2012-12-16,1874869.8
2012-12-17,1884316.7
2012-12-18,1893772.7
2012-12-19,1890820.7
2012-12-20,1887871.6
2012-12-21,1884925.7
2012-12-22,1881983.3
2012-12-23,1879044.6
2012-12-24,1876109.9
2012-12-25,1873178.5
2012-12-26,1870250.8
2012-12-27,1867326.3
2012-12-28,1882731.9
2012-12-29,1898151.1
2012-12-30,1913584.5
2012-12-31,1929032.5
2013-01-01,1944493.5
2013-01-02,1959969.2
2013-01-03,1959996.6
2013-01-04,1960024.0
2013-01-05,1960051.4
2013-01-06,1960078.8
2013-01-07,1960106.2
2013-01-08,1960133.6
2013-01-09,1970259.1
2013-01-10,1980396.5
2013-01-11,1990546.8
2013-01-12,2000708.8
2013-01-13,2010878.3
2013-01-14,2021051.4
2013-01-15,2031226.6
2013-01-16,2041403.0
2013-01-17,2033061.9
2013-01-18,2024720.9
2013-01-19,2016380.2
2013-01-20,2008039.6
2013-01-21,1999699.6
2013-01-22,1991359.9
2013-01-23,1983020.9
2013-01-24,1974683.0
2013-01-25,1974476.0
2013-01-26,1974269.2
2013-01-27,1974062.6
2013-01-28,1973856.1
2013-01-29,1973650.1
2013-01-30,1973444.2
2013-01-31,1973238.4
2013-02-01,1973033.1
2013-02-02,1972827.9
2013-02-03,1972623.0
2013-02-04,1972418.6
2013-02-05,1972214.9
2013-02-06,1972011.8
2013-02-07,1980097.4
2013-02-08,1988183.6
2013-02-09,1996270.4
2013-02-10,2004357.9
2013-02-11,2012446.0
2013-02-12,2020534.6
2013-02-13,2028624.0
2013-02-14,2025707.2
2013-02-15,2022791.3
2013-02-16,2019876.2
2013-02-17,2016961.9
2013-02-18,2014048.3
2013-02-19,2011135.4
2013-02-20,2008223.1
2013-02-21,2005311.8
2013-02-22,2002401.2
2013-02-23,1999491.3
2013-02-24,1996581.5
2013-02-25,1993671.8
2013-02-26,1990762.1
2013-02-27,1987852.4
2013-02-28,1985756.6
2013-03-01,1983660.8
2013-03-02,1981565.0
2013-03-03,1979469.3
2013-03-04,1977373.5
2013-03-05,1975277.7
2013-03-06,1973181.9
2013-03-07,1971086.1
2013-03-08,1968990.3
2013-03-09,1966894.5
2013-03-10,1964798.7
2013-03-11,1962702.9
2013-03-12,1960607.2
2013-03-13,1989487.8
2013-03-14,2018370.5
2013-03-15,2029011.1
2013-03-16,2039653.6
2013-03-17,2050296.2
2013-03-18,2060938.8
2013-03-19,2071581.4
2013-03-20,2082224.0
2013-03-21,2092866.6
2013-03-22,2085732.9
2013-03-23,2078599.1
2013-03-24,2071465.3
2013-03-25,2064331.5
2013-03-26,2057198.3
2013-03-27,2050067.3
2013-03-28,2042942.0
2013-03-29,2015655.7
2013-03-30,1988373.0
2013-03-31,1961095.1
2013-04-01,1933822.5
2013-04-02,1906556.0
2013-04-03,1909768.5
2013-04-04,1913010.0
2013-04-05,1916274.6
2013-04-06,1919557.2
2013-04-07,1922855.0
2013-04-08,1926164.1
2013-04-09,1929483.7
2013-04-10,1932812.2
2013-04-11,1936147.7
2013-04-12,1939489.1
2013-04-13,1942836.8
2013-04-14,1946189.2
2013-04-15,1949547.1
2013-04-16,1952908.7
2013-04-17,1956273.3
2013-04-18,1959641.9
2013-04-19,1952193.1
2013-04-20,1944766.6
2013-04-21,1937371.8
2013-04-22,1930020.7
2013-04-23,1922734.7
2013-04-24,1915548.5
2013-04-25,1914858.5
2013-04-26,1914211.0
2013-04-27,1913618.7
2013-04-28,1913076.9
2013-04-29,1912541.5
2013-04-30,1793773.1
2013-05-01,1826176.0
2013-05-02,1858593.9
2013-05-03,1891026.0
2013-05-04,1923469.9
2013-05-05,1955926.5
2013-05-06,1988400.4
2013-05-07,2020898.7
2013-05-08,1920653.8
2013-05-09,1969511.3
2013-05-10,1996028.4
2013-05-11,2022555.1
2013-05-12,2049090.8
2013-05-13,2075636.9
2013-05-14,2102194.0
2013-05-15,1840156.1
2013-05-16,1908127.6
2013-05-17,1962142.5
2013-05-18,2016206.4
2013-05-19,2070297.6
2013-05-20,2124402.5
2013-05-21,2178517.5
2013-05-22,2194283.4
2013-05-23,2210064.4
2013-05-24,2225860.3
2013-05-25,2241670.6
2013-05-26,2257493.2
2013-05-27,2273329.0
2013-05-28,2289177.2
2013-05-29,2305037.0
2013-05-30,2320907.4
2013-05-31,2336788.8
2013-06-01,2352679.6
2013-06-02,2368578.7
2013-06-03,2384485.8
2013-06-04,2384457.8
2013-06-05,2395143.1
2013-06-06,2405829.8
2013-06-07,2416518.4
2013-06-08,2427208.6
2013-06-09,2437900.1
2013-06-10,2448593.3
2013-06-11,2459287.2
2013-06-12,2426978.5
2013-06-13,2377971.7
2013-06-14,2108492.7
2013-06-15,2164892.3
2013-06-16,2221301.9
2013-06-17,2277722.6
2013-06-18,2334155.2
2013-06-19,2288097.6
2013-06-20,2242054.0
2013-06-21,2196026.5
2013-06-22,2150015.2
2013-06-23,2194639.0
2013-06-24,2239407.0
2013-06-25,2284353.4
2013-06-26,2108648.1
2013-06-27,2021631.7
2013-06-28,1993973.9
2013-06-29,1966362.4
2013-06-30,1938793.5
2013-07-01,1911266.6
2013-07-02,2017929.5
2013-07-03,2124611.3
2013-07-04,2111551.9
2013-07-05,2098500.0
2013-07-06,2095180.2
2013-07-07,2091864.7
2013-07-08,2088554.7
2013-07-09,2085250.4
2013-07-10,2096337.4
2013-07-11,2107432.5
2013-07-12,2118536.2
2013-07-13,2129652.0
2013-07-14,2127602.0
2013-07-15,2125586.1
2013-07-16,2123604.4
2013-07-17,2078718.9
2013-07-18,2124834.0
2013-07-19,2036804.1
2013-07-20,1948390.8
2013-07-21,1859978.8
2013-07-22,1852520.3
2013-07-23,1845063.1
2013-07-24,1837607.5
2013-07-25,1830153.0
2013-07-26,1822699.7
2013-07-27,1815247.9
2013-07-28,1807797.2
2013-07-29,1800347.3
2013-07-30,1792898.9
2013-07-31,1748814.4
2013-08-01,1652990.4
2013-08-02,1692582.1
2013-08-03,1633224.9
2013-08-04,1573874.0
2013-08-05,1514539.9
2013-08-06,1579081.5
2013-08-07,1599498.6
2013-08-08,1619987.3
2013-08-09,1640532.4
2013-08-10,1652112.0
2013-08-11,1663696.9
2013-08-12,1675287.6
2013-08-13,1686883.7
2013-08-14,1698486.3
2013-08-15,1710095.6
2013-08-16,1686126.6
2013-08-17,1662164.1
2013-08-18,1638207.9
2013-08-19,1614257.9
2013-08-20,1590315.0
2013-08-21,1675767.0
2013-08-22,1653708.9
2013-08-23,1631159.9
2013-08-24,1608662.2
2013-08-25,1586187.7
2013-08-26,1563739.1
2013-08-27,1541319.1
2013-08-28,1325755.6
2013-08-29,1574143.2
2013-08-30,1655107.1
2013-08-31,1641962.6
2013-09-01,1628853.5
2013-09-02,1615782.7
2013-09-03,1602749.4
2013-09-04,1589756.1
2013-09-05,1594452.9
2013-09-06,1585563.9
2013-09-07,1576679.7
2013-09-08,1567800.4
2013-09-09,1558926.1
2013-09-10,1550057.5
2013-09-11,1570437.3
2013-09-12,1590844.7
2013-09-13,1555092.9
2013-09-14,1519385.1
2013-09-15,1483719.7
2013-09-16,1448095.1
2013-09-17,1412511.8
2013-09-18,1466228.2
2013-09-19,1519961.3
2013-09-20,1519661.0
2013-09-21,1519378.7
2013-09-22,1519115.2
2013-09-23,1518870.1
2013-09-24,1518641.5
2013-09-25,1518421.1
2013-09-26,1518212.3
2013-09-27,1511427.0
2013-09-28,1504655.9
2013-09-29,1497895.3
2013-09-30,1491143.3
2013-10-01,1484399.9
2013-10-02,1506981.1
2013-10-03,1529608.3
2013-10-04,1552292.9
2013-10-05,1575048.1
2013-10-06,1597873.2
2013-10-07,1620711.2
2013-10-08,1572969.0
2013-10-09,1565728.2
2013-10-10,1559173.0
2013-10-11,1579929.2
2013-10-12,1600741.0
2013-10-13,1621603.5
2013-10-14,1642536.6
2013-10-15,1663626.4
2013-10-16,1660357.3
2013-10-17,1657167.5
2013-10-18,1654025.8
2013-10-19,1650890.0
2013-10-20,1647759.6
2013-10-21,1644635.4
2013-10-22,1641516.6
2013-10-23,1638403.7
2013-10-24,1635296.3
2013-10-25,1614871.8
2013-10-26,1594479.8
2013-10-27,1574127.3
2013-10-28,1553816.6
2013-10-29,1533548.6
2013-10-30,1533536.0
2013-10-31,1533523.4
2013-11-01,1533511.0
2013-11-02,1533498.7
2013-11-03,1533486.4
2013-11-04,1533474.2
2013-11-05,1533462.1
2013-11-06,1541979.7
2013-11-07,1550550.3
2013-11-08,1559239.4
2013-11-09,1567977.3
2013-11-10,1576779.7
2013-11-11,1585655.4
2013-11-12,1594556.8
2013-11-13,1603458.3
2013-11-14,1612359.7
2013-11-15,1609302.4
2013-11-16,1606246.1
2013-11-17,1603296.2
2013-11-18,1600510.4
2013-11-19,1597830.9
2013-11-20,1568628.0
2013-11-21,1539482.9
2013-11-22,1539472.1
2013-11-23,1539461.6
2013-11-24,1539451.2
2013-11-25,1539441.1
2013-11-26,1539430.9
2013-11-27,1539420.8
2013-11-28,1539410.6
2013-11-29,1539400.5
2013-11-30,1539390.5
2013-12-01,1539380.6
2013-12-02,1539370.9
2013-12-03,1539361.2
2013-12-04,1534552.7
2013-12-05,1529745.8
2013-12-06,1524940.9
2013-12-07,1520138.7
2013-12-08,1515338.8
2013-12-09,1510542.3
2013-12-10,1505749.4
2013-12-11,1500960.9
2013-12-12,1480436.9
2013-12-13,1527898.5
2013-12-14,1575428.4
2013-12-15,1623021.6
2013-12-16,1670670.3
2013-12-17,1718365.5
2013-12-18,1658511.2
2013-12-19,1598770.2
2013-12-20,1632258.6
2013-12-21,1665757.4
2013-12-22,1699266.2
2013-12-23,1732785.7
2013-12-24,1766314.8
2013-12-25,1741346.8
2013-12-26,1716379.1
2013-12-27,1691411.6
2013-12-28,1666444.6
2013-12-29,1641477.8
2013-12-30,1616511.3
2013-12-31,1622788.6
2014-01-01,1629066.7
2014-01-02,1635345.7
2014-01-03,1641625.7
2014-01-04,1647906.6
2014-01-05,1654188.5
2014-01-06,1660471.0
2014-01-07,1666753.9
2014-01-08,1767002.1
2014-01-09,1685386.5
2014-01-10,1699843.2
2014-01-11,1714335.4
2014-01-12,1728848.1
2014-01-13,1743374.8
2014-01-14,1757913.6
2014-01-15,1761334.5
2014-01-16,1755840.6
2014-01-17,1750348.7
2014-01-18,1744860.4
2014-01-19,1739375.7
2014-01-20,1733893.5
2014-01-21,1728415.5
2014-01-22,1722941.1
2014-01-23,1688530.0
2014-01-24,1710370.7
2014-01-25,1732229.2
2014-01-26,1754098.2
2014-01-27,1775974.3
2014-01-28,1797855.6
2014-01-29,1866081.4
2014-01-30,1934345.5
2014-01-31,1954407.1
2014-02-01,1896989.1
2014-02-02,1839584.6
2014-02-03,1782193.3
2014-02-04,1724816.7
2014-02-05,1667454.1
2014-02-06,1683375.1
2014-02-07,1881413.2
2014-02-08,1867940.3
2014-02-09,1854473.9
2014-02-10,1841018.7
2014-02-11,1827590.3
2014-02-12,1814200.8
2014-02-13,1799407.8
2014-02-14,1784616.2
2014-02-15,1769825.6
2014-02-16,1755036.2
2014-02-17,1740248.2
2014-02-18,1725460.9
2014-02-19,1710674.9
2014-02-20,1695890.4
2014-02-21,1681106.6
2014-02-22,1666324.0
2014-02-23,1651542.5
2014-02-24,1636761.7
2014-02-25,1621981.9
2014-02-26,1607202.9
2014-02-27,1714053.8
2014-02-28,1744589.2
2014-03-01,1775151.4
2014-03-02,1805732.0
2014-03-03,1836326.0
2014-03-04,1866931.3
2014-03-05,1897543.3
2014-03-06,1660109.8
2014-03-07,1575915.5
2014-03-08,1602194.8
2014-03-09,1628496.9
2014-03-10,1654816.8
2014-03-11,1681151.1
2014-03-12,1707497.0
2014-03-13,1662043.5
2014-03-14,1934095.5
2014-03-15,1894049.6
2014-03-16,1854006.1
2014-03-17,1813968.5
2014-03-18,1773939.3
2014-03-19,1727832.6
2014-03-20,1871005.5
2014-03-21,1840456.0
2014-03-22,1809914.3
2014-03-23,1779382.4
2014-03-24,1748861.3
2014-03-25,1718352.3
2014-03-26,1687856.5
2014-03-27,1685213.1
2014-03-28,1682571.6
2014-03-29,1679932.1
2014-03-30,1677295.1
2014-03-31,1674660.8
2014-04-01,1672029.4
2014-04-02,1674762.7
2014-04-03,1677531.1
2014-04-04,1679332.4
2014-04-05,1681135.2
2014-04-06,1682939.3
2014-04-07,1684744.3
2014-04-08,1686550.4
2014-04-09,1688357.7
2014-04-10,1690166.5
2014-04-11,1691976.6
2014-04-12,1693787.9
2014-04-13,1695600.3
2014-04-14,1697413.9
2014-04-15,1699228.4
2014-04-16,1648573.0
2014-04-17,1629145.2
2014-04-18,1640835.4
2014-04-19,1652564.6
2014-04-20,1664327.8
2014-04-21,1676123.0
2014-04-22,1687946.1
2014-04-23,1699793.3
2014-04-24,1869990.9
2014-04-25,1904928.0
2014-04-26,1939868.3
2014-04-27,1974810.7
2014-04-28,2009755.4
2014-04-29,2044703.3
2014-04-30,2079653.7
2014-05-01,1942817.0
2014-05-02,1918567.4
2014-05-03,1894327.1
2014-05-04,1870102.1
2014-05-05,1845902.2
2014-05-06,1821745.7
2014-05-07,1997248.1
2014-05-08,2027798.6
2014-05-09,1827739.1
2014-05-10,1821664.3
2014-05-11,1815615.3
2014-05-12,1809598.9
2014-05-13,1803619.9
2014-05-14,1805361.4
2014-05-15,1807154.1
2014-05-16,1808998.3
2014-05-17,1810890.2
2014-05-18,1812828.2
2014-05-19,1814806.2
2014-05-20,1816828.6
2014-05-21,1841442.4
2014-05-22,1795384.5
2014-05-23,1785582.4
2014-05-24,1775783.6
2014-05-25,1765987.9
2014-05-26,1756195.1
2014-05-27,1746405.2
2014-05-28,1736619.0
2014-05-29,1726835.6
2014-05-30,1717055.3
2014-05-31,1707277.5
2014-06-01,1697502.3
2014-06-02,1687729.9
2014-06-03,1765773.8
2014-06-04,1681759.6
2014-06-05,1675853.4
2014-06-06,1658784.0
2014-06-07,1641716.7
2014-06-08,1624651.4
2014-06-09,1607587.8
2014-06-10,1590526.7
2014-06-11,1573468.1
2014-06-12,1556412.1
2014-06-13,1548118.0
2014-06-14,1539825.7
2014-06-15,1531534.4
2014-06-16,1523244.3
2014-06-17,1514956.6
2014-06-18,1506672.7
2014-06-19,1689065.4
2014-06-20,1651362.0
2014-06-21,1629342.7
2014-06-22,1607359.9
2014-06-23,1585420.4
2014-06-24,1563529.2
2014-06-25,1541749.7
2014-06-26,1508351.8
2014-06-27,1534136.0
2014-06-28,1531815.6
2014-06-29,1529501.9
2014-06-30,1527194.8
2014-07-01,1420448.5
2014-07-02,1479036.9
2014-07-03,1297177.1
2014-07-04,1313543.9
2014-07-05,1329920.8
2014-07-06,1346307.5
2014-07-07,1362703.7
2014-07-08,1379109.4
2014-07-09,1397762.0
2014-07-10,1416423.9
2014-07-11,1418118.6
2014-07-12,1419852.5
2014-07-13,1421639.2
2014-07-14,1423519.1
2014-07-15,1455331.8
2014-07-16,1487276.0
2014-07-17,1519304.6
2014-07-18,1502050.5
2014-07-19,1484810.8
2014-07-20,1467587.3
2014-07-21,1450380.7
2014-07-22,1433192.4
2014-07-23,1432621.3
2014-07-24,1432079.8
2014-07-25,1431568.6
2014-07-26,1431084.4
2014-07-27,1430626.2
2014-07-28,1430191.8
2014-07-29,1429780.6
2014-07-30,1429388.4
2014-07-31,1429011.5
2014-08-01,1428646.4
2014-08-02,1471208.8
2014-08-03,1513816.6
2014-08-04,1556484.8
2014-08-05,1599215.8
2014-08-06,1585711.5
2014-08-07,1572284.1
2014-08-08,1572826.6
2014-08-09,1573370.6
2014-08-10,1573916.5
2014-08-11,1574463.5
2014-08-12,1575012.2
2014-08-13,1575562.5
2014-08-14,1576114.9
2014-08-15,1544434.3
2014-08-16,1512760.5
2014-08-17,1481093.3
2014-08-18,1449433.3
2014-08-19,1417780.4
2014-08-20,1407860.0
2014-08-21,1405194.5
2014-08-22,1402537.8
2014-08-23,1399888.7
2014-08-24,1397249.7
2014-08-25,1394617.6
2014-08-26,1391996.9
2014-08-27,1433192.7
2014-08-28,1474544.4
2014-08-29,1479408.5
2014-08-30,1484278.6
2014-08-31,1489154.1
2014-09-01,1494033.7
2014-09-02,1498917.7
2014-09-03,1503804.9
2014-09-04,1502117.7
2014-09-05,1500432.3
2014-09-06,1498748.4
2014-09-07,1497066.0
2014-09-08,1495385.3
2014-09-09,1493706.4
2014-09-10,1492028.8
2014-09-11,1490352.3
2014-09-12,1488677.5
2014-09-13,1487006.0
2014-09-14,1485339.3
2014-09-15,1483678.1
2014-09-16,1482021.5
2014-09-17,1471968.8
2014-09-18,1461932.2
2014-09-19,1451914.5
2014-09-20,1441927.1
2014-09-21,1431980.1
2014-09-22,1422069.7
2014-09-23,1412190.2
2014-09-24,1402335.4
2014-09-25,1392501.9
2014-09-26,1419420.9
2014-09-27,1446438.4
2014-09-28,1473582.5
2014-09-29,1500849.3
2014-09-30,1528196.4
2014-10-01,1522397.4
2014-10-02,1516610.3
2014-10-03,1510836.1
2014-10-04,1505076.0
2014-10-05,1499331.7
2014-10-06,1493605.7
2014-10-07,1487897.6
2014-10-08,1482208.6
2014-10-09,1476536.8
2014-10-10,1492558.7
2014-10-11,1508630.2
2014-10-12,1524743.8
2014-10-13,1540895.9
2014-10-14,1557084.7
2014-10-15,1573308.4
2014-10-16,1572779.5
2014-10-17,1572269.0
2014-10-18,1571775.8
2014-10-19,1571298.0
2014-10-20,1570834.7
2014-10-21,1570384.6
2014-10-22,1558231.1
2014-10-23,1546081.3
2014-10-24,1533935.3
2014-10-25,1521793.3
2014-10-26,1509655.0
2014-10-27,1497520.5
2014-10-28,1485389.7
2014-10-29,1473262.9
2014-10-30,1461140.0
2014-10-31,1453747.5
2014-11-01,1446355.7
2014-11-02,1438964.8
2014-11-03,1431574.8
2014-11-04,1424185.5
2014-11-05,1425117.4
2014-11-06,1426049.7
2014-11-07,1426982.7
2014-11-08,1427916.2
2014-11-09,1428850.3
2014-11-10,1429785.1
2014-11-11,1430721.1
2014-11-12,1431658.3
2014-11-13,1432596.8
2014-11-14,1433537.1
2014-11-15,1434479.1
2014-11-16,1435422.4
2014-11-17,1436367.3
2014-11-18,1437313.9
2014-11-19,1438262.3
2014-11-20,1439212.8
2014-11-21,1462912.9
2014-11-22,1486630.7
2014-11-23,1510365.3
2014-11-24,1534114.7
2014-11-25,1557874.1
2014-11-26,1581641.4
2014-11-27,1578842.1
2014-11-28,1576078.9
2014-11-29,1573351.0
2014-11-30,1570657.0
2014-12-01,1567995.0
2014-12-02,1558090.7
2014-12-03,1548188.3
2014-12-04,1538287.6
2014-12-05,1528389.2
2014-12-06,1518492.7
2014-12-07,1508598.7
2014-12-08,1498706.2
2014-12-09,1488815.7
2014-12-10,1479783.3
2014-12-11,1470789.4
2014-12-12,1456638.5
2014-12-13,1442501.0
2014-12-14,1428375.1
2014-12-15,1414262.2
2014-12-16,1400180.9
2014-12-17,1331364.4
2014-12-18,1262990.0
2014-12-19,1278931.6
2014-12-20,1294895.4
2014-12-21,1310879.2
2014-12-22,1326882.0
2014-12-23,1342900.2
2014-12-24,1358934.4
2014-12-25,1374982.9
2014-12-26,1391043.8
2014-12-27,1407116.8
2014-12-28,1423199.9
2014-12-29,1439292.9
2014-12-30,1455394.5
2014-12-31,1471505.0
2015-01-01,1479195.3
2015-01-02,1486888.5
2015-01-03,1494584.0
2015-01-04,1502281.9
2015-01-05,1509981.9
2015-01-06,1517683.3
2015-01-07,1525386.4
2015-01-08,1533091.1
2015-01-09,1540797.4
2015-01-10,1548505.1
2015-01-11,1556214.3
2015-01-12,1563925.1
2015-01-13,1571637.2
2015-01-14,1579350.9
2015-01-15,1587065.9
2015-01-16,1594782.5
2015-01-17,1602500.4
2015-01-18,1610219.9
2015-01-19,1617940.7
2015-01-20,1625662.8
2015-01-21,1633386.5
2015-01-22,1641111.5
2015-01-23,1648837.6
2015-01-24,1656565.0
2015-01-25,1664293.3
2015-01-26,1672023.6
2015-01-27,1679755.0
2015-01-28,1687487.0
2015-01-29,1695220.5
2015-01-30,1684495.3
2015-01-31,1673773.4
2015-02-01,1663056.4
2015-02-02,1652341.8
2015-02-03,1641632.3
2015-02-04,1630926.8
2015-02-05,1620224.4
2015-02-06,1609526.6
2015-02-07,1598833.3
2015-02-08,1588144.2
2015-02-09,1577458.8
2015-02-10,1566778.1
2015-02-11,1565827.1
2015-02-12,1564876.8
2015-02-13,1563927.9
2015-02-14,1562980.3
2015-02-15,1562033.7
2015-02-16,1561089.8
2015-02-17,1560148.6
2015-02-18,1559210.1
2015-02-19,1558275.9
2015-02-20,1560873.2
2015-02-21,1563484.6
2015-02-22,1566103.8
2015-02-23,1568729.3
2015-02-24,1571366.4
2015-02-25,1553552.0
2015-02-26,1535759.1
2015-02-27,1539912.8
2015-02-28,1544068.0
2015-03-01,1548225.3
2015-03-02,1552384.7
2015-03-03,1556545.3
2015-03-04,1560707.0
2015-03-05,1564869.3
2015-03-06,1569032.1
2015-03-07,1573195.7
2015-03-08,1577359.8
2015-03-09,1581524.5
2015-03-10,1585689.8
2015-03-11,1589855.8
2015-03-12,1594022.5
2015-03-13,1598190.7
2015-03-14,1602361.3
2015-03-15,1606534.1
2015-03-16,1610709.2
2015-03-17,1614887.3
2015-03-18,1619067.9
2015-03-19,1623252.4
2015-03-20,1627439.3
2015-03-21,1631630.0
2015-03-22,1635823.3
2015-03-23,1640021.3
2015-03-24,1644223.1
2015-03-25,1574196.2
2015-03-26,1596926.4
2015-03-27,1619679.8
2015-03-28,1642455.9
2015-03-29,1665254.7
2015-03-30,1688077.3
2015-03-31,1710974.7
2015-04-01,1734029.7
2015-04-02,1757229.4
2015-04-03,1789454.0
2015-04-04,1822037.3
2015-04-05,1854769.4
2015-04-06,1887517.3
2015-04-07,1920272.1
2015-04-08,1953033.7
2015-04-09,1967901.1
2015-04-10,1982856.5
2015-04-11,1997883.2
2015-04-12,2012967.7
2015-04-13,2028103.8
2015-04-14,2043294.7
2015-04-15,2065483.3
2015-04-16,2087708.0
2015-04-17,2109944.8
2015-04-18,2112251.1
2015-04-19,2114562.5
2015-04-20,2116885.2
2015-04-21,2119223.2
2015-04-22,2175720.6
2015-04-23,2184150.0
2015-04-24,2192584.5
2015-04-25,2201021.2
2015-04-26,2209460.5
2015-04-27,2217902.0
2015-04-28,2226349.3
2015-04-29,2234810.8
2015-04-30,2265796.5
2015-05-01,2296808.2
2015-05-02,2327830.4
2015-05-03,2281955.2
2015-05-04,2236135.5
2015-05-05,2190330.8
2015-05-06,2144580.4
2015-05-07,2225463.9
2015-05-08,2306470.9
2015-05-09,2272399.8
2015-05-10,2238343.6
2015-05-11,2204300.1
2015-05-12,2146264.5
2015-05-13,2383375.1
2015-05-14,2256127.2
2015-05-15,2226816.2
2015-05-16,2197510.6
2015-05-17,2168206.4
2015-05-18,2211862.7
2015-05-19,2255519.1
2015-05-20,2267230.2
2015-05-21,2278941.4
2015-05-22,2140980.2
2015-05-23,2132151.5
2015-05-24,2123325.4
2015-05-25,2114502.0
2015-05-26,2105679.0
2015-05-27,2096856.1
2015-05-28,2252960.6
2015-05-29,2065159.0
2015-05-30,2101001.2
2015-05-31,2136843.5
2015-06-01,2172686.1
2015-06-02,2208529.0
2015-06-03,2159769.1
2015-06-04,2111010.2
2015-06-05,2165081.6
2015-06-06,2219159.0
2015-06-07,2273238.0
2015-06-08,2327317.0
2015-06-09,2381396.1
2015-06-10,2306549.2
2015-06-11,2298093.8
2015-06-12,2289638.4
2015-06-13,2281184.1
2015-06-14,2272731.7
2015-06-15,2264282.0
2015-06-16,2255836.1
2015-06-17,2247393.9
2015-06-18,2251539.8
2015-06-19,2255686.5
2015-06-20,2259834.4
2015-06-21,2263983.0
2015-06-22,2268132.2
2015-06-23,2272281.9
2015-06-24,2197469.5
2015-06-25,2145878.3
2015-06-26,2094289.2
2015-06-27,2042702.1
2015-06-28,1991117.1
2015-06-29,1939533.8
2015-06-30,1887952.0
2015-07-01,1824242.1
2015-07-02,1760532.8
2015-07-03,1783034.4
2015-07-04,1805536.5
2015-07-05,1828038.6
2015-07-06,1850540.8
2015-07-07,1873043.0
2015-07-08,1895545.2
2015-07-09,1918047.6
2015-07-10,1943904.6
2015-07-11,1969761.7
2015-07-12,1995618.8
2015-07-13,2021475.8
2015-07-14,2047333.0
2015-07-15,2033717.5
2015-07-16,2020104.1
2015-07-17,2006493.1
2015-07-18,1992884.8
2015-07-19,1979280.7
2015-07-20,1965679.6
2015-07-21,1952081.6
2015-07-22,1938487.3
2015-07-23,1924897.0
2015-07-24,1911309.9
2015-07-25,1923415.1
2015-07-26,1935523.6
2015-07-27,1947637.4
2015-07-28,1959754.4
2015-07-29,2105318.9
2015-07-30,2112488.3
2015-07-31,2119660.4
2015-08-01,2126834.0
2015-08-02,2134008.6
2015-08-03,2141184.7
2015-08-04,2148362.7
2015-08-05,2165074.2
2015-08-06,2181787.0
2015-08-07,2198500.9
2015-08-08,2215215.1
2015-08-09,2231929.3
2015-08-10,2209414.4
2015-08-11,2186933.4
2015-08-12,2164507.5
2015-08-13,2180392.3
2015-08-14,2196294.0
2015-08-15,2212206.4
2015-08-16,2190157.7
2015-08-17,2168109.6
2015-08-18,2146063.9
2015-08-19,2124021.8
2015-08-20,2101986.6
2015-08-21,2079969.3
2015-08-22,2072875.0
2015-08-23,2065783.0
2015-08-24,2058691.6
2015-08-25,2051600.9
2015-08-26,2044511.5
2015-08-27,2070786.3
2015-08-28,2097062.8
2015-08-29,2123340.6
2015-08-30,2149619.1
2015-08-31,2175898.7
2015-09-01,2203938.7
2015-09-02,2086077.6
2015-09-03,2070918.5
2015-09-04,2055769.1
2015-09-05,2040630.5
2015-09-06,2025501.5
2015-09-07,2010380.3
2015-09-08,1995267.0
2015-09-09,1980159.3
2015-09-10,2076609.4
2015-09-11,2077145.6
2015-09-12,2077694.0
2015-09-13,2078254.1
2015-09-14,2078825.1
2015-09-15,2079405.8
2015-09-16,2022009.8
2015-09-17,1964678.7
2015-09-18,1975793.3
2015-09-19,1986921.3
2015-09-20,1998060.2
2015-09-21,2009209.1
2015-09-22,2020366.9
2015-09-23,2032897.3
2015-09-24,2045430.0
2015-09-25,2057963.1
2015-09-26,2070496.8
2015-09-27,2083031.6
2015-09-28,2095566.8
2015-09-29,2108102.5
2015-09-30,2011691.0
2015-10-01,1915341.5
2015-10-02,1954771.8
2015-10-03,1994212.0
2015-10-04,2033661.8
2015-10-05,2073120.0
2015-10-06,2112585.5
2015-10-07,2105945.5
2015-10-08,2099305.6
2015-10-09,2092665.7
2015-10-10,2086025.8
2015-10-11,2079385.9
2015-10-12,2072746.0
2015-10-13,2066106.2
2015-10-14,2059466.4
2015-10-15,2057118.0
2015-10-16,2054771.0
2015-10-17,2052424.7
2015-10-18,2050079.9
2015-10-19,2047736.8
2015-10-20,2045395.2
2015-10-21,2043054.5
2015-10-22,2040714.7
2015-10-23,2038236.7
2015-10-24,2035759.3
2015-10-25,2033283.1
2015-10-26,2030807.4
2015-10-27,2028334.1
2015-10-28,2025862.5
2015-10-29,2021229.9
2015-10-30,2016598.4
2015-10-31,2011967.5
2015-11-01,2007338.5
2015-11-02,2002711.4
2015-11-03,1998085.5
2015-11-04,2005882.6
2015-11-05,2005012.2
2015-11-06,2004143.0
2015-11-07,2003275.2
2015-11-08,2002408.7
2015-11-09,2001543.8
2015-11-10,2000680.0
2015-11-11,2034924.1
2015-11-12,2069204.9
2015-11-13,2064734.1
2015-11-14,2060271.7
2015-11-15,2055817.9
2015-11-16,2051372.2
2015-11-17,2046934.8
2015-11-18,1997690.5
2015-11-19,1948454.1
2015-11-20,1948174.2
2015-11-21,1947899.2
2015-11-22,1947629.3
2015-11-23,1947365.4
2015-11-24,1947107.7
2015-11-25,1963001.1
2015-11-26,1978902.4
2015-11-27,1994809.7
2015-11-28,2010721.1
2015-11-29,2026636.4
2015-11-30,2042554.0
2015-12-01,2058473.8
2015-12-02,2091962.6
2015-12-03,2014867.1
2015-12-04,1971585.8
2015-12-05,1928306.1
2015-12-06,1885029.1
2015-12-07,1841754.0
2015-12-08,1798484.5
2015-12-09,2042602.0
2015-12-10,2075807.0
2015-12-11,2154058.6
2015-12-12,2232353.6
2015-12-13,2310650.9
2015-12-14,2388948.2
2015-12-15,2467245.6
2015-12-16,2455021.2
2015-12-17,2442797.0
2015-12-18,2430572.8
2015-12-19,2418348.8
2015-12-20,2406124.8
2015-12-21,2393900.9
2015-12-22,2381677.1
2015-12-23,2369453.4
2015-12-24,2357229.8
2015-12-25,2345006.5
2015-12-26,2332783.7
2015-12-27,2320561.5
2015-12-28,2308339.3
2015-12-29,2296117.5
2015-12-30,2283896.0
2015-12-31,2271674.5
2016-01-01,2259453.1
2016-01-02,2247231.7
2016-01-03,2235010.9
2016-01-04,2222790.1
2016-01-05,2237390.3
2016-01-06,2251990.7
2016-01-07,2266591.2
2016-01-08,2281192.5
2016-01-09,2295794.4
2016-01-10,2310396.2
2016-01-11,2324998.4
2016-01-12,2339600.8
2016-01-13,2518574.1
2016-01-14,2697547.5
2016-01-15,2720884.6
2016-01-16,2744221.9
2016-01-17,2767559.4
2016-01-18,2775228.0
2016-01-19,2782897.1
2016-01-20,2790566.8
2016-01-21,2884345.2
2016-01-22,2978124.0
2016-01-23,3071903.5
2016-01-24,3087926.8
2016-01-25,3103950.6
2016-01-26,3119975.1
2016-01-27,3136000.3
2016-01-28,3152026.2
2016-01-29,3246181.7
2016-01-30,3340338.1
2016-01-31,3367265.0
2016-02-01,3394193.0
2016-02-02,3421121.8
2016-02-03,3448051.3
2016-02-04,3474981.4
2016-02-05,3404449.3
2016-02-06,3442607.9
2016-02-07,3453432.1
2016-02-08,3464260.0
2016-02-09,3475091.4
2016-02-10,3485926.0
2016-02-11,3350345.4
2016-02-12,3492532.6
2016-02-13,3301640.3
2016-02-14,3287244.8
2016-02-15,3272850.1
2016-02-16,3163209.9
2016-02-17,3104080.0
2016-02-18,3121089.7
2016-02-19,3146448.2
2016-02-20,3231690.9
2016-02-21,3167148.9
2016-02-22,3102607.0
2016-02-23,3038065.1
2016-02-24,2973523.3
2016-02-25,2908981.6
2016-02-26,2903045.7
2016-02-27,2897109.9
2016-02-28,2891174.1
2016-02-29,2911021.3
2016-03-01,2813773.3
2016-03-02,2716526.5
2016-03-03,2682080.7
2016-03-04,2647635.7
2016-03-05,2613192.8
2016-03-06,2619260.3
2016-03-07,2625328.3
2016-03-08,2631396.7
2016-03-09,2637465.4
2016-03-10,2643534.5
2016-03-11,2649604.0
2016-03-12,2655673.6
2016-03-13,2661743.5
2016-03-14,2667813.7
2016-03-15,2673884.2
2016-03-16,2679955.6
2016-03-17,2686028.4
2016-03-18,2692102.6
2016-03-19,2698178.0
2016-03-20,2704255.1
2016-03-21,2809706.8
2016-03-22,2915170.2
2016-03-23,2867616.0
2016-03-24,2820063.6
2016-03-25,2772513.7
2016-03-26,2724966.6
2016-03-27,2677422.8
2016-03-28,2629886.6
2016-03-29,2582371.0
2016-03-30,2482266.0
2016-03-31,2565623.4
2016-04-01,2637714.7
2016-04-02,2709910.3
2016-04-03,2782143.0
2016-04-04,2854381.9
2016-04-05,2468277.0
2016-04-06,2586470.2
2016-04-07,2704757.8
2016-04-08,2523309.7
2016-04-09,2483674.6
2016-04-10,2444051.3
2016-04-11,2404445.9
2016-04-12,2386820.9
2016-04-13,2369203.7
2016-04-14,2351594.6
2016-04-15,2333992.6
2016-04-16,2316393.3
2016-04-17,2298795.5
2016-04-18,2308031.4
2016-04-19,2317269.3
2016-04-20,2348546.9
2016-04-21,2347972.5
2016-04-22,2351951.3
2016-04-23,2355930.4
2016-04-24,2359911.3
2016-04-25,2363905.7
2016-04-26,2367914.5
2016-04-27,2393829.0
2016-04-28,2419746.3
2016-04-29,2445667.4
2016-04-30,2471593.8
2016-05-01,2497526.8
2016-05-02,2523470.3
2016-05-03,2549425.5
2016-05-04,2113390.0
2016-05-05,2158399.4
2016-05-06,2193352.4
2016-05-07,2228305.8
2016-05-08,2263259.5
2016-05-09,2298213.5
2016-05-10,2333168.1
2016-05-11,2368123.0
2016-05-12,2403078.7
2016-05-13,2385299.8
2016-05-14,2367524.8
2016-05-15,2349757.3
2016-05-16,2331996.4
2016-05-17,2314245.3
2016-05-18,2219333.0
2016-05-19,2124542.1
2016-05-20,2120387.9
2016-05-21,2116242.9
2016-05-22,2112109.1
2016-05-23,2107986.8
2016-05-24,2103875.0
2016-05-25,2184842.2
2016-05-26,2265849.4
2016-05-27,2228679.1
2016-05-28,2191522.5
2016-05-29,2154392.4
2016-05-30,2117301.2
2016-05-31,2080254.0
2016-06-01,2612445.0
2016-06-02,2249486.5
2016-06-03,2265019.0
2016-06-04,2280565.8
2016-06-05,2296118.7
2016-06-06,2311675.6
2016-06-07,2327234.9
2016-06-08,2318382.9
2016-06-09,2309564.4
2016-06-10,2307023.9
2016-06-11,2304484.6
2016-06-12,2301946.3
2016-06-13,2299409.5
2016-06-14,2296874.7
2016-06-15,2304677.8
2016-06-16,2312483.4
2016-06-17,2320292.1
2016-06-18,2335020.0
2016-06-19,2349758.2
2016-06-20,2364505.6
2016-06-21,2379262.0
2016-06-22,2346800.3
2016-06-23,2171027.0
2016-06-24,2183109.8
2016-06-25,2195218.1
2016-06-26,2207359.9
2016-06-27,2219554.6
2016-06-28,2231799.9
2016-06-29,2208635.8
2016-06-30,2185509.3
2016-07-01,2192629.6
2016-07-02,2199756.6
2016-07-03,2206890.5
2016-07-04,2214030.6
2016-07-05,2221176.8
2016-07-06,2228709.1
2016-07-07,2236248.9
2016-07-08,2245465.1
2016-07-09,2254690.5
2016-07-10,2263927.9
2016-07-11,2273173.2
2016-07-12,2282424.2
2016-07-13,2283017.3
2016-07-14,2283615.3
2016-07-15,2233550.4
2016-07-16,2183490.1
2016-07-17,2133433.9
2016-07-18,2083379.8
2016-07-19,2033328.6
2016-07-20,2132381.9
2016-07-21,2231437.6
2016-07-22,2223130.9
2016-07-23,2214825.8
2016-07-24,2206521.5
2016-07-25,2198218.5
2016-07-26,2189916.6
2016-07-27,2181616.6
2016-07-28,2173317.7
2016-07-29,2217335.3
2016-07-30,2261497.6
2016-07-31,2305663.7
2016-08-01,2349829.9
2016-08-02,2393996.0
2016-08-03,2368232.1
2016-08-04,2342468.2
2016-08-05,2316704.3
2016-08-06,2290940.5
2016-08-07,2265176.6
2016-08-08,2239412.7
2016-08-09,2213648.8
2016-08-10,2196707.8
2016-08-11,2179766.9
2016-08-12,2162826.0
2016-08-13,2145885.0
2016-08-14,2128945.5
2016-08-15,2112023.3
2016-08-16,2095134.7
2016-08-17,2089716.7
2016-08-18,2084317.6
2016-08-19,2078930.4
2016-08-20,2073558.3
2016-08-21,2068205.9
2016-08-22,2062873.8
2016-08-23,2166162.8
2016-08-24,2269823.6
2016-08-25,2266333.2
2016-08-26,2262889.4
2016-08-27,2259493.4
2016-08-28,2256145.3
2016-08-29,2252843.4
2016-08-30,2249583.6
2016-08-31,2247539.4
2016-09-01,2245496.6
2016-09-02,2243456.1
2016-09-03,2241416.5
2016-09-04,2239378.3
2016-09-05,2237341.7
2016-09-06,2235306.7
2016-09-07,2233273.8
2016-09-08,2231241.8
2016-09-09,2229345.4
2016-09-10,2227463.8
2016-09-11,2225595.4
2016-09-12,2223738.2
2016-09-13,2221889.8
2016-09-14,2220048.0
2016-09-15,2380094.8
2016-09-16,2359164.2
2016-09-17,2338233.8
2016-09-18,2317303.7
2016-09-19,2296376.1
2016-09-20,2275452.6
2016-09-21,2254534.6
2016-09-22,2234242.1
2016-09-23,2213952.0
2016-09-24,2193664.4
2016-09-25,2173378.5
2016-09-26,2153093.4
2016-09-27,2132809.0
2016-09-28,2141970.9
2016-09-29,2151133.0
2016-09-30,2160295.1
2016-10-01,2169457.2
2016-10-02,2178619.2
2016-10-03,2187781.3
2016-10-04,2209486.5
2016-10-05,2231218.6
2016-10-06,2234096.9
2016-10-07,2236979.4
2016-10-08,2239865.8
2016-10-09,2242756.4
2016-10-10,2245650.0
2016-10-11,2248546.2
2016-10-12,2251446.2
2016-10-13,2248761.5
2016-10-14,2246077.3
2016-10-15,2243393.7
2016-10-16,2240710.6
2016-10-17,2238028.2
2016-10-18,2235346.8
2016-10-19,2232666.2
2016-10-20,2229986.7
2016-10-21,2226500.1
2016-10-22,2223017.1
2016-10-23,2219536.3
2016-10-24,2216058.2
2016-10-25,2212582.6
2016-10-26,2203400.4
2016-10-27,2194225.9
2016-10-28,2185056.6
2016-10-29,2175890.3
2016-10-30,2166725.3
2016-10-31,2157560.4
2016-11-01,2148395.5
2016-11-02,2198487.7
2016-11-03,2248885.6
2016-11-04,2237833.0
2016-11-05,2226784.1
2016-11-06,2215738.9
2016-11-07,2204698.6
2016-11-08,2193663.3
2016-11-09,2182632.1
2016-11-10,2171605.3
2016-11-11,2160584.8
2016-11-12,2149572.2
2016-11-13,2138565.4
2016-11-14,2127565.0
2016-11-15,2116573.2
2016-11-16,2123255.3
2016-11-17,2129957.4
2016-11-18,2136683.1
2016-11-19,2143430.7
2016-11-20,2150203.9
2016-11-21,2157001.2
2016-11-22,2163826.7
2016-11-23,2176548.7
2016-11-24,2189291.3
2016-11-25,2202059.1
2016-11-26,2214844.5
2016-11-27,2227631.3
2016-11-28,2240418.2
2016-11-29,2253205.2
2016-11-30,2265992.3
2016-12-01,2278779.5
2016-12-02,2285674.8
2016-12-03,2292571.5
2016-12-04,2299468.6
2016-12-05,2306365.9
2016-12-06,2313263.4
2016-12-07,2320443.7
2016-12-08,2327624.7
2016-12-09,2334806.7
2016-12-10,2341989.2
2016-12-11,2349171.9
2016-12-12,2356354.9
2016-12-13,2363538.8
2016-12-14,2370723.2
2016-12-15,2377908.5
2016-12-16,2384739.4
2016-12-17,2391573.2
2016-12-18,2398409.1
2016-12-19,2405247.1
2016-12-20,2412087.4
2016-12-21,2418930.6
2016-12-22,2499752.0
2016-12-23,2497431.1
2016-12-24,2495112.5
2016-12-25,2492794.8
2016-12-26,2490477.3
2016-12-27,2488160.1
2016-12-28,2485843.0
2016-12-29,2483526.5
2016-12-30,2481210.3
2016-12-31,2419791.4
2017-01-01,2358376.4
2017-01-02,2297005.0
2017-01-03,2235711.7
2017-01-04,2174521.8
2017-01-05,2227566.7
2017-01-06,2264004.9
2017-01-07,2300485.2
2017-01-08,2336994.2
2017-01-09,2373512.4
2017-01-10,2410030.8
2017-01-11,2400091.3
2017-01-12,2390165.7
2017-01-13,2380256.7
2017-01-14,2370361.3
2017-01-15,2360479.0
2017-01-16,2350606.5
2017-01-17,2340747.4
2017-01-18,2330899.3
2017-01-19,2321062.0
2017-01-20,2311234.6
2017-01-21,2301415.8
2017-01-22,2291603.1
2017-01-23,2281795.6
2017-01-24,2271993.0
2017-01-25,2124598.0
2017-01-26,1978994.0
2017-01-27,1502597.9
2017-01-28,1435340.7
2017-01-29,1368490.5
2017-01-30,1302121.3
2017-01-31,1236445.8
2017-02-01,1263751.6
2017-02-02,1456779.9
2017-02-03,1492796.1
2017-02-04,1528816.0
2017-02-05,1564841.1
2017-02-06,1600873.3
2017-02-07,1636913.2
2017-02-08,1544822.7
2017-02-09,1453027.9
2017-02-10,1362017.3
2017-02-11,1362464.4
2017-02-12,1363100.2
2017-02-13,1363843.0
2017-02-14,1364645.3
2017-02-15,1347691.2
2017-02-16,1330929.9
2017-02-17,1320092.1
2017-02-18,1309261.0
2017-02-19,1298436.6
2017-02-20,1287616.7
2017-02-21,1276802.0
2017-02-22,1265992.3
2017-02-23,1255187.8
2017-02-24,1258308.3
2017-02-25,1261434.0
2017-02-26,1264566.8
2017-02-27,1267715.4
2017-02-28,1270932.5
2017-03-01,1274222.8
2017-03-02,1277586.7
2017-03-03,1281259.9
2017-03-04,1285232.5
2017-03-05,1289342.7
2017-03-06,1293491.7
2017-03-07,1297851.0
2017-03-08,1302244.7
2017-03-09,1261702.0
2017-03-10,1221315.1
2017-03-11,1181144.4
2017-03-12,1141268.5
2017-03-13,1101751.4
2017-03-14,1062603.2
2017-03-15,1023814.4
2017-03-16,1068903.2
2017-03-17,1114461.5
2017-03-18,1160648.9
2017-03-19,1207307.1
2017-03-20,1254232.3
2017-03-21,1301373.1
2017-03-22,1298454.1
2017-03-23,1295558.9
2017-03-24,1292694.1
2017-03-25,1289856.0
2017-03-26,1287043.8
2017-03-27,1284261.6
2017-03-28,1281501.3
2017-03-29,1230875.6
2017-03-30,1204999.1
2017-03-31,1179259.5
2017-04-01,1153700.4
2017-04-02,1128437.9
2017-04-03,1103527.3
2017-04-04,1078941.6
2017-04-05,1107791.2
2017-04-06,1137183.5
2017-04-07,1167153.4
2017-04-08,1197550.0
2017-04-09,1228274.9
2017-04-10,1259270.9
2017-04-11,1290452.7
2017-04-12,1394956.8
2017-04-13,1352282.9
2017-04-14,1309932.1
2017-04-15,1243737.9
2017-04-16,1177970.9
2017-04-17,1112746.7
2017-04-18,1048140.1
2017-04-19,1165123.1
2017-04-20,1283245.4
2017-04-21,1259857.4
2017-04-22,1236573.9
2017-04-23,1213569.7
2017-04-24,1191781.7
2017-04-25,1171002.4
2017-04-26,1160694.4
2017-04-27,1150653.6
2017-04-28,1140953.5
2017-04-29,1131767.3
2017-04-30,1122947.9
2017-05-01,1114340.4
2017-05-02,1105837.3
2017-05-03,1318852.7
2017-05-04,1327079.0
2017-05-05,1335418.2
2017-05-06,1343806.0
2017-05-07,1352229.8
2017-05-08,1360681.6
2017-05-09,1369157.5
2017-05-10,1360451.7
2017-05-11,1214856.3
2017-05-12,1300732.1
2017-05-13,1249788.9
2017-05-14,1201453.6
2017-05-15,1157556.2
2017-05-16,1118061.2
2017-05-17,1175878.8
2017-05-18,1243782.3
2017-05-19,1325371.4
2017-05-20,1410995.8
2017-05-21,1498801.6
2017-05-22,1587441.4
2017-05-23,1215304.2
2017-05-24,860200.9
2017-05-25,982644.4
2017-05-26,1108610.8
2017-05-27,1237089.8
2017-05-28,1366912.6
2017-05-29,1497566.5
2017-05-30,1628497.8
2017-05-31,1759481.7
2017-06-01,1890560.5
2017-06-02,2084851.8
2017-06-03,1994333.2
2017-06-04,1977849.1
2017-06-05,1961409.4
2017-06-06,1945040.3
2017-06-07,1821696.9
2017-06-08,1835161.0
2017-06-09,1859627.5
2017-06-10,1798121.6
2017-06-11,1736660.8
2017-06-12,1675242.9
2017-06-13,1751427.5
2017-06-14,1688550.1
2017-06-15,1625764.0
2017-06-16,1624958.7
2017-06-17,1643284.3
2017-06-18,1661623.4
2017-06-19,1679976.0
2017-06-20,1698343.6
2017-06-21,1716725.1
2017-06-22,1735119.9
2017-06-23,1753531.0
2017-06-24,1771955.6
2017-06-25,1737944.7
2017-06-26,1704192.5
2017-06-27,1770722.8
2017-06-28,1569391.0
2017-06-29,1575277.4
2017-06-30,1581183.0
2017-07-01,1587105.6
2017-07-02,1593043.8
2017-07-03,1598998.6
2017-07-04,1604969.5
2017-07-05,1610959.1
2017-07-06,1616983.3
2017-07-07,1623052.8
2017-07-08,1545967.0
2017-07-09,1469018.6
2017-07-10,1392154.1
2017-07-11,1265517.0
2017-07-12,1226396.4
2017-07-13,1223172.0
2017-07-14,1432291.5
2017-07-15,1249196.1
2017-07-16,1066710.9
2017-07-17,885490.3
2017-07-18,1018450.3
2017-07-19,928785.9
2017-07-20,978206.1
2017-07-21,842549.9
2017-07-22,843254.2
2017-07-23,844077.3
2017-07-24,845126.4
2017-07-25,846480.9
2017-07-26,853964.7
2017-07-27,862320.2
2017-07-28,1022194.4
2017-07-29,1011768.0
2017-07-30,1001400.7
2017-07-31,991055.8
2017-08-01,980725.6
2017-08-02,800422.2
2017-08-03,794678.6
2017-08-04,789095.6
2017-08-05,783619.2
2017-08-06,778242.1
2017-08-07,772985.5
2017-08-08,767897.9
2017-08-09,870342.0
2017-08-10,818689.4
2017-08-11,849427.2
2017-08-12,880536.3
2017-08-13,912263.4
2017-08-14,945106.0
2017-08-15,783291.4
2017-08-16,871169.5
2017-08-17,960735.2
2017-08-18,967053.6
2017-08-19,912312.1
2017-08-20,858342.9
2017-08-21,805596.6
2017-08-22,683510.8
2017-08-23,899013.3
2017-08-24,824623.2
2017-08-25,896795.2
2017-08-26,904969.0
2017-08-27,913405.7
2017-08-28,922041.8
2017-08-29,930810.6
2017-08-30,939673.1
2017-08-31,948626.6
2017-09-01,957656.7
2017-09-02,982298.8
2017-09-03,1001518.9
2017-09-04,1021015.0
2017-09-05,1040772.9
2017-09-06,1060709.0
2017-09-07,1108928.2
2017-09-08,1077935.3
2017-09-09,1047008.1
2017-09-10,1016146.0
2017-09-11,985361.2
2017-09-12,954676.8
2017-09-13,924125.9
2017-09-14,924308.4
2017-09-15,918510.8
2017-09-16,912759.0
2017-09-17,907064.2
2017-09-18,901460.1
2017-09-19,895960.6
2017-09-20,861664.6
2017-09-21,827843.6
2017-09-22,794630.4
2017-09-23,805189.3
2017-09-24,815973.0
2017-09-25,826989.1
2017-09-26,838153.6
2017-09-27,750283.6
2017-09-28,666051.9
2017-09-29,684029.6
2017-09-30,702119.9
2017-10-01,720315.3
2017-10-02,738615.4
2017-10-03,757031.3
2017-10-04,777774.2
2017-10-05,798603.6
2017-10-06,814510.9
2017-10-07,830520.1
2017-10-08,846571.2
2017-10-09,866722.1
2017-10-10,768204.2
2017-10-11,983649.4
2017-10-12,939866.9
2017-10-13,896251.6
2017-10-14,852878.1
2017-10-15,809773.4
2017-10-16,767009.4
2017-10-17,724637.9
2017-10-18,803540.6
2017-10-19,884374.9
2017-10-20,896411.4
2017-10-21,908508.3
2017-10-22,920649.3
2017-10-23,932830.7
2017-10-24,945049.9
2017-10-25,929653.2
2017-10-26,914514.0
2017-10-27,917332.6
2017-10-28,920191.1
2017-10-29,923084.8
2017-10-30,926015.1
2017-10-31,928977.6
2017-11-01,876500.8
2017-11-02,824480.8
2017-11-03,773049.4
2017-11-04,762932.4
2017-11-05,753131.9
2017-11-06,743822.5
2017-11-07,735046.3
2017-11-08,765106.7
2017-11-09,797766.9
2017-11-10,798838.8
2017-11-11,800216.5
2017-11-12,801923.2
2017-11-13,803890.2
2017-11-14,806148.2
2017-11-15,808728.6
2017-11-16,811560.9
2017-11-17,816006.6
2017-11-18,820611.4
2017-11-19,825313.9
2017-11-20,830111.8
2017-11-21,835013.3
2017-11-22,840184.7
2017-11-23,845388.0
2017-11-24,850616.0
2017-11-25,855874.2
2017-11-26,861159.7
2017-11-27,866469.1
2017-11-28,871798.8
2017-11-29,861202.5
2017-11-30,850904.9
2017-12-01,850178.4
2017-12-02,849505.8
2017-12-03,848904.1
2017-12-04,848379.2
2017-12-05,847940.3
2017-12-06,834943.8
2017-12-07,823018.3
2017-12-08,799022.9
2017-12-09,775450.1
2017-12-10,752416.8
2017-12-11,730295.0
2017-12-12,709446.5
2017-12-13,712487.9
2017-12-14,718957.4
2017-12-15,758728.8
2017-12-16,799183.5
2017-12-17,840147.2
2017-12-18,881673.7
2017-12-19,923696.5
2017-12-20,966243.7
2017-12-21,1009206.4
2017-12-22,1009501.8
2017-12-23,1010419.6
2017-12-24,1011669.2
2017-12-25,1013219.5
2017-12-26,1015203.3
2017-12-27,1017507.6
2017-12-28,829520.5
2017-12-29,839402.6
2017-12-30,849418.5
2017-12-31,859583.0
2018-01-01,869908.8
2018-01-02,880429.4
2018-01-03,891175.9
2018-01-04,902181.9
2018-01-05,873812.0
2018-01-06,845746.2
2018-01-07,818015.7
2018-01-08,790614.4
2018-01-09,763548.2
2018-01-10,736844.1
2018-01-11,752428.1
2018-01-12,768178.5
2018-01-13,784055.6
2018-01-14,800038.4
2018-01-15,816093.1
2018-01-16,832200.5
2018-01-17,848346.6
2018-01-18,864523.5
2018-01-19,880734.3
2018-01-20,880453.0
2018-01-21,880717.7
2018-01-22,881599.3
2018-01-23,883068.0
2018-01-24,805268.1
2018-01-25,729167.5
2018-01-26,756820.8
2018-01-27,784986.1
2018-01-28,813481.5
2018-01-29,842188.2
2018-01-30,871055.0
2018-01-31,872525.6
2018-02-01,874141.5
2018-02-02,875486.7
2018-02-03,876959.7
2018-02-04,878479.8
2018-02-05,880008.9
2018-02-06,881549.3
2018-02-07,883100.5
2018-02-08,884665.1
2018-02-09,876945.3
2018-02-10,869273.5
2018-02-11,861634.9
2018-02-12,854109.3
2018-02-13,846943.6
2018-02-14,783842.1
2018-02-15,723320.7
2018-02-16,758974.7
2018-02-17,795111.2
2018-02-18,831516.8
2018-02-19,868194.5
2018-02-20,905182.9
2018-02-21,942458.0
2018-02-22,979965.3
2018-02-23,994172.4
2018-02-24,1008509.3
2018-02-25,1022933.5
2018-02-26,1037447.1
2018-02-27,1052063.5
2018-02-28,985747.6
2018-03-01,920610.1
2018-03-02,801824.3
2018-03-03,863973.8
2018-03-04,930059.3
2018-03-05,998674.0
2018-03-06,829740.2
2018-03-07,898052.1
2018-03-08,971036.4
2018-03-09,966865.5
2018-03-10,1048230.4
2018-03-11,1130817.2
2018-03-12,1214086.8
2018-03-13,1297756.4
2018-03-14,1381840.9
2018-03-15,1467257.0
2018-03-16,1591333.8
2018-03-17,1716014.5
2018-03-18,1698881.1
2018-03-19,1724519.1
2018-03-20,1750291.5
2018-03-21,1588484.9
2018-03-22,1672950.1
2018-03-23,1757472.5
2018-03-24,1904311.2
2018-03-25,1782834.6
2018-03-26,1905395.8
2018-03-27,1683965.1
2018-03-28,1724579.5
2018-03-29,1773985.2
2018-03-30,1815560.3
2018-03-31,1805294.0
2018-04-01,1752498.0
2018-04-02,1699885.8
2018-04-03,1614307.1
2018-04-04,1549365.2
2018-04-05,1317706.0
2018-04-06,1624901.3
2018-04-07,1590409.5
2018-04-08,1465148.0
2018-04-09,1472068.9
2018-04-10,1479269.9
2018-04-11,1614638.7
2018-04-12,1692193.2
2018-04-13,1461751.0
2018-04-14,1456534.0
2018-04-15,1481267.7
2018-04-16,1688451.9
2018-04-17,1599740.3
2018-04-18,1502854.6
2018-04-19,1554735.8
2018-04-20,1450062.7
2018-04-21,1556148.0
2018-04-22,1449175.7
2018-04-23,1611267.5
2018-04-24,1691685.4
2018-04-25,1727531.2
2018-04-26,1723695.0
2018-04-27,1721269.7
2018-04-28,1473660.1
2018-04-29,1535495.6
2018-04-30,1469485.3
2018-05-01,1503622.5
2018-05-02,1525296.5
2018-05-03,1486477.8
2018-05-04,1442516.3
2018-05-05,1351905.0
2018-05-06,1356592.6
2018-05-07,1432267.2
2018-05-08,1307810.3
2018-05-09,1248635.4
2018-05-10,1194400.4
2018-05-11,1198804.2
2018-05-12,1203408.5
2018-05-13,1249865.3
2018-05-14,1296636.5
2018-05-15,1209825.2
2018-05-16,1123258.4
2018-05-17,1112422.2
2018-05-18,1101841.6
2018-05-19,994595.5
2018-05-20,946161.4
2018-05-21,1109753.7
2018-05-22,1183377.1
2018-05-23,1257297.7
2018-05-24,1054625.4
2018-05-25,1315018.9
2018-05-26,996477.5
2018-05-27,1044899.4
2018-05-28,1093523.2
2018-05-29,1142296.8
2018-05-30,1179967.7
2018-05-31,1217729.4
2018-06-01,1109628.6
2018-06-02,1154311.0
2018-06-03,1199392.6
2018-06-04,1245008.4
2018-06-05,1205555.6
2018-06-06,1085402.5
2018-06-07,1106170.6
2018-06-08,978724.1
2018-06-09,1011702.3
2018-06-10,995118.4
2018-06-11,979145.9
2018-06-12,964023.3
2018-06-13,961178.8
2018-06-14,958666.6
2018-06-15,961732.9
2018-06-16,964880.6
2018-06-17,968115.2
2018-06-18,971440.1
2018-06-19,974835.1
2018-06-20,1067756.4
2018-06-21,1161594.7
2018-06-22,1117062.5
2018-06-23,1072700.0
2018-06-24,1028534.4
2018-06-25,984568.8
2018-06-26,966033.8
2018-06-27,947742.4
2018-06-28,929677.4
2018-06-29,936825.5
2018-06-30,944069.4
2018-07-01,951386.6
2018-07-02,958750.7
2018-07-03,966144.3
2018-07-04,973568.2
2018-07-05,981029.2
2018-07-06,966364.7
2018-07-07,951826.3
2018-07-08,937440.2
2018-07-09,923249.0
2018-07-10,909248.6
2018-07-11,930706.3
2018-07-12,952463.5
2018-07-13,962086.7
2018-07-14,971747.6
2018-07-15,981598.6
2018-07-16,991618.0
2018-07-17,1001735.0
2018-07-18,909665.7
2018-07-19,819593.6
2018-07-20,836962.1
2018-07-21,854534.3
2018-07-22,872303.7
2018-07-23,890298.7
2018-07-24,908437.2
2018-07-25,932162.8
2018-07-26,956037.8
2018-07-27,944335.5
2018-07-28,932666.9
2018-07-29,921068.0
2018-07-30,909595.5
2018-07-31,898345.9
2018-08-01,896682.5
2018-08-02,895090.4
2018-08-03,893579.4
2018-08-04,892129.5
2018-08-05,890714.1
2018-08-06,889336.8
2018-08-07,887988.6
2018-08-08,850575.0
2018-08-09,814399.5
2018-08-10,817329.2
2018-08-11,820347.3
2018-08-12,823452.0
2018-08-13,826663.3
2018-08-14,830000.6
2018-08-15,873032.7
2018-08-16,917235.3
2018-08-17,920984.9
2018-08-18,924968.4
2018-08-19,929092.0
2018-08-20,933346.7
2018-08-21,937833.1
2018-08-22,946365.5
2018-08-23,956030.8
2018-08-24,927272.2
2018-08-25,898803.3
2018-08-26,870566.0
2018-08-27,842750.5
2018-08-28,815683.4
2018-08-29,797700.8
2018-08-30,781044.7
2018-08-31,791284.3
2018-09-01,801566.1
2018-09-02,811886.3
2018-09-03,822224.8
2018-09-04,832579.2
2018-09-05,842944.8
2018-09-06,853320.2
2018-09-07,831068.3
2018-09-08,808962.3
2018-09-09,787090.5
2018-09-10,765461.0
2018-09-11,744082.3
2018-09-12,788784.5
2018-09-13,834682.4
2018-09-14,822764.3
2018-09-15,810870.0
2018-09-16,799002.4
2018-09-17,787169.1
2018-09-18,775403.7
2018-09-19,756764.7
2018-09-20,738657.9
2018-09-21,742783.5
2018-09-22,747021.7
2018-09-23,751347.8
2018-09-24,755741.0
2018-09-25,760179.6
2018-09-26,829502.4
2018-09-27,902220.9
2018-09-28,900105.6
2018-09-29,898064.4
2018-09-30,896250.6
2018-10-01,894699.5
2018-10-02,893360.5
2018-10-03,860815.4
2018-10-04,828594.2
2018-10-05,823151.7
2018-10-06,817782.6
2018-10-07,812469.1
2018-10-08,807203.0
2018-10-09,802005.4
2018-10-10,796959.7
2018-10-11,792100.0
2018-10-12,791023.1
2018-10-13,790306.1
2018-10-14,789725.0
2018-10-15,789240.0
2018-10-16,788873.2
2018-10-17,810149.3
2018-10-18,832093.8
2018-10-19,821432.9
2018-10-20,810986.8
2018-10-21,800634.4
2018-10-22,790380.3
2018-10-23,780281.8
2018-10-24,734525.6
2018-10-25,691935.9
2018-10-26,707118.4
2018-10-27,722815.1
2018-10-28,739033.4
2018-10-29,755748.0
2018-10-30,772563.1
2018-10-31,790620.7
2018-11-01,809556.9
2018-11-02,828681.2
2018-11-03,847977.9
2018-11-04,867439.2
2018-11-05,887073.1
2018-11-06,906927.0
2018-11-07,926987.2
2018-11-08,947192.9
2018-11-09,937173.3
2018-11-10,927300.9
2018-11-11,917564.3
2018-11-12,907949.2
2018-11-13,898463.7
2018-11-14,889138.6
2018-11-15,984645.0
2018-11-16,1048799.5
2018-11-17,1113163.3
2018-11-18,1177730.9
2018-11-19,1242493.3
2018-11-20,917302.4
2018-11-21,953451.6
2018-11-22,961722.8
2018-11-23,970270.7
2018-11-24,979080.4
2018-11-25,988110.8
2018-11-26,997306.7
2018-11-27,1006640.3
2018-11-28,837447.6
2018-11-29,889059.5
2018-11-30,940903.1
2018-12-01,992959.3
2018-12-02,1045216.4
2018-12-03,1097654.9
2018-12-04,1087667.5
2018-12-05,1080235.1
2018-12-06,1073702.8
2018-12-07,1075488.7
2018-12-08,1057492.1
2018-12-09,1039623.8
2018-12-10,1021900.3
2018-12-11,1149553.9
2018-12-12,1085622.7
2018-12-13,1122974.6
2018-12-14,1160475.5
2018-12-15,1198103.0
2018-12-16,1235843.0
2018-12-17,1273729.4
2018-12-18,1436370.8
2018-12-19,988148.5
2018-12-20,1007941.5
2018-12-21,1027824.4
2018-12-22,1047793.0
2018-12-23,1067842.2
2018-12-24,1087968.4
2018-12-25,1108173.4
2018-12-26,1128468.0
2018-12-27,1148799.4
2018-12-28,1169140.2
2018-12-29,1189486.6
2018-12-30,1209839.8
2018-12-31,1230200.0
2019-01-01,1250565.1
2019-01-02,1270936.4
2019-01-03,1291311.9
2019-01-04,1311695.1
2019-01-05,1291857.8
2019-01-06,1325716.0
2019-01-07,1348045.7
2019-01-08,1364014.5
2019-01-09,1380215.2
2019-01-10,1396512.5
2019-01-11,1378615.6
2019-01-12,1530789.6
2019-01-13,1683760.0
2019-01-14,1837512.8
2019-01-15,1553612.0
2019-01-16,1681156.2
2019-01-17,1706594.2
2019-01-18,1694132.7
2019-01-19,1681694.1
2019-01-20,1669276.2
2019-01-21,1656880.1
2019-01-22,1606759.9
2019-01-23,1723978.3
2019-01-24,1841273.0
2019-01-25,1859139.0
2019-01-26,1738603.9
2019-01-27,1479939.3
2019-01-28,1704841.4
2019-01-29,1714996.0
2019-01-30,1466849.2
2019-01-31,1828208.9
2019-02-01,1772879.9
2019-02-02,1795928.8
2019-02-03,1818980.2
2019-02-04,1842035.2
2019-02-05,1865093.6
2019-02-06,1888154.0
2019-02-07,1911218.3
2019-02-08,1934285.9
2019-02-09,1600668.2
2019-02-10,1804640.2
2019-02-11,1574431.8
2019-02-12,1347579.5
2019-02-13,1820920.3
2019-02-14,1667929.2
2019-02-15,1828904.7
2019-02-16,1852907.8
2019-02-17,1876953.7
2019-02-18,1901041.3
2019-02-19,1883948.0
2019-02-20,1866865.6
2019-02-21,1849794.3
2019-02-22,1832734.3
2019-02-23,1815685.4
2019-02-24,1798649.0
2019-02-25,1738667.6
2019-02-26,1874044.5
2019-02-27,1911996.4
2019-02-28,1950012.8
2019-03-01,1988084.9
2019-03-02,1916757.0
2019-03-03,1845730.1
2019-03-04,1774988.6
2019-03-05,1945523.9
2019-03-06,1830939.2
2019-03-07,1963877.5
2019-03-08,1968795.0
2019-03-09,1943891.0
2019-03-10,1919285.9
2019-03-11,1895019.8
2019-03-12,1871064.2
2019-03-13,1846890.2
2019-03-14,1822933.6
2019-03-15,1799250.6
2019-03-16,1760495.0
2019-03-17,1903322.8
2019-03-18,1999528.0
2019-03-19,2011667.3
2019-03-20,2068342.2
2019-03-21,2125102.7
2019-03-22,2074808.3
2019-03-23,2241260.5
2019-03-24,2145352.9
2019-03-25,2188362.9
2019-03-26,2280655.3
2019-03-27,2183506.8
2019-03-28,2176503.0
2019-03-29,2077560.5
2019-03-30,2168055.8
2019-03-31,2131767.7
2019-04-01,2095537.7
2019-04-02,1931206.8
2019-04-03,1920664.2
2019-04-04,1910399.9
2019-04-05,1881116.4
2019-04-06,1851887.7
2019-04-07,1822712.4
2019-04-08,1793614.3
2019-04-09,1775579.1
2019-04-10,1908799.4
2019-04-11,2042595.1
2019-04-12,1805692.7
2019-04-13,1843132.2
2019-04-14,1880702.0
2019-04-15,1866243.2
2019-04-16,1842563.1
2019-04-17,1805582.1
2019-04-18,1777953.2
2019-04-19,1750444.2
2019-04-20,1711174.2
2019-04-21,1671936.6
2019-04-22,1632725.2
2019-04-23,1593550.1
2019-04-24,1587617.9
2019-04-25,1637727.9
2019-04-26,1652141.0
2019-04-27,1625958.7
2019-04-28,1431930.2
2019-04-29,1242996.1
2019-04-30,1309499.3
2019-05-01,1139412.9
2019-05-02,1104055.3
2019-05-03,1132190.8
2019-05-04,1160693.4
2019-05-05,1189570.9
2019-05-06,1218710.6
2019-05-07,1231672.4
2019-05-08,1244959.3
2019-05-09,1258459.9
2019-05-10,1310640.7
2019-05-11,1362983.4
2019-05-12,1415475.4
2019-05-13,1468084.5
2019-05-14,1520779.6
2019-05-15,1573541.5
2019-05-16,1626352.4
2019-05-17,1667805.1
2019-05-18,1709379.2
2019-05-19,1750979.5
2019-05-20,1576056.7
2019-05-21,1604026.1
2019-05-22,1632021.0
2019-05-23,1660044.3
2019-05-24,1688089.1
2019-05-25,1668565.0
2019-05-26,1649107.7
2019-05-27,1629741.4
2019-05-28,1610472.2
2019-05-29,1679862.4
2019-05-30,1619581.6
2019-05-31,1622754.0
2019-06-01,1515873.1
2019-06-02,1409040.1
2019-06-03,1400069.0
2019-06-04,1499507.8
2019-06-05,1416091.3
2019-06-06,1451483.7
2019-06-07,1486888.9
2019-06-08,1522306.1
2019-06-09,1557736.3
2019-06-10,1593180.5
2019-06-11,1628639.5
2019-06-12,1664114.7
2019-06-13,1645735.8
2019-06-14,1627454.9
2019-06-15,1655557.1
2019-06-16,1683673.9
2019-06-17,1711807.1
2019-06-18,1739956.4
2019-06-19,1768123.1
2019-06-20,1731552.5
2019-06-21,1723163.7
2019-06-22,1714801.9
2019-06-23,1706466.8
2019-06-24,1698154.9
2019-06-25,1689865.5
2019-06-26,1651170.8
2019-06-27,1643169.3
2019-06-28,1687047.6
2019-06-29,1731037.8
2019-06-30,1775132.6
2019-07-01,1662502.6
2019-07-02,1506083.8
2019-07-03,1807169.5
2019-07-04,1818084.0
2019-07-05,1829043.7
2019-07-06,1755864.1
2019-07-07,1741013.9
2019-07-08,1726294.2
2019-07-09,1721523.5
2019-07-10,1726687.8
2019-07-11,1731916.9
2019-07-12,1737209.0
2019-07-13,1742567.4
2019-07-14,1747991.8
2019-07-15,1765198.1
2019-07-16,1747724.2
2019-07-17,1758847.1
2019-07-18,1754621.6
2019-07-19,1750569.3
2019-07-20,1799899.4
2019-07-21,1849409.8
2019-07-22,1749875.9
2019-07-23,1650833.3
2019-07-24,1869521.7
2019-07-25,1867483.9
2019-07-26,1865473.5
2019-07-27,1863498.5
2019-07-28,1861559.2
2019-07-29,1859700.7
2019-07-30,1857902.0
2019-07-31,1882278.7
2019-08-01,1734379.7
2019-08-02,1767039.1
2019-08-03,1799734.7
2019-08-04,1832465.1
2019-08-05,1865231.2
2019-08-06,1711226.5
2019-08-07,1834000.0
2019-08-08,1700153.9
2019-08-09,1670368.9
2019-08-10,1723159.4
2019-08-11,1696014.0
2019-08-12,1669295.2
2019-08-13,1661270.2
2019-08-14,1594001.8
2019-08-15,1526995.2
2019-08-16,1524573.1
2019-08-17,1522197.9
2019-08-18,1519875.3
2019-08-19,1517605.0
2019-08-20,1515386.6
2019-08-21,1709899.7
2019-08-22,1610218.4
2019-08-23,1323133.6
2019-08-24,1380085.4
2019-08-25,1438119.7
2019-08-26,1449890.9
2019-08-27,1462034.6
2019-08-28,1542110.4
2019-08-29,1497856.9
2019-08-30,1487605.2
2019-08-31,1477477.7
2019-09-01,1467495.0
2019-09-02,1457670.7
2019-09-03,1447993.5
2019-09-04,1438441.2
2019-09-05,1436324.6
2019-09-06,1434219.6
2019-09-07,1432125.6
2019-09-08,1430042.4
2019-09-09,1427969.9
2019-09-10,1425941.6
2019-09-11,1441486.6
2019-09-12,1457115.3
2019-09-13,1400764.3
2019-09-14,1344719.9
2019-09-15,1289309.9
2019-09-16,1234495.9
2019-09-17,1180727.0
2019-09-18,1329889.0
2019-09-19,1483159.7
2019-09-20,1508583.5
2019-09-21,1534092.7
2019-09-22,1559687.5
2019-09-23,1585364.1
2019-09-24,1611123.2
2019-09-25,1535794.7
2019-09-26,1461046.1
2019-09-27,1452887.4
2019-09-28,1444744.6
2019-09-29,1436617.4
2019-09-30,1428506.5
2019-10-01,1420411.6
2019-10-02,1513812.9
2019-10-03,1607613.9
2019-10-04,1578474.2
2019-10-05,1549406.1
2019-10-06,1520401.7
2019-10-07,1491454.6
2019-10-08,1462566.6
2019-10-09,1442711.3
2019-10-10,1423158.6
2019-10-11,1443766.7
2019-10-12,1464451.2
2019-10-13,1485208.7
2019-10-14,1506033.2
2019-10-15,1526922.1
2019-10-16,1547871.0
2019-10-17,1568877.2
2019-10-18,1526141.3
2019-10-19,1483523.5
2019-10-20,1441033.9
2019-10-21,1398689.1
2019-10-22,1356527.4
2019-10-23,1461340.3
2019-10-24,1566592.2
2019-10-25,1547975.5
2019-10-26,1529388.6
2019-10-27,1510831.2
2019-10-28,1492304.9
2019-10-29,1473808.3
2019-10-30,1439000.4
2019-10-31,1404291.6
2019-11-01,1420250.5
2019-11-02,1436237.6
2019-11-03,1452250.5
2019-11-04,1468288.1
2019-11-05,1484349.3
2019-11-06,1460941.9
2019-11-07,1437642.6
2019-11-08,1450119.2
2019-11-09,1462715.4
2019-11-10,1475427.1
2019-11-11,1488253.9
2019-11-12,1501161.9
2019-11-13,1514146.7
2019-11-14,1423058.2
2019-11-15,1333041.4
2019-11-16,1243950.6
2019-11-17,1155541.6
2019-11-18,1067931.7
2019-11-19,1433503.0
2019-11-20,1394188.9
2019-11-21,1355466.3
2019-11-22,1355465.6
2019-11-23,1355528.5
2019-11-24,1355664.8
2019-11-25,1355888.3
2019-11-26,1356214.7
2019-11-27,1374823.5
2019-11-28,1393456.9
2019-11-29,1412111.1
2019-11-30,1430783.4
2019-12-01,1449473.8
2019-12-02,1468180.7
2019-12-03,1486906.8
2019-12-04,1524226.0
2019-12-05,1561967.6
2019-12-06,1541007.0
2019-12-07,1520114.6
2019-12-08,1499285.3
2019-12-09,1478521.6
2019-12-10,1457829.4
2019-12-11,1437211.7
2019-12-12,1381269.4
2019-12-13,1326155.4
2019-12-14,1272062.3
2019-12-15,1219010.8
2019-12-16,1166856.9
2019-12-17,1115539.4
2019-12-18,1263888.7
2019-12-19,1418997.9
2019-12-20,1458024.4
2019-12-21,1497209.6
2019-12-22,1536598.4
2019-12-23,1576427.0
2019-12-24,1570002.1
2019-12-25,1563695.9
2019-12-26,1557477.5
2019-12-27,1551300.5
2019-12-28,1545155.9
2019-12-29,1539039.3
2019-12-30,1532948.9
2019-12-31,1526882.8
2020-01-01,1513311.1
2020-01-02,1499749.8
2020-01-03,1486198.6
2020-01-04,1472657.0
2020-01-05,1459124.5
2020-01-06,1445600.8
2020-01-07,1432085.5
2020-01-08,1367920.4
2020-01-09,1304198.6
2020-01-10,1296864.8
2020-01-11,1289615.9
2020-01-12,1282481.8
2020-01-13,1275487.7
2020-01-14,1268637.3
2020-01-15,1261909.3
2020-01-16,1255285.5
2020-01-17,1248757.6
2020-01-18,1294046.3
2020-01-19,1340165.6
2020-01-20,1387440.3
2020-01-21,1435593.1
2020-01-22,1484318.4
2020-01-23,1532967.8
2020-01-24,1581666.3
2020-01-25,1630394.0
2020-01-26,1679140.1
2020-01-27,1727909.5
2020-01-28,1776706.1
2020-01-29,1548223.8
2020-01-30,1827447.8
2020-01-31,1655198.8
2020-02-01,1714727.8
2020-02-02,1774335.8
2020-02-03,1834008.5
2020-02-04,1968375.5
2020-02-05,1991844.9
2020-02-06,2015564.8
2020-02-07,1978059.1
2020-02-08,1979504.2
2020-02-09,1794227.7
2020-02-10,1821960.2
2020-02-11,1849754.8
2020-02-12,1877605.1
2020-02-13,1905506.2
2020-02-14,2085487.5
2020-02-15,2180059.2
2020-02-16,2173299.1
2020-02-17,2166560.2
2020-02-18,2159842.9
2020-02-19,2153147.6
2020-02-20,2146475.9
2020-02-21,2139827.0
2020-02-22,2101147.6
2020-02-23,1931050.0
2020-02-24,2134514.4
2020-02-25,2340449.1
2020-02-26,2363654.1
2020-02-27,2296752.8
2020-02-28,2269371.6
2020-02-29,2307743.8
2020-03-01,2277231.0
2020-03-02,2222904.6
2020-03-03,2214073.6
2020-03-04,2205392.9
2020-03-05,2196840.7
2020-03-06,2322160.1
2020-03-07,2255088.5
2020-03-08,2157177.0
2020-03-09,2253711.1
2020-03-10,2256863.9
2020-03-11,2260146.7
2020-03-12,2263571.9
2020-03-13,2267125.5
2020-03-14,2270786.9
2020-03-15,2352792.7
2020-03-16,2435316.3
2020-03-17,2518494.0
2020-03-18,2602363.5
2020-03-19,2485752.5
2020-03-20,2501531.4
2020-03-21,2430863.5
2020-03-22,2360935.6
2020-03-23,2398162.1
2020-03-24,2435887.1
2020-03-25,2479972.8
2020-03-26,2524351.0
2020-03-27,2464566.1
2020-03-28,2342309.1
2020-03-29,2413019.0
2020-03-30,2484946.8
2020-03-31,2322479.0
2020-04-01,2460450.5
2020-04-02,2379881.2
2020-04-03,2236220.4
2020-04-04,2434968.2
2020-04-05,2113009.6
2020-04-06,2093866.0
2020-04-07,2205741.1
2020-04-08,2285549.5
2020-04-09,2366896.7
2020-04-10,2110583.7
2020-04-11,2344433.5
2020-04-12,2272581.5
2020-04-13,2201341.5
2020-04-14,2155708.5
2020-04-15,2088602.3
2020-04-16,2181569.6
2020-04-17,2160687.6
2020-04-18,2071726.3
2020-04-19,1983512.0
2020-04-20,1896566.8
2020-04-21,1998751.7
2020-04-22,2368606.3
2020-04-23,2264298.2
2020-04-24,2160683.1
2020-04-25,2050747.8
2020-04-26,2125279.8
2020-04-27,2200254.1
2020-04-28,2201786.9
2020-04-29,2216148.4
2020-04-30,2231176.6
2020-05-01,1822969.5
2020-05-02,1990137.5
2020-05-03,2158762.2
2020-05-04,2172088.5
2020-05-05,2242617.5
2020-05-06,2034269.2
2020-05-07,2189497.3
2020-05-08,2214580.5
2020-05-09,2104067.1
2020-05-10,2056507.4
2020-05-11,2009122.2
2020-05-12,1940001.2
2020-05-13,2012881.6
2020-05-14,2003457.7
2020-05-15,1994359.2
2020-05-16,1967822.9
2020-05-17,1941593.0
2020-05-18,2081568.6
2020-05-19,2223170.8
2020-05-20,2012809.7
2020-05-21,1806389.1
2020-05-22,1964971.7
2020-05-23,2001658.1
2020-05-24,1912931.5
2020-05-25,1825326.7
2020-05-26,1739851.2
2020-05-27,1978196.4
2020-05-28,1754573.4
2020-05-29,1940409.4
2020-05-30,1934563.9
2020-05-31,1929164.9
2020-06-01,1819861.7
2020-06-02,1769664.3
2020-06-03,1660489.9
2020-06-04,1761939.9
2020-06-05,1601352.7
2020-06-06,1610219.8
2020-06-07,1619502.7
2020-06-08,1629294.2
2020-06-09,1564803.7
2020-06-10,1626532.5
2020-06-11,1498536.8
2020-06-12,1396238.7
2020-06-13,1357818.7
2020-06-14,1358623.2
2020-06-15,1359613.6
2020-06-16,1305107.5
2020-06-17,1247548.6
2020-06-18,1351649.4
2020-06-19,1381221.9
2020-06-20,1348098.0
2020-06-21,1315039.8
2020-06-22,1282388.8
2020-06-23,1251569.0
2020-06-24,1248516.5
2020-06-25,1246115.4
2020-06-26,1184305.2
2020-06-27,1214859.2
2020-06-28,1245739.8
2020-06-29,1279558.1
2020-06-30,1349606.7
2020-07-01,1329799.9
2020-07-02,1310046.3
2020-07-03,1290355.2
2020-07-04,1270730.3
2020-07-05,1251168.0
2020-07-06,1196029.1
2020-07-07,1274536.7
2020-07-08,1356774.5
2020-07-09,1184875.4
2020-07-10,1254306.3
2020-07-11,1259051.0
2020-07-12,1265276.4
2020-07-13,1272585.4
2020-07-14,1280050.2
2020-07-15,1251022.5
2020-07-16,1224638.5
2020-07-17,1245850.7
2020-07-18,1268772.0
2020-07-19,1292234.5
2020-07-20,1315830.6
2020-07-21,1339556.8
2020-07-22,1282338.8
2020-07-23,1226549.1
2020-07-24,1221985.4
2020-07-25,1217550.0
2020-07-26,1213282.2
2020-07-27,1209285.8
2020-07-28,1205861.6
2020-07-29,1202899.9
2020-07-30,1308075.2
2020-07-31,1285929.3
2020-08-01,1263873.1
2020-08-02,1241902.5
2020-08-03,1220021.0
2020-08-04,1198230.3
2020-08-05,1209989.6
2020-08-06,1221838.5
2020-08-07,1239439.7
2020-08-08,1257350.9
2020-08-09,1275467.7
2020-08-10,1293643.9
2020-08-11,1311857.3
2020-08-12,1318804.8
2020-08-13,1326798.2
2020-08-14,1292657.6
2020-08-15,1258594.2
2020-08-16,1224616.0
2020-08-17,1190782.8
2020-08-18,1157486.2
2020-08-19,1140341.2
2020-08-20,1124326.1
2020-08-21,1139315.5
2020-08-22,1154637.1
2020-08-23,1170367.3
2020-08-24,1186528.1
2020-08-25,1202999.0
2020-08-26,1219647.1
2020-08-27,1236441.4
2020-08-28,1253364.9
2020-08-29,1238408.4
2020-08-30,1224059.3
2020-08-31,1210748.9
2020-09-01,1199024.0
2020-09-02,1173195.6
2020-09-03,1148300.0
2020-09-04,1158896.5
2020-09-05,1169582.0
2020-09-06,1180356.6
2020-09-07,1191212.8
2020-09-08,1202145.6
2020-09-09,1179313.0
2020-09-10,1156860.1
2020-09-11,1152562.0
2020-09-12,1148581.7
2020-09-13,1145013.8
2020-09-14,1141953.9
2020-09-15,1139456.1
2020-09-16,1137492.6
2020-09-17,1164742.3
2020-09-18,1193134.0
2020-09-19,1222439.2
2020-09-20,1252333.8
2020-09-21,1282484.7
2020-09-22,1312843.6
2020-09-23,1305708.3
2020-09-24,1298594.2
2020-09-25,1291502.8
2020-09-26,1284434.1
2020-09-27,1277391.6
2020-09-28,1270373.7
2020-09-29,1263382.0
2020-09-30,1256427.5
2020-10-01,1249516.5
2020-10-02,1255556.3
2020-10-03,1261843.4
2020-10-04,1268311.0
2020-10-05,1274920.4
2020-10-06,1281639.8
2020-10-07,1285259.2
2020-10-08,1289888.4
2020-10-09,1287429.7
2020-10-10,1285002.7
2020-10-11,1282608.4
2020-10-12,1280245.0
2020-10-13,1277913.4
2020-10-14,1275609.1
2020-10-15,1220012.5
2020-10-16,1235027.6
2020-10-17,1250083.0
2020-10-18,1265184.7
2020-10-19,1280341.2
2020-10-20,1295556.2
2020-10-21,1322473.1
2020-10-22,1349629.7
2020-10-23,1340890.2
2020-10-24,1332163.4
2020-10-25,1323451.5
2020-10-26,1314755.3
2020-10-27,1306076.6
2020-10-28,1297414.2
2020-10-29,1288769.9
2020-10-30,1280143.6
2020-10-31,1299667.2
2020-11-01,1319231.4
2020-11-02,1338835.1
2020-11-03,1358477.5
2020-11-04,1308331.9
2020-11-05,1259207.0
2020-11-06,1253938.6
2020-11-07,1248681.4
2020-11-08,1243435.2
2020-11-09,1238204.2
2020-11-10,1233006.5
2020-11-11,1223037.9
2020-11-12,1214058.3
2020-11-13,1242647.3
2020-11-14,1271272.2
2020-11-15,1299932.1
2020-11-16,1328625.8
2020-11-17,1357351.6
2020-11-18,1335470.9
2020-11-19,1314902.3
2020-11-20,1322620.8
2020-11-21,1331013.5
2020-11-22,1339981.8
2020-11-23,1349322.3
2020-11-24,1358889.3
2020-11-25,1268961.6
2020-11-26,1272716.2
2020-11-27,1276527.2
2020-11-28,1280395.0
2020-11-29,1284323.2
2020-11-30,1288315.8
2020-12-01,1292374.4
2020-12-02,1324948.0
2020-12-03,1357902.0
2020-12-04,1339221.6
2020-12-05,1320587.8
2020-12-06,1302001.3
2020-12-07,1283465.7
2020-12-08,1264982.8
2020-12-09,1268304.3
2020-12-10,1272665.9
2020-12-11,1256380.3
2020-12-12,1240163.9
2020-12-13,1224023.7
2020-12-14,1207971.2
2020-12-15,1192024.1
2020-12-16,1217910.3
2020-12-17,1244183.2
2020-12-18,1281574.5
2020-12-19,1319469.2
2020-12-20,1357747.7
2020-12-21,1396336.7
2020-12-22,1435190.4
2020-12-23,1415703.8
2020-12-24,1396371.2
2020-12-25,1377198.9
2020-12-26,1358199.2
2020-12-27,1339379.3
2020-12-28,1320740.6
2020-12-29,1302296.6
2020-12-30,1401147.4
2020-12-31,1400619.0
2021-01-01,1400135.7
2021-01-02,1399694.9
2021-01-03,1399287.9
2021-01-04,1398916.1
2021-01-05,1398572.9
2021-01-06,1386160.7
2021-01-07,1374025.8
2021-01-08,1362403.0
2021-01-09,1351789.3
2021-01-10,1343023.4
2021-01-11,1335580.3
2021-01-12,1328800.3
2021-01-13,1303438.4
2021-01-14,1278432.6
2021-01-15,1290613.5
2021-01-16,1303032.2
2021-01-17,1315740.9
2021-01-18,1328837.8
2021-01-19,1342317.8
2021-01-20,1356119.6
2021-01-21,1019558.0
2021-01-22,1038649.0
2021-01-23,1057848.6
2021-01-24,1077155.4
2021-01-25,1096572.0
2021-01-26,1116112.3
2021-01-27,1135785.8
2021-01-28,1155599.0
2021-01-29,1130527.8
2021-01-30,1105622.7
2021-01-31,1080931.4
2021-02-01,1057093.2
2021-02-02,1036487.6
2021-02-03,1029639.5
2021-02-04,1024189.6
2021-02-05,1040997.7
2021-02-06,1058636.9
2021-02-07,1077356.7
2021-02-08,1097167.3
2021-02-09,1117956.9
2021-02-10,1139398.6
2021-02-11,1161318.5
2021-02-12,1135559.3
2021-02-13,1110261.2
2021-02-14,1085946.2
2021-02-15,1063194.4
2021-02-16,1042030.1
2021-02-17,1022243.5
2021-02-18,962592.2
2021-02-19,911755.1
2021-02-20,909414.5
2021-02-21,908671.2
2021-02-22,910581.4
2021-02-23,914896.5
2021-02-24,846366.1
2021-02-25,779196.5
2021-02-26,713603.2
2021-02-27,650572.3
2021-02-28,590952.0
2021-03-01,536547.5
2021-03-02,487180.9
2021-03-03,742302.1
2021-03-04,1057487.9
2021-03-05,1081637.6
2021-03-06,1106426.7
2021-03-07,1132606.0
2021-03-08,1160309.0
2021-03-09,1189037.5
2021-03-10,1149910.0
2021-03-11,1117321.6
2021-03-12,1087164.8
2021-03-13,1058038.1
2021-03-14,1031026.0
2021-03-15,1005911.8
2021-03-16,982241.2
2021-03-17,1013350.3
2021-03-18,1055125.9
2021-03-19,1048171.2
2021-03-20,1041858.3
2021-03-21,1036750.5
2021-03-22,1033230.5
2021-03-23,1031180.9
2021-03-24,1088382.4
2021-03-25,1154822.2
2021-03-26,1086969.2
2021-03-27,1019953.1
2021-03-28,954620.9
2021-03-29,891846.1
2021-03-30,831406.6
2021-03-31,944789.2
2021-04-01,1066922.4
2021-04-02,1039029.6
2021-04-03,1011491.7
2021-04-04,984357.5
2021-04-05,957930.1
2021-04-06,932487.8
2021-04-07,1044008.8
2021-04-08,1165538.2
2021-04-09,1092030.6
2021-04-10,1020949.1
2021-04-11,952861.9
2021-04-12,887355.1
2021-04-13,1139564.1
2021-04-14,799185.4
2021-04-15,925628.2
2021-04-16,904154.5
2021-04-17,807786.1
2021-04-18,713948.5
2021-04-19,628516.0
2021-04-20,668125.3
2021-04-21,783531.9
2021-04-22,514038.9
2021-04-23,494069.5
2021-04-24,476138.0
2021-04-25,460391.3
2021-04-26,447086.2
2021-04-27,518633.3
2021-04-28,333015.8
2021-04-29,449832.8
2021-04-30,435491.3
2021-05-01,425083.4
2021-05-02,419879.2
2021-05-03,419854.9
2021-05-04,423024.9
2021-05-05,363952.9
2021-05-06,361449.2
2021-05-07,364545.1
2021-05-08,368261.6
2021-05-09,372599.4
2021-05-10,377574.7
2021-05-11,383282.5
2021-05-12,345146.8
2021-05-13,314772.5
2021-05-14,337764.9
2021-05-15,365223.2
2021-05-16,400043.8
2021-05-17,443800.5
2021-05-18,419598.2
2021-05-19,400106.2
2021-05-20,385257.1
2021-05-21,369469.8
2021-05-22,357127.9
2021-05-23,346575.5
2021-05-24,337389.2
2021-05-25,444960.8
2021-05-26,568005.2
2021-05-27,394440.6
2021-05-28,405282.8
2021-05-29,417932.3
2021-05-30,432422.6
2021-05-31,448335.5
2021-06-01,465461.6
2021-06-02,490932.8
2021-06-03,392012.5
2021-06-04,396262.8
2021-06-05,401655.4
2021-06-06,407939.9
2021-06-07,414871.6
2021-06-08,411349.6
2021-06-09,411570.6
2021-06-10,404154.8
2021-06-11,393994.0
2021-06-12,385086.5
2021-06-13,377673.1
2021-06-14,372295.7
2021-06-15,411141.6
2021-06-16,460691.0
2021-06-17,399476.0
2021-06-18,404783.0
2021-06-19,412617.4
2021-06-20,422810.1
2021-06-21,435006.9
2021-06-22,449363.6
2021-06-23,415802.1
2021-06-24,399051.2
2021-06-25,296632.1
2021-06-26,316189.5
2021-06-27,338435.6
2021-06-28,363922.0
2021-06-29,374827.2
2021-06-30,405260.6
2021-07-01,390667.3
2021-07-02,378406.3
2021-07-03,369062.2
2021-07-04,362379.5
2021-07-05,358069.8
2021-07-06,355781.2
2021-07-07,330709.5
2021-07-08,328862.6
2021-07-09,325990.7
2021-07-10,326155.7
2021-07-11,330538.4
2021-07-12,338968.5
2021-07-13,350882.5
2021-07-14,328239.7
2021-07-15,308844.7
2021-07-16,313357.2
2021-07-17,318523.7
2021-07-18,324545.7
2021-07-19,331504.9
2021-07-20,339262.4
2021-07-21,338418.4
2021-07-22,357396.9
2021-07-23,361342.7
2021-07-24,368209.2
2021-07-25,378639.6
2021-07-26,392560.4
2021-07-27,410093.3
2021-07-28,304007.3
2021-07-29,236102.8
2021-07-30,254420.4
2021-07-31,277296.0
2021-08-01,306683.4
2021-08-02,343679.6
2021-08-03,389033.3
2021-08-04,339013.3
2021-08-05,321252.5
2021-08-06,291940.3
2021-08-07,268395.1
2021-08-08,249514.4
2021-08-09,234369.2
2021-08-10,222277.7
2021-08-11,209186.9
2021-08-12,196968.5
2021-08-13,202937.0
2021-08-14,209136.8
2021-08-15,215550.2
2021-08-16,222187.2
2021-08-17,229063.0
2021-08-18,234654.6
2021-08-19,251987.6
2021-08-20,236567.8
2021-08-21,224644.1
2021-08-22,215604.7
2021-08-23,208783.9
2021-08-24,203627.9
2021-08-25,193116.3
2021-08-26,183139.2
2021-08-27,187840.5
2021-08-28,194146.7
2021-08-29,203953.5
2021-08-30,221259.5
2021-08-31,248929.0
2021-09-01,245864.1
2021-09-02,246059.0
2021-09-03,251242.6
2021-09-04,260075.4
2021-09-05,255187.9
2021-09-06,251145.6
2021-09-07,247910.7
2021-09-08,245666.7
2021-09-09,288838.1
2021-09-10,352817.4
2021-09-11,322095.2
2021-09-12,295119.0
2021-09-13,271672.6
2021-09-14,251757.7
2021-09-15,256751.2
2021-09-16,269830.1
2021-09-17,266356.2
2021-09-18,264133.2
2021-09-19,262995.8
2021-09-20,262881.0
2021-09-21,263736.3
2021-09-22,280048.0
2021-09-23,309252.2
2021-09-24,307027.6
2021-09-25,305530.1
2021-09-26,304850.3
2021-09-27,304895.2
2021-09-28,305557.4
2021-09-29,307039.2
2021-09-30,204653.5
2021-10-01,216907.9
2021-10-02,230167.5
2021-10-03,244576.1
2021-10-04,260849.9
2021-10-05,278663.5
2021-10-06,302074.7
2021-10-07,329442.1
2021-10-08,320037.3
2021-10-09,311064.3
2021-10-10,302515.0
2021-10-11,294430.2
2021-10-12,286838.7
2021-10-13,279726.5
2021-10-14,248196.6
2021-10-15,256827.6
2021-10-16,266124.1
2021-10-17,276121.0
2021-10-18,286907.9
2021-10-19,298770.3
2021-10-20,281296.9
2021-10-21,275404.9
2021-10-22,288291.1
2021-10-23,304133.8
2021-10-24,322911.9
2021-10-25,344503.9
2021-10-26,368083.1
2021-10-27,362702.5
2021-10-28,357448.7
2021-10-29,352394.5
2021-10-30,347524.3
2021-10-31,342895.9
2021-11-01,338589.4
2021-11-02,334630.1
2021-11-03,341821.1
2021-11-04,351778.4
2021-11-05,344427.6
2021-11-06,337259.5
2021-11-07,330253.0
2021-11-08,323420.1
2021-11-09,316789.0
2021-11-10,325838.0
2021-11-11,335102.5
2021-11-12,344534.9
2021-11-13,354077.9
2021-11-14,363709.0
2021-11-15,373432.4
2021-11-16,383281.9
2021-11-17,375395.3
2021-11-18,367653.6
2021-11-19,360007.2
2021-11-20,352467.8
2021-11-21,345115.3
2021-11-22,337993.9
2021-11-23,331058.8
2021-11-24,303490.3
2021-11-25,304652.4
2021-11-26,305993.9
2021-11-27,307491.2
2021-11-28,309139.7
2021-11-29,310933.1
2021-11-30,312895.0
2021-12-01,280761.9
2021-12-02,254802.9
2021-12-03,271297.8
2021-12-04,289773.6
2021-12-05,310287.9
2021-12-06,332933.8
2021-12-07,357522.6
2021-12-08,389322.7
2021-12-09,422522.5
2021-12-10,399734.6
2021-12-11,377703.6
2021-12-12,356909.5
2021-12-13,337759.7
2021-12-14,319953.2
2021-12-15,321639.3
2021-12-16,323475.0
2021-12-17,325446.7
2021-12-18,327583.9
2021-12-19,329899.5
2021-12-20,332423.7
2021-12-21,335166.1
2021-12-22,340262.3
2021-12-23,321938.7
2021-12-24,304749.2
2021-12-25,288961.1
2021-12-26,274567.8
2021-12-27,261583.8
2021-12-28,250014.6
2021-12-29,320134.2
2021-12-30,317764.1
2021-12-31,315698.7
2022-01-01,313986.1
2022-01-02,312628.4
2022-01-03,311678.7
2022-01-04,311114.2
2022-01-05,321968.4
2022-01-06,333328.1
2022-01-07,345333.3
2022-01-08,357982.6
2022-01-09,371146.9
2022-01-10,384764.5
2022-01-11,398680.6
2022-01-12,368117.4
2022-01-13,348203.3
2022-01-14,365583.9
2022-01-15,384904.9
2022-01-16,405840.5
2022-01-17,428448.1
2022-01-18,452588.5
2022-01-19,477709.7
2022-01-20,489928.0
2022-01-21,502923.3
2022-01-22,516778.7
2022-01-23,531381.5
2022-01-24,546574.1
2022-01-25,562310.5
2022-01-26,474247.8
2022-01-27,398104.7
2022-01-28,409097.0
2022-01-29,420546.9
2022-01-30,432653.9
2022-01-31,445427.5
2022-02-01,458766.9
2022-02-02,448123.7
2022-02-03,437894.2
2022-02-04,428119.3
2022-02-05,418860.2
2022-02-06,409994.2
2022-02-07,401436.4
2022-02-08,354498.8
2022-02-09,405649.2
2022-02-10,463007.9
2022-02-11,452970.8
2022-02-12,443077.5
2022-02-13,433371.7
2022-02-14,423865.6
2022-02-15,414562.0
2022-02-16,407690.2
2022-02-17,401033.5
2022-02-18,394671.8
2022-02-19,388553.9
2022-02-20,382643.2
2022-02-21,376927.6
2022-02-22,371403.6
2022-02-23,366055.1
2022-02-24,360866.9
2022-02-25,371441.9
2022-02-26,382769.1
2022-02-27,394804.7
2022-02-28,407674.9
2022-03-01,421552.2
2022-03-02,538279.5
2022-03-03,550249.5
2022-03-04,563037.8
2022-03-05,576412.9
2022-03-06,590386.4
2022-03-07,605050.7
2022-03-08,620326.2
2022-03-09,636094.0
2022-03-10,446312.2
2022-03-11,439421.0
2022-03-12,432855.5
2022-03-13,426682.1
2022-03-14,421030.8
2022-03-15,415805.7
2022-03-16,516540.4
2022-03-17,474437.8
2022-03-18,495844.7
2022-03-19,518163.2
2022-03-20,541303.8
2022-03-21,565216.6
2022-03-22,590022.6
2022-03-23,524422.8
2022-03-24,303992.0
2022-03-25,354126.9
2022-03-26,414107.9
2022-03-27,483477.6
2022-03-28,558339.4
2022-03-29,636185.3
2022-03-30,469236.8
2022-03-31,472339.2
2022-04-01,476006.6
2022-04-02,480634.3
2022-04-03,486245.0
2022-04-04,492545.5
2022-04-05,499309.1
2022-04-06,558228.6
2022-04-07,623576.8
2022-04-08,649131.5
2022-04-09,675483.2
2022-04-10,702391.7
2022-04-11,729792.4
2022-04-12,757720.6
2022-04-13,746362.9
2022-04-14,735052.6
2022-04-15,723782.5
2022-04-16,712552.6
2022-04-17,701363.0
2022-04-18,690210.7
2022-04-19,679093.7
2022-04-20,668011.2
2022-04-21,656964.1
2022-04-22,645951.2
2022-04-23,634975.8
2022-04-24,624046.6
2022-04-25,613177.2
2022-04-26,602381.5
2022-04-27,601274.0
2022-04-28,600562.7
2022-04-29,600066.9
2022-04-30,599694.5
2022-05-01,599421.9
2022-05-02,599250.6
2022-05-03,599164.4
2022-05-04,497114.7
2022-05-05,500548.9
2022-05-06,504232.7
2022-05-07,508174.7
2022-05-08,512339.5
2022-05-09,516682.1
2022-05-10,521179.2
2022-05-11,547723.5
2022-05-12,576565.2
2022-05-13,569249.0
2022-05-14,562033.2
2022-05-15,554919.2
2022-05-16,547911.2
2022-05-17,541016.1
2022-05-18,534256.0
2022-05-19,601501.5
2022-05-20,590251.5
2022-05-21,579359.8
2022-05-22,568941.5
2022-05-23,558982.0
2022-05-24,549466.2
2022-05-25,531930.3
2022-05-26,514662.1
2022-05-27,497690.2
2022-05-28,481025.1
2022-05-29,464737.6
2022-05-30,448996.7
2022-05-31,433825.7
2022-06-01,419181.9
2022-06-02,438875.6
2022-06-03,459776.3
2022-06-04,481837.8
2022-06-05,504745.0
2022-06-06,528300.7
2022-06-07,527262.9
2022-06-08,459438.9
2022-06-09,398679.8
2022-06-10,418032.2
2022-06-11,438138.3
2022-06-12,458811.3
2022-06-13,479916.7
2022-06-14,501422.8
2022-06-15,523281.0
2022-06-16,545357.2
2022-06-17,537900.2
2022-06-18,530578.9
2022-06-19,523410.6
2022-06-20,516421.8
2022-06-21,509674.5
2022-06-22,503191.6
2022-06-23,510157.9
2022-06-24,517311.8
2022-06-25,524669.8
2022-06-26,532258.7
2022-06-27,540087.0
2022-06-28,548137.7
2022-06-29,469070.1
2022-06-30,398519.8
2022-07-01,436321.8
2022-07-02,476135.5
2022-07-03,517791.7
2022-07-04,560951.2
2022-07-05,605561.6
2022-07-06,579064.2
2022-07-07,553226.5
2022-07-08,528112.5
2022-07-09,503877.0
2022-07-10,480774.1
2022-07-11,458601.2
2022-07-12,437542.3
2022-07-13,417466.4
2022-07-14,398267.6
2022-07-15,413725.5
2022-07-16,430652.3
2022-07-17,449241.1
2022-07-18,469861.4
2022-07-19,491883.8
2022-07-20,568953.7
2022-07-21,651857.9
2022-07-22,645504.5
2022-07-23,639248.8
2022-07-24,633094.9
2022-07-25,627045.4
2022-07-26,621122.8
2022-07-27,634287.9
2022-07-28,647820.4
2022-07-29,614374.0
2022-07-30,581577.9
2022-07-31,549752.4
2022-08-01,518966.9
2022-08-02,489502.4
2022-08-03,525698.2
2022-08-04,566577.1
2022-08-05,576090.1
2022-08-06,586108.6
2022-08-07,596595.0
2022-08-08,607514.3
2022-08-09,618854.1
2022-08-10,500996.5
2022-08-11,392315.2
2022-08-12,412552.6
2022-08-13,434506.5
2022-08-14,457678.0
2022-08-15,482010.3
2022-08-16,507975.8
2022-08-17,511434.8
2022-08-18,516414.5
2022-08-19,516360.6
2022-08-20,516697.4
2022-08-21,517496.7
2022-08-22,518558.2
2022-08-23,519844.5
2022-08-24,441857.5
2022-08-25,375134.4
2022-08-26,400948.2
2022-08-27,429530.0
2022-08-28,460222.5
2022-08-29,492429.7
2022-08-30,525856.0
2022-08-31,480674.1
2022-09-01,439272.9
2022-09-02,451766.2
2022-09-03,464776.1
2022-09-04,478331.5
2022-09-05,492400.9
2022-09-06,506826.7
2022-09-07,439421.3
2022-09-08,380288.5
2022-09-09,406277.4
2022-09-10,433632.6
2022-09-11,462203.4
2022-09-12,491903.2
2022-09-13,522433.6
2022-09-14,479895.2
2022-09-15,439310.9
2022-09-16,428703.4
2022-09-17,418396.1
2022-09-18,408519.1
2022-09-19,399109.1
2022-09-20,390199.0
2022-09-21,381775.4
2022-09-22,411608.3
2022-09-23,438089.7
2022-09-24,467917.6
2022-09-25,500506.5
2022-09-26,535555.5
2022-09-27,571902.9
2022-09-28,486024.1
2022-09-29,411968.3
2022-09-30,420775.4
2022-10-01,429789.0
2022-10-02,438973.3
2022-10-03,448300.1
2022-10-04,457753.6
2022-10-05,461227.1
2022-10-06,464791.4
2022-10-07,468464.7
2022-10-08,472255.8
2022-10-09,476155.9
2022-10-10,480133.7
2022-10-11,484182.7
2022-10-12,488293.7
2022-10-13,454746.1
2022-10-14,468372.4
2022-10-15,482459.6
2022-10-16,496955.1
2022-10-17,511813.5
2022-10-18,527019.8
2022-10-19,437328.4
2022-10-20,358847.1
2022-10-21,391812.6
2022-10-22,426848.0
2022-10-23,464092.1
2022-10-24,503286.7
2022-10-25,544196.5
2022-10-26,507109.5
2022-10-27,472044.3
2022-10-28,489737.8
2022-10-29,507907.8
2022-10-30,526561.9
2022-10-31,545708.8
2022-11-01,565238.6
2022-11-02,442211.4
2022-11-03,341336.7
2022-11-04,332278.9
2022-11-05,323614.4
2022-11-06,315280.5
2022-11-07,307276.0
2022-11-08,299661.3
2022-11-09,357050.9
2022-11-10,377530.7
2022-11-11,400118.9
2022-11-12,424782.8
2022-11-13,451484.3
2022-11-14,479890.9
2022-11-15,509784.9
2022-11-16,494957.8
2022-11-17,482187.6
2022-11-18,489673.0
2022-11-19,497349.8
2022-11-20,505214.3
2022-11-21,513268.0
2022-11-22,521500.6
2022-11-23,489888.3
2022-11-24,459486.2
2022-11-25,430315.9
2022-11-26,402566.6
2022-11-27,376366.5
2022-11-28,351660.3
2022-11-29,328553.9
2022-11-30,375108.5
2022-12-01,430064.9
2022-12-02,395957.0
2022-12-03,364518.5
2022-12-04,336089.4
2022-12-05,310080.6
2022-12-06,286249.4
2022-12-07,298165.2
2022-12-08,311549.0
2022-12-09,335998.1
2022-12-10,362306.4
2022-12-11,390561.4
2022-12-12,420499.3
2022-12-13,452144.5
2022-12-14,368592.7
2022-12-15,301496.4
2022-12-16,334163.5
2022-12-17,371903.1
2022-12-18,415161.8
2022-12-19,463822.3
2022-12-20,516714.3
2022-12-21,518030.9
2022-12-22,519435.2
2022-12-23,520934.0
2022-12-24,522526.3
2022-12-25,524210.4
2022-12-26,525994.1
2022-12-27,527880.0
2022-12-28,529883.4
2022-12-29,509502.8
2022-12-30,489566.8
2022-12-31,470170.8
2023-01-01,451389.6
2023-01-02,433319.7
2023-01-03,415998.7
2023-01-04,399345.8
2023-01-05,383352.5
2023-01-06,395719.2
2023-01-07,408619.6
2023-01-08,422147.0
2023-01-09,436197.3
2023-01-10,450853.2
2023-01-11,411330.8
2023-01-12,381503.3
2023-01-13,404059.9
2023-01-14,428148.2
2023-01-15,453963.6
2023-01-16,481965.9
2023-01-17,512961.9
2023-01-18,546597.2
2023-01-19,582315.8
2023-01-20,525225.5
2023-01-21,472192.4
2023-01-22,424563.5
2023-01-23,382291.5
2023-01-24,345015.9
2023-01-25,445464.6
2023-01-26,574876.7
2023-01-27,558852.5
2023-01-28,542995.4
2023-01-29,527326.5
2023-01-30,511888.3
2023-01-31,496737.5
2023-02-01,481911.4
2023-02-02,467443.7
2023-02-03,453376.9
2023-02-04,439721.6
2023-02-05,426501.7
2023-02-06,413716.9
2023-02-07,401385.2
2023-02-08,389451.5
2023-02-09,377870.2
2023-02-10,366633.1
2023-02-11,355738.7
2023-02-12,345163.6
2023-02-13,334908.9
2023-02-14,324976.9
2023-02-15,332478.3
2023-02-16,340322.0
2023-02-17,348542.9
2023-02-18,357174.6
2023-02-19,366266.7
2023-02-20,375795.4
2023-02-21,385753.8
2023-02-22,396158.9
2023-02-23,386791.4
2023-02-24,377830.6
2023-02-25,369285.1
2023-02-26,361126.2
2023-02-27,353340.5
2023-02-28,345905.4
2023-03-01,338802.4
2023-03-02,348913.9
2023-03-03,359502.1
2023-03-04,370648.5
2023-03-05,382362.6
2023-03-06,394638.2
2023-03-07,407478.4
2023-03-08,420893.4
2023-03-09,434817.8
2023-03-10,449165.0
2023-03-11,463890.5
2023-03-12,478982.3
2023-03-13,494432.8
2023-03-14,510217.2
2023-03-15,495317.9
2023-03-16,480929.7
2023-03-17,467123.7
2023-03-18,453904.6
2023-03-19,441307.3
2023-03-20,429369.4
2023-03-21,418077.0
2023-03-22,427366.4
2023-03-23,438448.9
2023-03-24,449041.1
2023-03-25,460146.9
2023-03-26,471761.1
2023-03-27,483841.1
2023-03-28,496384.6
2023-03-29,509290.3
2023-03-30,486165.5
2023-03-31,464627.8
2023-04-01,444413.6
2023-04-02,425435.7
2023-04-03,407855.0
2023-04-04,391532.0
2023-04-05,462663.4
2023-04-06,548017.1
2023-04-07,529602.8
2023-04-08,511514.0
2023-04-09,493798.7
2023-04-10,476570.5
2023-04-11,460055.2
2023-04-12,444450.5
2023-04-13,429828.2
2023-04-14,469005.9
2023-04-15,511877.1
2023-04-16,556936.9
2023-04-17,603675.3
2023-04-18,651499.3
2023-04-19,568595.4
2023-04-20,390315.6
2023-04-21,500949.4
2023-04-22,501665.1
2023-04-23,504475.2
2023-04-24,509426.3
2023-04-25,516467.3
2023-04-26,507517.2
2023-04-27,498827.6
2023-04-28,490431.1
2023-04-29,482374.0
2023-04-30,474684.3
2023-05-01,467402.0
2023-05-02,460550.5
2023-05-03,432075.4
2023-05-04,414124.4
2023-05-05,423278.1
2023-05-06,432712.4
2023-05-07,442488.7
2023-05-08,452642.8
2023-05-09,463118.1
2023-05-10,481392.5
2023-05-11,508543.0
2023-05-12,469664.4
2023-05-13,433241.8
2023-05-14,399643.7
2023-05-15,369014.6
2023-05-16,341699.6
2023-05-17,439770.0
2023-05-18,431781.8
2023-05-19,424575.5
2023-05-20,418371.3
2023-05-21,413167.4
2023-05-22,408753.4
2023-05-23,405044.6
2023-05-24,429520.6
2023-05-25,461986.7
2023-05-26,460150.6
2023-05-27,458402.5
2023-05-28,456747.8
2023-05-29,455189.8
2023-05-30,453726.8
2023-05-31,452367.7
2023-06-01,451113.1
2023-06-02,468200.6
2023-06-03,486887.7
2023-06-04,506864.4
2023-06-05,527726.8
2023-06-06,549255.7
2023-06-07,503638.0
2023-06-08,464973.3
2023-06-09,447452.4
2023-06-10,431381.2
2023-06-11,417139.7
2023-06-12,404907.4
2023-06-13,394814.4
2023-06-14,395929.6
2023-06-15,408445.1
2023-06-16,410229.5
2023-06-17,412293.6
2023-06-18,414622.3
2023-06-19,417230.1
2023-06-20,420112.3
2023-06-21,423222.0
2023-06-22,402870.2
2023-06-23,414301.5
2023-06-24,427835.6
2023-06-25,443688.5
2023-06-26,461679.7
2023-06-27,481245.0
2023-06-28,432799.3
2023-06-29,396576.1
2023-06-30,396700.0
2023-07-01,397685.5
2023-07-02,399777.5
2023-07-03,402599.3
2023-07-04,405517.0
2023-07-05,416902.7
2023-07-06,393604.1
2023-07-07,371763.8
2023-07-08,351383.4
2023-07-09,333159.2
2023-07-10,319756.2
2023-07-11,344777.0
2023-07-12,379347.8
2023-07-13,418875.3
2023-07-14,371099.3
2023-07-15,327587.1
2023-07-16,291293.1
2023-07-17,264699.4
2023-07-18,298578.0
2023-07-19,337288.1
2023-07-20,242254.1
2023-07-21,255946.2
2023-07-22,270481.1
2023-07-23,285948.6
2023-07-24,302446.3
2023-07-25,319932.8
2023-07-26,324527.0
2023-07-27,330015.4
2023-07-28,320059.2
2023-07-29,310571.0
2023-07-30,301663.2
2023-07-31,293385.9
2023-08-01,285763.4
2023-08-02,321618.1
2023-08-03,363129.1
2023-08-04,359662.9
2023-08-05,356320.4
2023-08-06,353111.9
2023-08-07,350044.0
2023-08-08,347132.0
2023-08-09,283591.6
2023-08-10,235050.0
2023-08-11,240335.0
2023-08-12,246338.6
2023-08-13,253130.8
2023-08-14,260849.0
2023-08-15,269783.5
2023-08-16,311067.0
2023-08-17,358335.5
2023-08-18,331845.1
2023-08-19,307378.4
2023-08-20,284953.8
2023-08-21,264383.2
2023-08-22,245349.9
2023-08-23,227865.1
2023-08-24,341881.1
2023-08-25,329663.8
2023-08-26,317902.2
2023-08-27,306667.7
2023-08-28,295914.3
2023-08-29,285657.4
2023-08-30,280596.2
2023-08-31,277387.4
2023-09-01,290754.9
2023-09-02,304841.2
2023-09-03,319560.4
2023-09-04,334901.5
2023-09-05,350929.2
2023-09-06,295056.1
2023-09-07,249885.8
2023-09-08,255754.1
2023-09-09,262130.6
2023-09-10,269110.4
2023-09-11,276686.6
2023-09-12,284870.8
2023-09-13,279083.7
2023-09-14,273486.0
2023-09-15,268103.0
2023-09-16,262965.6
2023-09-17,258120.2
2023-09-18,253626.1
2023-09-19,249420.1
2023-09-20,266271.8
2023-09-21,285449.2
2023-09-22,297278.2
2023-09-23,310392.7
2023-09-24,324926.2
2023-09-25,340735.2
2023-09-26,357724.2
2023-09-27,310808.8
2023-09-28,272163.5
2023-09-29,270735.2
2023-09-30,269540.3
2023-10-01,268564.8
2023-10-02,267840.3
2023-10-03,267401.1
2023-10-04,265380.6
2023-10-05,263732.6
2023-10-06,262443.5
2023-10-07,261443.8
2023-10-08,260692.8
2023-10-09,260184.6
2023-10-10,259913.5
2023-10-11,259876.5
2023-10-12,257019.2
2023-10-13,254448.4
2023-10-14,252171.6
2023-10-15,250334.9
2023-10-16,249031.2
2023-10-17,248485.5
2023-10-18,308744.8
2023-10-19,383069.8
2023-10-20,375497.7
2023-10-21,368043.2
2023-10-22,360717.6
2023-10-23,353576.2
2023-10-24,346597.4
2023-10-25,304642.2
2023-10-26,270337.9
2023-10-27,294065.4
2023-10-28,320430.3
2023-10-29,349470.0
2023-10-30,380971.4
2023-10-31,414208.9
2023-11-01,341621.3
2023-11-02,279849.1
2023-11-03,293602.1
2023-11-04,308098.3
2023-11-05,323243.9
2023-11-06,338991.6
2023-11-07,355440.4
2023-11-08,350041.5
2023-11-09,344926.3
2023-11-10,340034.5
2023-11-11,335358.9
2023-11-12,330910.3
2023-11-13,326716.0
2023-11-14,322835.6
2023-11-15,345609.7
2023-11-16,372393.2
2023-11-17,369835.6
2023-11-18,367609.5
2023-11-19,365787.2
2023-11-20,364251.9
2023-11-21,362920.8
2023-11-22,367931.9
2023-11-23,373085.1
2023-11-24,378343.8
2023-11-25,383707.5
2023-11-26,389204.3
2023-11-27,394872.9
2023-11-28,400682.9
2023-11-29,420262.5
2023-11-30,440771.0
2023-12-01,435567.1
2023-12-02,430458.7
2023-12-03,425447.8
2023-12-04,420522.1
2023-12-05,415683.1
2023-12-06,354893.3
2023-12-07,301528.3
2023-12-08,313619.8
2023-12-09,326220.0
2023-12-10,339276.1
2023-12-11,352842.2
2023-12-12,367008.1
2023-12-13,401951.6
2023-12-14,439306.8
2023-12-15,430906.3
2023-12-16,422842.9
2023-12-17,415112.2
2023-12-18,407633.2
2023-12-19,400363.9
2023-12-20,416629.1
2023-12-21,434685.3
2023-12-22,415330.4
2023-12-23,396831.5
2023-12-24,379344.3
2023-12-25,362682.6
2023-12-26,346891.1
2023-12-27,331950.3
2023-12-28,383137.6
2023-12-29,441771.3
2023-12-30,419975.2
2023-12-31,399207.8
2024-01-01,379501.8
2024-01-02,360925.4
2024-01-03,340294.7
2024-01-04,321796.3
2024-01-05,332035.6
2024-01-06,342795.2
2024-01-07,354012.3
2024-01-08,365595.9
2024-01-09,377500.8
2024-01-10,389713.0
2024-01-11,402227.2
2024-01-12,416532.3
2024-01-13,431282.6
2024-01-14,446512.7
2024-01-15,462210.6
2024-01-16,478332.5
2024-01-17,494817.0
2024-01-18,501897.4
2024-01-19,509064.2
2024-01-20,516320.2
2024-01-21,523664.9
2024-01-22,531105.7
2024-01-23,538638.3
2024-01-24,546266.3
2024-01-25,553992.3
2024-01-26,561817.4
2024-01-27,569743.5
2024-01-28,577775.3
2024-01-29,585891.1
2024-01-30,594080.5
2024-01-31,556521.7
2024-02-01,520770.6
2024-02-02,514290.3
2024-02-03,507960.4
2024-02-04,501766.6
2024-02-05,495695.2
2024-02-06,489743.0
2024-02-07,515891.1
2024-02-08,543164.2
2024-02-09,528686.5
2024-02-10,514525.8
2024-02-11,500659.8
2024-02-12,487095.1
2024-02-13,473820.9
2024-02-14,460844.3
2024-02-15,448154.3
2024-02-16,466016.0
2024-02-17,484462.8
2024-02-18,503528.1
2024-02-19,523141.7
2024-02-20,543301.3
2024-02-21,564084.3
2024-02-22,570296.6
2024-02-23,577315.0
2024-02-24,585145.9
2024-02-25,593744.7
2024-02-26,603091.3
2024-02-27,613135.2
2024-02-28,597044.4
2024-02-29,581812.0
2024-03-01,567413.1
2024-03-02,553986.7
2024-03-03,541640.5
2024-03-04,530364.5
2024-03-05,519969.4
2024-03-06,451699.4
2024-03-07,387583.1
2024-03-08,387920.4
2024-03-09,388340.3
2024-03-10,388841.1
2024-03-11,389438.6
2024-03-12,390143.0
2024-03-13,397923.8
2024-03-14,405803.8
2024-03-15,413777.0
2024-03-16,421838.0
2024-03-17,429981.6
2024-03-18,438203.4
2024-03-19,446506.2
2024-03-20,463822.6
2024-03-21,482195.4
2024-03-22,487444.6
2024-03-23,492809.4
2024-03-24,498288.8
2024-03-25,503864.6
2024-03-26,509537.0
2024-03-27,515303.7
2024-03-28,521165.2
2024-03-29,526923.2
2024-03-30,532778.3
2024-03-31,538745.1
2024-04-01,544830.4
2024-04-02,551015.2
2024-04-03,520085.6
2024-04-04,491089.7
2024-04-05,485076.3
2024-04-06,479147.2
2024-04-07,473311.4
2024-04-08,467566.8
2024-04-09,461917.0
2024-04-10,456371.6
2024-04-11,450925.2
2024-04-12,435851.2
2024-04-13,421119.6
2024-04-14,406746.2
2024-04-15,392836.7
2024-04-16,379619.0
2024-04-17,382215.4
2024-04-18,385141.4
2024-04-19,388445.1
2024-04-20,392127.6
2024-04-21,396200.8
2024-04-22,400700.3
2024-04-23,405679.9
2024-04-24,493435.2
2024-04-25,415142.9
2024-04-26,507168.1
2024-04-27,436798.2
2024-04-28,373292.2
2024-04-29,317323.0
2024-04-30,270514.4
2024-05-01,291675.8
2024-05-02,315001.7
2024-05-03,340469.5
2024-05-04,367651.8
2024-05-05,396127.3
2024-05-06,425708.1
2024-05-07,456305.5
2024-05-08,495146.2
2024-05-09,544666.5
2024-05-10,488900.4
2024-05-11,435729.5
2024-05-12,386034.6
2024-05-13,341390.4
2024-05-14,303231.5
2024-05-15,305922.1
2024-05-16,311213.4
2024-05-17,309097.7
2024-05-18,307283.2
2024-05-19,305782.1
2024-05-20,304627.6
2024-05-21,303869.3
2024-05-22,367370.0
2024-05-23,441713.0
2024-05-24,434911.4
2024-05-25,428319.7
2024-05-26,421903.7
2024-05-27,415719.7
2024-05-28,409803.3
2024-05-29,404136.8
2024-05-30,334906.9
2024-05-31,337851.9
2024-06-01,342671.2
2024-06-02,349258.8
2024-06-03,357581.6
2024-06-04,367634.2
2024-06-05,357308.2
2024-06-06,347335.3
2024-06-07,337699.7
2024-06-08,328377.6
2024-06-09,319354.7
2024-06-10,310605.4
2024-06-11,302124.5
2024-06-12,293908.2
2024-06-13,285980.8
2024-06-14,290249.4
2024-06-15,294708.1
2024-06-16,299349.0
2024-06-17,304155.4
2024-06-18,309126.5
2024-06-19,314254.2
2024-06-20,319547.8
2024-06-21,325046.4
2024-06-22,330729.7
2024-06-23,336576.3
2024-06-24,342578.9
2024-06-25,309377.9
2024-06-26,281545.4
2024-06-27,259130.9
2024-06-28,271076.2
2024-06-29,284203.8
2024-06-30,298782.6
2024-07-01,315339.6
2024-07-02,334047.8
2024-07-03,344520.2
2024-07-04,356573.0
2024-07-05,370021.9
2024-07-06,384664.5
2024-07-07,400221.6
2024-07-08,416425.2
2024-07-09,433136.4
2024-07-10,428057.8
2024-07-11,423023.1
2024-07-12,418035.0
2024-07-13,413098.3
2024-07-14,408215.5
2024-07-15,403396.1
2024-07-16,398647.0
2024-07-17,393980.7
2024-07-18,389403.5
2024-07-19,384921.0
2024-07-20,380551.3
2024-07-21,376300.2
2024-07-22,372164.6
2024-07-23,368147.3
2024-07-24,364246.7
2024-07-25,360476.6
2024-07-26,356846.7
2024-07-27,353358.5
2024-07-28,350027.5
2024-07-29,346846.4
2024-07-30,343810.6
2024-07-31,340917.6
2024-08-01,338160.9
2024-08-02,327816.7
2024-08-03,318927.4
2024-08-04,311176.2
2024-08-05,304182.4
2024-08-06,297896.0
2024-08-07,327643.5
2024-08-08,362886.4
2024-08-09,350091.6
2024-08-10,338516.9
2024-08-11,328012.1
2024-08-12,318356.4
2024-08-13,309531.9
2024-08-14,298886.1
2024-08-15,290070.3
2024-08-16,294976.6
2024-08-17,300167.0
2024-08-18,305673.5
2024-08-19,311544.8
2024-08-20,317920.1
2024-08-21,320490.9
2024-08-22,327546.8
2024-08-23,320262.1
2024-08-24,313792.4
2024-08-25,308014.3
2024-08-26,302872.4
2024-08-27,298236.5
2024-08-28,310690.6
2024-08-29,327002.8
2024-08-30,318308.1
2024-08-31,310055.7
2024-09-01,302223.1
2024-09-02,294828.9
2024-09-03,287830.9
2024-09-04,281160.2
2024-09-05,333911.8
2024-09-06,350225.9
2024-09-07,369495.2
2024-09-08,391869.1
2024-09-09,417449.3
2024-09-10,445840.7
2024-09-11,476289.5
2024-09-12,508781.8
2024-09-13,452920.6
2024-09-14,402369.7
2024-09-15,357584.2
2024-09-16,319998.0
2024-09-17,289088.5
2024-09-18,283900.9
2024-09-19,282739.2
2024-09-20,292923.6
2024-09-21,304081.5
2024-09-22,316145.9
2024-09-23,329318.2
2024-09-24,344172.0
2024-09-25,335784.6
2024-09-26,331140.5
2024-09-27,326151.5
2024-09-28,321547.7
2024-09-29,317367.0
2024-09-30,313598.5
2024-10-01,310280.4
2024-10-02,304185.1
2024-10-03,299644.6
2024-10-04,302453.5
2024-10-05,305587.5
2024-10-06,309065.8
2024-10-07,312904.6
2024-10-08,317134.6
2024-10-09,319052.6
2024-10-10,321212.1
2024-10-11,323563.2
2024-10-12,326088.8
2024-10-13,328768.9
2024-10-14,331603.6
2024-10-15,334604.3
2024-10-16,325311.0
2024-10-17,320867.8
2024-10-18,315785.3
2024-10-19,311547.8
2024-10-20,308087.0
2024-10-21,305239.1
2024-10-22,302951.9
2024-10-23,288727.1
2024-10-24,277045.7
2024-10-25,287984.0
2024-10-26,299610.0
2024-10-27,312062.3
2024-10-28,325455.7
2024-10-29,339814.3
2024-10-30,321579.1
2024-10-31,307132.4
2024-11-01,308597.8
2024-11-02,310419.2
2024-11-03,312649.8
2024-11-04,315171.2
2024-11-05,317986.0
2024-11-06,317115.6
2024-11-07,319722.1
2024-11-08,322610.0
2024-11-09,325857.8
2024-11-10,329569.9
2024-11-11,333937.8
2024-11-12,339341.2
2024-11-13,346145.3
2024-11-14,325048.2
2024-11-15,306198.4
2024-11-16,289161.3
2024-11-17,273390.8
2024-11-18,258716.4
2024-11-19,245060.9
2024-11-20,310997.7
2024-11-21,401660.9
2024-11-22,395101.1
2024-11-23,389113.9
2024-11-24,383894.9
2024-11-25,379438.6
2024-11-26,375569.0
2024-11-27,369933.8
2024-11-28,364463.1
2024-11-29,359155.7
2024-11-30,354005.5
2024-12-01,349011.6
2024-12-02,344170.9
2024-12-03,339500.3
2024-12-04,360885.9
2024-12-05,386889.2
2024-12-06,395564.8
2024-12-07,404862.1
2024-12-08,414765.5
2024-12-09,425232.3
2024-12-10,436179.7
2024-12-11,447578.3
2024-12-12,459461.8
2024-12-13,451066.7
2024-12-14,444346.5
2024-12-15,438626.6
2024-12-16,433495.6
2024-12-17,428756.1
2024-12-18,402099.4
2024-12-19,380873.2
2024-12-20,384786.3
2024-12-21,389134.6
2024-12-22,393903.0
2024-12-23,399483.3
2024-12-24,404626.4
2024-12-25,409947.6
2024-12-26,415434.9
2024-12-27,421085.3
2024-12-28,426879.2
2024-12-29,432792.8
2024-12-30,438817.1
2024-12-31,444962.9
2025-01-01,458543.7
2025-01-02,475923.9
2025-01-03,459021.1
2025-01-04,442499.4
2025-01-05,426397.5
2025-01-06,410749.7
2025-01-07,395561.3
2025-01-08,380823.3
2025-01-09,366523.6
2025-01-10,352670.7
2025-01-11,339289.4
2025-01-12,326377.2
2025-01-13,313907.6
2025-01-14,301861.9
2025-01-15,395268.6
2025-01-16,510545.0
2025-01-17,489312.0
2025-01-18,468690.4
2025-01-19,448679.2
2025-01-20,429281.2
2025-01-21,410463.1
2025-01-22,392223.7
2025-01-23,374624.0
2025-01-24,357780.6
2025-01-25,356509.8
2025-01-26,355790.4
2025-01-27,355455.5
2025-01-28,355434.7
2025-01-29,270608.0
2025-01-30,221874.0
2025-01-31,235543.6
2025-02-01,251693.4
2025-02-02,270912.4
2025-02-03,292947.4
2025-02-04,317603.5
2025-02-05,344807.3
2025-02-06,374344.3
2025-02-07,365258.0
2025-02-08,357328.7
2025-02-09,350773.3
2025-02-10,345702.1
2025-02-11,342099.2
2025-02-12,340351.5
2025-02-13,341636.3
2025-02-14,343030.7
2025-02-15,344536.7
2025-02-16,346156.1
2025-02-17,347913.9
2025-02-18,349840.4
2025-02-19,351935.6
2025-02-20,354190.2
2025-02-21,372226.5
2025-02-22,391636.3
2025-02-23,412411.2
2025-02-24,434434.0
2025-02-25,457802.8
2025-02-26,482565.4
2025-02-27,492928.6
2025-02-28,503821.8
2025-03-01,515236.2
2025-03-02,527096.4
2025-03-03,539388.6
2025-03-04,552060.4
2025-03-05,565050.8
2025-03-06,578357.3
2025-03-07,572177.3
2025-03-08,567182.0
2025-03-09,563500.2
2025-03-10,561398.6
2025-03-11,560488.9
2025-03-12,560682.9
2025-03-13,528863.1
2025-03-14,497965.2
2025-03-15,468128.3
2025-03-16,439606.9
2025-03-17,412597.7
2025-03-18,387576.8
2025-03-19,387982.7
2025-03-20,388840.8
2025-03-21,390109.3
2025-03-22,391864.9
2025-03-23,394202.6
2025-03-24,396948.5
2025-03-25,400043.8
2025-03-26,396127.0
2025-03-27,392524.4
2025-03-28,389188.3
2025-03-29,386194.8
2025-03-30,383626.7
2025-03-31,381324.0
2025-04-01,379281.9
2025-04-02,377484.2
2025-04-03,377484.2
2025-04-04,377484.2
2025-04-05,377484.2
2025-04-06,377484.2
2025-04-07,377484.2
2025-04-08,377484.2
2025-04-09,377484.2
2025-04-10,377484.2
