2012-01-01,0.0
2012-01-02,0.0
2012-01-03,3606842.5
2012-01-04,3611999.1
2012-01-05,3643005.6
2012-01-06,3662259.4
2012-01-07,3681513.1
2012-01-08,3700766.9
2012-01-09,3720020.6
2012-01-10,3739274.4
2012-01-11,3758528.1
2012-01-12,3777781.9
2012-01-13,3797035.6
2012-01-14,3816289.4
2012-01-15,3835543.1
2012-01-16,3854796.9
2012-01-17,3874050.6
2012-01-18,4017884.6
2012-01-19,4024932.0
2012-01-20,4024962.1
2012-01-21,4024992.2
2012-01-22,4025022.3
2012-01-23,4025052.4
2012-01-24,4025082.5
2012-01-25,3889793.1
2012-01-26,3886809.7
2012-01-27,3883826.2
2012-01-28,3880748.7
2012-01-29,4023338.8
2012-01-30,3924744.9
2012-01-31,4069552.1
2012-02-01,4295998.6
2012-02-02,4196754.4
2012-02-03,4216983.5
2012-02-04,4237212.7
2012-02-05,4369570.7
2012-02-06,4325921.8
2012-02-07,4366676.0
2012-02-08,4407430.2
2012-02-09,4334693.2
2012-02-10,4268631.6
2012-02-11,4352089.0
2012-02-12,4227590.9
2012-02-13,4318283.0
2012-02-14,4373868.1
2012-02-15,4409784.5
2012-02-16,4482706.9
2012-02-17,4555629.3
2012-02-18,4261209.1
2012-02-19,4295961.4
2012-02-20,4372826.2
2012-02-21,4449690.9
2012-02-22,4526555.6
2012-02-23,4603420.3
2012-02-24,4680285.0
2012-02-25,4393241.1
2012-02-26,4541367.5
2012-02-27,4507612.2
2012-02-28,4473856.8
2012-02-29,4440101.4
2012-03-01,4498500.5
2012-03-02,4500866.4
2012-03-03,4707732.8
2012-03-04,4497580.9
2012-03-05,4557061.6
2012-03-06,4561338.5
2012-03-07,4375483.6
2012-03-08,4720659.4
2012-03-09,4550252.1
2012-03-10,4488096.8
2012-03-11,4729695.6
2012-03-12,4556790.0
2012-03-13,4450310.0
2012-03-14,4423093.3
2012-03-15,4609872.1
2012-03-16,4544255.3
2012-03-17,4684867.2
2012-03-18,4557956.6
2012-03-19,4431046.1
2012-03-20,4620753.4
2012-03-21,4574913.8
2012-03-22,4621133.6
2012-03-23,4648883.1
2012-03-24,4676632.6
2012-03-25,4704382.1
2012-03-26,4509318.8
2012-03-27,4751659.4
2012-03-28,4688180.4
2012-03-29,4415222.8
2012-03-30,4592903.0
2012-03-31,4591176.4
2012-04-01,4589449.8
2012-04-02,4587723.2
2012-04-03,4585996.6
2012-04-04,4600530.5
2012-04-05,4615064.3
2012-04-06,4458104.8
2012-04-07,4531549.4
2012-04-08,4604993.9
2012-04-09,4678438.5
2012-04-10,4494609.3
2012-04-11,4777367.9
2012-04-12,4383384.8
2012-04-13,4622828.1
2012-04-14,4656062.2
2012-04-15,4554451.4
2012-04-16,4452840.6
2012-04-17,4555032.1
2012-04-18,4670380.8
2012-04-19,4566845.2
2012-04-20,4604386.3
2012-04-21,4513645.2
2012-04-22,4422904.1
2012-04-23,4212238.1
2012-04-24,4409850.5
2012-04-25,4349004.1
2012-04-26,4353909.3
2012-04-27,4358814.4
2012-04-28,4358666.3
2012-04-29,4308063.0
2012-04-30,4257459.7
2012-05-01,4267077.4
2012-05-02,4264255.2
2012-05-03,4118715.3
2012-05-04,4193053.5
2012-05-05,4178549.4
2012-05-06,4164045.3
2012-05-07,4149541.2
2012-05-08,4020588.5
2012-05-09,4134781.7
2012-05-10,4017122.5
2012-05-11,4170299.3
2012-05-12,4132886.6
2012-05-13,4095473.8
2012-05-14,4058061.1
2012-05-15,4025305.2
2012-05-16,3992549.3
2012-05-17,3959793.4
2012-05-18,3974311.7
2012-05-19,3988829.9
2012-05-20,4003348.2
2012-05-21,3998977.8
2012-05-22,3994607.4
2012-05-23,3990237.0
2012-05-24,4064767.3
2012-05-25,4069777.6
2012-05-26,4074787.9
2012-05-27,4079798.3
2012-05-28,4084808.6
2012-05-29,4089818.9
2012-05-30,4094829.3
2012-05-31,4099839.6
2012-06-01,4109513.4
2012-06-02,4119187.3
2012-06-03,4128861.1
2012-06-04,4138534.9
2012-06-05,4148208.8
2012-06-06,4185305.2
2012-06-07,4222401.6
2012-06-08,4157659.9
2012-06-09,4092918.2
2012-06-10,4028176.5
2012-06-11,3963434.8
2012-06-12,3898693.1
2012-06-13,3833951.4
2012-06-14,3890252.2
2012-06-15,3822800.9
2012-06-16,3755349.7
2012-06-17,3687898.5
2012-06-18,3620447.3
2012-06-19,3552996.1
2012-06-20,3370500.0
2012-06-21,3188004.0
2012-06-22,3434058.4
2012-06-23,3352144.0
2012-06-24,3270229.6
2012-06-25,3188315.2
2012-06-26,3450275.2
2012-06-27,3410250.2
2012-06-28,3370225.1
2012-06-29,3446864.3
2012-06-30,3342246.0
2012-07-01,3237627.7
2012-07-02,3133009.4
2012-07-03,3116514.5
2012-07-04,3100019.6
2012-07-05,3083524.7
2012-07-06,3068268.0
2012-07-07,3053011.3
2012-07-08,3037754.6
2012-07-09,3022497.9
2012-07-10,2968815.7
2012-07-11,2973184.2
2012-07-12,2977552.7
2012-07-13,2981921.2
2012-07-14,2986289.7
2012-07-15,2990658.2
2012-07-16,2995026.8
2012-07-17,3031790.5
2012-07-18,3068554.3
2012-07-19,3105318.0
2012-07-20,3089835.9
2012-07-21,3074353.8
2012-07-22,3058871.7
2012-07-23,3043389.6
2012-07-24,3027907.5
2012-07-25,3071649.5
2012-07-26,3115391.4
2012-07-27,3159133.3
2012-07-28,3202875.3
2012-07-29,3246617.2
2012-07-30,3290359.2
2012-07-31,3334101.1
2012-08-01,3202366.2
2012-08-02,3070631.2
2012-08-03,3092020.9
2012-08-04,3113410.6
2012-08-05,3134800.3
2012-08-06,3156190.0
2012-08-07,3177579.6
2012-08-08,3198969.3
2012-08-09,3161397.9
2012-08-10,3123826.4
2012-08-11,3086254.9
2012-08-12,3048683.4
2012-08-13,3011111.9
2012-08-14,2973540.5
2012-08-15,3078806.5
2012-08-16,3184072.6
2012-08-17,3139786.9
2012-08-18,3095501.2
2012-08-19,3051215.5
2012-08-20,3006929.8
2012-08-21,2962644.1
2012-08-22,2970223.8
2012-08-23,2977803.5
2012-08-24,2985383.2
2012-08-25,2992963.0
2012-08-26,3000542.7
2012-08-27,3008122.4
2012-08-28,3015702.1
2012-08-29,3023281.8
2012-08-30,3030861.6
2012-08-31,3038441.3
2012-09-01,3046021.0
2012-09-02,3053600.7
2012-09-03,3061180.5
2012-09-04,3068760.2
2012-09-05,3076339.9
2012-09-06,3083919.6
2012-09-07,3091499.4
2012-09-08,3099079.1
2012-09-09,3106658.8
2012-09-10,3114238.5
2012-09-11,3121818.3
2012-09-12,3037932.4
2012-09-13,2954046.6
2012-09-14,2941861.0
2012-09-15,2929675.5
2012-09-16,2917490.0
2012-09-17,2905304.4
2012-09-18,2893118.9
2012-09-19,3209785.8
2012-09-20,3201764.5
2012-09-21,3193743.3
2012-09-22,3185722.0
2012-09-23,3177700.7
2012-09-24,3169679.5
2012-09-25,3161658.2
2012-09-26,3039574.7
2012-09-27,2917491.2
2012-09-28,2911938.2
2012-09-29,2906385.2
2012-09-30,2900832.2
2012-10-01,2895279.2
2012-10-02,2889726.2
2012-10-03,2911846.2
2012-10-04,2933966.2
2012-10-05,2935321.8
2012-10-06,2936677.4
2012-10-07,2938033.1
2012-10-08,2939388.7
2012-10-09,2940744.3
2012-10-10,2942099.9
2012-10-11,2943455.6
2012-10-12,2944811.2
2012-10-13,2946166.8
2012-10-14,2947522.4
2012-10-15,2948878.1
2012-10-16,2950233.7
2012-10-17,2951589.3
2012-10-18,2948642.0
2012-10-19,2945694.7
2012-10-20,2942747.4
2012-10-21,2939800.1
2012-10-22,2936852.8
2012-10-23,2933905.5
2012-10-24,2947196.2
2012-10-25,2960486.9
2012-10-26,2973777.7
2012-10-27,2987068.4
2012-10-28,3000359.2
2012-10-29,3013649.9
2012-10-30,3026940.6
2012-10-31,3040231.4
2012-11-01,3015971.9
2012-11-02,2991712.4
2012-11-03,2967452.9
2012-11-04,2943193.5
2012-11-05,2918934.0
2012-11-06,2894674.5
2012-11-07,2904195.3
2012-11-08,2913716.2
2012-11-09,2923237.0
2012-11-10,2932757.8
2012-11-11,2942278.7
2012-11-12,2951799.5
2012-11-13,2961320.3
2012-11-14,2977474.2
2012-11-15,2993628.0
2012-11-16,3009781.9
2012-11-17,3025935.7
2012-11-18,3042089.5
2012-11-19,3058243.4
2012-11-20,3074397.2
2012-11-21,3034081.4
2012-11-22,2993765.5
2012-11-23,2953449.7
2012-11-24,2913133.8
2012-11-25,2872818.0
2012-11-26,2832502.1
2012-11-27,2792186.3
2012-11-28,2842865.6
2012-11-29,2893545.0
2012-11-30,2918534.3
2012-12-01,2943523.6
2012-12-02,2968513.0
2012-12-03,2993502.3
2012-12-04,3018491.6
2012-12-05,3003265.6
2012-12-06,2988039.6
2012-12-07,3006694.6
2012-12-08,3025349.5
2012-12-09,3044004.5
2012-12-10,3062659.5
2012-12-11,3081314.4
2012-12-12,3021377.8
2012-12-13,2961441.1
2012-12-14,2950650.5
2012-12-15,2939859.9
2012-12-16,2929069.3
2012-12-17,2918278.6
2012-12-18,2907488.0
2012-12-19,2912814.6
2012-12-20,2918141.1
2012-12-21,2923467.6
2012-12-22,2928794.2
2012-12-23,2934120.7
2012-12-24,2939447.3
2012-12-25,2944773.8
2012-12-26,2950100.3
2012-12-27,2955426.9
2012-12-28,2961709.6
2012-12-29,2967992.3
2012-12-30,2974275.0
2012-12-31,2980557.7
2013-01-01,2986840.4
2013-01-02,2993123.1
2013-01-03,2991693.4
2013-01-04,2990263.7
2013-01-05,2988834.0
2013-01-06,2987404.3
2013-01-07,2985974.5
2013-01-08,2984544.8
2013-01-09,2993690.3
2013-01-10,3002835.7
2013-01-11,3011981.1
2013-01-12,3021126.5
2013-01-13,3030271.9
2013-01-14,3039417.3
2013-01-15,3048562.8
2013-01-16,3057708.2
2013-01-17,3057891.5
2013-01-18,3058074.8
2013-01-19,3058258.1
2013-01-20,3058441.4
2013-01-21,3058624.7
2013-01-22,3058808.0
2013-01-23,3058991.3
2013-01-24,3075108.7
2013-01-25,3091226.2
2013-01-26,3107343.7
2013-01-27,3123461.2
2013-01-28,3139578.7
2013-01-29,3155696.1
2013-01-30,3171813.6
2013-01-31,3187931.1
2013-02-01,3200902.7
2013-02-02,3213874.3
2013-02-03,3226845.9
2013-02-04,3239817.6
2013-02-05,3252789.2
2013-02-06,3265760.8
2013-02-07,3278732.4
2013-02-08,3291704.0
2013-02-09,3304675.6
2013-02-10,3317647.2
2013-02-11,3330618.9
2013-02-12,3343590.5
2013-02-13,3356562.1
2013-02-14,3330192.7
2013-02-15,3354770.1
2013-02-16,3379347.6
2013-02-17,3403925.1
2013-02-18,3428502.5
2013-02-19,3453080.0
2013-02-20,3477657.4
2013-02-21,3530996.1
2013-02-22,3584334.7
2013-02-23,3637673.4
2013-02-24,3691012.0
2013-02-25,3744350.6
2013-02-26,3797689.3
2013-02-27,3851027.9
2013-02-28,3892975.4
2013-03-01,3901139.7
2013-03-02,3909303.9
2013-03-03,3917468.1
2013-03-04,3925632.3
2013-03-05,3930617.6
2013-03-06,3937807.9
2013-03-07,3944998.1
2013-03-08,3952188.3
2013-03-09,3959378.5
2013-03-10,3966568.7
2013-03-11,3973758.9
2013-03-12,3980949.1
2013-03-13,4061503.2
2013-03-14,4142057.3
2013-03-15,4151164.7
2013-03-16,4160272.2
2013-03-17,4169379.6
2013-03-18,4178487.1
2013-03-19,4187594.5
2013-03-20,4196702.0
2013-03-21,4199924.1
2013-03-22,4203146.2
2013-03-23,4206368.3
2013-03-24,4209590.4
2013-03-25,4212812.6
2013-03-26,4216034.7
2013-03-27,3969719.6
2013-03-28,4055264.7
2013-03-29,4045463.2
2013-03-30,4035661.7
2013-03-31,4025860.1
2013-04-01,4016058.6
2013-04-02,4006257.1
2013-04-03,3991214.0
2013-04-04,3976170.9
2013-04-05,3961127.9
2013-04-06,3946084.8
2013-04-07,3931041.7
2013-04-08,3915998.6
2013-04-09,3987150.1
2013-04-10,4058301.6
2013-04-11,4129453.1
2013-04-12,4200604.5
2013-04-13,4155812.3
2013-04-14,4111020.1
2013-04-15,4066227.8
2013-04-16,4021435.6
2013-04-17,4002870.4
2013-04-18,3984305.2
2013-04-19,3994639.3
2013-04-20,4004973.3
2013-04-21,4015307.4
2013-04-22,4025641.4
2013-04-23,4035975.5
2013-04-24,3954230.2
2013-04-25,3947275.4
2013-04-26,3940320.5
2013-04-27,3933365.7
2013-04-28,3926410.8
2013-04-29,3919456.0
2013-04-30,3912501.1
2013-05-01,3821783.0
2013-05-02,3887243.5
2013-05-03,3952704.0
2013-05-04,4018164.5
2013-05-05,4083625.0
2013-05-06,4149085.6
2013-05-07,4214546.1
2013-05-08,3999072.7
2013-05-09,4287375.5
2013-05-10,4244456.7
2013-05-11,4201538.0
2013-05-12,4158619.3
2013-05-13,4115700.6
2013-05-14,4041605.6
2013-05-15,3778595.2
2013-05-16,3706302.9
2013-05-17,3708398.6
2013-05-18,3710494.3
2013-05-19,3712590.1
2013-05-20,3714685.8
2013-05-21,3700532.7
2013-05-22,3863721.2
2013-05-23,3874776.8
2013-05-24,3856420.0
2013-05-25,3838063.3
2013-05-26,3819706.6
2013-05-27,3801349.8
2013-05-28,3782993.1
2013-05-29,3890855.4
2013-05-30,3800866.7
2013-05-31,3644632.8
2013-06-01,3488398.9
2013-06-02,3332165.0
2013-06-03,3175931.0
2013-06-04,3019697.1
2013-06-05,3371868.1
2013-06-06,3316389.0
2013-06-07,3320972.2
2013-06-08,3325555.3
2013-06-09,3330138.5
2013-06-10,3334721.7
2013-06-11,3339304.8
2013-06-12,3052759.7
2013-06-13,3154679.2
2013-06-14,3133542.8
2013-06-15,3112406.4
2013-06-16,3091270.0
2013-06-17,3283130.2
2013-06-18,3253625.8
2013-06-19,2915833.1
2013-06-20,2939700.8
2013-06-21,2974640.7
2013-06-22,2910282.5
2013-06-23,2967127.7
2013-06-24,3023972.9
2013-06-25,3080818.1
2013-06-26,3137663.3
2013-06-27,3160463.4
2013-06-28,3502293.8
2013-06-29,3385858.0
2013-06-30,3269422.1
2013-07-01,3066310.8
2013-07-02,3188200.3
2013-07-03,3044118.9
2013-07-04,3166969.8
2013-07-05,3289882.0
2013-07-06,3549015.6
2013-07-07,3407910.1
2013-07-08,3267002.0
2013-07-09,3051286.7
2013-07-10,3173298.0
2013-07-11,3143594.6
2013-07-12,2819321.1
2013-07-13,2742515.9
2013-07-14,2665935.7
2013-07-15,2589613.0
2013-07-16,2697142.6
2013-07-17,2788375.5
2013-07-18,2849172.8
2013-07-19,2808772.7
2013-07-20,2768689.0
2013-07-21,2728875.1
2013-07-22,2689225.3
2013-07-23,2649686.2
2013-07-24,2684098.0
2013-07-25,2650217.7
2013-07-26,2616682.0
2013-07-27,2526585.5
2013-07-28,2437080.7
2013-07-29,2348771.4
2013-07-30,2459523.6
2013-07-31,2529161.8
2013-08-01,2385177.1
2013-08-02,2336105.0
2013-08-03,2304656.5
2013-08-04,2274244.8
2013-08-05,2245032.8
2013-08-06,2245775.2
2013-08-07,2260870.0
2013-08-08,2032020.5
2013-08-09,2292425.9
2013-08-10,2292063.9
2013-08-11,2292431.4
2013-08-12,2293231.4
2013-08-13,2224359.8
2013-08-14,2379670.5
2013-08-15,2714980.9
2013-08-16,2530766.5
2013-08-17,2569621.6
2013-08-18,2608484.1
2013-08-19,2647346.6
2013-08-20,2686209.2
2013-08-21,2969676.3
2013-08-22,2638792.7
2013-08-23,2658883.9
2013-08-24,2679368.3
2013-08-25,2699853.6
2013-08-26,2720338.8
2013-08-27,2740824.1
2013-08-28,2711385.8
2013-08-29,2682335.4
2013-08-30,2933663.4
2013-08-31,2937969.3
2013-09-01,2942275.2
2013-09-02,2946581.2
2013-09-03,2950887.1
2013-09-04,2787024.1
2013-09-05,2675453.5
2013-09-06,2699260.9
2013-09-07,2723068.2
2013-09-08,2746875.5
2013-09-09,2770682.8
2013-09-10,2794490.1
2013-09-11,2752303.3
2013-09-12,2710116.4
2013-09-13,2715464.9
2013-09-14,2720813.4
2013-09-15,2726162.0
2013-09-16,2731510.5
2013-09-17,2736859.0
2013-09-18,2676074.1
2013-09-19,2615289.3
2013-09-20,2388934.7
2013-09-21,2463863.1
2013-09-22,2540435.9
2013-09-23,2617173.5
2013-09-24,2693911.0
2013-09-25,2731264.1
2013-09-26,2768617.2
2013-09-27,2759765.8
2013-09-28,2750914.3
2013-09-29,2742062.9
2013-09-30,2733211.5
2013-10-01,2724360.0
2013-10-02,2741434.9
2013-10-03,2758509.8
2013-10-04,2775584.7
2013-10-05,2792659.7
2013-10-06,2809734.6
2013-10-07,2826809.5
2013-10-08,2867473.3
2013-10-09,2908137.1
2013-10-10,2948800.9
2013-10-11,2989464.7
2013-10-12,2968336.3
2013-10-13,2947208.0
2013-10-14,2926079.7
2013-10-15,2904951.3
2013-10-16,2881132.3
2013-10-17,2857313.2
2013-10-18,2906181.7
2013-10-19,2955050.1
2013-10-20,3003918.5
2013-10-21,3052786.9
2013-10-22,3101655.4
2013-10-23,3150523.8
2013-10-24,3199392.2
2013-10-25,3186240.6
2013-10-26,3173089.1
2013-10-27,3159937.5
2013-10-28,3146785.9
2013-10-29,3133634.4
2013-10-30,3118827.7
2013-10-31,3104021.1
2013-11-01,3073921.3
2013-11-02,3043821.4
2013-11-03,3013721.6
2013-11-04,2983621.8
2013-11-05,2953521.9
2013-11-06,3029269.3
2013-11-07,3105016.7
2013-11-08,3066021.0
2013-11-09,3027025.3
2013-11-10,2988029.6
2013-11-11,2949033.9
2013-11-12,2910038.2
2013-11-13,2871042.5
2013-11-14,2832046.8
2013-11-15,2834132.1
2013-11-16,2836217.5
2013-11-17,2838302.8
2013-11-18,2840388.1
2013-11-19,2842473.4
2013-11-20,3058741.8
2013-11-21,3275010.1
2013-11-22,3181347.9
2013-11-23,3087685.7
2013-11-24,2994023.5
2013-11-25,2900361.4
2013-11-26,2806703.1
2013-11-27,2856018.5
2013-11-28,2905337.7
2013-11-29,2954657.0
2013-11-30,3003976.3
2013-12-01,3053295.6
2013-12-02,3102614.9
2013-12-03,3151934.2
2013-12-04,3067022.1
2013-12-05,2982110.0
2013-12-06,2958608.4
2013-12-07,2935106.8
2013-12-08,2911605.2
2013-12-09,2888103.5
2013-12-10,2864601.9
2013-12-11,3107670.8
2013-12-12,3350739.8
2013-12-13,2846960.0
2013-12-14,2838527.1
2013-12-15,2830094.1
2013-12-16,2821661.2
2013-12-17,2813228.3
2013-12-18,3098934.7
2013-12-19,3384641.1
2013-12-20,3290414.8
2013-12-21,3196188.5
2013-12-22,3101962.1
2013-12-23,3007735.8
2013-12-24,2913509.4
2013-12-25,2897414.2
2013-12-26,2881318.9
2013-12-27,2865223.6
2013-12-28,2849128.3
2013-12-29,2833033.0
2013-12-30,2816937.7
2013-12-31,2800842.4
2014-01-01,2829401.1
2014-01-02,2857959.7
2014-01-03,2886518.4
2014-01-04,2915077.0
2014-01-05,2943635.6
2014-01-06,2972194.3
2014-01-07,3000752.9
2014-01-08,3067821.5
2014-01-09,3112809.3
2014-01-10,3158583.0
2014-01-11,3204356.6
2014-01-12,3250130.2
2014-01-13,3295903.8
2014-01-14,3341677.4
2014-01-15,3245418.7
2014-01-16,3119698.7
2014-01-17,3108937.6
2014-01-18,3201286.9
2014-01-19,3293636.1
2014-01-20,3385985.4
2014-01-21,3478334.6
2014-01-22,3446212.2
2014-01-23,3080380.9
2014-01-24,3087909.1
2014-01-25,3172570.5
2014-01-26,3257231.9
2014-01-27,3341893.3
2014-01-28,3426554.7
2014-01-29,3430484.9
2014-01-30,3434415.0
2014-01-31,3697588.8
2014-02-01,3627300.9
2014-02-02,3557013.1
2014-02-03,3486725.2
2014-02-04,3598099.9
2014-02-05,3709474.5
2014-02-06,3724365.4
2014-02-07,3765311.5
2014-02-08,3685044.9
2014-02-09,3604778.2
2014-02-10,3524511.5
2014-02-11,3400782.0
2014-02-12,3439196.4
2014-02-13,3477610.9
2014-02-14,3439879.9
2014-02-15,3402149.0
2014-02-16,3364418.1
2014-02-17,3326687.1
2014-02-18,3288956.2
2014-02-19,3251225.3
2014-02-20,3213494.3
2014-02-21,3175763.4
2014-02-22,3208849.0
2014-02-23,3241934.7
2014-02-24,3275020.3
2014-02-25,3308105.9
2014-02-26,3341191.6
2014-02-27,3506116.4
2014-02-28,3819362.1
2014-03-01,3714612.9
2014-03-02,3609863.6
2014-03-03,3505114.3
2014-03-04,3458896.5
2014-03-05,3412678.8
2014-03-06,3430228.9
2014-03-07,3641738.9
2014-03-08,3659119.4
2014-03-09,3676499.9
2014-03-10,3693880.4
2014-03-11,3711260.9
2014-03-12,3728641.4
2014-03-13,3605994.2
2014-03-14,3871978.5
2014-03-15,3827795.0
2014-03-16,3783611.4
2014-03-17,3739427.8
2014-03-18,3736505.8
2014-03-19,4046611.9
2014-03-20,3672780.7
2014-03-21,3755535.9
2014-03-22,3639643.7
2014-03-23,3523751.5
2014-03-24,3407859.3
2014-03-25,3941320.9
2014-03-26,3820778.6
2014-03-27,3536371.4
2014-03-28,3570098.3
2014-03-29,3603825.2
2014-03-30,3637552.1
2014-03-31,3671279.0
2014-04-01,3705005.9
2014-04-02,3878228.4
2014-04-03,4047947.2
2014-04-04,3760702.4
2014-04-05,3762806.5
2014-04-06,3764910.7
2014-04-07,3767014.8
2014-04-08,3627758.9
2014-04-09,4094673.1
2014-04-10,3970079.8
2014-04-11,3845486.4
2014-04-12,3752464.3
2014-04-13,3659442.3
2014-04-14,3566420.3
2014-04-15,3903221.5
2014-04-16,3502279.3
2014-04-17,3518516.1
2014-04-18,3524804.5
2014-04-19,3531093.0
2014-04-20,3537381.4
2014-04-21,3543669.8
2014-04-22,3549958.3
2014-04-23,3556246.7
2014-04-24,3996211.2
2014-04-25,3500968.6
2014-04-26,3577526.7
2014-04-27,3654084.8
2014-04-28,3730642.9
2014-04-29,3780633.1
2014-04-30,3719880.3
2014-05-01,3770015.1
2014-05-02,3769290.8
2014-05-03,3776750.2
2014-05-04,3784209.6
2014-05-05,3791669.0
2014-05-06,3748855.8
2014-05-07,4191335.0
2014-05-08,4153666.0
2014-05-09,4184884.5
2014-05-10,4042033.4
2014-05-11,3899182.3
2014-05-12,3756331.2
2014-05-13,3865186.4
2014-05-14,3807701.3
2014-05-15,3750216.3
2014-05-16,3987289.7
2014-05-17,3860331.4
2014-05-18,3733373.1
2014-05-19,3606414.7
2014-05-20,3657718.7
2014-05-21,3714119.8
2014-05-22,4218556.4
2014-05-23,3746948.5
2014-05-24,3737909.4
2014-05-25,3728870.2
2014-05-26,3719831.0
2014-05-27,3710791.8
2014-05-28,3701752.6
2014-05-29,3608421.8
2014-05-30,3515091.1
2014-05-31,3421760.3
2014-06-01,3328429.6
2014-06-02,3235149.4
2014-06-03,3371311.9
2014-06-04,3126809.1
2014-06-05,3398489.6
2014-06-06,3521046.0
2014-06-07,3378464.6
2014-06-08,3235883.5
2014-06-09,3093302.6
2014-06-10,2950721.8
2014-06-11,2808141.0
2014-06-12,2585441.8
2014-06-13,2615124.4
2014-06-14,2644826.7
2014-06-15,2674529.8
2014-06-16,2704233.0
2014-06-17,2734197.9
2014-06-18,2857144.8
2014-06-19,2980349.1
2014-06-20,2904252.4
2014-06-21,2828158.7
2014-06-22,2752075.1
2014-06-23,2676098.6
2014-06-24,2600424.0
2014-06-25,2560896.1
2014-06-26,2591556.2
2014-06-27,2635821.6
2014-06-28,2623496.9
2014-06-29,2611492.8
2014-06-30,2599808.7
2014-07-01,2588585.5
2014-07-02,2869066.2
2014-07-03,2343701.6
2014-07-04,2372201.3
2014-07-05,2400825.0
2014-07-06,2429554.0
2014-07-07,2458415.7
2014-07-08,2487505.5
2014-07-09,2764305.7
2014-07-10,2477358.1
2014-07-11,2407946.2
2014-07-12,2338920.7
2014-07-13,2270277.4
2014-07-14,2201961.3
2014-07-15,2249877.3
2014-07-16,2298738.3
2014-07-17,2348118.2
2014-07-18,2194297.1
2014-07-19,2117403.7
2014-07-20,2041162.9
2014-07-21,1965795.0
2014-07-22,1891707.7
2014-07-23,1983419.6
2014-07-24,2077485.9
2014-07-25,2098652.4
2014-07-26,2120777.3
2014-07-27,2143420.5
2014-07-28,2166381.6
2014-07-29,2189742.5
2014-07-30,2207839.9
2014-07-31,2227729.0
2014-08-01,2248682.3
2014-08-02,2265219.3
2014-08-03,2282032.2
2014-08-04,2299338.8
2014-08-05,2317555.4
2014-08-06,2344651.7
2014-08-07,2373924.0
2014-08-08,2383419.7
2014-08-09,2393364.6
2014-08-10,2403645.2
2014-08-11,2414195.7
2014-08-12,2424929.0
2014-08-13,2451987.4
2014-08-14,2511586.2
2014-08-15,2487779.2
2014-08-16,2463980.0
2014-08-17,2440225.1
2014-08-18,2416671.3
2014-08-19,2393393.3
2014-08-20,2836613.1
2014-08-21,2586040.8
2014-08-22,2868102.6
2014-08-23,2770827.8
2014-08-24,2673554.6
2014-08-25,2576291.6
2014-08-26,2412026.0
2014-08-27,2696441.9
2014-08-28,2673583.0
2014-08-29,2650727.0
2014-08-30,2627874.4
2014-08-31,2605025.4
2014-09-01,2582181.2
2014-09-02,2559342.1
2014-09-03,2536509.6
2014-09-04,2552849.2
2014-09-05,2569240.9
2014-09-06,2585638.1
2014-09-07,2602036.5
2014-09-08,2618436.3
2014-09-09,2634837.3
2014-09-10,2651239.1
2014-09-11,2667642.1
2014-09-12,2638685.7
2014-09-13,2609730.5
2014-09-14,2580776.3
2014-09-15,2551822.8
2014-09-16,2522870.7
2014-09-17,2603701.8
2014-09-18,2684612.2
2014-09-19,2644125.4
2014-09-20,2603713.2
2014-09-21,2563303.8
2014-09-22,2522894.7
2014-09-23,2482486.0
2014-09-24,2650081.0
2014-09-25,2817676.3
2014-09-26,2826610.6
2014-09-27,2835544.8
2014-09-28,2844479.1
2014-09-29,2853413.3
2014-09-30,2862347.5
2014-10-01,2791531.9
2014-10-02,2720716.2
2014-10-03,2750574.0
2014-10-04,2780431.7
2014-10-05,2810289.5
2014-10-06,2840147.3
2014-10-07,2870005.1
2014-10-08,2684572.5
2014-10-09,2499236.4
2014-10-10,2491280.4
2014-10-11,2483335.9
2014-10-12,2475403.7
2014-10-13,2467485.3
2014-10-14,2459577.9
2014-10-15,2451678.5
2014-10-16,2793371.6
2014-10-17,2764995.9
2014-10-18,2736620.1
2014-10-19,2708244.4
2014-10-20,2679868.6
2014-10-21,2651492.9
2014-10-22,2434637.8
2014-10-23,2217803.2
2014-10-24,2268149.5
2014-10-25,2318498.9
2014-10-26,2368850.3
2014-10-27,2419203.2
2014-10-28,2469557.0
2014-10-29,2471240.4
2014-10-30,2472982.2
2014-10-31,2454534.5
2014-11-01,2436092.0
2014-11-02,2417655.4
2014-11-03,2399224.1
2014-11-04,2380796.8
2014-11-05,2401666.1
2014-11-06,2422556.5
2014-11-07,2443450.7
2014-11-08,2464344.9
2014-11-09,2485239.1
2014-11-10,2506134.2
2014-11-11,2527050.1
2014-11-12,2548001.5
2014-11-13,2611391.5
2014-11-14,2713517.3
2014-11-15,2815643.7
2014-11-16,2917770.1
2014-11-17,3019896.4
2014-11-18,3122022.8
2014-11-19,3136569.9
2014-11-20,3151117.0
2014-11-21,3045044.2
2014-11-22,2938971.5
2014-11-23,2832898.7
2014-11-24,2726825.9
2014-11-25,2620753.1
2014-11-26,2897221.6
2014-11-27,2929735.0
2014-11-28,2962248.4
2014-11-29,2994761.8
2014-11-30,3027275.1
2014-12-01,3059788.5
2014-12-02,3037723.9
2014-12-03,3007998.5
2014-12-04,2978273.0
2014-12-05,2948547.6
2014-12-06,2918822.2
2014-12-07,2889096.8
2014-12-08,2859371.4
2014-12-09,2829646.0
2014-12-10,2840864.4
2014-12-11,2852082.7
2014-12-12,2866350.7
2014-12-13,2880618.6
2014-12-14,2894886.5
2014-12-15,2909154.5
2014-12-16,2923422.4
2014-12-17,2938877.8
2014-12-18,2954333.2
2014-12-19,2965412.1
2014-12-20,2976491.0
2014-12-21,2987569.9
2014-12-22,2998648.8
2014-12-23,3009727.7
2014-12-24,3020806.6
2014-12-25,3031885.6
2014-12-26,3042964.5
2014-12-27,3054043.4
2014-12-28,3065122.3
2014-12-29,3076201.2
2014-12-30,3087280.1
2014-12-31,3098359.0
2015-01-01,3109394.8
2015-01-02,3120430.6
2015-01-03,3131466.4
2015-01-04,3142502.2
2015-01-05,3153537.9
2015-01-06,3164573.7
2015-01-07,3175609.5
2015-01-08,3186645.3
2015-01-09,3197681.1
2015-01-10,3208716.9
2015-01-11,3219752.6
2015-01-12,3230788.4
2015-01-13,3241824.2
2015-01-14,3252860.0
2015-01-15,3263895.8
2015-01-16,3274931.6
2015-01-17,3285967.3
2015-01-18,3297003.1
2015-01-19,3308038.9
2015-01-20,3319074.7
2015-01-21,3330110.5
2015-01-22,3341146.3
2015-01-23,3352182.0
2015-01-24,3363217.8
2015-01-25,3374253.6
2015-01-26,3385289.4
2015-01-27,3396325.2
2015-01-28,3344594.3
2015-01-29,3292863.3
2015-01-30,3334719.1
2015-01-31,3376574.8
2015-02-01,3418430.6
2015-02-02,3460286.3
2015-02-03,3502142.1
2015-02-04,3461293.8
2015-02-05,3420445.4
2015-02-06,3379597.1
2015-02-07,3338748.8
2015-02-08,3297900.4
2015-02-09,3257052.1
2015-02-10,3216203.8
2015-02-11,3223054.0
2015-02-12,3229904.2
2015-02-13,3236754.4
2015-02-14,3243604.6
2015-02-15,3250454.8
2015-02-16,3257305.0
2015-02-17,3264155.3
2015-02-18,3271005.5
2015-02-19,3215332.9
2015-02-20,3159660.4
2015-02-21,3103987.9
2015-02-22,3048315.4
2015-02-23,2992642.9
2015-02-24,2936970.4
2015-02-25,3045711.2
2015-02-26,3154452.5
2015-02-27,3163581.7
2015-02-28,3172711.3
2015-03-01,3181841.0
2015-03-02,3190970.7
2015-03-03,3200100.4
2015-03-04,3209230.1
2015-03-05,3218359.8
2015-03-06,3227489.5
2015-03-07,3221425.4
2015-03-08,3215361.3
2015-03-09,3209297.2
2015-03-10,3203233.1
2015-03-11,3197169.0
2015-03-12,3191105.4
2015-03-13,3185079.8
2015-03-14,3179172.8
2015-03-15,3173414.2
2015-03-16,3167831.0
2015-03-17,3229989.5
2015-03-18,3292616.4
2015-03-19,3422252.1
2015-03-20,3371290.3
2015-03-21,3321615.1
2015-03-22,3272098.5
2015-03-23,3222582.0
2015-03-24,3173065.5
2015-03-25,3377463.6
2015-03-26,3304808.7
2015-03-27,3232153.9
2015-03-28,3159499.0
2015-03-29,3086844.2
2015-03-30,3014189.3
2015-03-31,2941534.5
2015-04-01,2869992.5
2015-04-02,2798450.6
2015-04-03,2820665.9
2015-04-04,2842881.3
2015-04-05,2865096.7
2015-04-06,2887312.1
2015-04-07,2909527.5
2015-04-08,2931742.8
2015-04-09,2774097.4
2015-04-10,2778524.1
2015-04-11,2782950.7
2015-04-12,2787377.4
2015-04-13,2791804.0
2015-04-14,2796230.7
2015-04-15,2817285.6
2015-04-16,2838340.5
2015-04-17,2859131.3
2015-04-18,2879922.1
2015-04-19,2900712.8
2015-04-20,2921503.6
2015-04-21,2942294.4
2015-04-22,2963085.2
2015-04-23,2956960.6
2015-04-24,2950836.0
2015-04-25,2944711.5
2015-04-26,2938586.9
2015-04-27,2932462.3
2015-04-28,2926337.7
2015-04-29,2726120.1
2015-04-30,2525902.4
2015-05-01,2686806.9
2015-05-02,2847711.3
2015-05-03,2850593.6
2015-05-04,2853475.9
2015-05-05,2856358.2
2015-05-06,2872429.9
2015-05-07,2825766.7
2015-05-08,2836346.9
2015-05-09,2846927.1
2015-05-10,2857507.3
2015-05-11,2868087.5
2015-05-12,2878667.7
2015-05-13,2850173.7
2015-05-14,2821774.8
2015-05-15,2805341.7
2015-05-16,2788969.9
2015-05-17,2772614.9
2015-05-18,2756259.9
2015-05-19,2739905.0
2015-05-20,2790781.5
2015-05-21,2841658.0
2015-05-22,2756424.6
2015-05-23,2793729.9
2015-05-24,2831035.2
2015-05-25,2868340.6
2015-05-26,2905645.9
2015-05-27,2942951.2
2015-05-28,2761537.2
2015-05-29,2791933.1
2015-05-30,2822328.9
2015-05-31,2852724.8
2015-06-01,2883122.2
2015-06-02,2892022.4
2015-06-03,2900926.3
2015-06-04,3016505.9
2015-06-05,3026708.0
2015-06-06,3096946.3
2015-06-07,3167184.7
2015-06-08,3237423.1
2015-06-09,3307661.5
2015-06-10,3377899.9
2015-06-11,3257234.0
2015-06-12,3331939.9
2015-06-13,3346468.8
2015-06-14,3360997.6
2015-06-15,3375526.5
2015-06-16,3390055.4
2015-06-17,3201454.2
2015-06-18,3103330.1
2015-06-19,3005212.6
2015-06-20,3044001.8
2015-06-21,3082791.1
2015-06-22,3121580.3
2015-06-23,3160369.6
2015-06-24,3176096.9
2015-06-25,3205824.7
2015-06-26,3235552.9
2015-06-27,3265281.2
2015-06-28,3295009.4
2015-06-29,3324737.6
2015-06-30,3354465.8
2015-07-01,3376171.2
2015-07-02,3397876.6
2015-07-03,3419582.0
2015-07-04,3441287.4
2015-07-05,3462992.8
2015-07-06,3484698.2
2015-07-07,3506403.6
2015-07-08,3528109.0
2015-07-09,3549814.4
2015-07-10,3436296.3
2015-07-11,3366534.0
2015-07-12,3296771.7
2015-07-13,3227009.3
2015-07-14,3186740.9
2015-07-15,3188430.1
2015-07-16,3009217.6
2015-07-17,3006303.6
2015-07-18,3003389.5
2015-07-19,3000475.5
2015-07-20,2997561.4
2015-07-21,2994647.4
2015-07-22,3166489.6
2015-07-23,2991509.9
2015-07-24,2959737.1
2015-07-25,2927964.2
2015-07-26,2896191.3
2015-07-27,2864418.4
2015-07-28,2841592.2
2015-07-29,2853504.7
2015-07-30,2854428.6
2015-07-31,2855352.6
2015-08-01,2856276.6
2015-08-02,2857200.5
2015-08-03,2858124.5
2015-08-04,2899662.0
2015-08-05,2946930.7
2015-08-06,2994199.5
2015-08-07,2968331.1
2015-08-08,2942462.7
2015-08-09,2916594.4
2015-08-10,2890726.0
2015-08-11,2864857.6
2015-08-12,2838989.2
2015-08-13,2853766.4
2015-08-14,2878419.0
2015-08-15,2903071.7
2015-08-16,2927724.4
2015-08-17,2952377.0
2015-08-18,2977029.7
2015-08-19,2858404.0
2015-08-20,2881528.8
2015-08-21,2904720.5
2015-08-22,2927978.4
2015-08-23,2951292.9
2015-08-24,2974638.6
2015-08-25,2997986.6
2015-08-26,3021334.7
2015-08-27,3071093.1
2015-08-28,3120851.4
2015-08-29,3170609.8
2015-08-30,3220368.2
2015-08-31,3270126.6
2015-09-01,3338634.4
2015-09-02,3305301.8
2015-09-03,3271969.1
2015-09-04,3240753.9
2015-09-05,3209538.6
2015-09-06,3178323.4
2015-09-07,3147108.1
2015-09-08,3115892.9
2015-09-09,3084677.6
2015-09-10,3243996.7
2015-09-11,3215902.0
2015-09-12,3187807.4
2015-09-13,3159712.7
2015-09-14,3131618.1
2015-09-15,3103523.4
2015-09-16,3142418.7
2015-09-17,3181314.0
2015-09-18,3164448.2
2015-09-19,3147582.3
2015-09-20,3130716.5
2015-09-21,3113850.7
2015-09-22,3096984.9
2015-09-23,3080119.1
2015-09-24,3078825.0
2015-09-25,3077530.8
2015-09-26,3076236.7
2015-09-27,3074942.6
2015-09-28,3073648.5
2015-09-29,3072354.3
2015-09-30,3145215.9
2015-10-01,3218077.6
2015-10-02,3223888.9
2015-10-03,3229700.3
2015-10-04,3235511.7
2015-10-05,3241323.1
2015-10-06,3247134.4
2015-10-07,3155668.9
2015-10-08,3064203.4
2015-10-09,3088200.8
2015-10-10,3112198.2
2015-10-11,3136195.5
2015-10-12,3160192.9
2015-10-13,3184190.3
2015-10-14,3208187.7
2015-10-15,3215743.1
2015-10-16,3223298.6
2015-10-17,3230854.0
2015-10-18,3238409.5
2015-10-19,3245964.9
2015-10-20,3253520.4
2015-10-21,3249998.8
2015-10-22,3246477.2
2015-10-23,3242955.7
2015-10-24,3239434.1
2015-10-25,3235912.5
2015-10-26,3232391.0
2015-10-27,3228869.4
2015-10-28,3225347.8
2015-10-29,3176824.9
2015-10-30,3128302.0
2015-10-31,3122526.4
2015-11-01,3116750.8
2015-11-02,3110975.2
2015-11-03,3105199.6
2015-11-04,3097616.5
2015-11-05,3090033.3
2015-11-06,3084050.4
2015-11-07,3078067.5
2015-11-08,3072084.6
2015-11-09,3066101.6
2015-11-10,3060118.7
2015-11-11,3126495.6
2015-11-12,3192872.5
2015-11-13,3184805.5
2015-11-14,3176738.4
2015-11-15,3168671.3
2015-11-16,3160604.3
2015-11-17,3152537.2
2015-11-18,3189198.4
2015-11-19,3225859.5
2015-11-20,3229757.6
2015-11-21,3233655.7
2015-11-22,3237553.8
2015-11-23,3241451.9
2015-11-24,3245350.0
2015-11-25,3255532.8
2015-11-26,3265715.5
2015-11-27,3275898.3
2015-11-28,3286081.1
2015-11-29,3296263.9
2015-11-30,3306446.6
2015-12-01,3316629.4
2015-12-02,3168940.9
2015-12-03,3157886.6
2015-12-04,3047757.8
2015-12-05,2937629.1
2015-12-06,2827501.6
2015-12-07,2718134.0
2015-12-08,2610571.0
2015-12-09,3231085.9
2015-12-10,3087877.9
2015-12-11,3136935.2
2015-12-12,3185992.4
2015-12-13,3235049.7
2015-12-14,3284106.9
2015-12-15,3333164.2
2015-12-16,3382221.4
2015-12-17,3431278.7
2015-12-18,3248326.3
2015-12-19,3272041.8
2015-12-20,3295757.3
2015-12-21,3319472.8
2015-12-22,3343188.3
2015-12-23,3366903.8
2015-12-24,3390619.3
2015-12-25,3414334.9
2015-12-26,3438050.4
2015-12-27,3461765.9
2015-12-28,3485481.4
2015-12-29,3552389.4
2015-12-30,3619297.4
2015-12-31,3686205.4
2016-01-01,3753113.4
2016-01-02,3820021.5
2016-01-03,3886929.5
2016-01-04,3953837.5
2016-01-05,3805341.1
2016-01-06,3817159.1
2016-01-07,3828977.1
2016-01-08,3805591.3
2016-01-09,3782205.5
2016-01-10,3744758.7
2016-01-11,3707311.9
2016-01-12,3669865.1
2016-01-13,3733792.8
2016-01-14,3797720.6
2016-01-15,3781728.4
2016-01-16,3765736.2
2016-01-17,3749744.0
2016-01-18,3733751.8
2016-01-19,3717759.7
2016-01-20,3626535.9
2016-01-21,3623708.6
2016-01-22,3620881.3
2016-01-23,3618054.0
2016-01-24,3615226.7
2016-01-25,3612399.4
2016-01-26,3609572.1
2016-01-27,3606744.9
2016-01-28,3603917.6
2016-01-29,3617773.1
2016-01-30,3631628.6
2016-01-31,3645484.2
2016-02-01,3659339.7
2016-02-02,3673195.2
2016-02-03,3687050.7
2016-02-04,3747945.9
2016-02-05,3718996.5
2016-02-06,3690047.1
2016-02-07,3661097.7
2016-02-08,3632148.3
2016-02-09,3761988.6
2016-02-10,3806269.9
2016-02-11,3666295.5
2016-02-12,3664553.8
2016-02-13,3662812.2
2016-02-14,3661070.6
2016-02-15,3659329.0
2016-02-16,3657587.4
2016-02-17,3655845.8
2016-02-18,3654104.2
2016-02-19,3673991.3
2016-02-20,3693878.5
2016-02-21,3713765.7
2016-02-22,3733652.9
2016-02-23,3753540.1
2016-02-24,3773427.2
2016-02-25,3793314.4
2016-02-26,3860268.4
2016-02-27,3927222.5
2016-02-28,3994176.5
2016-02-29,4061130.5
2016-03-01,4128084.5
2016-03-02,3833041.2
2016-03-03,3727854.7
2016-03-04,3757486.5
2016-03-05,3787118.3
2016-03-06,3816750.1
2016-03-07,3846382.0
2016-03-08,3876013.8
2016-03-09,3821886.8
2016-03-10,3828713.2
2016-03-11,3835539.7
2016-03-12,3842366.2
2016-03-13,3821496.1
2016-03-14,3800626.1
2016-03-15,3779756.0
2016-03-16,3707802.9
2016-03-17,3637529.7
2016-03-18,3567256.6
2016-03-19,3496983.5
2016-03-20,3426723.5
2016-03-21,3323579.4
2016-03-22,3220921.1
2016-03-23,3114113.5
2016-03-24,2986492.3
2016-03-25,2858933.5
2016-03-26,2731450.9
2016-03-27,2604153.6
2016-03-28,2478184.3
2016-03-29,2361654.7
2016-03-30,2247895.8
2016-03-31,2593769.6
2016-04-01,2580607.5
2016-04-02,2568107.2
2016-04-03,2556110.7
2016-04-04,2544651.6
2016-04-05,2533782.1
2016-04-06,2516064.6
2016-04-07,2499836.5
2016-04-08,2518802.5
2016-04-09,2538186.4
2016-04-10,2558097.0
2016-04-11,2578396.9
2016-04-12,2599017.0
2016-04-13,2571655.7
2016-04-14,2545592.8
2016-04-15,2551052.5
2016-04-16,2556866.6
2016-04-17,2563186.3
2016-04-18,2637076.1
2016-04-19,2712007.6
2016-04-20,2871452.0
2016-04-21,2731119.1
2016-04-22,2758978.2
2016-04-23,2786903.1
2016-04-24,2814894.6
2016-04-25,2842953.6
2016-04-26,2871087.5
2016-04-27,2820124.9
2016-04-28,2770020.1
2016-04-29,2781128.8
2016-04-30,2792353.1
2016-05-01,2803673.7
2016-05-02,2815080.0
2016-05-03,2826948.5
2016-05-04,2735649.6
2016-05-05,2642881.2
2016-05-06,2647687.3
2016-05-07,2652493.3
2016-05-08,2657299.4
2016-05-09,2662105.4
2016-05-10,2666911.5
2016-05-11,2484843.1
2016-05-12,2988322.1
2016-05-13,2924647.5
2016-05-14,2861569.4
2016-05-15,2799219.9
2016-05-16,2739044.4
2016-05-17,2686252.6
2016-05-18,2623230.1
2016-05-19,2561569.9
2016-05-20,2577350.7
2016-05-21,2593424.5
2016-05-22,2609836.1
2016-05-23,2626601.9
2016-05-24,2643726.0
2016-05-25,2816051.5
2016-05-26,2995270.4
2016-05-27,2811604.5
2016-05-28,2830474.5
2016-05-29,2849363.6
2016-05-30,2868252.8
2016-05-31,2887142.8
2016-06-01,2904222.7
2016-06-02,2863380.4
2016-06-03,2899052.9
2016-06-04,2935345.8
2016-06-05,2972140.3
2016-06-06,3009343.4
2016-06-07,3046867.2
2016-06-08,3126028.3
2016-06-09,3206017.5
2016-06-10,3234018.3
2016-06-11,3262427.9
2016-06-12,3291061.8
2016-06-13,3319864.9
2016-06-14,3348821.5
2016-06-15,3410366.5
2016-06-16,3376218.0
2016-06-17,3185957.1
2016-06-18,3298112.6
2016-06-19,3413189.9
2016-06-20,3530369.7
2016-06-21,3648641.8
2016-06-22,3405037.0
2016-06-23,3308371.4
2016-06-24,3301161.4
2016-06-25,3294170.2
2016-06-26,3287255.1
2016-06-27,3280413.5
2016-06-28,3273648.8
2016-06-29,3447287.7
2016-06-30,3622718.6
2016-07-01,3609879.5
2016-07-02,3597040.4
2016-07-03,3584201.3
2016-07-04,3571362.2
2016-07-05,3558523.1
2016-07-06,3556912.9
2016-07-07,3555302.7
2016-07-08,3088869.6
2016-07-09,3159349.8
2016-07-10,3230109.5
2016-07-11,3300969.5
2016-07-12,3371829.6
2016-07-13,3378308.7
2016-07-14,3384787.7
2016-07-15,3339203.8
2016-07-16,3293619.9
2016-07-17,3248036.0
2016-07-18,3202452.1
2016-07-19,3156868.2
2016-07-20,3195246.7
2016-07-21,3212079.8
2016-07-22,3228912.9
2016-07-23,3288161.9
2016-07-24,3347411.0
2016-07-25,3406660.1
2016-07-26,3390785.6
2016-07-27,3374911.1
2016-07-28,3359036.6
2016-07-29,3401653.9
2016-07-30,3444271.1
2016-07-31,3486888.4
2016-08-01,3529505.7
2016-08-02,3572122.9
2016-08-03,3493238.7
2016-08-04,3414354.5
2016-08-05,3346680.9
2016-08-06,3279007.2
2016-08-07,3211333.6
2016-08-08,3143659.9
2016-08-09,3075986.3
2016-08-10,3104815.5
2016-08-11,3133644.8
2016-08-12,3162474.0
2016-08-13,3191303.2
2016-08-14,3220132.5
2016-08-15,3248961.7
2016-08-16,3217840.4
2016-08-17,3422486.5
2016-08-18,3346189.3
2016-08-19,3287804.1
2016-08-20,3302173.3
2016-08-21,3316542.5
2016-08-22,3330911.7
2016-08-23,3365084.1
2016-08-24,3399256.4
2016-08-25,3410865.2
2016-08-26,3422474.0
2016-08-27,3434082.8
2016-08-28,3445691.6
2016-08-29,3457300.4
2016-08-30,3468909.2
2016-08-31,3453425.8
2016-09-01,3387065.2
2016-09-02,3320704.6
2016-09-03,3350215.1
2016-09-04,3379725.7
2016-09-05,3409236.2
2016-09-06,3438746.7
2016-09-07,3433484.9
2016-09-08,3428223.1
2016-09-09,3402187.4
2016-09-10,3376151.7
2016-09-11,3350116.0
2016-09-12,3324080.4
2016-09-13,3298044.7
2016-09-14,3303233.0
2016-09-15,3308421.3
2016-09-16,3321108.9
2016-09-17,3333796.6
2016-09-18,3346484.2
2016-09-19,3359171.9
2016-09-20,3371859.6
2016-09-21,3384547.2
2016-09-22,3347239.7
2016-09-23,3309932.2
2016-09-24,3343389.2
2016-09-25,3376846.2
2016-09-26,3410303.2
2016-09-27,3443760.2
2016-09-28,3477217.2
2016-09-29,3446615.8
2016-09-30,3416014.4
2016-10-01,3385413.0
2016-10-02,3354811.7
2016-10-03,3324210.3
2016-10-04,3293433.8
2016-10-05,3262657.2
2016-10-06,3286407.1
2016-10-07,3310157.0
2016-10-08,3333906.9
2016-10-09,3357656.8
2016-10-10,3381406.7
2016-10-11,3405156.6
2016-10-12,3428906.5
2016-10-13,3360411.1
2016-10-14,3291915.6
2016-10-15,3265113.4
2016-10-16,3238311.1
2016-10-17,3211508.8
2016-10-18,3184706.6
2016-10-19,3238655.1
2016-10-20,3292603.7
2016-10-21,3247236.1
2016-10-22,3201868.6
2016-10-23,3156501.0
2016-10-24,3111133.5
2016-10-25,3065765.9
2016-10-26,3208626.7
2016-10-27,3351487.5
2016-10-28,3285898.2
2016-10-29,3220308.8
2016-10-30,3154719.5
2016-10-31,3089130.2
2016-11-01,3023540.9
2016-11-02,3139953.4
2016-11-03,3256365.9
2016-11-04,3244161.4
2016-11-05,3231956.9
2016-11-06,3219752.4
2016-11-07,3207547.9
2016-11-08,3195343.4
2016-11-09,3225089.3
2016-11-10,3254835.2
2016-11-11,3284581.1
2016-11-12,3314327.0
2016-11-13,3344072.8
2016-11-14,3373818.7
2016-11-15,3403564.6
2016-11-16,3338873.9
2016-11-17,3274183.2
2016-11-18,3209492.5
2016-11-19,3203761.2
2016-11-20,3198029.8
2016-11-21,3192298.4
2016-11-22,3186567.0
2016-11-23,3186304.0
2016-11-24,3186040.9
2016-11-25,3185777.9
2016-11-26,3185514.9
2016-11-27,3185251.9
2016-11-28,3184988.9
2016-11-29,3184725.8
2016-11-30,3184462.8
2016-12-01,3184199.8
2016-12-02,3186983.7
2016-12-03,3189767.6
2016-12-04,3192551.6
2016-12-05,3195335.5
2016-12-06,3198119.4
2016-12-07,3223399.1
2016-12-08,3248678.8
2016-12-09,3247135.8
2016-12-10,3245592.9
2016-12-11,3244049.9
2016-12-12,3242506.9
2016-12-13,3240963.9
2016-12-14,3273967.0
2016-12-15,3306970.2
2016-12-16,3329561.5
2016-12-17,3352152.9
2016-12-18,3374744.2
2016-12-19,3397335.6
2016-12-20,3419926.9
2016-12-21,3442518.3
2016-12-22,3465109.6
2016-12-23,3442314.7
2016-12-24,3419519.7
2016-12-25,3396724.8
2016-12-26,3373929.8
2016-12-27,3351134.9
2016-12-28,3328339.9
2016-12-29,3305545.0
2016-12-30,3293870.2
2016-12-31,3282195.4
2017-01-01,3270520.5
2017-01-02,3258845.7
2017-01-03,3247170.9
2017-01-04,3235496.1
2017-01-05,3383592.7
2017-01-06,3400461.5
2017-01-07,3417330.3
2017-01-08,3434199.2
2017-01-09,3451068.0
2017-01-10,3467936.8
2017-01-11,3460019.5
2017-01-12,3452102.1
2017-01-13,3444184.8
2017-01-14,3436267.4
2017-01-15,3428350.1
2017-01-16,3420432.7
2017-01-17,3412515.3
2017-01-18,3404598.0
2017-01-19,3396680.6
2017-01-20,3388763.3
2017-01-21,3380845.9
2017-01-22,3372928.6
2017-01-23,3365011.2
2017-01-24,2547214.4
2017-01-25,1737262.8
2017-01-26,1760353.0
2017-01-27,1783858.6
2017-01-28,1807858.1
2017-01-29,1832276.7
2017-01-30,1856976.7
2017-01-31,1928897.2
2017-02-01,2002391.8
2017-02-02,2020287.5
2017-02-03,2038677.7
2017-02-04,2057803.0
2017-02-05,2077612.0
2017-02-06,2098037.4
2017-02-07,2118905.3
2017-02-08,2170853.3
2017-02-09,2226416.8
2017-02-10,2284695.9
2017-02-11,2351479.5
2017-02-12,2420076.1
2017-02-13,2489992.7
2017-02-14,2560442.3
2017-02-15,2455204.8
2017-02-16,2351003.0
2017-02-17,2415398.4
2017-02-18,2480301.6
2017-02-19,2545679.4
2017-02-20,2611384.8
2017-02-21,2677171.9
2017-02-22,2742971.4
2017-02-23,2808779.9
2017-02-24,2734228.1
2017-02-25,2659677.2
2017-02-26,2585130.0
2017-02-27,2510754.8
2017-02-28,2436753.2
2017-03-01,2363113.3
2017-03-02,2239941.3
2017-03-03,2286113.4
2017-03-04,2332767.2
2017-03-05,2379890.4
2017-03-06,2427601.9
2017-03-07,2358084.5
2017-03-08,2289540.3
2017-03-09,2274515.8
2017-03-10,2259617.3
2017-03-11,2289714.7
2017-03-12,2320008.6
2017-03-13,2350415.6
2017-03-14,2380911.4
2017-03-15,2401160.0
2017-03-16,2345531.1
2017-03-17,2292290.5
2017-03-18,2364998.0
2017-03-19,2438244.1
2017-03-20,2511754.1
2017-03-21,2585461.6
2017-03-22,2640346.4
2017-03-23,2695784.8
2017-03-24,2719662.5
2017-03-25,2743546.6
2017-03-26,2767495.5
2017-03-27,2791508.0
2017-03-28,2649513.5
2017-03-29,2509574.6
2017-03-30,2624504.6
2017-03-31,2747291.5
2017-04-01,2648992.3
2017-04-02,2552145.2
2017-04-03,2461873.9
2017-04-04,2391522.5
2017-04-05,2382285.9
2017-04-06,2397008.4
2017-04-07,2333379.0
2017-04-08,2275775.8
2017-04-09,2221051.8
2017-04-10,2171010.0
2017-04-11,2136840.2
2017-04-12,2020170.0
2017-04-13,1933497.4
2017-04-14,1864825.9
2017-04-15,1824848.3
2017-04-16,1787095.4
2017-04-17,1757546.8
2017-04-18,1749577.8
2017-04-19,1741373.2
2017-04-20,1737213.1
2017-04-21,1760828.3
2017-04-22,1785235.1
2017-04-23,1810788.1
2017-04-24,1837528.5
2017-04-25,1896862.4
2017-04-26,1714691.4
2017-04-27,1677341.4
2017-04-28,1664370.6
2017-04-29,1679493.9
2017-04-30,1702350.9
2017-05-01,1729635.4
2017-05-02,1692750.6
2017-05-03,1737473.0
2017-05-04,1631776.9
2017-05-05,1667629.6
2017-05-06,1667357.9
2017-05-07,1737693.7
2017-05-08,1860003.2
2017-05-09,1770805.6
2017-05-10,1761621.0
2017-05-11,1693329.2
2017-05-12,2077209.1
2017-05-13,1887332.4
2017-05-14,1709741.4
2017-05-15,1558522.0
2017-05-16,1927844.2
2017-05-17,1820370.4
2017-05-18,1760706.4
2017-05-19,1656213.3
2017-05-20,1557033.9
2017-05-21,1461206.7
2017-05-22,1370264.4
2017-05-23,1297935.1
2017-05-24,1251972.5
2017-05-25,1315893.3
2017-05-26,1263621.3
2017-05-27,1213369.3
2017-05-28,1164594.4
2017-05-29,1118213.0
2017-05-30,1078225.4
2017-05-31,1057173.4
2017-06-01,1068610.2
2017-06-02,1088355.5
2017-06-03,1078916.3
2017-06-04,1071137.0
2017-06-05,1064814.5
2017-06-06,1059679.5
2017-06-07,997773.9
2017-06-08,944829.5
2017-06-09,994565.9
2017-06-10,990577.4
2017-06-11,988365.1
2017-06-12,987044.2
2017-06-13,986205.1
2017-06-14,1033620.5
2017-06-15,1091032.9
2017-06-16,1094007.4
2017-06-17,1097137.9
2017-06-18,1100432.8
2017-06-19,1103908.2
2017-06-20,1107608.5
2017-06-21,1111557.9
2017-06-22,1115822.4
2017-06-23,1120590.6
2017-06-24,1101000.9
2017-06-25,1082222.6
2017-06-26,1064405.0
2017-06-27,1047620.7
2017-06-28,1036163.3
2017-06-29,1055718.2
2017-06-30,1325714.4
2017-07-01,1268336.1
2017-07-02,1213255.1
2017-07-03,1160738.0
2017-07-04,1110609.1
2017-07-05,1063040.6
2017-07-06,1122474.4
2017-07-07,1186562.4
2017-07-08,1153916.8
2017-07-09,1124129.1
2017-07-10,1096921.6
2017-07-11,1149566.7
2017-07-12,1117921.6
2017-07-13,1090555.8
2017-07-14,1086153.9
2017-07-15,1082524.5
2017-07-16,1079724.6
2017-07-17,1077533.3
2017-07-18,1076019.2
2017-07-19,1146618.4
2017-07-20,1118694.4
2017-07-21,1089374.7
2017-07-22,1044984.0
2017-07-23,1002309.2
2017-07-24,961178.2
2017-07-25,1068348.3
2017-07-26,970467.6
2017-07-27,1051654.9
2017-07-28,1084786.9
2017-07-29,1046961.2
2017-07-30,1011532.5
2017-07-31,979787.8
2017-08-01,1061087.0
2017-08-02,870592.6
2017-08-03,1241731.3
2017-08-04,1170753.2
2017-08-05,1102438.8
2017-08-06,1038425.8
2017-08-07,979964.5
2017-08-08,781798.5
2017-08-09,956111.1
2017-08-10,824541.2
2017-08-11,898340.1
2017-08-12,929407.4
2017-08-13,964658.1
2017-08-14,1004680.4
2017-08-15,1048319.9
2017-08-16,968778.5
2017-08-17,1001081.5
2017-08-18,1034431.4
2017-08-19,1069035.4
2017-08-20,1105382.0
2017-08-21,1143763.1
2017-08-22,1184231.3
2017-08-23,1076563.2
2017-08-24,1076205.8
2017-08-25,1204515.8
2017-08-26,1198569.4
2017-08-27,1192817.8
2017-08-28,1187373.3
2017-08-29,1182314.2
2017-08-30,1177582.5
2017-08-31,1173139.5
2017-09-01,1168938.1
2017-09-02,1126178.1
2017-09-03,1083883.6
2017-09-04,1042209.2
2017-09-05,1001885.3
2017-09-06,1121571.5
2017-09-07,1246860.1
2017-09-08,1202647.7
2017-09-09,1159623.5
2017-09-10,1117340.2
2017-09-11,1075562.1
2017-09-12,1034225.1
2017-09-13,1031251.0
2017-09-14,1029127.3
2017-09-15,1000425.7
2017-09-16,973114.2
2017-09-17,947035.8
2017-09-18,921932.4
2017-09-19,897516.4
2017-09-20,867140.0
2017-09-21,842170.3
2017-09-22,820877.7
2017-09-23,822938.6
2017-09-24,826285.2
2017-09-25,830540.7
2017-09-26,835521.6
2017-09-27,855920.6
2017-09-28,901183.6
2017-09-29,939987.7
2017-09-30,980066.8
2017-10-01,1020942.9
2017-10-02,1062048.9
2017-10-03,1103399.4
2017-10-04,1078683.9
2017-10-05,1055012.0
2017-10-06,1032605.7
2017-10-07,1010850.0
2017-10-08,989554.6
2017-10-09,968431.5
2017-10-10,937233.3
2017-10-11,848400.3
2017-10-12,876996.7
2017-10-13,907253.4
2017-10-14,939388.1
2017-10-15,974250.0
2017-10-16,1012511.2
2017-10-17,1052689.8
2017-10-18,1034449.0
2017-10-19,1018175.7
2017-10-20,1033263.2
2017-10-21,1048532.7
2017-10-22,1063979.2
2017-10-23,1079642.2
2017-10-24,1095558.7
2017-10-25,1099250.4
2017-10-26,1104624.9
2017-10-27,1079764.6
2017-10-28,1055300.6
2017-10-29,1031339.2
2017-10-30,1008075.6
2017-10-31,985425.8
2017-11-01,1043541.2
2017-11-02,1105080.4
2017-11-03,1040453.3
2017-11-04,977907.7
2017-11-05,919075.6
2017-11-06,864041.0
2017-11-07,813234.5
2017-11-08,832082.5
2017-11-09,856678.0
2017-11-10,867837.2
2017-11-11,880084.4
2017-11-12,893413.8
2017-11-13,907864.5
2017-11-14,923241.4
2017-11-15,881571.9
2017-11-16,846665.7
2017-11-17,891248.7
2017-11-18,937390.0
2017-11-19,985064.4
2017-11-20,1033913.2
2017-11-21,1083391.7
2017-11-22,1058637.5
2017-11-23,1034489.7
2017-11-24,1011133.8
2017-11-25,988395.4
2017-11-26,966248.0
2017-11-27,944649.7
2017-11-28,923534.4
2017-11-29,965007.5
2017-11-30,1015380.9
2017-12-01,1005377.6
2017-12-02,997586.5
2017-12-03,991137.2
2017-12-04,986119.9
2017-12-05,981904.4
2017-12-06,771385.7
2017-12-07,583962.0
2017-12-08,693962.6
2017-12-09,813609.3
2017-12-10,941338.3
2017-12-11,1075888.1
2017-12-12,1214242.9
2017-12-13,1178532.9
2017-12-14,1145930.7
2017-12-15,1115623.7
2017-12-16,1086005.4
2017-12-17,1057098.1
2017-12-18,1029163.1
2017-12-19,1002410.3
2017-12-20,1055731.8
2017-12-21,1113714.1
2017-12-22,1127275.3
2017-12-23,1141002.2
2017-12-24,1154910.4
2017-12-25,1169016.5
2017-12-26,1183329.1
2017-12-27,1197831.3
2017-12-28,1181766.8
2017-12-29,1200884.9
2017-12-30,1220097.8
2017-12-31,1239407.7
2018-01-01,1258816.7
2018-01-02,1278326.6
2018-01-03,1297939.8
2018-01-04,1321400.5
2018-01-05,1348050.9
2018-01-06,1375041.7
2018-01-07,1402343.1
2018-01-08,1429967.5
2018-01-09,1457899.2
2018-01-10,1486077.2
2018-01-11,1473024.5
2018-01-12,1422250.1
2018-01-13,1372098.6
2018-01-14,1322570.8
2018-01-15,1273650.0
2018-01-16,1225323.2
2018-01-17,1177548.5
2018-01-18,1130275.9
2018-01-19,1083483.2
2018-01-20,1129197.7
2018-01-21,1175299.1
2018-01-22,1221772.7
2018-01-23,1268685.7
2018-01-24,1058709.6
2018-01-25,862360.9
2018-01-26,926301.4
2018-01-27,994182.9
2018-01-28,1065054.0
2018-01-29,1138276.6
2018-01-30,1213681.3
2018-01-31,1269058.3
2018-02-01,1325854.8
2018-02-02,1318301.1
2018-02-03,1311021.8
2018-02-04,1303937.1
2018-02-05,1297003.6
2018-02-06,1290174.2
2018-02-07,1283460.5
2018-02-08,1277082.7
2018-02-09,1276747.8
2018-02-10,1276632.3
2018-02-11,1276607.4
2018-02-12,1276663.5
2018-02-13,1276818.3
2018-02-14,1311928.8
2018-02-15,1348981.2
2018-02-16,1339147.8
2018-02-17,1329693.3
2018-02-18,1320677.9
2018-02-19,1312182.4
2018-02-20,1304152.8
2018-02-21,1296435.3
2018-02-22,1288971.0
2018-02-23,1218924.2
2018-02-24,1151432.2
2018-02-25,1087155.7
2018-02-26,1025929.9
2018-02-27,967913.2
2018-02-28,1450733.5
2018-03-01,959992.3
2018-03-02,1355542.4
2018-03-03,1269630.0
2018-03-04,1189397.9
2018-03-05,1116086.6
2018-03-06,1194862.6
2018-03-07,1189603.2
2018-03-08,1187031.3
2018-03-09,1199928.1
2018-03-10,1213072.5
2018-03-11,1226595.3
2018-03-12,1240460.4
2018-03-13,1254602.0
2018-03-14,1268978.8
2018-03-15,1181529.5
2018-03-16,1232930.4
2018-03-17,1226269.4
2018-03-18,1209145.2
2018-03-19,1265307.2
2018-03-20,1322941.1
2018-03-21,1135359.8
2018-03-22,1321286.9
2018-03-23,1246102.9
2018-03-24,1185158.4
2018-03-25,1192919.8
2018-03-26,1289870.9
2018-03-27,1277499.7
2018-03-28,1324841.6
2018-03-29,1284814.8
2018-03-30,1338271.1
2018-03-31,1262826.7
2018-04-01,1189747.1
2018-04-02,1119386.2
2018-04-03,1159691.5
2018-04-04,1201207.7
2018-04-05,1244128.0
2018-04-06,1183032.4
2018-04-07,1124580.5
2018-04-08,1068029.8
2018-04-09,1091852.9
2018-04-10,1117619.2
2018-04-11,1269341.0
2018-04-12,1217321.4
2018-04-13,1167456.0
2018-04-14,1103273.6
2018-04-15,1042583.0
2018-04-16,1120344.9
2018-04-17,1204001.4
2018-04-18,1192216.3
2018-04-19,1181867.3
2018-04-20,1262125.7
2018-04-21,1162967.5
2018-04-22,1104525.5
2018-04-23,1050673.4
2018-04-24,1142115.8
2018-04-25,1238537.1
2018-04-26,1339347.5
2018-04-27,1317624.9
2018-04-28,1296774.3
2018-04-29,1277014.0
2018-04-30,1257371.4
2018-05-01,1243604.8
2018-05-02,1265823.5
2018-05-03,1290502.7
2018-05-04,1317503.4
2018-05-05,1315092.5
2018-05-06,1313388.5
2018-05-07,1312094.3
2018-05-08,1312642.5
2018-05-09,1294786.8
2018-05-10,1279957.1
2018-05-11,1312511.8
2018-05-12,1288440.7
2018-05-13,1344077.4
2018-05-14,1404541.4
2018-05-15,1235493.4
2018-05-16,1226424.9
2018-05-17,1293978.0
2018-05-18,1368404.1
2018-05-19,1349586.5
2018-05-20,1356523.3
2018-05-21,1364758.2
2018-05-22,1373925.0
2018-05-23,1372312.5
2018-05-24,1374597.3
2018-05-25,1562978.1
2018-05-26,1305085.6
2018-05-27,1358287.0
2018-05-28,1412218.9
2018-05-29,1466560.0
2018-05-30,1472478.7
2018-05-31,1479424.2
2018-06-01,1502150.0
2018-06-02,1525036.2
2018-06-03,1517874.1
2018-06-04,1510757.0
2018-06-05,1503896.1
2018-06-06,1359203.8
2018-06-07,1215108.0
2018-06-08,1361870.1
2018-06-09,1509850.7
2018-06-10,1497355.8
2018-06-11,1485168.7
2018-06-12,1473017.5
2018-06-13,1448234.8
2018-06-14,1424425.5
2018-06-15,1418274.5
2018-06-16,1412209.2
2018-06-17,1406250.7
2018-06-18,1400396.3
2018-06-19,1394630.7
2018-06-20,1388954.1
2018-06-21,1383357.0
2018-06-22,1382112.2
2018-06-23,1380892.4
2018-06-24,1379697.4
2018-06-25,1378525.1
2018-06-26,1377369.4
2018-06-27,1299778.3
2018-06-28,1223413.5
2018-06-29,1308420.8
2018-06-30,1395255.6
2018-07-01,1483091.4
2018-07-02,1571546.5
2018-07-03,1504587.0
2018-07-04,1438693.5
2018-07-05,1374899.1
2018-07-06,1372227.5
2018-07-07,1369565.1
2018-07-08,1366914.9
2018-07-09,1364279.0
2018-07-10,1361661.9
2018-07-11,1478609.2
2018-07-12,1596220.2
2018-07-13,1604089.8
2018-07-14,1612018.4
2018-07-15,1620001.7
2018-07-16,1628036.5
2018-07-17,1636121.5
2018-07-18,1623066.8
2018-07-19,1610286.8
2018-07-20,1593458.6
2018-07-21,1576633.5
2018-07-22,1559811.1
2018-07-23,1542992.2
2018-07-24,1526176.8
2018-07-25,1474772.5
2018-07-26,1423639.7
2018-07-27,1468790.4
2018-07-28,1514030.2
2018-07-29,1559345.1
2018-07-30,1604711.5
2018-07-31,1650104.3
2018-08-01,1608759.0
2018-08-02,1567421.5
2018-08-03,1594700.2
2018-08-04,1622024.0
2018-08-05,1649395.2
2018-08-06,1676811.2
2018-08-07,1704271.0
2018-08-08,1645499.8
2018-08-09,1586873.3
2018-08-10,1586919.3
2018-08-11,1586971.5
2018-08-12,1587029.5
2018-08-13,1587092.4
2018-08-14,1587160.7
2018-08-15,1455707.5
2018-08-16,1324824.9
2018-08-17,1342733.7
2018-08-18,1360774.8
2018-08-19,1378857.2
2018-08-20,1396959.3
2018-08-21,1415079.9
2018-08-22,1437733.3
2018-08-23,1460614.9
2018-08-24,1441718.3
2018-08-25,1422869.3
2018-08-26,1404061.8
2018-08-27,1385292.6
2018-08-28,1366584.9
2018-08-29,1457834.1
2018-08-30,1549321.9
2018-08-31,1517478.2
2018-09-01,1485683.1
2018-09-02,1453936.6
2018-09-03,1422238.9
2018-09-04,1390584.2
2018-09-05,1359033.5
2018-09-06,1327758.6
2018-09-07,1381441.4
2018-09-08,1435269.5
2018-09-09,1489215.1
2018-09-10,1543275.4
2018-09-11,1597444.5
2018-09-12,1457753.7
2018-09-13,1318532.1
2018-09-14,1309685.8
2018-09-15,1301006.5
2018-09-16,1292341.8
2018-09-17,1283920.3
2018-09-18,1277718.4
2018-09-19,1243151.4
2018-09-20,1208996.7
2018-09-21,1261117.8
2018-09-22,1313483.8
2018-09-23,1365992.6
2018-09-24,1418593.2
2018-09-25,1471243.8
2018-09-26,1454424.9
2018-09-27,1437994.3
2018-09-28,1402862.7
2018-09-29,1367765.4
2018-09-30,1332765.4
2018-10-01,1297932.8
2018-10-02,1263279.0
2018-10-03,1309019.9
2018-10-04,1355242.0
2018-10-05,1380336.0
2018-10-06,1405474.4
2018-10-07,1430638.0
2018-10-08,1455821.1
2018-10-09,1481025.6
2018-10-10,1506258.2
2018-10-11,1531526.5
2018-10-12,1560874.4
2018-10-13,1590302.9
2018-10-14,1619778.6
2018-10-15,1649295.0
2018-10-16,1678851.8
2018-10-17,1548692.7
2018-10-18,1421070.7
2018-10-19,1392797.4
2018-10-20,1364811.4
2018-10-21,1337105.7
2018-10-22,1309596.6
2018-10-23,1282259.4
2018-10-24,1444591.7
2018-10-25,1608734.5
2018-10-26,1628278.7
2018-10-27,1647912.9
2018-10-28,1667552.4
2018-10-29,1687204.3
2018-10-30,1706875.2
2018-10-31,1726572.1
2018-11-01,1452060.8
2018-11-02,1190430.2
2018-11-03,1250317.4
2018-11-04,1311516.2
2018-11-05,1374874.5
2018-11-06,1440493.8
2018-11-07,1506669.5
2018-11-08,1261208.9
2018-11-09,1230324.5
2018-11-10,1199969.9
2018-11-11,1170519.5
2018-11-12,1142927.2
2018-11-13,1118936.3
2018-11-14,1097745.1
2018-11-15,1802413.7
2018-11-16,1851329.0
2018-11-17,1900842.2
2018-11-18,1950401.6
2018-11-19,2000607.9
2018-11-20,1734688.5
2018-11-21,1992807.4
2018-11-22,2056991.0
2018-11-23,2121190.9
2018-11-24,2185390.9
2018-11-25,2249590.8
2018-11-26,2313790.8
2018-11-27,2103204.7
2018-11-28,1914939.1
2018-11-29,2164349.8
2018-11-30,2123790.5
2018-12-01,2083231.3
2018-12-02,2042672.1
2018-12-03,2002157.3
2018-12-04,2322384.8
2018-12-05,2301780.9
2018-12-06,2281193.6
2018-12-07,2503690.7
2018-12-08,2618476.5
2018-12-09,2733263.2
2018-12-10,2848050.0
2018-12-11,2476749.5
2018-12-12,2178066.8
2018-12-13,2492499.0
2018-12-14,2507632.9
2018-12-15,2502875.0
2018-12-16,2498117.1
2018-12-17,2493359.1
2018-12-18,2625302.2
2018-12-19,2426248.5
2018-12-20,2357902.2
2018-12-21,2295544.3
2018-12-22,2233932.8
2018-12-23,2172762.4
2018-12-24,2111732.5
2018-12-25,2050738.9
2018-12-26,1990129.9
2018-12-27,1936018.8
2018-12-28,1891568.5
2018-12-29,1847212.2
2018-12-30,1802967.4
2018-12-31,1758861.8
2019-01-01,1714961.5
2019-01-02,1671271.2
2019-01-03,1634439.4
2019-01-04,1606274.4
2019-01-05,1607039.3
2019-01-06,1610172.4
2019-01-07,1618853.4
2019-01-08,1643553.5
2019-01-09,1600338.6
2019-01-10,1558131.1
2019-01-11,1396758.1
2019-01-12,1494553.3
2019-01-13,1594266.7
2019-01-14,1695242.1
2019-01-15,1463486.3
2019-01-16,1520973.9
2019-01-17,1580165.3
2019-01-18,1640566.4
2019-01-19,1701846.1
2019-01-20,1716244.7
2019-01-21,1732199.4
2019-01-22,1750880.6
2019-01-23,1671178.7
2019-01-24,1593948.0
2019-01-25,1723746.4
2019-01-26,1742110.7
2019-01-27,1760736.2
2019-01-28,1779666.8
2019-01-29,1736687.6
2019-01-30,1758391.0
2019-01-31,1780558.6
2019-02-01,1620099.4
2019-02-02,1652243.4
2019-02-03,1684573.7
2019-02-04,1717064.5
2019-02-05,1749718.1
2019-02-06,1782544.6
2019-02-07,1815538.3
2019-02-08,1848700.1
2019-02-09,1471168.8
2019-02-10,1508031.8
2019-02-11,1545404.8
2019-02-12,1583285.7
2019-02-13,1621690.2
2019-02-14,1564784.9
2019-02-15,1631153.9
2019-02-16,1671662.7
2019-02-17,1712695.6
2019-02-18,1754199.0
2019-02-19,1738193.9
2019-02-20,1722267.6
2019-02-21,1706432.0
2019-02-22,1690698.6
2019-02-23,1675079.0
2019-02-24,1659575.1
2019-02-25,1644205.8
2019-02-26,1781529.4
2019-02-27,1770698.1
2019-02-28,1766565.6
2019-03-01,1762501.2
2019-03-02,1758553.4
2019-03-03,1754714.5
2019-03-04,1750963.9
2019-03-05,1747289.2
2019-03-06,1743683.7
2019-03-07,1804396.2
2019-03-08,1866001.5
2019-03-09,1818878.4
2019-03-10,1772278.1
2019-03-11,1726343.7
2019-03-12,1681172.8
2019-03-13,1633811.8
2019-03-14,1651934.1
2019-03-15,1671525.3
2019-03-16,1713107.8
2019-03-17,1755143.6
2019-03-18,1797632.7
2019-03-19,1840534.6
2019-03-20,1883850.6
2019-03-21,1927580.3
2019-03-22,1691805.6
2019-03-23,1991782.6
2019-03-24,1684594.8
2019-03-25,1837292.1
2019-03-26,1992018.1
2019-03-27,1946971.5
2019-03-28,1947433.5
2019-03-29,1945232.5
2019-03-30,1943118.2
2019-03-31,1941088.7
2019-04-01,1939153.0
2019-04-02,1937347.9
2019-04-03,1806759.4
2019-04-04,1678265.9
2019-04-05,1662956.9
2019-04-06,1648387.0
2019-04-07,1634357.1
2019-04-08,1620931.5
2019-04-09,1600477.9
2019-04-10,1836125.5
2019-04-11,2077499.6
2019-04-12,1712135.5
2019-04-13,1757684.5
2019-04-14,1804432.9
2019-04-15,1854657.1
2019-04-16,1912030.8
2019-04-17,1855371.0
2019-04-18,1835352.7
2019-04-19,1822692.1
2019-04-20,1731471.8
2019-04-21,1646585.9
2019-04-22,1597739.1
2019-04-23,1598219.5
2019-04-24,1608153.6
2019-04-25,1633791.0
2019-04-26,1669020.0
2019-04-27,1574308.2
2019-04-28,1588320.0
2019-04-29,1615204.8
2019-04-30,1452210.3
2019-05-01,1355206.5
2019-05-02,1280118.8
2019-05-03,1317838.8
2019-05-04,1358176.6
2019-05-05,1401161.9
2019-05-06,1447700.3
2019-05-07,1404963.9
2019-05-08,1368295.0
2019-05-09,1339903.2
2019-05-10,1371635.9
2019-05-11,1405285.2
2019-05-12,1440774.9
2019-05-13,1477898.4
2019-05-14,1516071.0
2019-05-15,1554722.3
2019-05-16,1593723.3
2019-05-17,1570347.0
2019-05-18,1547426.3
2019-05-19,1525007.7
2019-05-20,1503313.2
2019-05-21,1583246.0
2019-05-22,1664527.0
2019-05-23,1747278.5
2019-05-24,1831364.7
2019-05-25,1603468.2
2019-05-26,1609096.3
2019-05-27,1618491.9
2019-05-28,1630382.8
2019-05-29,1778195.9
2019-05-30,1726512.0
2019-05-31,1779683.3
2019-06-01,1767926.1
2019-06-02,1757112.9
2019-06-03,1552054.3
2019-06-04,1759651.4
2019-06-05,1671435.2
2019-06-06,1689781.1
2019-06-07,1708239.0
2019-06-08,1726806.6
2019-06-09,1745506.4
2019-06-10,1764404.6
2019-06-11,1783701.7
2019-06-12,1803605.9
2019-06-13,1768249.1
2019-06-14,1735679.5
2019-06-15,1702321.1
2019-06-16,1670333.5
2019-06-17,1639858.0
2019-06-18,1668152.5
2019-06-19,1699503.0
2019-06-20,1703311.5
2019-06-21,1761757.7
2019-06-22,1821074.2
2019-06-23,1880897.0
2019-06-24,1941006.8
2019-06-25,2001337.3
2019-06-26,1674115.8
2019-06-27,1584973.9
2019-06-28,1558541.6
2019-06-29,1537880.9
2019-06-30,1522863.2
2019-07-01,1676442.6
2019-07-02,1587821.0
2019-07-03,1595438.1
2019-07-04,1632515.1
2019-07-05,1670638.2
2019-07-06,1709570.6
2019-07-07,1749200.0
2019-07-08,1790017.6
2019-07-09,1832210.4
2019-07-10,1790856.9
2019-07-11,1752212.1
2019-07-12,1714123.4
2019-07-13,1677062.9
2019-07-14,1643470.5
2019-07-15,1780137.8
2019-07-16,1643923.8
2019-07-17,1685215.6
2019-07-18,1659164.1
2019-07-19,1638818.3
2019-07-20,1691939.0
2019-07-21,1748322.4
2019-07-22,1807624.9
2019-07-23,1522860.6
2019-07-24,1858534.6
2019-07-25,1572042.9
2019-07-26,1666507.7
2019-07-27,1764294.7
2019-07-28,1863443.9
2019-07-29,1963250.0
2019-07-30,2063731.5
2019-07-31,1968344.0
2019-08-01,1795183.6
2019-08-02,1785439.5
2019-08-03,1776258.4
2019-08-04,1767820.2
2019-08-05,1761941.6
2019-08-06,1744911.9
2019-08-07,1953041.4
2019-08-08,1902123.8
2019-08-09,1970422.7
2019-08-10,2039740.9
2019-08-11,2109504.2
2019-08-12,2179329.2
2019-08-13,2249310.5
2019-08-14,2219933.0
2019-08-15,1964974.8
2019-08-16,1950994.7
2019-08-17,1935830.4
2019-08-18,1920845.3
2019-08-19,1934904.7
2019-08-20,1939510.8
2019-08-21,1944570.1
2019-08-22,1970071.6
2019-08-23,1573406.4
2019-08-24,1724463.7
2019-08-25,1878122.2
2019-08-26,1859794.2
2019-08-27,1842881.3
2019-08-28,1934906.7
2019-08-29,1972549.5
2019-08-30,1907714.1
2019-08-31,1840127.4
2019-09-01,1772540.6
2019-09-02,1705021.4
2019-09-03,1637937.3
2019-09-04,1558143.5
2019-09-05,1601865.1
2019-09-06,1645986.6
2019-09-07,1690476.2
2019-09-08,1735191.0
2019-09-09,1779937.7
2019-09-10,1824689.4
2019-09-11,1764209.2
2019-09-12,1703729.6
2019-09-13,1663726.0
2019-09-14,1623723.2
2019-09-15,1583795.5
2019-09-16,1544407.0
2019-09-17,1505940.9
2019-09-18,1656199.2
2019-09-19,1808364.8
2019-09-20,1815450.2
2019-09-21,1822542.0
2019-09-22,1829644.7
2019-09-23,1836765.8
2019-09-24,1843912.9
2019-09-25,1886359.3
2019-09-26,1928909.7
2019-09-27,1928849.2
2019-09-28,1928788.8
2019-09-29,1928728.4
2019-09-30,1928668.0
2019-10-01,1928615.2
2019-10-02,1821986.2
2019-10-03,1715579.4
2019-10-04,1791421.5
2019-10-05,1867478.1
2019-10-06,1943534.7
2019-10-07,2019591.3
2019-10-08,2095647.9
2019-10-09,1896796.7
2019-10-10,1698279.1
2019-10-11,1772100.4
2019-10-12,1846251.7
2019-10-13,1920404.8
2019-10-14,1994557.9
2019-10-15,2068711.0
2019-10-16,2142864.1
2019-10-17,2132861.7
2019-10-18,2122859.4
2019-10-19,2112857.0
2019-10-20,2102854.6
2019-10-21,2092852.2
2019-10-22,2082849.9
2019-10-23,1933037.4
2019-10-24,1783232.6
2019-10-25,1731114.2
2019-10-26,1679003.4
2019-10-27,1626917.2
2019-10-28,1575202.6
2019-10-29,1524630.7
2019-10-30,1696425.1
2019-10-31,1869873.3
2019-11-01,1836868.4
2019-11-02,1803863.7
2019-11-03,1770859.2
2019-11-04,1737859.6
2019-11-05,1704940.0
2019-11-06,1779704.9
2019-11-07,1854563.4
2019-11-08,1841206.9
2019-11-09,1827850.3
2019-11-10,1814502.5
2019-11-11,1801173.3
2019-11-12,1787857.8
2019-11-13,1774561.2
2019-11-14,1806097.7
2019-11-15,1837674.3
2019-11-16,1869281.5
2019-11-17,1900899.8
2019-11-18,1932519.4
2019-11-19,1964144.4
2019-11-20,2118988.4
2019-11-21,2273842.8
2019-11-22,2236151.6
2019-11-23,2198460.3
2019-11-24,2160769.1
2019-11-25,2123077.9
2019-11-26,2085386.7
2019-11-27,2086710.2
2019-11-28,2088033.8
2019-11-29,2089357.4
2019-11-30,2090681.0
2019-12-01,2092004.6
2019-12-02,2093328.2
2019-12-03,2094651.8
2019-12-04,2298059.6
2019-12-05,2501467.4
2019-12-06,2442976.8
2019-12-07,2384486.2
2019-12-08,2325995.6
2019-12-09,2267505.0
2019-12-10,2209014.5
2019-12-11,2150523.9
2019-12-12,2161311.0
2019-12-13,2172098.2
2019-12-14,2182885.3
2019-12-15,2193672.5
2019-12-16,2204459.6
2019-12-17,2215246.8
2019-12-18,2214113.4
2019-12-19,2212980.1
2019-12-20,2353616.6
2019-12-21,2494253.2
2019-12-22,2634889.7
2019-12-23,2775526.2
2019-12-24,2739589.9
2019-12-25,2703653.6
2019-12-26,2667717.3
2019-12-27,2631780.9
2019-12-28,2617302.0
2019-12-29,2602823.1
2019-12-30,2588344.1
2019-12-31,2573865.2
2020-01-01,2518301.0
2020-01-02,2462736.8
2020-01-03,2407172.6
2020-01-04,2351608.5
2020-01-05,2296044.3
2020-01-06,2240498.9
2020-01-07,2185108.3
2020-01-08,2369548.6
2020-01-09,2554181.4
2020-01-10,2565282.9
2020-01-11,2576384.3
2020-01-12,2587485.8
2020-01-13,2598587.3
2020-01-14,2609688.8
2020-01-15,2620790.3
2020-01-16,2642436.0
2020-01-17,2664081.6
2020-01-18,2685727.3
2020-01-19,2707372.9
2020-01-20,2729018.6
2020-01-21,2750664.3
2020-01-22,2772310.7
2020-01-23,2696871.1
2020-01-24,2621432.4
2020-01-25,2545993.6
2020-01-26,2470554.8
2020-01-27,2395392.1
2020-01-28,2321501.5
2020-01-29,2657597.2
2020-01-30,2530586.8
2020-01-31,2536580.1
2020-02-01,2542740.0
2020-02-02,2549183.0
2020-02-03,2562853.8
2020-02-04,2386537.4
2020-02-05,2375984.8
2020-02-06,2386049.8
2020-02-07,2299094.9
2020-02-08,2177202.2
2020-02-09,1927092.1
2020-02-10,1910074.6
2020-02-11,1897594.9
2020-02-12,1892363.7
2020-02-13,1910355.6
2020-02-14,1667536.4
2020-02-15,1819685.6
2020-02-16,1782469.4
2020-02-17,1750616.8
2020-02-18,1647443.4
2020-02-19,1547355.7
2020-02-20,1452010.4
2020-02-21,1363926.5
2020-02-22,1307846.3
2020-02-23,1101662.2
2020-02-24,1274031.4
2020-02-25,1203044.2
2020-02-26,1216087.3
2020-02-27,1208696.0
2020-02-28,1078188.6
2020-02-29,1244343.8
2020-03-01,1221642.4
2020-03-02,1130738.6
2020-03-03,1127589.0
2020-03-04,1129085.8
2020-03-05,1135725.0
2020-03-06,1107188.6
2020-03-07,1034774.0
2020-03-08,1001910.3
2020-03-09,933634.5
2020-03-10,974210.0
2020-03-11,1165267.6
2020-03-12,1018909.6
2020-03-13,897845.3
2020-03-14,955851.9
2020-03-15,1026594.6
2020-03-16,910267.7
2020-03-17,981286.9
2020-03-18,1080589.6
2020-03-19,952429.0
2020-03-20,973291.6
2020-03-21,999782.8
2020-03-22,1031652.9
2020-03-23,1068873.6
2020-03-24,1094262.9
2020-03-25,1092073.6
2020-03-26,1095114.9
2020-03-27,1102253.8
2020-03-28,1088778.1
2020-03-29,1079052.3
2020-03-30,1073074.3
2020-03-31,959218.5
2020-04-01,1110118.2
2020-04-02,925705.2
2020-04-03,1001089.3
2020-04-04,1102073.4
2020-04-05,962456.9
2020-04-06,852981.8
2020-04-07,1173129.1
2020-04-08,1030235.1
2020-04-09,1202352.0
2020-04-10,865234.5
2020-04-11,1066157.7
2020-04-12,1010936.8
2020-04-13,969195.5
2020-04-14,1055524.2
2020-04-15,1170153.5
2020-04-16,883023.2
2020-04-17,971160.2
2020-04-18,1075555.2
2020-04-19,1196446.1
2020-04-20,1106969.3
2020-04-21,1330030.2
2020-04-22,1196101.2
2020-04-23,1108783.0
2020-04-24,1089191.1
2020-04-25,1100759.2
2020-04-26,1115963.0
2020-04-27,1144318.3
2020-04-28,932324.7
2020-04-29,1019738.6
2020-04-30,1136191.8
2020-05-01,1150110.5
2020-05-02,1171006.6
2020-05-03,1201746.4
2020-05-04,1142878.2
2020-05-05,1055757.2
2020-05-06,1114813.3
2020-05-07,1180523.8
2020-05-08,1269867.9
2020-05-09,1304487.5
2020-05-10,1200362.0
2020-05-11,1109142.9
2020-05-12,1186706.9
2020-05-13,1171324.2
2020-05-14,1113342.3
2020-05-15,1061081.0
2020-05-16,1140667.9
2020-05-17,1227827.8
2020-05-18,1209911.5
2020-05-19,1201012.2
2020-05-20,1125975.7
2020-05-21,1068112.7
2020-05-22,1068242.6
2020-05-23,1251765.9
2020-05-24,1165943.5
2020-05-25,1091662.1
2020-05-26,1031043.4
2020-05-27,804964.2
2020-05-28,1020741.3
2020-05-29,1165820.1
2020-05-30,1261084.1
2020-05-31,1364190.2
2020-06-01,1362131.6
2020-06-02,1444587.0
2020-06-03,1323217.8
2020-06-04,1011856.7
2020-06-05,1223628.0
2020-06-06,1278518.1
2020-06-07,1336983.0
2020-06-08,1401117.2
2020-06-09,1291581.7
2020-06-10,1335335.1
2020-06-11,1217870.7
2020-06-12,1195690.1
2020-06-13,1198726.5
2020-06-14,1095679.6
2020-06-15,998478.5
2020-06-16,907030.3
2020-06-17,956709.3
2020-06-18,1158535.0
2020-06-19,1379881.3
2020-06-20,1377157.7
2020-06-21,1375020.1
2020-06-22,1373530.7
2020-06-23,1372562.4
2020-06-24,1376696.3
2020-06-25,1320148.9
2020-06-26,1329583.7
2020-06-27,1333411.0
2020-06-28,1340390.4
2020-06-29,1322271.7
2020-06-30,1301673.9
2020-07-01,1586451.9
2020-07-02,1552296.7
2020-07-03,1519187.7
2020-07-04,1487392.3
2020-07-05,1456766.9
2020-07-06,1404994.3
2020-07-07,1444585.8
2020-07-08,1493590.0
2020-07-09,1543218.4
2020-07-10,1538807.3
2020-07-11,1520359.2
2020-07-12,1502788.6
2020-07-13,1486089.9
2020-07-14,1470155.6
2020-07-15,1461654.9
2020-07-16,1457642.8
2020-07-17,1446602.5
2020-07-18,1436837.7
2020-07-19,1428177.0
2020-07-20,1420494.0
2020-07-21,1413763.9
2020-07-22,1422935.7
2020-07-23,1438730.2
2020-07-24,1441387.2
2020-07-25,1444287.4
2020-07-26,1447411.2
2020-07-27,1450756.5
2020-07-28,1454338.6
2020-07-29,1425425.5
2020-07-30,1402963.3
2020-07-31,1394824.7
2020-08-01,1387131.6
2020-08-02,1380202.5
2020-08-03,1374280.0
2020-08-04,1369495.6
2020-08-05,1411836.8
2020-08-06,1461467.4
2020-08-07,1462136.5
2020-08-08,1463099.9
2020-08-09,1464272.9
2020-08-10,1465688.3
2020-08-11,1467722.5
2020-08-12,1441572.3
2020-08-13,1420909.6
2020-08-14,1406643.2
2020-08-15,1393468.8
2020-08-16,1381755.7
2020-08-17,1371525.5
2020-08-18,1362198.0
2020-08-19,1383741.2
2020-08-20,1408190.0
2020-08-21,1420002.5
2020-08-22,1432020.8
2020-08-23,1444213.2
2020-08-24,1456526.2
2020-08-25,1468962.7
2020-08-26,1481559.9
2020-08-27,1494356.8
2020-08-28,1507390.5
2020-08-29,1500253.2
2020-08-30,1494207.5
2020-08-31,1489105.9
2020-09-01,1484854.1
2020-09-02,1461114.3
2020-09-03,1438643.9
2020-09-04,1458657.5
2020-09-05,1479111.8
2020-09-06,1500071.1
2020-09-07,1521606.3
2020-09-08,1543743.1
2020-09-09,1456826.8
2020-09-10,1374638.7
2020-09-11,1382083.4
2020-09-12,1389861.8
2020-09-13,1398015.6
2020-09-14,1406603.4
2020-09-15,1415796.4
2020-09-16,1425939.3
2020-09-17,1400375.6
2020-09-18,1430938.1
2020-09-19,1461778.6
2020-09-20,1492847.2
2020-09-21,1524092.2
2020-09-22,1555489.1
2020-09-23,1482346.2
2020-09-24,1411263.6
2020-09-25,1424485.1
2020-09-26,1437942.9
2020-09-27,1451605.3
2020-09-28,1465460.4
2020-09-29,1479495.9
2020-09-30,1512781.2
2020-10-01,1547731.4
2020-10-02,1561301.4
2020-10-03,1575127.6
2020-10-04,1589231.7
2020-10-05,1603616.2
2020-10-06,1618339.1
2020-10-07,1625602.5
2020-10-08,1634029.6
2020-10-09,1611043.5
2020-10-10,1588687.8
2020-10-11,1566838.1
2020-10-12,1545387.2
2020-10-13,1524318.0
2020-10-14,1503727.6
2020-10-15,1560368.7
2020-10-16,1567715.4
2020-10-17,1575126.4
2020-10-18,1582603.4
2020-10-19,1590163.5
2020-10-20,1597818.8
2020-10-21,1627753.2
2020-10-22,1658886.4
2020-10-23,1631856.0
2020-10-24,1604943.6
2020-10-25,1578158.0
2020-10-26,1551522.8
2020-10-27,1525183.2
2020-10-28,1499088.4
2020-10-29,1473180.7
2020-10-30,1447430.2
2020-10-31,1504059.6
2020-11-01,1562440.3
2020-11-02,1622365.3
2020-11-03,1683663.0
2020-11-04,1529672.3
2020-11-05,1396733.6
2020-11-06,1419307.8
2020-11-07,1444344.9
2020-11-08,1472996.0
2020-11-09,1506656.1
2020-11-10,1545604.9
2020-11-11,1618977.0
2020-11-12,1694615.2
2020-11-13,1615516.9
2020-11-14,1539673.1
2020-11-15,1470777.6
2020-11-16,1413738.5
2020-11-17,1377481.1
2020-11-18,1387102.1
2020-11-19,1408520.8
2020-11-20,1401216.2
2020-11-21,1395648.1
2020-11-22,1391720.9
2020-11-23,1389503.9
2020-11-24,1394402.1
2020-11-25,1176007.0
2020-11-26,1170725.9
2020-11-27,1165902.9
2020-11-28,1161685.4
2020-11-29,1158607.4
2020-11-30,1158332.8
2020-12-01,1167260.4
2020-12-02,1071191.6
2020-12-03,984373.7
2020-12-04,968566.7
2020-12-05,953794.4
2020-12-06,940090.0
2020-12-07,927948.6
2020-12-08,922559.1
2020-12-09,946888.3
2020-12-10,975777.2
2020-12-11,994236.3
2020-12-12,1014560.6
2020-12-13,1037085.9
2020-12-14,1061420.4
2020-12-15,1087140.8
2020-12-16,1114139.0
2020-12-17,1142504.8
2020-12-18,1075975.6
2020-12-19,1016426.1
2020-12-20,966371.3
2020-12-21,924280.0
2020-12-22,888148.4
2020-12-23,905130.3
2020-12-24,925683.3
2020-12-25,949764.7
2020-12-26,977515.1
2020-12-27,1009240.0
2020-12-28,1044624.5
2020-12-29,1082526.0
2020-12-30,848863.4
2020-12-31,871548.1
2021-01-01,895315.0
2021-01-02,920300.6
2021-01-03,946520.6
2021-01-04,973972.3
2021-01-05,1002586.1
2021-01-06,997300.6
2021-01-07,993100.7
2021-01-08,990245.0
2021-01-09,988595.3
2021-01-10,988036.8
2021-01-11,988502.6
2021-01-12,989946.4
2021-01-13,952805.1
2021-01-14,932174.0
2021-01-15,1012192.5
2021-01-16,1104170.7
2021-01-17,1208949.4
2021-01-18,1319794.2
2021-01-19,1434242.9
2021-01-20,1550731.8
2021-01-21,1668287.1
2021-01-22,1228111.7
2021-01-23,1250820.6
2021-01-24,1275850.0
2021-01-25,1302587.6
2021-01-26,1330809.8
2021-01-27,1360453.1
2021-01-28,1050436.1
2021-01-29,1091342.3
2021-01-30,1138819.8
2021-01-31,1193262.3
2021-02-01,1251714.3
2021-02-02,1312904.7
2021-02-03,1390801.0
2021-02-04,1470336.0
2021-02-05,1365696.6
2021-02-06,1263521.2
2021-02-07,1164850.1
2021-02-08,1070477.8
2021-02-09,981288.9
2021-02-10,898434.0
2021-02-11,828161.8
2021-02-12,840318.2
2021-02-13,854773.3
2021-02-14,871372.9
2021-02-15,889942.9
2021-02-16,910251.4
2021-02-17,932600.2
2021-02-18,952701.6
2021-02-19,990008.1
2021-02-20,955071.7
2021-02-21,925717.3
2021-02-22,901074.2
2021-02-23,880124.3
2021-02-24,784731.7
2021-02-25,698002.1
2021-02-26,561184.0
2021-02-27,447344.8
2021-02-28,354034.4
2021-03-01,284136.0
2021-03-02,240438.9
2021-03-03,343059.6
2021-03-04,547648.1
2021-03-05,495900.1
2021-03-06,449641.8
2021-03-07,409878.9
2021-03-08,376343.3
2021-03-09,353129.3
2021-03-10,330829.1
2021-03-11,351192.5
2021-03-12,351186.9
2021-03-13,357478.8
2021-03-14,371627.2
2021-03-15,396662.8
2021-03-16,434641.4
2021-03-17,331804.2
2021-03-18,297537.5
2021-03-19,297573.4
2021-03-20,304746.1
2021-03-21,321526.2
2021-03-22,350446.9
2021-03-23,390510.2
2021-03-24,410078.5
2021-03-25,482704.4
2021-03-26,502817.2
2021-03-27,536919.1
2021-03-28,588211.6
2021-03-29,648495.9
2021-03-30,714997.7
2021-03-31,690293.7
2021-04-01,719720.3
2021-04-02,689067.7
2021-04-03,659213.3
2021-04-04,630460.4
2021-04-05,604132.3
2021-04-06,580199.7
2021-04-07,553686.7
2021-04-08,538844.2
2021-04-09,543542.3
2021-04-10,556248.2
2021-04-11,575909.6
2021-04-12,599541.2
2021-04-13,751384.3
2021-04-14,603826.8
2021-04-15,527448.3
2021-04-16,614740.1
2021-04-17,583472.5
2021-04-18,554054.3
2021-04-19,528688.1
2021-04-20,547614.4
2021-04-21,580809.2
2021-04-22,505262.2
2021-04-23,540770.9
2021-04-24,579544.8
2021-04-25,620259.9
2021-04-26,662127.2
2021-04-27,662663.6
2021-04-28,603035.9
2021-04-29,917855.4
2021-04-30,511707.6
2021-05-01,677198.9
2021-05-02,901987.2
2021-05-03,1154805.0
2021-05-04,674414.0
2021-05-05,588810.6
2021-05-06,589060.2
2021-05-07,645248.8
2021-05-08,708035.1
2021-05-09,777781.0
2021-05-10,854167.2
2021-05-11,685903.6
2021-05-12,782733.1
2021-05-13,558236.2
2021-05-14,430520.2
2021-05-15,508005.7
2021-05-16,596451.4
2021-05-17,698859.7
2021-05-18,626634.7
2021-05-19,523722.2
2021-05-20,455596.8
2021-05-21,475682.9
2021-05-22,438681.7
2021-05-23,407720.4
2021-05-24,385300.6
2021-05-25,584135.6
2021-05-26,570731.0
2021-05-27,658519.4
2021-05-28,578831.4
2021-05-29,629852.4
2021-05-30,697502.6
2021-05-31,780894.7
2021-06-01,878840.4
2021-06-02,846638.8
2021-06-03,368395.6
2021-06-04,424762.5
2021-06-05,496495.6
2021-06-06,585881.7
2021-06-07,689946.0
2021-06-08,671873.5
2021-06-09,657117.6
2021-06-10,895830.5
2021-06-11,616150.0
2021-06-12,719524.1
2021-06-13,832819.7
2021-06-14,952318.3
2021-06-15,781655.3
2021-06-16,729350.4
2021-06-17,730554.6
2021-06-18,733081.9
2021-06-19,736574.3
2021-06-20,740667.8
2021-06-21,745214.8
2021-06-22,750225.8
2021-06-23,755692.6
2021-06-24,710782.6
2021-06-25,666473.4
2021-06-26,623213.3
2021-06-27,581797.1
2021-06-28,543342.0
2021-06-29,508204.2
2021-06-30,476437.7
2021-07-01,496879.0
2021-07-02,519676.7
2021-07-03,545157.6
2021-07-04,573019.8
2021-07-05,602446.0
2021-07-06,632938.0
2021-07-07,537371.4
2021-07-08,462280.2
2021-07-09,503922.2
2021-07-10,552177.4
2021-07-11,605946.2
2021-07-12,663455.4
2021-07-13,723518.7
2021-07-14,728250.9
2021-07-15,735289.5
2021-07-16,792277.0
2021-07-17,849668.6
2021-07-18,907315.0
2021-07-19,965147.0
2021-07-20,1023140.0
2021-07-21,700945.2
2021-07-22,433509.7
2021-07-23,449256.5
2021-07-24,467433.4
2021-07-25,488872.4
2021-07-26,513324.8
2021-07-27,540003.5
2021-07-28,585087.9
2021-07-29,654272.9
2021-07-30,662780.5
2021-07-31,679066.1
2021-08-01,702841.3
2021-08-02,733442.4
2021-08-03,768134.4
2021-08-04,653990.9
2021-08-05,560325.1
2021-08-06,565257.9
2021-08-07,571617.7
2021-08-08,579713.3
2021-08-09,589932.1
2021-08-10,602188.5
2021-08-11,489677.5
2021-08-12,394632.9
2021-08-13,399290.9
2021-08-14,404618.2
2021-08-15,410686.1
2021-08-16,417578.0
2021-08-17,425255.0
2021-08-18,350157.0
2021-08-19,298242.0
2021-08-20,316955.0
2021-08-21,338251.3
2021-08-22,362769.8
2021-08-23,391629.9
2021-08-24,425119.4
2021-08-25,446308.4
2021-08-26,473803.4
2021-08-27,462751.3
2021-08-28,452639.9
2021-08-29,443602.2
2021-08-30,435860.3
2021-08-31,429529.9
2021-09-01,422121.4
2021-09-02,416325.2
2021-09-03,412426.4
2021-09-04,410470.1
2021-09-05,405568.3
2021-09-06,401619.4
2021-09-07,398537.4
2021-09-08,396275.4
2021-09-09,475221.3
2021-09-10,470914.6
2021-09-11,467280.4
2021-09-12,464298.8
2021-09-13,461951.9
2021-09-14,460589.4
2021-09-15,432042.0
2021-09-16,412359.8
2021-09-17,429159.1
2021-09-18,448429.0
2021-09-19,469859.3
2021-09-20,493301.1
2021-09-21,517714.7
2021-09-22,493801.4
2021-09-23,478992.1
2021-09-24,476197.9
2021-09-25,474308.6
2021-09-26,473137.9
2021-09-27,472734.1
2021-09-28,473136.7
2021-09-29,474428.5
2021-09-30,604023.3
2021-10-01,621368.4
2021-10-02,638996.5
2021-10-03,656939.9
2021-10-04,675249.4
2021-10-05,693932.1
2021-10-06,577269.5
2021-10-07,482648.4
2021-10-08,495746.9
2021-10-09,510965.4
2021-10-10,529288.3
2021-10-11,550536.1
2021-10-12,574014.5
2021-10-13,599347.1
2021-10-14,568552.5
2021-10-15,549846.8
2021-10-16,532638.6
2021-10-17,516951.0
2021-10-18,502960.2
2021-10-19,490525.8
2021-10-20,520489.8
2021-10-21,557389.5
2021-10-22,578000.0
2021-10-23,599905.3
2021-10-24,622921.5
2021-10-25,646590.7
2021-10-26,670605.1
2021-10-27,484335.3
2021-10-28,340366.9
2021-10-29,386191.9
2021-10-30,437956.3
2021-10-31,495745.3
2021-11-01,559470.3
2021-11-02,628503.8
2021-11-03,536279.7
2021-11-04,463400.1
2021-11-05,493198.1
2021-11-06,526120.2
2021-11-07,562252.2
2021-11-08,601421.7
2021-11-09,643699.7
2021-11-10,652709.6
2021-11-11,662004.6
2021-11-12,671549.3
2021-11-13,681338.0
2021-11-14,691381.6
2021-11-15,701632.3
2021-11-16,712042.6
2021-11-17,685083.0
2021-11-18,660762.1
2021-11-19,687206.3
2021-11-20,715918.5
2021-11-21,745869.9
2021-11-22,776308.3
2021-11-23,806957.6
2021-11-24,639963.1
2021-11-25,625059.8
2021-11-26,611116.5
2021-11-27,598273.0
2021-11-28,586572.9
2021-11-29,575841.0
2021-11-30,565907.3
2021-12-01,613993.9
2021-12-02,669484.8
2021-12-03,744000.9
2021-12-04,822554.4
2021-12-05,903363.4
2021-12-06,985785.2
2021-12-07,1068562.6
2021-12-08,858082.2
2021-12-09,660099.5
2021-12-10,671699.9
2021-12-11,683811.9
2021-12-12,696279.1
2021-12-13,709070.7
2021-12-14,722156.2
2021-12-15,712277.7
2021-12-16,702518.1
2021-12-17,692921.3
2021-12-18,683477.1
2021-12-19,674220.4
2021-12-20,665160.7
2021-12-21,656315.7
2021-12-22,861069.3
2021-12-23,886807.1
2021-12-24,912808.8
2021-12-25,939248.9
2021-12-26,966199.6
2021-12-27,993382.4
2021-12-28,1020643.0
2021-12-29,784259.3
2021-12-30,769619.8
2021-12-31,755267.0
2022-01-01,741250.0
2022-01-02,727657.8
2022-01-03,714606.8
2022-01-04,702218.3
2022-01-05,692677.1
2022-01-06,683350.3
2022-01-07,674226.3
2022-01-08,665285.7
2022-01-09,656513.4
2022-01-10,647948.7
2022-01-11,639625.8
2022-01-12,827475.8
2022-01-13,1032348.0
2022-01-14,1027791.6
2022-01-15,1023313.9
2022-01-16,1018981.2
2022-01-17,1014857.8
2022-01-18,1010937.3
2022-01-19,1007224.0
2022-01-20,746410.7
2022-01-21,755142.6
2022-01-22,765449.2
2022-01-23,777283.7
2022-01-24,790265.4
2022-01-25,804172.2
2022-01-26,894792.0
2022-01-27,990259.0
2022-01-28,977142.7
2022-01-29,964500.6
2022-01-30,952324.8
2022-01-31,940571.2
2022-02-01,929200.7
2022-02-02,935446.9
2022-02-03,942064.8
2022-02-04,948926.8
2022-02-05,956015.5
2022-02-06,963333.4
2022-02-07,970905.2
2022-02-08,978720.3
2022-02-09,937925.4
2022-02-10,902219.4
2022-02-11,934218.0
2022-02-12,967958.8
2022-02-13,1003491.8
2022-02-14,1040319.3
2022-02-15,1077897.8
2022-02-16,1068301.5
2022-02-17,1061288.4
2022-02-18,1044780.4
2022-02-19,1028451.0
2022-02-20,1012302.9
2022-02-21,996595.7
2022-02-22,982469.5
2022-02-23,970631.6
2022-02-24,961976.7
2022-02-25,951620.4
2022-02-26,954016.2
2022-02-27,965408.8
2022-02-28,986193.3
2022-03-01,939530.5
2022-03-02,766823.2
2022-03-03,1273218.8
2022-03-04,708312.0
2022-03-05,721985.7
2022-03-06,742935.6
2022-03-07,775507.5
2022-03-08,684405.4
2022-03-09,610019.1
2022-03-10,911601.5
2022-03-11,872906.2
2022-03-12,839486.2
2022-03-13,813918.2
2022-03-14,799454.0
2022-03-15,815346.2
2022-03-16,791366.3
2022-03-17,594081.0
2022-03-18,664931.3
2022-03-19,763443.6
2022-03-20,901132.2
2022-03-21,1073499.8
2022-03-22,992244.0
2022-03-23,880192.0
2022-03-24,561407.9
2022-03-25,623515.7
2022-03-26,692395.9
2022-03-27,772179.5
2022-03-28,869181.1
2022-03-29,982837.9
2022-03-30,956442.0
2022-03-31,890502.2
2022-04-01,668668.3
2022-04-02,690789.1
2022-04-03,727359.9
2022-04-04,777248.3
2022-04-05,849774.0
2022-04-06,703359.9
2022-04-07,630481.4
2022-04-08,627426.9
2022-04-09,632825.3
2022-04-10,648714.9
2022-04-11,682084.4
2022-04-12,480558.1
2022-04-13,660094.4
2022-04-14,631963.2
2022-04-15,605321.0
2022-04-16,580881.6
2022-04-17,558949.5
2022-04-18,539866.2
2022-04-19,523572.1
2022-04-20,510862.0
2022-04-21,524035.1
2022-04-22,542884.1
2022-04-23,565886.5
2022-04-24,592260.4
2022-04-25,622342.7
2022-04-26,742328.2
2022-04-27,748749.9
2022-04-28,600586.3
2022-04-29,408489.2
2022-04-30,443377.0
2022-05-01,487882.4
2022-05-02,544160.6
2022-05-03,613860.9
2022-05-04,546625.1
2022-05-05,538513.2
2022-05-06,628268.1
2022-05-07,564900.5
2022-05-08,517584.8
2022-05-09,490745.9
2022-05-10,715763.9
2022-05-11,675500.6
2022-05-12,886326.1
2022-05-13,586878.9
2022-05-14,425566.5
2022-05-15,303110.6
2022-05-16,226061.0
2022-05-17,180309.6
2022-05-18,303367.0
2022-05-19,666178.1
2022-05-20,684054.9
2022-05-21,709733.0
2022-05-22,747399.6
2022-05-23,795217.1
2022-05-24,745969.8
2022-05-25,695917.0
2022-05-26,647248.1
2022-05-27,600273.7
2022-05-28,555676.1
2022-05-29,515434.2
2022-05-30,480166.2
2022-05-31,450989.3
2022-06-01,436105.8
2022-06-02,476689.9
2022-06-03,533456.0
2022-06-04,610577.1
2022-06-05,697857.4
2022-06-06,788578.6
2022-06-07,373384.4
2022-06-08,287684.6
2022-06-09,294802.8
2022-06-10,358958.1
2022-06-11,339039.5
2022-06-12,323205.1
2022-06-13,310836.5
2022-06-14,301816.1
2022-06-15,298583.9
2022-06-16,300599.4
2022-06-17,320737.4
2022-06-18,345951.3
2022-06-19,376233.1
2022-06-20,411024.2
2022-06-21,449676.7
2022-06-22,491533.1
2022-06-23,484580.9
2022-06-24,479637.6
2022-06-25,476931.3
2022-06-26,476341.4
2022-06-27,477947.6
2022-06-28,481947.1
2022-06-29,494045.6
2022-06-30,529911.8
2022-07-01,524511.2
2022-07-02,525294.3
2022-07-03,536443.3
2022-07-04,559554.3
2022-07-05,588807.6
2022-07-06,515793.2
2022-07-07,479797.6
2022-07-08,473202.7
2022-07-09,475787.9
2022-07-10,485196.0
2022-07-11,498495.1
2022-07-12,515000.7
2022-07-13,532358.8
2022-07-14,554378.3
2022-07-15,581879.9
2022-07-16,615876.5
2022-07-17,655972.8
2022-07-18,702624.8
2022-07-19,756206.1
2022-07-20,584405.8
2022-07-21,436941.3
2022-07-22,433745.2
2022-07-23,433089.7
2022-07-24,435010.0
2022-07-25,439096.8
2022-07-26,444994.3
2022-07-27,561498.8
2022-07-28,714833.0
2022-07-29,722681.0
2022-07-30,736237.0
2022-07-31,753343.8
2022-08-01,772086.0
2022-08-02,791795.2
2022-08-03,512824.9
2022-08-04,346021.6
2022-08-05,371900.6
2022-08-06,407011.7
2022-08-07,452470.5
2022-08-08,507700.8
2022-08-09,568449.2
2022-08-10,536663.1
2022-08-11,528309.3
2022-08-12,542477.7
2022-08-13,558973.6
2022-08-14,578167.9
2022-08-15,599650.8
2022-08-16,623406.7
2022-08-17,657703.2
2022-08-18,698458.0
2022-08-19,651987.2
2022-08-20,609552.2
2022-08-21,573553.2
2022-08-22,544675.2
2022-08-23,521425.1
2022-08-24,565105.1
2022-08-25,638389.2
2022-08-26,638273.9
2022-08-27,640488.8
2022-08-28,645738.4
2022-08-29,653623.5
2022-08-30,663840.1
2022-08-31,649307.0
2022-09-01,650603.6
2022-09-02,619879.2
2022-09-03,590452.6
2022-09-04,563104.8
2022-09-05,539497.9
2022-09-06,522412.7
2022-09-07,535385.6
2022-09-08,564093.4
2022-09-09,566251.7
2022-09-10,570554.9
2022-09-11,577410.6
2022-09-12,586909.8
2022-09-13,599011.1
2022-09-14,554520.1
2022-09-15,529136.7
2022-09-16,530972.9
2022-09-17,537367.1
2022-09-18,546762.5
2022-09-19,557921.0
2022-09-20,570898.8
2022-09-21,461081.5
2022-09-22,383401.3
2022-09-23,404521.8
2022-09-24,431257.7
2022-09-25,462132.1
2022-09-26,496188.8
2022-09-27,533411.4
2022-09-28,641480.1
2022-09-29,778955.8
2022-09-30,721631.2
2022-10-01,666564.4
2022-10-02,614636.2
2022-10-03,565783.4
2022-10-04,519413.7
2022-10-05,548372.0
2022-10-06,578491.6
2022-10-07,609689.4
2022-10-08,642058.4
2022-10-09,675305.2
2022-10-10,709366.6
2022-10-11,744154.7
2022-10-12,730373.1
2022-10-13,721316.5
2022-10-14,738914.3
2022-10-15,758265.9
2022-10-16,778883.9
2022-10-17,800491.5
2022-10-18,823128.0
2022-10-19,855725.7
2022-10-20,892548.0
2022-10-21,851308.3
2022-10-22,812037.0
2022-10-23,774650.4
2022-10-24,738871.7
2022-10-25,704854.8
2022-10-26,704818.5
2022-10-27,714361.8
2022-10-28,669137.0
2022-10-29,627254.6
2022-10-30,589743.7
2022-10-31,555473.6
2022-11-01,523502.8
2022-11-02,585536.9
2022-11-03,659405.0
2022-11-04,670650.8
2022-11-05,682720.1
2022-11-06,695635.3
2022-11-07,709343.2
2022-11-08,723847.0
2022-11-09,707387.2
2022-11-10,694371.0
2022-11-11,685261.4
2022-11-12,679947.4
2022-11-13,679154.0
2022-11-14,682618.1
2022-11-15,689317.7
2022-11-16,652981.4
2022-11-17,622660.7
2022-11-18,645190.7
2022-11-19,668794.9
2022-11-20,693224.4
2022-11-21,718331.3
2022-11-22,744142.6
2022-11-23,696252.8
2022-11-24,651028.9
2022-11-25,608719.6
2022-11-26,570298.0
2022-11-27,535893.6
2022-11-28,505060.2
2022-11-29,477208.9
2022-11-30,539116.5
2022-12-01,631903.1
2022-12-02,648026.6
2022-12-03,666147.5
2022-12-04,686301.7
2022-12-05,708253.0
2022-12-06,732608.7
2022-12-07,748767.1
2022-12-08,768656.8
2022-12-09,697182.6
2022-12-10,632823.2
2022-12-11,574187.9
2022-12-12,520859.6
2022-12-13,472135.8
2022-12-14,528723.4
2022-12-15,603765.5
2022-12-16,605717.2
2022-12-17,609794.9
2022-12-18,616193.8
2022-12-19,625542.5
2022-12-20,639230.8
2022-12-21,678820.0
2022-12-22,726442.8
2022-12-23,720460.3
2022-12-24,714714.2
2022-12-25,709195.1
2022-12-26,703907.5
2022-12-27,698887.3
2022-12-28,694150.1
2022-12-29,696100.8
2022-12-30,698406.0
2022-12-31,701030.0
2023-01-01,703976.8
2023-01-02,707204.3
2023-01-03,710677.9
2023-01-04,714410.1
2023-01-05,697365.7
2023-01-06,681502.7
2023-01-07,666808.4
2023-01-08,652870.6
2023-01-09,639706.8
2023-01-10,627682.8
2023-01-11,647999.7
2023-01-12,682865.5
2023-01-13,634772.7
2023-01-14,589907.6
2023-01-15,548177.7
2023-01-16,509283.6
2023-01-17,472844.3
2023-01-18,438760.8
2023-01-19,480323.2
2023-01-20,524768.5
2023-01-21,571903.2
2023-01-22,621015.6
2023-01-23,673347.3
2023-01-24,730631.3
2023-01-25,658274.8
2023-01-26,610312.9
2023-01-27,564586.8
2023-01-28,522252.7
2023-01-29,483115.4
2023-01-30,446661.0
2023-01-31,412750.4
2023-02-01,381833.1
2023-02-02,353755.8
2023-02-03,328488.2
2023-02-04,305711.2
2023-02-05,284829.2
2023-02-06,265524.5
2023-02-07,247634.9
2023-02-08,283231.1
2023-02-09,323619.0
2023-02-10,369648.9
2023-02-11,422444.3
2023-02-12,480606.1
2023-02-13,544578.3
2023-02-14,614423.5
2023-02-15,616392.7
2023-02-16,618638.1
2023-02-17,621187.4
2023-02-18,624036.2
2023-02-19,627225.8
2023-02-20,630845.8
2023-02-21,634938.7
2023-02-22,639487.2
2023-02-23,617328.0
2023-02-24,596081.3
2023-02-25,575785.5
2023-02-26,556515.9
2023-02-27,538328.7
2023-02-28,521358.7
2023-03-01,620285.4
2023-03-02,727340.5
2023-03-03,741362.5
2023-03-04,756469.8
2023-03-05,772398.7
2023-03-06,789089.1
2023-03-07,806802.2
2023-03-08,774792.9
2023-03-09,866555.6
2023-03-10,844245.0
2023-03-11,824756.3
2023-03-12,807292.8
2023-03-13,790931.4
2023-03-14,775563.6
2023-03-15,713103.0
2023-03-16,653378.1
2023-03-17,596184.9
2023-03-18,542688.3
2023-03-19,493375.8
2023-03-20,449507.6
2023-03-21,446492.3
2023-03-22,482208.1
2023-03-23,526335.4
2023-03-24,1210926.3
2023-03-25,1114931.9
2023-03-26,1024737.9
2023-03-27,940540.4
2023-03-28,975547.8
2023-03-29,1026793.9
2023-03-30,718042.2
2023-03-31,1143954.2
2023-04-01,1014584.4
2023-04-02,889310.8
2023-04-03,774031.1
2023-04-04,562254.8
2023-04-05,575413.6
2023-04-06,756831.0
2023-04-07,802302.0
2023-04-08,590115.0
2023-04-09,418955.2
2023-04-10,311166.9
2023-04-11,646950.9
2023-04-12,643473.6
2023-04-13,641169.7
2023-04-14,640171.8
2023-04-15,640611.7
2023-04-16,642382.6
2023-04-17,645369.6
2023-04-18,649449.4
2023-04-19,784287.3
2023-04-20,809306.6
2023-04-21,838385.9
2023-04-22,870259.2
2023-04-23,903645.3
2023-04-24,938074.9
2023-04-25,973640.2
2023-04-26,806486.3
2023-04-27,653557.6
2023-04-28,983463.4
2023-04-29,926345.5
2023-04-30,874880.2
2023-05-01,833090.2
2023-05-02,850929.8
2023-05-03,504290.4
2023-05-04,706461.0
2023-05-05,551048.1
2023-05-06,603154.3
2023-05-07,662525.4
2023-05-08,725394.0
2023-05-09,790852.3
2023-05-10,804774.7
2023-05-11,952614.4
2023-05-12,927970.9
2023-05-13,906706.8
2023-05-14,886929.2
2023-05-15,867771.9
2023-05-16,849153.3
2023-05-17,772544.6
2023-05-18,788406.8
2023-05-19,806157.8
2023-05-20,825731.4
2023-05-21,847408.9
2023-05-22,870784.5
2023-05-23,728194.7
2023-05-24,652697.0
2023-05-25,505398.4
2023-05-26,518330.5
2023-05-27,521917.2
2023-05-28,528548.6
2023-05-29,538148.8
2023-05-30,550488.3
2023-05-31,564708.7
2023-06-01,580462.9
2023-06-02,591086.0
2023-06-03,605809.7
2023-06-04,624262.5
2023-06-05,645021.6
2023-06-06,667829.6
2023-06-07,733779.4
2023-06-08,822200.1
2023-06-09,772116.4
2023-06-10,724631.6
2023-06-11,682775.2
2023-06-12,650887.1
2023-06-13,627908.5
2023-06-14,690524.7
2023-06-15,793628.5
2023-06-16,778937.7
2023-06-17,765250.8
2023-06-18,752727.1
2023-06-19,741313.3
2023-06-20,730880.6
2023-06-21,721362.2
2023-06-22,704244.6
2023-06-23,765658.7
2023-06-24,839237.7
2023-06-25,917864.8
2023-06-26,997950.3
2023-06-27,1078959.5
2023-06-28,948997.0
2023-06-29,826233.0
2023-06-30,1014626.1
2023-07-01,927700.3
2023-07-02,842279.8
2023-07-03,764956.3
2023-07-04,830131.6
2023-07-05,909583.7
2023-07-06,915732.3
2023-07-07,923571.2
2023-07-08,932653.8
2023-07-09,942681.2
2023-07-10,953693.4
2023-07-11,990376.2
2023-07-12,1030415.6
2023-07-13,1074089.1
2023-07-14,1006047.9
2023-07-15,940039.2
2023-07-16,877318.1
2023-07-17,819610.5
2023-07-18,763103.2
2023-07-19,832653.0
2023-07-20,910306.1
2023-07-21,876479.1
2023-07-22,843719.1
2023-07-23,812317.5
2023-07-24,782228.4
2023-07-25,753662.1
2023-07-26,700871.0
2023-07-27,653255.7
2023-07-28,646067.0
2023-07-29,640542.9
2023-07-30,637356.6
2023-07-31,636593.6
2023-08-01,637742.5
2023-08-02,652423.3
2023-08-03,676586.2
2023-08-04,672568.1
2023-08-05,669719.0
2023-08-06,668772.5
2023-08-07,669263.7
2023-08-08,670787.3
2023-08-09,668944.4
2023-08-10,676121.6
2023-08-11,637501.6
2023-08-12,600830.5
2023-08-13,567100.9
2023-08-14,536191.4
2023-08-15,507954.4
2023-08-16,589536.6
2023-08-17,691694.4
2023-08-18,682616.9
2023-08-19,674437.0
2023-08-20,667100.9
2023-08-21,660566.5
2023-08-22,654590.5
2023-08-23,649104.6
2023-08-24,635165.7
2023-08-25,641607.8
2023-08-26,649348.4
2023-08-27,658531.8
2023-08-28,668888.9
2023-08-29,679946.6
2023-08-30,670823.6
2023-08-31,667566.3
2023-09-01,668100.8
2023-09-02,669689.6
2023-09-03,672243.9
2023-09-04,675486.0
2023-09-05,679348.0
2023-09-06,550310.7
2023-09-07,637316.6
2023-09-08,628749.8
2023-09-09,620766.4
2023-09-10,613543.9
2023-09-11,607115.7
2023-09-12,601332.2
2023-09-13,700844.1
2023-09-14,818668.1
2023-09-15,784088.9
2023-09-16,751514.6
2023-09-17,722824.6
2023-09-18,699318.2
2023-09-19,680155.4
2023-09-20,647496.6
2023-09-21,620557.7
2023-09-22,611289.6
2023-09-23,603772.5
2023-09-24,598118.5
2023-09-25,594201.8
2023-09-26,591652.6
2023-09-27,596227.0
2023-09-28,605325.1
2023-09-29,625012.6
2023-09-30,645618.9
2023-10-01,666903.1
2023-10-02,688657.5
2023-10-03,710805.7
2023-10-04,631724.1
2023-10-05,561304.1
2023-10-06,569501.6
2023-10-07,578766.9
2023-10-08,589030.2
2023-10-09,600190.6
2023-10-10,612261.8
2023-10-11,625190.7
2023-10-12,595583.9
2023-10-13,567332.5
2023-10-14,540801.0
2023-10-15,515991.1
2023-10-16,493478.8
2023-10-17,474320.2
2023-10-18,519905.8
2023-10-19,575502.0
2023-10-20,621117.6
2023-10-21,669299.9
2023-10-22,719809.3
2023-10-23,772275.2
2023-10-24,826944.3
2023-10-25,584072.6
2023-10-26,387623.3
2023-10-27,400859.6
2023-10-28,416566.6
2023-10-29,434703.2
2023-10-30,455164.8
2023-10-31,477459.1
2023-11-01,555162.4
2023-11-02,642400.2
2023-11-03,606398.3
2023-11-04,571952.3
2023-11-05,539379.6
2023-11-06,508987.1
2023-11-07,480949.9
2023-11-08,459875.7
2023-11-09,462634.6
2023-11-10,469266.2
2023-11-11,479877.6
2023-11-12,495154.7
2023-11-13,515093.9
2023-11-14,537604.0
2023-11-15,525527.9
2023-11-16,514144.5
2023-11-17,503481.4
2023-11-18,493542.1
2023-11-19,484500.2
2023-11-20,476610.5
2023-11-21,470204.5
2023-11-22,477151.2
2023-11-23,485074.3
2023-11-24,493941.9
2023-11-25,503687.5
2023-11-26,514176.0
2023-11-27,525279.0
2023-11-28,536921.6
2023-11-29,525148.2
2023-11-30,514151.1
2023-12-01,504274.7
2023-12-02,495471.2
2023-12-03,487597.7
2023-12-04,480549.3
2023-12-05,474279.6
2023-12-06,461997.6
2023-12-07,455258.5
2023-12-08,458432.3
2023-12-09,462351.7
2023-12-10,467174.6
2023-12-11,472920.7
2023-12-12,479501.0
2023-12-13,420110.4
2023-12-14,369480.1
2023-12-15,403562.2
2023-12-16,440490.6
2023-12-17,480039.6
2023-12-18,522269.3
2023-12-19,566889.4
2023-12-20,576047.5
2023-12-21,588664.1
2023-12-22,563851.7
2023-12-23,539807.7
2023-12-24,516540.6
2023-12-25,494151.1
2023-12-26,472618.7
2023-12-27,452088.8
2023-12-28,470589.7
2023-12-29,489911.3
2023-12-30,509797.0
2023-12-31,530192.4
2024-01-01,550936.5
2024-01-02,571961.5
2024-01-03,593258.8
2024-01-04,614801.8
2024-01-05,561344.4
2024-01-06,510234.4
2024-01-07,462412.1
2024-01-08,418454.5
2024-01-09,379665.9
2024-01-10,426677.2
2024-01-11,484853.5
2024-01-12,500566.1
2024-01-13,517474.3
2024-01-14,535253.8
2024-01-15,553908.9
2024-01-16,573613.8
2024-01-17,594469.4
2024-01-18,605653.4
2024-01-19,617724.3
2024-01-20,630654.8
2024-01-21,644407.7
2024-01-22,658830.2
2024-01-23,673857.4
2024-01-24,672483.0
2024-01-25,671516.6
2024-01-26,670972.7
2024-01-27,670810.9
2024-01-28,671009.8
2024-01-29,671575.9
2024-01-30,672591.3
2024-01-31,591957.6
2024-02-01,584239.1
2024-02-02,577846.5
2024-02-03,572494.3
2024-02-04,567810.7
2024-02-05,563630.5
2024-02-06,559881.3
2024-02-07,523696.7
2024-02-08,496420.0
2024-02-09,521053.7
2024-02-10,550050.7
2024-02-11,582175.9
2024-02-12,616620.8
2024-02-13,652831.8
2024-02-14,690416.9
2024-02-15,729069.6
2024-02-16,718190.0
2024-02-17,708296.5
2024-02-18,699659.1
2024-02-19,692709.0
2024-02-20,688176.0
2024-02-21,686256.6
2024-02-22,690660.8
2024-02-23,697142.3
2024-02-24,705799.4
2024-02-25,716393.5
2024-02-26,728489.5
2024-02-27,741774.0
2024-02-28,681932.9
2024-02-29,638571.8
2024-03-01,657095.9
2024-03-02,678828.9
2024-03-03,704167.7
2024-03-04,731868.9
2024-03-05,761678.5
2024-03-06,713414.8
2024-03-07,680480.8
2024-03-08,698407.5
2024-03-09,717086.2
2024-03-10,736647.1
2024-03-11,757750.8
2024-03-12,781553.2
2024-03-13,772577.8
2024-03-14,767171.6
2024-03-15,738621.5
2024-03-16,712749.9
2024-03-17,690444.8
2024-03-18,671873.2
2024-03-19,656535.7
2024-03-20,647939.9
2024-03-21,648328.0
2024-03-22,662092.7
2024-03-23,677687.1
2024-03-24,695006.7
2024-03-25,714326.3
2024-03-26,735274.9
2024-03-27,695792.9
2024-03-28,416658.6
2024-03-29,447398.6
2024-03-30,481437.6
2024-03-31,521517.5
2024-04-01,569915.0
2024-04-02,629212.1
2024-04-03,652533.0
2024-04-04,674772.9
2024-04-05,728132.9
2024-04-06,672829.9
2024-04-07,619902.4
2024-04-08,570552.0
2024-04-09,525869.6
2024-04-10,608146.6
2024-04-11,706616.2
2024-04-12,655385.5
2024-04-13,606799.1
2024-04-14,562208.7
2024-04-15,525427.9
2024-04-16,439888.2
2024-04-17,483607.5
2024-04-18,557372.7
2024-04-19,537471.0
2024-04-20,520277.9
2024-04-21,505693.5
2024-04-22,493864.8
2024-04-23,484529.6
2024-04-24,404120.3
2024-04-25,363191.3
2024-04-26,389353.2
2024-04-27,419642.8
2024-04-28,453489.3
2024-04-29,490403.1
2024-04-30,529959.5
2024-05-01,465865.5
2024-05-02,429038.5
2024-05-03,440157.2
2024-05-04,458256.4
2024-05-05,482310.9
2024-05-06,511386.2
2024-05-07,594120.0
2024-05-08,620124.1
2024-05-09,671957.4
2024-05-10,623393.6
2024-05-11,578051.1
2024-05-12,537844.4
2024-05-13,507054.5
2024-05-14,486887.2
2024-05-15,531000.5
2024-05-16,593685.8
2024-05-17,709790.0
2024-05-18,613175.1
2024-05-19,525779.6
2024-05-20,457187.8
2024-05-21,455841.3
2024-05-22,459405.7
2024-05-23,467463.9
2024-05-24,491517.6
2024-05-25,522023.7
2024-05-26,556178.1
2024-05-27,592608.6
2024-05-28,630528.6
2024-05-29,669813.7
2024-05-30,579177.0
2024-05-31,591699.8
2024-06-01,611061.0
2024-06-02,636656.9
2024-06-03,669822.1
2024-06-04,710300.5
2024-06-05,674759.1
2024-06-06,683508.0
2024-06-07,631875.4
2024-06-08,584884.4
2024-06-09,544187.3
2024-06-10,512124.7
2024-06-11,492352.8
2024-06-12,641237.3
2024-06-13,812895.6
2024-06-14,762366.4
2024-06-15,712831.1
2024-06-16,664375.6
2024-06-17,616857.2
2024-06-18,570357.3
2024-06-19,525043.8
2024-06-20,481097.2
2024-06-21,438809.5
2024-06-22,399208.3
2024-06-23,363189.6
2024-06-24,330726.4
2024-06-25,326267.4
2024-06-26,322363.8
2024-06-27,319090.4
2024-06-28,316553.1
2024-06-29,314918.8
2024-06-30,314351.3
2024-07-01,314905.8
2024-07-02,316565.1
2024-07-03,319240.7
2024-07-04,322838.2
2024-07-05,327312.2
2024-07-06,332669.2
2024-07-07,338875.4
2024-07-08,345875.7
2024-07-09,353633.9
2024-07-10,357811.4
2024-07-11,362445.7
2024-07-12,367517.0
2024-07-13,373059.5
2024-07-14,379145.5
2024-07-15,385771.8
2024-07-16,392922.8
2024-07-17,400649.8
2024-07-18,409031.7
2024-07-19,418046.5
2024-07-20,427700.9
2024-07-21,438085.5
2024-07-22,449131.7
2024-07-23,460671.1
2024-07-24,472596.3
2024-07-25,484883.3
2024-07-26,497520.5
2024-07-27,510529.2
2024-07-28,523973.4
2024-07-29,537791.7
2024-07-30,551894.0
2024-07-31,566227.3
2024-08-01,580759.5
2024-08-02,595299.1
2024-08-03,611758.7
2024-08-04,630019.5
2024-08-05,650012.7
2024-08-06,671568.0
2024-08-07,697972.0
2024-08-08,732019.8
2024-08-09,753951.6
2024-08-10,777503.9
2024-08-11,802215.8
2024-08-12,828261.8
2024-08-13,855168.1
2024-08-14,882760.6
2024-08-15,910982.0
2024-08-16,756354.9
2024-08-17,812474.7
2024-08-18,874127.6
2024-08-19,939484.8
2024-08-20,1006988.2
2024-08-21,992062.0
2024-08-22,980957.1
2024-08-23,994880.7
2024-08-24,1010342.8
2024-08-25,1026599.2
2024-08-26,1043508.5
2024-08-27,1061135.4
2024-08-28,1097666.5
2024-08-29,1137579.4
2024-08-30,1142817.6
2024-08-31,1148356.4
2024-09-01,1154168.4
2024-09-02,1160224.3
2024-09-03,1166445.7
2024-09-04,1172843.4
2024-09-05,1125303.0
2024-09-06,1135075.1
2024-09-07,1145122.1
2024-09-08,1155341.2
2024-09-09,1165692.0
2024-09-10,1200137.6
2024-09-11,1235431.0
2024-09-12,1271384.1
2024-09-13,1053630.9
2024-09-14,1064711.7
2024-09-15,1076579.4
2024-09-16,1089123.3
2024-09-17,1040420.5
2024-09-18,992626.5
2024-09-19,890983.0
2024-09-20,908021.6
2024-09-21,926200.6
2024-09-22,945437.8
2024-09-23,966524.6
2024-09-24,988967.7
2024-09-25,987181.1
2024-09-26,991552.9
2024-09-27,1011871.7
2024-09-28,1032766.0
2024-09-29,1053830.5
2024-09-30,1074939.1
2024-10-01,1096160.3
2024-10-02,1103329.0
2024-10-03,1110788.7
2024-10-04,1086415.9
2024-10-05,1062077.4
2024-10-06,1037806.9
2024-10-07,1013681.3
2024-10-08,989737.2
2024-10-09,976406.9
2024-10-10,963101.8
2024-10-11,949825.0
2024-10-12,936599.4
2024-10-13,923538.9
2024-10-14,910858.3
2024-10-15,898647.3
2024-10-16,1071659.3
2024-10-17,1247640.7
2024-10-18,1192789.3
2024-10-19,1137974.3
2024-10-20,1083301.9
2024-10-21,1028984.5
2024-10-22,975384.4
2024-10-23,971238.0
2024-10-24,968878.5
2024-10-25,976156.8
2024-10-26,983517.5
2024-10-27,990983.2
2024-10-28,998664.5
2024-10-29,1006877.0
2024-10-30,983601.4
2024-10-31,961387.8
2024-11-01,989895.8
2024-11-02,1018737.6
2024-11-03,1047848.1
2024-11-04,1077059.8
2024-11-05,1106313.4
2024-11-06,1070552.2
2024-11-07,1035047.0
2024-11-08,1032121.2
2024-11-09,1029293.9
2024-11-10,1026498.9
2024-11-11,1023713.2
2024-11-12,1020940.5
2024-11-13,1018187.5
2024-11-14,1015468.0
2024-11-15,1045204.5
2024-11-16,1075023.2
2024-11-17,1104871.8
2024-11-18,1134741.7
2024-11-19,1164640.6
2024-11-20,1124391.5
2024-11-21,1084463.6
2024-11-22,1105705.1
2024-11-23,1127082.3
2024-11-24,1148580.2
2024-11-25,1170183.2
2024-11-26,1191946.8
2024-11-27,1195104.1
2024-11-28,1198390.2
2024-11-29,1201827.8
2024-11-30,1205434.0
2024-12-01,1209180.9
2024-12-02,1213186.5
2024-12-03,1217957.5
2024-12-04,1080971.9
2024-12-05,946327.4
2024-12-06,982960.8
2024-12-07,1020501.4
2024-12-08,1058536.7
2024-12-09,1096760.6
2024-12-10,1135120.5
2024-12-11,1118758.1
2024-12-12,1102565.5
2024-12-13,1086507.1
2024-12-14,1070549.0
2024-12-15,1054661.8
2024-12-16,1038864.3
2024-12-17,1023204.9
2024-12-18,1077788.3
2024-12-19,1133637.6
2024-12-20,1181154.1
2024-12-21,1228811.1
2024-12-22,1276603.8
2024-12-23,1324509.6
2024-12-24,1325419.3
2024-12-25,1326356.9
2024-12-26,1327319.0
2024-12-27,1328301.4
2024-12-28,1329301.1
2024-12-29,1330316.5
2024-12-30,1331346.5
2024-12-31,1332417.4
2025-01-01,1259382.0
2025-01-02,1186557.6
2025-01-03,1206418.4
2025-01-04,1226340.7
2025-01-05,1246288.2
2025-01-06,1266258.4
2025-01-07,1286249.3
2025-01-08,1230195.9
2025-01-09,1174196.5
2025-01-10,1118278.6
2025-01-11,1062574.9
2025-01-12,1007649.3
2025-01-13,954636.5
2025-01-14,903837.9
2025-01-15,991432.9
2025-01-16,1087541.2
2025-01-17,1087713.2
2025-01-18,1087949.1
2025-01-19,1088208.0
2025-01-20,1088489.7
2025-01-21,1088796.1
2025-01-22,1089129.5
2025-01-23,1089491.6
2025-01-24,1089888.8
2025-01-25,1082242.2
2025-01-26,1074736.3
2025-01-27,1067331.5
2025-01-28,1060210.6
2025-01-29,1063103.8
2025-01-30,1067609.7
2025-01-31,1075658.9
2025-02-01,1084477.6
2025-02-02,1093668.3
2025-02-03,1103073.4
2025-02-04,1112754.1
2025-02-05,1113750.4
2025-02-06,1114798.7
2025-02-07,1115905.8
2025-02-08,1117084.8
2025-02-09,1118339.0
2025-02-10,1119634.9
2025-02-11,1120958.7
2025-02-12,1122316.6
2025-02-13,1123710.4
2025-02-14,1107181.7
2025-02-15,1090776.5
2025-02-16,1074436.1
2025-02-17,1058153.9
2025-02-18,1041958.8
2025-02-19,1026027.9
2025-02-20,1063364.3
2025-02-21,1101138.7
2025-02-22,1139289.6
2025-02-23,1177907.8
2025-02-24,1216961.7
2025-02-25,1256499.4
2025-02-26,1269633.7
2025-02-27,1282998.8
2025-02-28,1296590.3
2025-03-01,1310405.8
2025-03-02,1324438.9
2025-03-03,1338691.6
2025-03-04,1353112.4
2025-03-05,1367672.8
2025-03-06,1382349.9
2025-03-07,1337364.6
2025-03-08,1292558.8
2025-03-09,1247951.4
2025-03-10,1203561.6
2025-03-11,1159459.3
2025-03-12,1115767.4
2025-03-13,913031.9
2025-03-14,1029208.9
2025-03-15,1146109.9
2025-03-16,1263281.7
2025-03-17,1380689.7
2025-03-18,1498380.5
2025-03-19,1483330.8
2025-03-20,1231382.8
2025-03-21,1091473.0
2025-03-22,942332.8
2025-03-23,802241.9
2025-03-24,680933.4
2025-03-25,904533.0
2025-03-26,900500.0
2025-03-27,896885.7
2025-03-28,893624.1
2025-03-29,890842.6
2025-03-30,888802.9
2025-03-31,887633.7
2025-04-01,887382.7
2025-04-02,808288.3
2025-04-03,808288.3
2025-04-04,808288.3
2025-04-05,808288.3
2025-04-06,808288.3
2025-04-07,808288.3
2025-04-08,808288.3
2025-04-09,808288.3
2025-04-10,808288.3
