2012-01-01,0.0
2012-01-02,0.0
2012-01-03,3951147.2
2012-01-04,3916510.0
2012-01-05,4077322.8
2012-01-06,4186379.5
2012-01-07,4128739.5
2012-01-08,4071099.5
2012-01-09,4013459.5
2012-01-10,4029913.6
2012-01-11,4046367.7
2012-01-12,4059670.4
2012-01-13,4084435.0
2012-01-14,4055467.4
2012-01-15,4026499.8
2012-01-16,3997532.1
2012-01-17,3968564.5
2012-01-18,4041465.7
2012-01-19,3911355.8
2012-01-20,3890865.7
2012-01-21,4091892.4
2012-01-22,4102258.0
2012-01-23,4112623.6
2012-01-24,4122989.2
2012-01-25,4099962.0
2012-01-26,4076934.8
2012-01-27,4066228.3
2012-01-28,4066599.9
2012-01-29,3836580.8
2012-01-30,3664527.0
2012-01-31,3904065.3
2012-02-01,3774289.1
2012-02-02,3644512.8
2012-02-03,3688961.1
2012-02-04,3896181.0
2012-02-05,3584360.1
2012-02-06,3689366.6
2012-02-07,3769232.3
2012-02-08,3849098.0
2012-02-09,3664873.4
2012-02-10,3923649.9
2012-02-11,3609485.3
2012-02-12,3824978.6
2012-02-13,3889673.8
2012-02-14,3920507.0
2012-02-15,3898727.7
2012-02-16,3999182.4
2012-02-17,4099637.2
2012-02-18,4056089.8
2012-02-19,4145319.1
2012-02-20,3916920.4
2012-02-21,3897036.2
2012-02-22,3877151.9
2012-02-23,3816539.8
2012-02-24,3755927.6
2012-02-25,3916569.8
2012-02-26,3772621.8
2012-02-27,3841212.2
2012-02-28,3909802.6
2012-02-29,3974788.8
2012-03-01,4039775.0
2012-03-02,4014052.8
2012-03-03,3988330.5
2012-03-04,3998085.0
2012-03-05,3689584.7
2012-03-06,3648967.8
2012-03-07,3925000.9
2012-03-08,3775792.9
2012-03-09,3626585.0
2012-03-10,3652166.0
2012-03-11,3622598.6
2012-03-12,3737753.2
2012-03-13,3852907.8
2012-03-14,3850766.7
2012-03-15,3817081.4
2012-03-16,3835436.3
2012-03-17,3853791.3
2012-03-18,3684089.6
2012-03-19,3514387.9
2012-03-20,3583802.7
2012-03-21,3653217.5
2012-03-22,3722632.3
2012-03-23,3725713.9
2012-03-24,3634391.4
2012-03-25,3543068.9
2012-03-26,3451746.5
2012-03-27,3808717.3
2012-03-28,3538170.8
2012-03-29,3851771.9
2012-03-30,3881241.9
2012-03-31,3948603.4
2012-04-01,3774866.9
2012-04-02,3601130.4
2012-04-03,3920425.7
2012-04-04,3864361.0
2012-04-05,3808296.4
2012-04-06,3887061.8
2012-04-07,3850294.9
2012-04-08,3813528.0
2012-04-09,3776761.1
2012-04-10,3756549.6
2012-04-11,3429150.7
2012-04-12,3761063.2
2012-04-13,3785822.9
2012-04-14,3753697.8
2012-04-15,3721572.7
2012-04-16,3689447.5
2012-04-17,3657322.4
2012-04-18,3649079.1
2012-04-19,3442455.2
2012-04-20,3485786.3
2012-04-21,3529117.3
2012-04-22,3572448.3
2012-04-23,3615779.3
2012-04-24,3659110.4
2012-04-25,3479472.2
2012-04-26,3681701.0
2012-04-27,3624973.9
2012-04-28,3568246.7
2012-04-29,3511519.5
2012-04-30,3454792.4
2012-05-01,3398065.2
2012-05-02,3438892.6
2012-05-03,3479719.9
2012-05-04,3484787.4
2012-05-05,3489854.8
2012-05-06,3494922.2
2012-05-07,3499989.6
2012-05-08,3505057.0
2012-05-09,3475606.1
2012-05-10,3446155.2
2012-05-11,3509494.6
2012-05-12,3508310.4
2012-05-13,3507126.2
2012-05-14,3505942.0
2012-05-15,3504757.8
2012-05-16,3549562.4
2012-05-17,3552203.2
2012-05-18,3527798.1
2012-05-19,3503393.0
2012-05-20,3478987.9
2012-05-21,3454582.8
2012-05-22,3573267.1
2012-05-23,3691951.3
2012-05-24,3675070.4
2012-05-25,3640331.8
2012-05-26,3605593.3
2012-05-27,3570854.7
2012-05-28,3536116.2
2012-05-29,3501377.6
2012-05-30,3656550.1
2012-05-31,3811722.6
2012-06-01,3775995.3
2012-06-02,3694820.9
2012-06-03,3613646.5
2012-06-04,3532472.1
2012-06-05,3451297.7
2012-06-06,3513793.3
2012-06-07,3576289.0
2012-06-08,3638784.6
2012-06-09,3701280.3
2012-06-10,3763775.9
2012-06-11,3826271.6
2012-06-12,3888767.2
2012-06-13,3674989.9
2012-06-14,3711435.6
2012-06-15,3747881.3
2012-06-16,3784327.0
2012-06-17,3820772.6
2012-06-18,3857218.3
2012-06-19,3912624.2
2012-06-20,3968030.1
2012-06-21,3924650.2
2012-06-22,3881270.4
2012-06-23,3701610.7
2012-06-24,3521950.9
2012-06-25,3342291.2
2012-06-26,3650064.8
2012-06-27,3340397.8
2012-06-28,3298905.0
2012-06-29,3472704.4
2012-06-30,3349235.0
2012-07-01,3225765.5
2012-07-02,3102296.0
2012-07-03,2978826.5
2012-07-04,2941497.9
2012-07-05,2904169.2
2012-07-06,2866840.6
2012-07-07,2880487.5
2012-07-08,2894134.3
2012-07-09,2907781.2
2012-07-10,2921428.1
2012-07-11,2968089.2
2012-07-12,3014750.4
2012-07-13,2819914.8
2012-07-14,2850678.6
2012-07-15,2881442.4
2012-07-16,2912206.2
2012-07-17,2942970.0
2012-07-18,2707496.3
2012-07-19,2774195.9
2012-07-20,2840895.9
2012-07-21,2750169.4
2012-07-22,2659445.7
2012-07-23,2568728.6
2012-07-24,2547478.7
2012-07-25,2526265.5
2012-07-26,2595276.8
2012-07-27,2664334.1
2012-07-28,2669153.5
2012-07-29,2673972.9
2012-07-30,2678792.2
2012-07-31,2683611.6
2012-08-01,2585839.4
2012-08-02,2717216.4
2012-08-03,2848703.8
2012-08-04,2707427.2
2012-08-05,2566153.2
2012-08-06,2424927.6
2012-08-07,2606891.2
2012-08-08,2788888.8
2012-08-09,2824551.9
2012-08-10,2860214.9
2012-08-11,2836551.1
2012-08-12,2812887.3
2012-08-13,2789223.5
2012-08-14,2765559.6
2012-08-15,2616270.9
2012-08-16,2467128.9
2012-08-17,2450668.1
2012-08-18,2434209.9
2012-08-19,2417756.7
2012-08-20,2401356.0
2012-08-21,2577754.2
2012-08-22,2754355.1
2012-08-23,2782702.6
2012-08-24,2786045.0
2012-08-25,2789387.4
2012-08-26,2792729.8
2012-08-27,2796072.1
2012-08-28,2799414.5
2012-08-29,2802756.9
2012-08-30,2806099.3
2012-08-31,2809441.7
2012-09-01,2812784.1
2012-09-02,2816126.5
2012-09-03,2819468.9
2012-09-04,2822811.2
2012-09-05,2826155.7
2012-09-06,2829505.3
2012-09-07,2832863.7
2012-09-08,2836233.7
2012-09-09,2839618.8
2012-09-10,2843022.0
2012-09-11,2871118.8
2012-09-12,2899347.2
2012-09-13,2927588.0
2012-09-14,2850776.4
2012-09-15,2848142.5
2012-09-16,2845538.0
2012-09-17,2843011.4
2012-09-18,2840572.3
2012-09-19,2837843.1
2012-09-20,2835341.1
2012-09-21,2836313.6
2012-09-22,2837286.0
2012-09-23,2838258.4
2012-09-24,2839230.8
2012-09-25,2854420.6
2012-09-26,2869610.5
2012-09-27,2869069.6
2012-09-28,2868528.7
2012-09-29,2867987.9
2012-09-30,2867447.0
2012-10-01,2866906.1
2012-10-02,2872963.3
2012-10-03,2879020.4
2012-10-04,2901661.4
2012-10-05,2924302.4
2012-10-06,2946943.5
2012-10-07,2969584.5
2012-10-08,2992225.5
2012-10-09,3014866.5
2012-10-10,3037507.5
2012-10-11,3060148.5
2012-10-12,3013564.7
2012-10-13,2966980.8
2012-10-14,2920397.0
2012-10-15,2873813.2
2012-10-16,2827229.4
2012-10-17,2826379.7
2012-10-18,2825530.1
2012-10-19,2824680.5
2012-10-20,2874067.9
2012-10-21,2923455.3
2012-10-22,2972842.8
2012-10-23,3022230.2
2012-10-24,3071617.7
2012-10-25,3026633.2
2012-10-26,2981924.9
2012-10-27,2937216.7
2012-10-28,2892508.5
2012-10-29,2847800.3
2012-10-30,2803092.2
2012-10-31,2824868.4
2012-11-01,2846648.7
2012-11-02,2868890.5
2012-11-03,2891142.2
2012-11-04,2913393.9
2012-11-05,2935645.6
2012-11-06,2870432.5
2012-11-07,2805219.4
2012-11-08,2823866.6
2012-11-09,2842547.7
2012-11-10,2835941.7
2012-11-11,2829354.7
2012-11-12,2822776.8
2012-11-13,2816198.9
2012-11-14,2809621.1
2012-11-15,2823670.9
2012-11-16,2832226.2
2012-11-17,2840781.4
2012-11-18,2849336.6
2012-11-19,2857891.9
2012-11-20,2829844.3
2012-11-21,2801796.7
2012-11-22,2806631.3
2012-11-23,2811465.8
2012-11-24,2816300.4
2012-11-25,2821134.9
2012-11-26,2825969.5
2012-11-27,2830804.0
2012-11-28,2796819.5
2012-11-29,2814881.6
2012-11-30,2832943.7
2012-12-01,2851005.9
2012-12-02,2869068.0
2012-12-03,2887130.2
2012-12-04,2905192.3
2012-12-05,2896110.1
2012-12-06,2881224.7
2012-12-07,2866339.3
2012-12-08,2851453.9
2012-12-09,2836568.5
2012-12-10,2821683.1
2012-12-11,2806797.7
2012-12-12,2917783.2
2012-12-13,2899317.3
2012-12-14,2880851.5
2012-12-15,2862385.6
2012-12-16,2843919.8
2012-12-17,2825453.9
2012-12-18,2806988.1
2012-12-19,2793363.4
2012-12-20,2802710.4
2012-12-21,2812057.3
2012-12-22,2821404.3
2012-12-23,2830751.3
2012-12-24,2840098.3
2012-12-25,2849445.2
2012-12-26,2858792.2
2012-12-27,2861023.8
2012-12-28,2863255.3
2012-12-29,2865486.9
2012-12-30,2867718.5
2012-12-31,2869950.1
2013-01-01,2872181.6
2013-01-02,2874413.2
2013-01-03,2849742.6
2013-01-04,2821761.0
2013-01-05,2793779.5
2013-01-06,2765798.0
2013-01-07,2737816.5
2013-01-08,2763908.5
2013-01-09,2790000.6
2013-01-10,2816092.6
2013-01-11,2842184.6
2013-01-12,2868276.7
2013-01-13,2894368.7
2013-01-14,2920460.7
2013-01-15,2946552.8
2013-01-16,2972644.8
2013-01-17,2870247.5
2013-01-18,2868270.1
2013-01-19,2866292.7
2013-01-20,2864315.3
2013-01-21,2862337.9
2013-01-22,2860360.5
2013-01-23,2858383.1
2013-01-24,2874243.9
2013-01-25,2890104.6
2013-01-26,2893012.2
2013-01-27,2895919.7
2013-01-28,2898827.3
2013-01-29,2874195.5
2013-01-30,2849563.8
2013-01-31,2824932.1
2013-02-01,2920036.9
2013-02-02,2926552.8
2013-02-03,2933068.6
2013-02-04,2939584.5
2013-02-05,2907367.1
2013-02-06,2875149.7
2013-02-07,2842932.4
2013-02-08,2865243.3
2013-02-09,2887554.2
2013-02-10,2909865.1
2013-02-11,2932176.0
2013-02-12,2954486.9
2013-02-13,2976797.8
2013-02-14,2965451.5
2013-02-15,2954105.2
2013-02-16,2942758.9
2013-02-17,2931412.6
2013-02-18,2920066.3
2013-02-19,2908720.0
2013-02-20,2926801.3
2013-02-21,2944882.6
2013-02-22,2962963.9
2013-02-23,2981045.1
2013-02-24,2999126.4
2013-02-25,3017207.7
2013-02-26,3035289.0
2013-02-27,3053370.3
2013-02-28,3058261.6
2013-03-01,3063152.9
2013-03-02,3068044.2
2013-03-03,3072935.5
2013-03-04,3077826.8
2013-03-05,3082718.2
2013-03-06,3085068.5
2013-03-07,3087418.8
2013-03-08,3089769.1
2013-03-09,3092119.4
2013-03-10,3094469.7
2013-03-11,3096820.0
2013-03-12,3099170.3
2013-03-13,3050645.5
2013-03-14,3087876.6
2013-03-15,3125107.7
2013-03-16,3162338.7
2013-03-17,3199569.8
2013-03-18,3236800.9
2013-03-19,3274032.0
2013-03-20,3311263.1
2013-03-21,3277658.4
2013-03-22,3244053.7
2013-03-23,3210449.0
2013-03-24,3176844.3
2013-03-25,3143239.6
2013-03-26,3109634.9
2013-03-27,3076030.2
2013-03-28,3114552.6
2013-03-29,3153075.0
2013-03-30,3191597.4
2013-03-31,3230119.9
2013-04-01,3268642.3
2013-04-02,3307164.7
2013-04-03,3304080.6
2013-04-04,3300996.5
2013-04-05,3297912.4
2013-04-06,3294828.3
2013-04-07,3291744.3
2013-04-08,3288660.2
2013-04-09,3285576.1
2013-04-10,3282492.0
2013-04-11,3279408.0
2013-04-12,3276323.9
2013-04-13,3273239.8
2013-04-14,3270155.7
2013-04-15,3267071.7
2013-04-16,3263987.6
2013-04-17,3260903.5
2013-04-18,3257819.4
2013-04-19,3254735.3
2013-04-20,3251651.3
2013-04-21,3248567.2
2013-04-22,3245483.1
2013-04-23,3175647.3
2013-04-24,3105811.5
2013-04-25,3035975.6
2013-04-26,3110337.6
2013-04-27,3184699.5
2013-04-28,3259061.5
2013-04-29,3333423.4
2013-04-30,3407785.4
2013-05-01,3387394.4
2013-05-02,3367003.5
2013-05-03,3487556.1
2013-05-04,3372009.5
2013-05-05,3256463.0
2013-05-06,3140916.4
2013-05-07,3302294.2
2013-05-08,3463672.0
2013-05-09,3472641.2
2013-05-10,3444030.6
2013-05-11,3415420.0
2013-05-12,3386809.5
2013-05-13,3358198.9
2013-05-14,3329588.3
2013-05-15,3556267.6
2013-05-16,3618164.3
2013-05-17,3288524.4
2013-05-18,3361233.6
2013-05-19,3433942.7
2013-05-20,3506651.9
2013-05-21,3579361.0
2013-05-22,3436420.8
2013-05-23,3430473.3
2013-05-24,3651677.4
2013-05-25,3621042.9
2013-05-26,3590408.4
2013-05-27,3559773.9
2013-05-28,3529139.5
2013-05-29,3496256.9
2013-05-30,3452881.0
2013-05-31,3396538.9
2013-06-01,3416125.2
2013-06-02,3435711.6
2013-06-03,3455297.9
2013-06-04,3553446.4
2013-06-05,3515641.9
2013-06-06,3419207.0
2013-06-07,3497506.7
2013-06-08,3420632.5
2013-06-09,3461783.2
2013-06-10,3502933.9
2013-06-11,3364649.1
2013-06-12,3618977.7
2013-06-13,3571308.5
2013-06-14,3431610.0
2013-06-15,3397752.3
2013-06-16,3363894.6
2013-06-17,3302856.7
2013-06-18,3269994.5
2013-06-19,3083288.3
2013-06-20,3532269.7
2013-06-21,3253819.9
2013-06-22,3270651.6
2013-06-23,3299273.6
2013-06-24,3327895.6
2013-06-25,3285923.0
2013-06-26,3656812.8
2013-06-27,3617741.5
2013-06-28,3612417.7
2013-06-29,3415954.6
2013-06-30,3219491.5
2013-07-01,3330662.4
2013-07-02,3441833.2
2013-07-03,3372453.8
2013-07-04,3412108.0
2013-07-05,3451762.2
2013-07-06,3319859.4
2013-07-07,3187956.6
2013-07-08,3056053.8
2013-07-09,3177084.7
2013-07-10,3118580.0
2013-07-11,3122756.6
2013-07-12,3229544.0
2013-07-13,3336331.4
2013-07-14,3326833.7
2013-07-15,3317336.0
2013-07-16,3307838.3
2013-07-17,3293143.1
2013-07-18,3278447.9
2013-07-19,3286199.5
2013-07-20,3197554.0
2013-07-21,3108908.6
2013-07-22,3071450.7
2013-07-23,3376795.3
2013-07-24,3290020.6
2013-07-25,3326812.2
2013-07-26,3360286.3
2013-07-27,3225567.6
2013-07-28,3090849.0
2013-07-29,2956130.3
2013-07-30,3137852.1
2013-07-31,3096190.8
2013-08-01,3215468.2
2013-08-02,3264780.7
2013-08-03,3251497.7
2013-08-04,3238214.7
2013-08-05,3224931.7
2013-08-06,3211648.7
2013-08-07,3235554.3
2013-08-08,3265907.5
2013-08-09,3296260.8
2013-08-10,3282567.4
2013-08-11,3268873.9
2013-08-12,3255180.5
2013-08-13,3241487.1
2013-08-14,3248117.8
2013-08-15,3236467.0
2013-08-16,3169506.1
2013-08-17,3102545.1
2013-08-18,3035584.2
2013-08-19,2968623.3
2013-08-20,3111607.3
2013-08-21,3254591.3
2013-08-22,3202858.7
2013-08-23,3244130.1
2013-08-24,3103681.7
2013-08-25,2963233.4
2013-08-26,2822785.0
2013-08-27,3104206.8
2013-08-28,3045518.2
2013-08-29,3018302.9
2013-08-30,3103706.1
2013-08-31,3074795.2
2013-09-01,3045884.4
2013-09-02,3016973.6
2013-09-03,2988062.8
2013-09-04,3056015.9
2013-09-05,3123968.9
2013-09-06,3130741.1
2013-09-07,3089614.3
2013-09-08,3048487.6
2013-09-09,3007360.9
2013-09-10,3136761.7
2013-09-11,2894865.8
2013-09-12,3224094.1
2013-09-13,2902076.7
2013-09-14,2967741.5
2013-09-15,3033406.3
2013-09-16,3099071.1
2013-09-17,3164736.0
2013-09-18,3183717.4
2013-09-19,3132863.8
2013-09-20,3072534.6
2013-09-21,3012205.4
2013-09-22,2951876.2
2013-09-23,2891547.0
2013-09-24,2944526.7
2013-09-25,2997506.5
2013-09-26,2952057.7
2013-09-27,2906608.8
2013-09-28,3033302.5
2013-09-29,3159996.2
2013-09-30,3286689.9
2013-10-01,3413383.6
2013-10-02,3405073.6
2013-10-03,3396763.6
2013-10-04,3388453.6
2013-10-05,3380143.7
2013-10-06,3371833.7
2013-10-07,3363523.7
2013-10-08,3355213.8
2013-10-09,3294511.4
2013-10-10,3233809.0
2013-10-11,3173106.6
2013-10-12,3144305.4
2013-10-13,3115504.3
2013-10-14,3086703.1
2013-10-15,3057902.0
2013-10-16,3029100.8
2013-10-17,3089325.2
2013-10-18,3149549.6
2013-10-19,3085706.1
2013-10-20,3021862.6
2013-10-21,2958019.2
2013-10-22,3159970.8
2013-10-23,3361922.4
2013-10-24,3180466.5
2013-10-25,2999010.6
2013-10-26,2986199.6
2013-10-27,2973388.6
2013-10-28,2960577.6
2013-10-29,3138165.9
2013-10-30,3315754.2
2013-10-31,3137160.4
2013-11-01,2958566.6
2013-11-02,2977069.9
2013-11-03,2995573.2
2013-11-04,3014076.5
2013-11-05,3015080.2
2013-11-06,3016083.9
2013-11-07,2939045.6
2013-11-08,2862007.2
2013-11-09,2899258.3
2013-11-10,2936509.4
2013-11-11,2973760.4
2013-11-12,3011011.5
2013-11-13,3157870.5
2013-11-14,3304729.6
2013-11-15,3302076.3
2013-11-16,3299423.0
2013-11-17,3296769.7
2013-11-18,3294116.4
2013-11-19,3291463.1
2013-11-20,3307362.4
2013-11-21,3325385.8
2013-11-22,3343409.2
2013-11-23,3301700.8
2013-11-24,3259992.3
2013-11-25,3218283.9
2013-11-26,3237738.1
2013-11-27,3257192.3
2013-11-28,3276646.6
2013-11-29,3296100.8
2013-11-30,3315555.0
2013-12-01,3335009.2
2013-12-02,3354463.5
2013-12-03,3606341.8
2013-12-04,3858220.2
2013-12-05,3773219.6
2013-12-06,3688219.0
2013-12-07,3603218.3
2013-12-08,3518217.7
2013-12-09,3433217.1
2013-12-10,3348216.4
2013-12-11,3263215.8
2013-12-12,3279866.6
2013-12-13,3296517.3
2013-12-14,3309571.0
2013-12-15,3322624.7
2013-12-16,3335678.4
2013-12-17,3348732.1
2013-12-18,3318681.6
2013-12-19,3300247.3
2013-12-20,3281813.0
2013-12-21,3148489.5
2013-12-22,3015166.1
2013-12-23,2881842.6
2013-12-24,2891053.5
2013-12-25,2900264.4
2013-12-26,2909475.3
2013-12-27,2949328.1
2013-12-28,2983943.9
2013-12-29,3018559.7
2013-12-30,3053175.5
2013-12-31,3087791.3
2014-01-01,3055357.1
2014-01-02,3022922.9
2014-01-03,2990488.6
2014-01-04,2958054.4
2014-01-05,2925620.2
2014-01-06,2893186.0
2014-01-07,2860751.8
2014-01-08,2885059.7
2014-01-09,2889091.8
2014-01-10,2890492.4
2014-01-11,2891893.0
2014-01-12,2893293.7
2014-01-13,2894694.3
2014-01-14,2896094.9
2014-01-15,2759732.1
2014-01-16,2887576.9
2014-01-17,3144019.7
2014-01-18,3189416.1
2014-01-19,3234812.5
2014-01-20,3280208.9
2014-01-21,3325605.3
2014-01-22,3371001.8
2014-01-23,2971946.1
2014-01-24,2974852.2
2014-01-25,2977485.5
2014-01-26,2980118.8
2014-01-27,2982752.0
2014-01-28,2985385.3
2014-01-29,3139135.5
2014-01-30,3292885.7
2014-01-31,3341913.5
2014-02-01,3392140.5
2014-02-02,3442367.6
2014-02-03,3492594.6
2014-02-04,3542821.6
2014-02-05,3593048.7
2014-02-06,2923632.6
2014-02-07,3087436.6
2014-02-08,3173214.4
2014-02-09,3258992.2
2014-02-10,3344770.0
2014-02-11,3430547.7
2014-02-12,3516325.5
2014-02-13,3468300.9
2014-02-14,3420276.2
2014-02-15,3372251.6
2014-02-16,3324226.9
2014-02-17,3276202.3
2014-02-18,3228177.6
2014-02-19,3180153.0
2014-02-20,3132128.3
2014-02-21,3084103.7
2014-02-22,3091938.8
2014-02-23,3099774.0
2014-02-24,3107609.2
2014-02-25,3115444.3
2014-02-26,3123279.5
2014-02-27,3383421.2
2014-02-28,3336225.8
2014-03-01,3289030.4
2014-03-02,3241835.0
2014-03-03,3194639.6
2014-03-04,3147444.2
2014-03-05,3100248.8
2014-03-06,3383260.7
2014-03-07,3356351.2
2014-03-08,3352158.7
2014-03-09,3347966.2
2014-03-10,3343773.7
2014-03-11,3339581.3
2014-03-12,3335388.8
2014-03-13,3063495.1
2014-03-14,3053093.2
2014-03-15,3129332.3
2014-03-16,3205571.5
2014-03-17,3281810.6
2014-03-18,3358049.7
2014-03-19,3053630.5
2014-03-20,3039055.0
2014-03-21,3354996.9
2014-03-22,3276335.5
2014-03-23,3197674.0
2014-03-24,3119012.5
2014-03-25,3040351.1
2014-03-26,3021097.3
2014-03-27,3355930.1
2014-03-28,3364119.6
2014-03-29,3372309.0
2014-03-30,3380498.5
2014-03-31,3388687.9
2014-04-01,3396877.4
2014-04-02,3071929.3
2014-04-03,3189845.6
2014-04-04,3307762.0
2014-04-05,3289198.2
2014-04-06,3270634.5
2014-04-07,3252070.7
2014-04-08,3233507.0
2014-04-09,3214943.3
2014-04-10,3222158.6
2014-04-11,3229373.8
2014-04-12,3236589.1
2014-04-13,3243804.4
2014-04-14,3251019.7
2014-04-15,3258235.0
2014-04-16,3265450.2
2014-04-17,3304436.7
2014-04-18,3238897.8
2014-04-19,3173358.9
2014-04-20,3107820.0
2014-04-21,3042281.2
2014-04-22,3356796.5
2014-04-23,3367530.1
2014-04-24,2988460.0
2014-04-25,3269336.0
2014-04-26,3273152.2
2014-04-27,3276968.4
2014-04-28,3280784.6
2014-04-29,3284600.8
2014-04-30,2978640.4
2014-05-01,3069001.7
2014-05-02,3041735.8
2014-05-03,3014469.9
2014-05-04,2987204.0
2014-05-05,2959938.1
2014-05-06,2932672.2
2014-05-07,2956641.7
2014-05-08,3000727.0
2014-05-09,3044812.2
2014-05-10,3088897.4
2014-05-11,3132982.7
2014-05-12,3177067.9
2014-05-13,3221153.1
2014-05-14,2920207.6
2014-05-15,2860573.3
2014-05-16,2949571.9
2014-05-17,3038570.6
2014-05-18,3127569.2
2014-05-19,3216567.8
2014-05-20,3305566.5
2014-05-21,2985092.1
2014-05-22,2959588.5
2014-05-23,2904816.6
2014-05-24,2896857.2
2014-05-25,2888897.8
2014-05-26,2880938.5
2014-05-27,2872979.1
2014-05-28,3003145.6
2014-05-29,3125410.9
2014-05-30,3247676.2
2014-05-31,3157558.6
2014-06-01,3067440.9
2014-06-02,2977323.3
2014-06-03,2887205.6
2014-06-04,2814959.1
2014-06-05,3096457.6
2014-06-06,3035040.5
2014-06-07,2973623.5
2014-06-08,2912206.5
2014-06-09,2850789.5
2014-06-10,2811507.2
2014-06-11,2992727.7
2014-06-12,3173948.3
2014-06-13,3109809.2
2014-06-14,3045670.1
2014-06-15,2981531.1
2014-06-16,2917392.0
2014-06-17,2865094.7
2014-06-18,2812797.3
2014-06-19,2846187.4
2014-06-20,2848498.8
2014-06-21,2850810.2
2014-06-22,2853121.5
2014-06-23,2855432.9
2014-06-24,3046720.8
2014-06-25,2959251.0
2014-06-26,2871781.2
2014-06-27,2871043.4
2014-06-28,2870305.5
2014-06-29,2869567.6
2014-06-30,2868829.7
2014-07-01,2868091.9
2014-07-02,3012623.8
2014-07-03,3157155.7
2014-07-04,3089145.8
2014-07-05,3021136.0
2014-07-06,2953126.2
2014-07-07,2885116.3
2014-07-08,2817106.5
2014-07-09,2781128.0
2014-07-10,2791865.8
2014-07-11,2802603.6
2014-07-12,2818464.3
2014-07-13,2834325.0
2014-07-14,2850185.8
2014-07-15,2866046.5
2014-07-16,2881907.3
2014-07-17,2945340.8
2014-07-18,2915730.4
2014-07-19,2886120.0
2014-07-20,2856509.7
2014-07-21,2826899.3
2014-07-22,2926463.3
2014-07-23,3026027.2
2014-07-24,3125591.2
2014-07-25,3055232.4
2014-07-26,2984873.7
2014-07-27,2914514.9
2014-07-28,2844156.1
2014-07-29,2855812.7
2014-07-30,2867469.3
2014-07-31,2868566.3
2014-08-01,2869663.3
2014-08-02,2870760.3
2014-08-03,2871857.3
2014-08-04,2872954.3
2014-08-05,2761532.7
2014-08-06,2804203.8
2014-08-07,2846874.8
2014-08-08,2889545.8
2014-08-09,2879241.9
2014-08-10,2868937.9
2014-08-11,2858634.0
2014-08-12,2848330.0
2014-08-13,2921935.7
2014-08-14,2995541.3
2014-08-15,2835804.2
2014-08-16,2963002.2
2014-08-17,3090200.2
2014-08-18,3217398.1
2014-08-19,3344596.1
2014-08-20,3051519.5
2014-08-21,3127458.1
2014-08-22,3203396.7
2014-08-23,3279335.3
2014-08-24,3355273.9
2014-08-25,3431212.5
2014-08-26,3507151.2
2014-08-27,3124904.3
2014-08-28,3442446.5
2014-08-29,3405111.7
2014-08-30,3367776.9
2014-08-31,3330442.1
2014-09-01,3293107.2
2014-09-02,3255772.4
2014-09-03,3204551.3
2014-09-04,3242449.7
2014-09-05,3243654.1
2014-09-06,3244858.4
2014-09-07,3246062.8
2014-09-08,3247267.1
2014-09-09,3253393.3
2014-09-10,3259519.5
2014-09-11,3265645.7
2014-09-12,3271771.9
2014-09-13,3256187.1
2014-09-14,3240602.2
2014-09-15,3225017.3
2014-09-16,3209432.4
2014-09-17,3193847.5
2014-09-18,3177667.0
2014-09-19,3161486.4
2014-09-20,3145305.8
2014-09-21,3129125.3
2014-09-22,3112944.7
2014-09-23,3096764.2
2014-09-24,3080583.6
2014-09-25,3107594.2
2014-09-26,3134604.8
2014-09-27,3161615.4
2014-09-28,3188626.0
2014-09-29,3215636.6
2014-09-30,3163284.2
2014-10-01,3110931.8
2014-10-02,3137783.7
2014-10-03,3164635.5
2014-10-04,3191487.4
2014-10-05,3218339.2
2014-10-06,3245191.1
2014-10-07,3272042.9
2014-10-08,3298894.8
2014-10-09,3320388.9
2014-10-10,3341882.9
2014-10-11,3363377.0
2014-10-12,3384871.1
2014-10-13,3406365.2
2014-10-14,3427859.3
2014-10-15,3449353.4
2014-10-16,3470847.4
2014-10-17,3411638.6
2014-10-18,3352429.7
2014-10-19,3293220.8
2014-10-20,3234012.0
2014-10-21,3174803.1
2014-10-22,3115594.2
2014-10-23,3138427.5
2014-10-24,3161260.7
2014-10-25,3184093.9
2014-10-26,3206927.1
2014-10-27,3229760.4
2014-10-28,3252593.6
2014-10-29,3275426.8
2014-10-30,3273927.0
2014-10-31,3272427.3
2014-11-01,3270927.5
2014-11-02,3269427.7
2014-11-03,3267927.9
2014-11-04,3266428.1
2014-11-05,3264928.3
2014-11-06,3263428.5
2014-11-07,3297691.5
2014-11-08,3331954.5
2014-11-09,3366217.5
2014-11-10,3400480.5
2014-11-11,3434743.5
2014-11-12,3469006.5
2014-11-13,3503269.5
2014-11-14,3537532.5
2014-11-15,3571795.5
2014-11-16,3606058.5
2014-11-17,3640321.5
2014-11-18,3674584.5
2014-11-19,3708847.5
2014-11-20,3621941.2
2014-11-21,3535034.9
2014-11-22,3448128.6
2014-11-23,3361222.3
2014-11-24,3274315.9
2014-11-25,3187409.6
2014-11-26,3283806.3
2014-11-27,3380203.0
2014-11-28,3476599.7
2014-11-29,3572996.4
2014-11-30,3669393.1
2014-12-01,3765789.8
2014-12-02,3862186.5
2014-12-03,3329556.3
2014-12-04,3326890.9
2014-12-05,3324225.4
2014-12-06,3321560.0
2014-12-07,3318894.5
2014-12-08,3316229.0
2014-12-09,3200253.8
2014-12-10,3084278.5
2014-12-11,3213559.7
2014-12-12,3342840.9
2014-12-13,3397825.7
2014-12-14,3452810.5
2014-12-15,3507795.3
2014-12-16,3562780.1
2014-12-17,3617764.9
2014-12-18,3638684.8
2014-12-19,3659604.7
2014-12-20,3680524.6
2014-12-21,3701444.5
2014-12-22,3722364.4
2014-12-23,3743284.3
2014-12-24,3764204.2
2014-12-25,3785124.1
2014-12-26,3806044.0
2014-12-27,3826963.9
2014-12-28,3847883.8
2014-12-29,3868803.6
2014-12-30,3889723.5
2014-12-31,3942297.0
2015-01-01,3994870.5
2015-01-02,4047444.0
2015-01-03,4100017.5
2015-01-04,4152590.9
2015-01-05,4205164.4
2015-01-06,4171455.7
2015-01-07,4137747.1
2015-01-08,4104038.4
2015-01-09,4070329.8
2015-01-10,4036621.1
2015-01-11,4002912.5
2015-01-12,3969203.8
2015-01-13,3935495.1
2015-01-14,3901786.5
2015-01-15,3868077.8
2015-01-16,3834369.2
2015-01-17,3800660.5
2015-01-18,3766951.9
2015-01-19,3733243.2
2015-01-20,3699534.5
2015-01-21,3665825.9
2015-01-22,3632117.2
2015-01-23,3633317.4
2015-01-24,3634517.5
2015-01-25,3635717.6
2015-01-26,3636917.7
2015-01-27,3638117.8
2015-01-28,3639318.0
2015-01-29,3640518.1
2015-01-30,3641718.2
2015-01-31,3676463.8
2015-02-01,3711209.5
2015-02-02,3745955.1
2015-02-03,3780700.7
2015-02-04,3845088.0
2015-02-05,3817778.4
2015-02-06,3790468.9
2015-02-07,3763159.3
2015-02-08,3735849.7
2015-02-09,3708540.2
2015-02-10,3713491.5
2015-02-11,3718442.9
2015-02-12,3723394.2
2015-02-13,3728345.6
2015-02-14,3733297.0
2015-02-15,3738248.3
2015-02-16,3743199.7
2015-02-17,3748151.0
2015-02-18,3753102.4
2015-02-19,3758053.7
2015-02-20,3714463.6
2015-02-21,3670873.5
2015-02-22,3627283.4
2015-02-23,3583693.3
2015-02-24,3630087.7
2015-02-25,3676482.1
2015-02-26,3508224.4
2015-02-27,3339966.7
2015-02-28,3338044.8
2015-03-01,3336122.8
2015-03-02,3334200.9
2015-03-03,3332278.9
2015-03-04,3330093.6
2015-03-05,3327908.3
2015-03-06,3325722.9
2015-03-07,3323537.6
2015-03-08,3321352.3
2015-03-09,3319167.0
2015-03-10,3316981.6
2015-03-11,3314796.3
2015-03-12,3312611.0
2015-03-13,3310425.6
2015-03-14,3308240.3
2015-03-15,3306055.0
2015-03-16,3303869.7
2015-03-17,3454258.1
2015-03-18,3604646.5
2015-03-19,3454725.6
2015-03-20,3472781.6
2015-03-21,3490837.6
2015-03-22,3508893.6
2015-03-23,3526949.6
2015-03-24,3570479.8
2015-03-25,3614010.0
2015-03-26,3657540.2
2015-03-27,3701070.4
2015-03-28,3744600.6
2015-03-29,3788130.8
2015-03-30,3831661.1
2015-03-31,3796382.4
2015-04-01,3715781.3
2015-04-02,3849336.7
2015-04-03,3982892.1
2015-04-04,3946024.9
2015-04-05,3909157.6
2015-04-06,3872290.3
2015-04-07,3889071.9
2015-04-08,3905853.4
2015-04-09,3977594.0
2015-04-10,3987808.6
2015-04-11,3998023.3
2015-04-12,3949696.9
2015-04-13,3901370.4
2015-04-14,3853044.0
2015-04-15,3927767.8
2015-04-16,4002491.6
2015-04-17,3863745.0
2015-04-18,4076933.2
2015-04-19,3979782.3
2015-04-20,4006236.4
2015-04-21,3907722.0
2015-04-22,3765219.2
2015-04-23,4040504.1
2015-04-24,3999202.7
2015-04-25,4066399.3
2015-04-26,4102071.0
2015-04-27,3992282.9
2015-04-28,3882494.9
2015-04-29,3829031.6
2015-04-30,3833760.2
2015-05-01,3748912.4
2015-05-02,3985325.7
2015-05-03,4014484.5
2015-05-04,4043643.3
2015-05-05,4041835.6
2015-05-06,3720131.1
2015-05-07,3728576.6
2015-05-08,3895578.4
2015-05-09,3915944.9
2015-05-10,3936311.5
2015-05-11,3956678.0
2015-05-12,3971343.3
2015-05-13,3904038.6
2015-05-14,3966065.4
2015-05-15,3842544.6
2015-05-16,3809937.5
2015-05-17,3777330.5
2015-05-18,3717546.0
2015-05-19,3871611.7
2015-05-20,3869284.2
2015-05-21,3817170.3
2015-05-22,3811450.1
2015-05-23,3765580.9
2015-05-24,3719711.7
2015-05-25,3673842.6
2015-05-26,3627973.4
2015-05-27,3783593.8
2015-05-28,3828411.0
2015-05-29,3789896.1
2015-05-30,3760183.1
2015-05-31,3730470.2
2015-06-01,3700757.2
2015-06-02,3719261.4
2015-06-03,3727735.7
2015-06-04,3767532.7
2015-06-05,3692077.0
2015-06-06,3706709.8
2015-06-07,3721342.7
2015-06-08,3735975.5
2015-06-09,3614975.3
2015-06-10,3647357.5
2015-06-11,3661544.5
2015-06-12,3630664.6
2015-06-13,3599784.6
2015-06-14,3568904.7
2015-06-15,3538024.7
2015-06-16,3507144.8
2015-06-17,3624836.2
2015-06-18,3654941.5
2015-06-19,3584599.1
2015-06-20,3530376.9
2015-06-21,3476154.8
2015-06-22,3421932.6
2015-06-23,3436004.9
2015-06-24,3136718.6
2015-06-25,3433041.9
2015-06-26,3495116.8
2015-06-27,3427987.5
2015-06-28,3360858.2
2015-06-29,3293728.8
2015-06-30,3275556.1
2015-07-01,3257934.4
2015-07-02,3240905.4
2015-07-03,3223876.3
2015-07-04,3206847.3
2015-07-05,3189818.3
2015-07-06,3172789.3
2015-07-07,3163314.0
2015-07-08,3073761.3
2015-07-09,3109345.2
2015-07-10,3144929.1
2015-07-11,3155111.0
2015-07-12,3165293.0
2015-07-13,3175474.9
2015-07-14,3036355.2
2015-07-15,3081004.0
2015-07-16,3125652.8
2015-07-17,3015775.4
2015-07-18,3099613.8
2015-07-19,3035279.2
2015-07-20,2970944.6
2015-07-21,3007042.0
2015-07-22,2892144.7
2015-07-23,2780408.5
2015-07-24,2728583.7
2015-07-25,2676758.8
2015-07-26,2624955.6
2015-07-27,2711959.2
2015-07-28,2890019.0
2015-07-29,2933336.2
2015-07-30,2858297.7
2015-07-31,2783259.8
2015-08-01,2828166.4
2015-08-02,2799063.9
2015-08-03,2769984.1
2015-08-04,2688987.5
2015-08-05,2768356.5
2015-08-06,2847937.2
2015-08-07,2705646.6
2015-08-08,2764469.7
2015-08-09,2823292.8
2015-08-10,2779381.4
2015-08-11,2936460.5
2015-08-12,2907952.3
2015-08-13,2916888.9
2015-08-14,2775618.7
2015-08-15,2736689.8
2015-08-16,2714846.2
2015-08-17,2693002.5
2015-08-18,3003614.2
2015-08-19,2833748.7
2015-08-20,2826624.5
2015-08-21,2819500.2
2015-08-22,2812375.9
2015-08-23,2805251.6
2015-08-24,2798127.4
2015-08-25,2793416.1
2015-08-26,2788704.8
2015-08-27,2767723.0
2015-08-28,2673555.5
2015-08-29,2695131.3
2015-08-30,2716707.2
2015-08-31,2738283.0
2015-09-01,2759858.8
2015-09-02,2853928.0
2015-09-03,2947997.1
2015-09-04,2949863.6
2015-09-05,2951730.1
2015-09-06,2953596.6
2015-09-07,2955463.1
2015-09-08,2957329.6
2015-09-09,2835832.9
2015-09-10,2714336.1
2015-09-11,2876677.4
2015-09-12,2883244.9
2015-09-13,2889812.3
2015-09-14,2896379.8
2015-09-15,2848751.8
2015-09-16,2801123.8
2015-09-17,2791174.5
2015-09-18,2781225.2
2015-09-19,2829370.0
2015-09-20,2877514.7
2015-09-21,2925659.5
2015-09-22,2871435.1
2015-09-23,2817210.7
2015-09-24,2762986.3
2015-09-25,2806278.1
2015-09-26,2849569.9
2015-09-27,2892861.7
2015-09-28,2936153.5
2015-09-29,2875258.2
2015-09-30,2814362.8
2015-10-01,2818856.8
2015-10-02,2823350.9
2015-10-03,2846038.7
2015-10-04,2868726.6
2015-10-05,2891414.5
2015-10-06,2850945.7
2015-10-07,2810476.8
2015-10-08,2793035.4
2015-10-09,2775594.0
2015-10-10,2778395.9
2015-10-11,2781197.7
2015-10-12,2783999.6
2015-10-13,2786801.4
2015-10-14,2789603.3
2015-10-15,2832472.9
2015-10-16,2875342.5
2015-10-17,2866338.5
2015-10-18,2857334.5
2015-10-19,2848330.5
2015-10-20,2811543.5
2015-10-21,2774756.4
2015-10-22,2797994.6
2015-10-23,2821232.9
2015-10-24,2821409.0
2015-10-25,2821585.1
2015-10-26,2821761.3
2015-10-27,2814527.9
2015-10-28,2807294.6
2015-10-29,2844813.8
2015-10-30,2849421.8
2015-10-31,2854029.7
2015-11-01,2858637.6
2015-11-02,2863245.6
2015-11-03,2867853.5
2015-11-04,2856361.8
2015-11-05,2844870.1
2015-11-06,2833378.4
2015-11-07,2855163.0
2015-11-08,2876947.6
2015-11-09,2898732.2
2015-11-10,2920516.8
2015-11-11,2867837.3
2015-11-12,2815157.9
2015-11-13,2762478.5
2015-11-14,2821321.0
2015-11-15,2880163.4
2015-11-16,2939005.9
2015-11-17,2851519.1
2015-11-18,2764032.3
2015-11-19,2771331.7
2015-11-20,2778631.2
2015-11-21,2781368.9
2015-11-22,2784106.5
2015-11-23,2786844.2
2015-11-24,2765091.1
2015-11-25,2743338.0
2015-11-26,2758776.4
2015-11-27,2774214.7
2015-11-28,2789653.0
2015-11-29,2805091.3
2015-11-30,2820529.6
2015-12-01,2794438.2
2015-12-02,2768346.8
2015-12-03,2834484.3
2015-12-04,2898001.4
2015-12-05,2881517.8
2015-12-06,2865034.1
2015-12-07,2848550.5
2015-12-08,2801320.1
2015-12-09,2880640.9
2015-12-10,2809770.7
2015-12-11,2839098.6
2015-12-12,2877400.5
2015-12-13,2915702.3
2015-12-14,2954004.2
2015-12-15,2992306.0
2015-12-16,2933569.2
2015-12-17,2874832.4
2015-12-18,2923668.6
2015-12-19,2964501.4
2015-12-20,3005334.1
2015-12-21,3046166.9
2015-12-22,3039355.7
2015-12-23,3032544.5
2015-12-24,3025733.3
2015-12-25,3018922.0
2015-12-26,3012110.8
2015-12-27,3005299.6
2015-12-28,2998488.3
2015-12-29,2991677.1
2015-12-30,3049574.2
2015-12-31,3107471.3
2016-01-01,3165368.4
2016-01-02,3223265.5
2016-01-03,3281162.6
2016-01-04,3339059.7
2016-01-05,3268783.7
2016-01-06,3465410.9
2016-01-07,3346525.9
2016-01-08,3353441.2
2016-01-09,3360356.4
2016-01-10,3379426.6
2016-01-11,3398496.9
2016-01-12,4096496.7
2016-01-13,3628853.2
2016-01-14,3497169.8
2016-01-15,3571410.0
2016-01-16,3628869.0
2016-01-17,3686327.9
2016-01-18,3728135.1
2016-01-19,3765922.4
2016-01-20,3869218.7
2016-01-21,3884738.7
2016-01-22,3900258.7
2016-01-23,3948786.1
2016-01-24,3816830.5
2016-01-25,3684887.8
2016-01-26,3931382.7
2016-01-27,4177877.7
2016-01-28,4039961.9
2016-01-29,4042398.7
2016-01-30,4088781.5
2016-01-31,4067608.9
2016-02-01,4046436.3
2016-02-02,4025263.7
2016-02-03,4004091.1
2016-02-04,4058428.7
2016-02-05,4228440.3
2016-02-06,4204538.0
2016-02-07,4229306.4
2016-02-08,4254074.8
2016-02-09,4338394.9
2016-02-10,4143938.5
2016-02-11,4300277.5
2016-02-12,4217152.6
2016-02-13,4210376.9
2016-02-14,4176785.7
2016-02-15,4143194.5
2016-02-16,4171026.4
2016-02-17,4146237.2
2016-02-18,4260680.7
2016-02-19,3981842.9
2016-02-20,4128729.0
2016-02-21,4080122.0
2016-02-22,4031515.1
2016-02-23,3982908.1
2016-02-24,3934301.1
2016-02-25,4100578.1
2016-02-26,3798320.5
2016-02-27,3820985.8
2016-02-28,3843651.2
2016-02-29,3926107.8
2016-03-01,3813283.7
2016-03-02,3720685.6
2016-03-03,3650399.0
2016-03-04,3400258.8
2016-03-05,3785345.4
2016-03-06,3853053.5
2016-03-07,3920761.5
2016-03-08,3988469.6
2016-03-09,3902643.1
2016-03-10,3816816.7
2016-03-11,3730990.2
2016-03-12,3645163.8
2016-03-13,3822341.1
2016-03-14,3999518.3
2016-03-15,4055330.0
2016-03-16,3984336.7
2016-03-17,4009322.5
2016-03-18,4034308.3
2016-03-19,4059294.1
2016-03-20,4084279.9
2016-03-21,4102814.8
2016-03-22,4222039.6
2016-03-23,4195723.6
2016-03-24,4192000.7
2016-03-25,3702782.5
2016-03-26,3898260.0
2016-03-27,4093737.5
2016-03-28,4289215.0
2016-03-29,4089371.7
2016-03-30,4103263.2
2016-03-31,4106375.9
2016-04-01,3949207.1
2016-04-02,3792038.3
2016-04-03,3634873.1
2016-04-04,3910648.9
2016-04-05,3887135.2
2016-04-06,3946848.0
2016-04-07,4006560.7
2016-04-08,3604888.7
2016-04-09,3551565.3
2016-04-10,3629166.5
2016-04-11,3706767.7
2016-04-12,3676403.7
2016-04-13,3616390.2
2016-04-14,3506593.0
2016-04-15,3536659.2
2016-04-16,3566725.4
2016-04-17,3596791.6
2016-04-18,3626857.8
2016-04-19,3656924.0
2016-04-20,3687930.3
2016-04-21,3559266.6
2016-04-22,3377469.3
2016-04-23,3444840.3
2016-04-24,3422746.0
2016-04-25,3400651.6
2016-04-26,3361119.4
2016-04-27,3200134.3
2016-04-28,3328554.0
2016-04-29,3361917.7
2016-04-30,3396637.9
2016-05-01,3322584.4
2016-05-02,3248530.9
2016-05-03,3174477.4
2016-05-04,3130373.3
2016-05-05,3086269.2
2016-05-06,2699455.7
2016-05-07,2794129.7
2016-05-08,2762703.8
2016-05-09,2731278.6
2016-05-10,2699987.6
2016-05-11,2780230.4
2016-05-12,2431236.4
2016-05-13,2465508.8
2016-05-14,2352157.0
2016-05-15,2238805.2
2016-05-16,2125502.1
2016-05-17,2248943.2
2016-05-18,2372433.8
2016-05-19,2397748.0
2016-05-20,2423063.7
2016-05-21,2413164.9
2016-05-22,2403266.7
2016-05-23,2393368.6
2016-05-24,2383498.6
2016-05-25,2263775.9
2016-05-26,2339496.4
2016-05-27,2297440.9
2016-05-28,2255395.8
2016-05-29,2213377.1
2016-05-30,2171400.7
2016-05-31,2129573.4
2016-06-01,2322549.9
2016-06-02,2347352.9
2016-06-03,2372898.7
2016-06-04,2398445.6
2016-06-05,2423993.1
2016-06-06,2449541.1
2016-06-07,2630518.3
2016-06-08,2308196.5
2016-06-09,2481101.6
2016-06-10,2129527.4
2016-06-11,2261470.1
2016-06-12,2394945.4
2016-06-13,2528575.1
2016-06-14,2392314.1
2016-06-15,2256332.5
2016-06-16,2337208.8
2016-06-17,2396218.5
2016-06-18,2455255.9
2016-06-19,2514296.3
2016-06-20,2573340.0
2016-06-21,2538560.5
2016-06-22,2503834.3
2016-06-23,2531066.1
2016-06-24,2544304.2
2016-06-25,2557548.9
2016-06-26,2570801.1
2016-06-27,2584058.6
2016-06-28,2564442.8
2016-06-29,2114209.4
2016-06-30,2272566.1
2016-07-01,2432811.7
2016-07-02,2477049.9
2016-07-03,2521457.8
2016-07-04,2565983.2
2016-07-05,2610580.0
2016-07-06,2655244.4
2016-07-07,2336825.8
2016-07-08,2453133.1
2016-07-09,2569629.3
2016-07-10,2686126.0
2016-07-11,2802622.7
2016-07-12,2919119.5
2016-07-13,2468749.1
2016-07-14,2373491.0
2016-07-15,2280591.9
2016-07-16,2401917.1
2016-07-17,2524227.4
2016-07-18,2646869.6
2016-07-19,2769668.8
2016-07-20,2854890.8
2016-07-21,2940167.5
2016-07-22,2908557.2
2016-07-23,2876947.0
2016-07-24,2845336.7
2016-07-25,2813726.4
2016-07-26,2782116.1
2016-07-27,2663816.3
2016-07-28,2706007.1
2016-07-29,2748243.8
2016-07-30,2790522.8
2016-07-31,2832834.1
2016-08-01,2875192.2
2016-08-02,2779873.9
2016-08-03,2791066.6
2016-08-04,2802259.4
2016-08-05,2813452.2
2016-08-06,2824645.3
2016-08-07,2835838.4
2016-08-08,2847031.6
2016-08-09,2858225.3
2016-08-10,2838099.7
2016-08-11,2817976.8
2016-08-12,2797853.8
2016-08-13,2777730.9
2016-08-14,2757608.0
2016-08-15,2737485.0
2016-08-16,2717362.1
2016-08-17,2772381.1
2016-08-18,2827400.1
2016-08-19,2769610.3
2016-08-20,2711820.4
2016-08-21,2654030.6
2016-08-22,2596240.8
2016-08-23,2538459.3
2016-08-24,2697348.8
2016-08-25,2856343.6
2016-08-26,2877101.8
2016-08-27,2897932.9
2016-08-28,2918767.7
2016-08-29,2939603.5
2016-08-30,2960440.2
2016-08-31,2990829.7
2016-09-01,3021225.2
2016-09-02,3019898.2
2016-09-03,3018571.2
2016-09-04,3017244.2
2016-09-05,3015917.2
2016-09-06,3014590.2
2016-09-07,3013263.1
2016-09-08,3253568.7
2016-09-09,3493874.3
2016-09-10,3414809.3
2016-09-11,3335744.2
2016-09-12,3256679.2
2016-09-13,3213534.2
2016-09-14,3170389.3
2016-09-15,3183146.4
2016-09-16,3195903.5
2016-09-17,3208660.7
2016-09-18,3221417.8
2016-09-19,3234174.9
2016-09-20,3260279.1
2016-09-21,3286383.2
2016-09-22,3312487.4
2016-09-23,3264576.8
2016-09-24,3216666.2
2016-09-25,3168755.7
2016-09-26,3120845.1
2016-09-27,3127957.1
2016-09-28,3135069.1
2016-09-29,3142181.2
2016-09-30,3141769.7
2016-10-01,3141358.2
2016-10-02,3140946.7
2016-10-03,3140535.2
2016-10-04,3140123.7
2016-10-05,3162769.3
2016-10-06,3185415.0
2016-10-07,3208060.7
2016-10-08,3264251.9
2016-10-09,3320443.0
2016-10-10,3376634.2
2016-10-11,3432825.3
2016-10-12,3292553.4
2016-10-13,3152281.4
2016-10-14,3186194.3
2016-10-15,3220107.2
2016-10-16,3254020.1
2016-10-17,3287933.0
2016-10-18,3488975.3
2016-10-19,3690017.6
2016-10-20,3635758.0
2016-10-21,3581498.3
2016-10-22,3527238.6
2016-10-23,3472979.0
2016-10-24,3418719.3
2016-10-25,3404573.9
2016-10-26,3390428.4
2016-10-27,3376283.0
2016-10-28,3362137.5
2016-10-29,3372063.6
2016-10-30,3381989.7
2016-10-31,3391915.8
2016-11-01,3156913.8
2016-11-02,2921911.7
2016-11-03,2982767.5
2016-11-04,3043623.2
2016-11-05,3104479.0
2016-11-06,3165334.7
2016-11-07,3226190.4
2016-11-08,3250353.8
2016-11-09,3274517.1
2016-11-10,3298680.4
2016-11-11,3322843.8
2016-11-12,3347007.1
2016-11-13,3371170.5
2016-11-14,3395333.8
2016-11-15,3397969.5
2016-11-16,3400605.2
2016-11-17,3403240.9
2016-11-18,3428203.3
2016-11-19,3453165.7
2016-11-20,3478128.0
2016-11-21,3503090.4
2016-11-22,3538549.2
2016-11-23,3574007.9
2016-11-24,3544486.6
2016-11-25,3514965.2
2016-11-26,3485443.9
2016-11-27,3455922.5
2016-11-28,3426401.2
2016-11-29,3396879.8
2016-11-30,3316637.5
2016-12-01,3236395.1
2016-12-02,3451531.2
2016-12-03,3465012.6
2016-12-04,3478494.1
2016-12-05,3491975.5
2016-12-06,3505457.0
2016-12-07,3354994.8
2016-12-08,3342968.2
2016-12-09,3330941.5
2016-12-10,3318914.9
2016-12-11,3306888.3
2016-12-12,3294861.7
2016-12-13,3282835.1
2016-12-14,3499471.3
2016-12-15,3716107.5
2016-12-16,3424083.3
2016-12-17,3323846.2
2016-12-18,3223609.1
2016-12-19,3123371.9
2016-12-20,3147299.4
2016-12-21,3171226.9
2016-12-22,3195154.4
2016-12-23,3219081.9
2016-12-24,3259597.6
2016-12-25,3300113.3
2016-12-26,3340629.0
2016-12-27,3381144.7
2016-12-28,3421660.5
2016-12-29,3462176.2
2016-12-30,3440284.8
2016-12-31,3418393.5
2017-01-01,3396502.2
2017-01-02,3374610.8
2017-01-03,3352719.5
2017-01-04,3331638.9
2017-01-05,3310558.3
2017-01-06,3289477.7
2017-01-07,3293204.5
2017-01-08,3296931.3
2017-01-09,3300658.1
2017-01-10,3381644.2
2017-01-11,3462630.2
2017-01-12,3455108.0
2017-01-13,3447585.8
2017-01-14,3440063.7
2017-01-15,3432541.5
2017-01-16,3425019.3
2017-01-17,3417497.1
2017-01-18,3409974.9
2017-01-19,3402452.7
2017-01-20,3394930.6
2017-01-21,3387408.4
2017-01-22,3379886.2
2017-01-23,3372364.0
2017-01-24,3364841.8
2017-01-25,3357319.7
2017-01-26,2076704.8
2017-01-27,2042661.3
2017-01-28,2008622.3
2017-01-29,1974583.5
2017-01-30,1940544.7
2017-01-31,1906505.8
2017-02-01,1904976.2
2017-02-02,1903448.3
2017-02-03,1886860.4
2017-02-04,1870273.6
2017-02-05,1853687.1
2017-02-06,1837100.6
2017-02-07,1783921.2
2017-02-08,1730852.3
2017-02-09,1677921.4
2017-02-10,1740872.0
2017-02-11,1803979.2
2017-02-12,1867191.7
2017-02-13,1930415.6
2017-02-14,1865926.5
2017-02-15,1801464.9
2017-02-16,1820133.4
2017-02-17,1838814.4
2017-02-18,1857502.5
2017-02-19,1876190.9
2017-02-20,1894879.3
2017-02-21,1913567.8
2017-02-22,1932256.2
2017-02-23,1950944.6
2017-02-24,1950431.6
2017-02-25,1949918.6
2017-02-26,1949405.6
2017-02-27,1948892.7
2017-02-28,1925815.9
2017-03-01,1902739.1
2017-03-02,1849875.9
2017-03-03,1797012.7
2017-03-04,1792360.4
2017-03-05,1787708.2
2017-03-06,1783062.2
2017-03-07,1778453.8
2017-03-08,1877296.0
2017-03-09,1976188.2
2017-03-10,1941651.7
2017-03-11,1907115.2
2017-03-12,1872578.7
2017-03-13,1838042.2
2017-03-14,1803505.7
2017-03-15,1687989.0
2017-03-16,1573241.1
2017-03-17,1581837.5
2017-03-18,1590574.9
2017-03-19,1599355.9
2017-03-20,1608309.1
2017-03-21,1555467.5
2017-03-22,1503367.0
2017-03-23,1553157.4
2017-03-24,1603338.9
2017-03-25,1653859.3
2017-03-26,1704684.3
2017-03-27,1755695.8
2017-03-28,1806768.1
2017-03-29,1943686.7
2017-03-30,2080639.5
2017-03-31,2025885.8
2017-04-01,1971132.0
2017-04-02,1916378.3
2017-04-03,1861687.4
2017-04-04,1799059.8
2017-04-05,1736488.0
2017-04-06,1673969.7
2017-04-07,1768778.6
2017-04-08,1863640.6
2017-04-09,1958502.7
2017-04-10,2053367.2
2017-04-11,2028588.3
2017-04-12,2003852.0
2017-04-13,1979363.6
2017-04-14,1970894.0
2017-04-15,1962424.8
2017-04-16,1953955.9
2017-04-17,1945487.6
2017-04-18,1937019.8
2017-04-19,1928552.2
2017-04-20,1919128.4
2017-04-21,1909713.1
2017-04-22,1900310.7
2017-04-23,1890927.5
2017-04-24,1881574.3
2017-04-25,1872249.7
2017-04-26,1883629.3
2017-04-27,1895027.4
2017-04-28,1912750.5
2017-04-29,1930512.6
2017-04-30,1948323.0
2017-05-01,1966193.0
2017-05-02,1984124.2
2017-05-03,1898171.5
2017-05-04,1812689.4
2017-05-05,1908783.9
2017-05-06,2005010.1
2017-05-07,2101336.5
2017-05-08,2197724.5
2017-05-09,1973477.2
2017-05-10,1982574.1
2017-05-11,2226191.4
2017-05-12,2052318.0
2017-05-13,2039561.1
2017-05-14,2026857.9
2017-05-15,2014229.2
2017-05-16,2001723.7
2017-05-17,2122775.2
2017-05-18,2244543.7
2017-05-19,2173997.7
2017-05-20,2251592.7
2017-05-21,2329265.2
2017-05-22,2406956.8
2017-05-23,2381552.7
2017-05-24,2505532.2
2017-05-25,2446259.2
2017-05-26,2554809.5
2017-05-27,2513344.1
2017-05-28,2517467.7
2017-05-29,2523559.2
2017-05-30,2529775.7
2017-05-31,2374027.4
2017-06-01,2436014.1
2017-06-02,2357703.6
2017-06-03,2357541.3
2017-06-04,2415317.7
2017-06-05,2473920.9
2017-06-06,2309773.3
2017-06-07,2152848.6
2017-06-08,2014941.8
2017-06-09,2217955.7
2017-06-10,2147832.9
2017-06-11,2078062.0
2017-06-12,2058146.3
2017-06-13,2039137.0
2017-06-14,2299550.4
2017-06-15,2419348.4
2017-06-16,2120889.9
2017-06-17,2329212.8
2017-06-18,2220332.5
2017-06-19,2113009.9
2017-06-20,2378442.5
2017-06-21,2284428.4
2017-06-22,2190425.3
2017-06-23,2096443.2
2017-06-24,2219953.7
2017-06-25,2043954.1
2017-06-26,1868332.4
2017-06-27,1760424.6
2017-06-28,1811329.0
2017-06-29,1764169.4
2017-06-30,1763534.1
2017-07-01,1775168.3
2017-07-02,1786838.9
2017-07-03,1798554.5
2017-07-04,1901502.3
2017-07-05,2004519.7
2017-07-06,1709876.6
2017-07-07,1741192.9
2017-07-08,1723002.2
2017-07-09,1704818.7
2017-07-10,1686646.1
2017-07-11,1668516.1
2017-07-12,1736591.1
2017-07-13,1688753.7
2017-07-14,1679399.1
2017-07-15,1613687.9
2017-07-16,1548140.3
2017-07-17,1482782.2
2017-07-18,1417740.7
2017-07-19,1605334.6
2017-07-20,1567899.8
2017-07-21,1580742.4
2017-07-22,1593633.9
2017-07-23,1606554.5
2017-07-24,1619503.5
2017-07-25,1632511.3
2017-07-26,1688729.0
2017-07-27,1761612.6
2017-07-28,1654273.9
2017-07-29,1704216.6
2017-07-30,1754159.4
2017-07-31,1804102.1
2017-08-01,1623058.1
2017-08-02,1895177.0
2017-08-03,1655408.7
2017-08-04,1682741.0
2017-08-05,1710142.9
2017-08-06,1737552.8
2017-08-07,1765037.5
2017-08-08,1663586.5
2017-08-09,1613418.3
2017-08-10,1677946.5
2017-08-11,1681422.9
2017-08-12,1685134.8
2017-08-13,1688847.0
2017-08-14,1692636.8
2017-08-15,1688586.9
2017-08-16,1613712.0
2017-08-17,1685152.3
2017-08-18,1636407.8
2017-08-19,1682156.1
2017-08-20,1727938.3
2017-08-21,1773737.6
2017-08-22,1819572.8
2017-08-23,1675463.7
2017-08-24,2069599.8
2017-08-25,1679415.7
2017-08-26,1626556.9
2017-08-27,1573734.3
2017-08-28,1520939.4
2017-08-29,1589238.4
2017-08-30,1657610.8
2017-08-31,1725991.3
2017-09-01,1794371.8
2017-09-02,1766662.1
2017-09-03,1738952.4
2017-09-04,1711242.8
2017-09-05,1683533.1
2017-09-06,1661311.8
2017-09-07,1700679.4
2017-09-08,1547289.1
2017-09-09,1584179.4
2017-09-10,1621170.6
2017-09-11,1658161.7
2017-09-12,1790610.8
2017-09-13,1923071.2
2017-09-14,1793259.5
2017-09-15,1663464.2
2017-09-16,1700295.9
2017-09-17,1737192.4
2017-09-18,1774088.9
2017-09-19,1720587.3
2017-09-20,1667085.7
2017-09-21,1613611.0
2017-09-22,1510657.0
2017-09-23,1407724.6
2017-09-24,1304824.5
2017-09-25,1202005.5
2017-09-26,1409127.3
2017-09-27,1616450.6
2017-09-28,1646837.3
2017-09-29,1677227.5
2017-09-30,1679507.6
2017-10-01,1681810.0
2017-10-02,1684113.0
2017-10-03,1686416.0
2017-10-04,1744837.0
2017-10-05,1726744.8
2017-10-06,1708652.6
2017-10-07,1690560.4
2017-10-08,1672468.2
2017-10-09,1651729.3
2017-10-10,1794139.1
2017-10-11,1703208.6
2017-10-12,1612282.5
2017-10-13,1568870.5
2017-10-14,1635849.8
2017-10-15,1702830.0
2017-10-16,1769810.2
2017-10-17,1759215.9
2017-10-18,1748621.5
2017-10-19,1738027.1
2017-10-20,1727432.7
2017-10-21,1715428.8
2017-10-22,1703424.9
2017-10-23,1691421.3
2017-10-24,1712061.3
2017-10-25,1732701.7
2017-10-26,1640127.1
2017-10-27,1547559.4
2017-10-28,1561399.1
2017-10-29,1575245.3
2017-10-30,1589091.6
2017-10-31,1602937.9
2017-11-01,1616784.2
2017-11-02,1630630.5
2017-11-03,1661891.1
2017-11-04,1693151.6
2017-11-05,1724412.1
2017-11-06,1755676.2
2017-11-07,1682641.0
2017-11-08,1609616.1
2017-11-09,1603288.7
2017-11-10,1596988.0
2017-11-11,1590691.1
2017-11-12,1584394.2
2017-11-13,1578097.3
2017-11-14,1630607.1
2017-11-15,1683121.5
2017-11-16,1679769.3
2017-11-17,1676417.7
2017-11-18,1678273.5
2017-11-19,1680129.9
2017-11-20,1681986.4
2017-11-21,1665761.1
2017-11-22,1649535.9
2017-11-23,1667974.4
2017-11-24,1686412.9
2017-11-25,1704851.4
2017-11-26,1723289.9
2017-11-27,1741728.4
2017-11-28,1686641.1
2017-11-29,1631553.9
2017-11-30,1679838.7
2017-12-01,1728123.5
2017-12-02,1776408.3
2017-12-03,1824693.1
2017-12-04,1872977.9
2017-12-05,1758671.5
2017-12-06,1644365.1
2017-12-07,1695061.0
2017-12-08,1745756.8
2017-12-09,1796452.7
2017-12-10,1847148.6
2017-12-11,1897844.4
2017-12-12,1874395.6
2017-12-13,1850946.7
2017-12-14,1747718.7
2017-12-15,1644490.7
2017-12-16,1705594.6
2017-12-17,1766698.5
2017-12-18,1827802.3
2017-12-19,1792963.9
2017-12-20,1758125.5
2017-12-21,1878902.3
2017-12-22,1999679.1
2017-12-23,1939509.5
2017-12-24,1879339.8
2017-12-25,1819170.2
2017-12-26,1759000.5
2017-12-27,1698830.9
2017-12-28,1687481.5
2017-12-29,1676132.2
2017-12-30,1658646.6
2017-12-31,1641161.0
2018-01-01,1623675.5
2018-01-02,1606189.9
2018-01-03,1588704.3
2018-01-04,1562879.2
2018-01-05,1537054.1
2018-01-06,1588182.8
2018-01-07,1639311.6
2018-01-08,1690440.3
2018-01-09,1760555.2
2018-01-10,1830670.0
2018-01-11,1906816.7
2018-01-12,1982963.4
2018-01-13,1864470.1
2018-01-14,1745976.8
2018-01-15,1627483.5
2018-01-16,1508990.3
2018-01-17,1564982.4
2018-01-18,1620974.4
2018-01-19,1676966.5
2018-01-20,1732958.6
2018-01-21,1788950.7
2018-01-22,1844942.8
2018-01-23,1900934.9
2018-01-24,1801158.3
2018-01-25,1769968.7
2018-01-26,1738779.1
2018-01-27,1727745.3
2018-01-28,1716711.6
2018-01-29,1705677.8
2018-01-30,1839541.9
2018-01-31,1973406.0
2018-02-01,1675478.6
2018-02-02,1699981.3
2018-02-03,1724484.0
2018-02-04,1748986.6
2018-02-05,1773489.3
2018-02-06,1706038.6
2018-02-07,1638587.9
2018-02-08,1571137.2
2018-02-09,1853416.9
2018-02-10,1762364.1
2018-02-11,1671311.3
2018-02-12,1580258.5
2018-02-13,1660802.5
2018-02-14,1741346.6
2018-02-15,1739392.3
2018-02-16,1766414.6
2018-02-17,1703937.8
2018-02-18,1641461.1
2018-02-19,1578984.3
2018-02-20,1516507.6
2018-02-21,1605188.5
2018-02-22,1693869.4
2018-02-23,1493054.1
2018-02-24,1511775.6
2018-02-25,1530497.1
2018-02-26,1549218.5
2018-02-27,1569009.4
2018-02-28,1588931.0
2018-03-01,1711776.3
2018-03-02,1834715.8
2018-03-03,1928343.0
2018-03-04,2021982.9
2018-03-05,2115640.3
2018-03-06,2001502.4
2018-03-07,2079847.7
2018-03-08,2086468.0
2018-03-09,2094544.3
2018-03-10,2127399.5
2018-03-11,2160509.3
2018-03-12,2193879.0
2018-03-13,2258342.5
2018-03-14,2201224.8
2018-03-15,2341205.0
2018-03-16,2254490.2
2018-03-17,2428715.1
2018-03-18,2534112.9
2018-03-19,2355654.3
2018-03-20,2210554.1
2018-03-21,2508859.2
2018-03-22,2121662.2
2018-03-23,2491640.2
2018-03-24,2511364.2
2018-03-25,2579018.3
2018-03-26,2657169.1
2018-03-27,2608066.5
2018-03-28,2557091.2
2018-03-29,2473051.4
2018-03-30,2341143.8
2018-03-31,2581787.5
2018-04-01,2601408.7
2018-04-02,2627987.8
2018-04-03,2619339.8
2018-04-04,2593370.1
2018-04-05,2670916.9
2018-04-06,2594690.5
2018-04-07,2469356.4
2018-04-08,2412946.6
2018-04-09,2317119.4
2018-04-10,2325652.8
2018-04-11,2446378.7
2018-04-12,2148390.2
2018-04-13,2286337.7
2018-04-14,2264373.5
2018-04-15,2279103.8
2018-04-16,2240979.9
2018-04-17,2121933.9
2018-04-18,2269630.4
2018-04-19,2031076.8
2018-04-20,2236202.6
2018-04-21,2122052.1
2018-04-22,1985195.6
2018-04-23,1979782.4
2018-04-24,1815911.7
2018-04-25,2061794.6
2018-04-26,1754457.4
2018-04-27,1830922.9
2018-04-28,1845261.2
2018-04-29,1929754.1
2018-04-30,1858304.9
2018-05-01,1868047.9
2018-05-02,1838125.8
2018-05-03,1859821.7
2018-05-04,1730869.8
2018-05-05,1922546.4
2018-05-06,1912430.8
2018-05-07,1982306.7
2018-05-08,1932592.3
2018-05-09,1917959.1
2018-05-10,1883852.6
2018-05-11,1955923.1
2018-05-12,1815647.5
2018-05-13,1759310.2
2018-05-14,1712473.8
2018-05-15,1902047.1
2018-05-16,1806093.2
2018-05-17,1695151.1
2018-05-18,1671502.8
2018-05-19,1599051.5
2018-05-20,1589533.1
2018-05-21,1602338.0
2018-05-22,1627718.5
2018-05-23,1360486.1
2018-05-24,1458279.7
2018-05-25,1470086.9
2018-05-26,1347524.9
2018-05-27,1293571.9
2018-05-28,1241476.2
2018-05-29,1196683.1
2018-05-30,1073874.4
2018-05-31,978051.3
2018-06-01,1081192.6
2018-06-02,1049669.8
2018-06-03,975971.0
2018-06-04,906193.5
2018-06-05,955750.2
2018-06-06,1102232.5
2018-06-07,910969.6
2018-06-08,1203902.5
2018-06-09,885675.4
2018-06-10,951314.3
2018-06-11,1020997.7
2018-06-12,1081563.6
2018-06-13,1016098.7
2018-06-14,1039491.5
2018-06-15,1063853.3
2018-06-16,1029816.7
2018-06-17,996789.7
2018-06-18,964994.8
2018-06-19,957771.8
2018-06-20,954616.2
2018-06-21,995547.1
2018-06-22,1039393.3
2018-06-23,1027346.3
2018-06-24,1016475.5
2018-06-25,1006881.0
2018-06-26,974166.7
2018-06-27,944401.8
2018-06-28,1028769.1
2018-06-29,1117723.5
2018-06-30,1140107.1
2018-07-01,1163661.6
2018-07-02,1188129.8
2018-07-03,1213469.1
2018-07-04,1124313.4
2018-07-05,1037844.3
2018-07-06,953477.5
2018-07-07,977580.1
2018-07-08,1002333.2
2018-07-09,1027709.7
2018-07-10,1118768.3
2018-07-11,1217328.1
2018-07-12,1171128.1
2018-07-13,1126315.9
2018-07-14,1123633.7
2018-07-15,1122153.2
2018-07-16,1122260.5
2018-07-17,1169167.7
2018-07-18,1218086.2
2018-07-19,1246771.4
2018-07-20,1276866.4
2018-07-21,1229972.1
2018-07-22,1184657.5
2018-07-23,1142564.7
2018-07-24,1143830.3
2018-07-25,1146525.4
2018-07-26,1150920.2
2018-07-27,1156552.7
2018-07-28,1228084.4
2018-07-29,1301382.2
2018-07-30,1375700.5
2018-07-31,1324993.5
2018-08-01,1281614.3
2018-08-02,1249698.1
2018-08-03,1218525.9
2018-08-04,1333848.1
2018-08-05,1451375.5
2018-08-06,1569583.8
2018-08-07,1371085.7
2018-08-08,1178488.9
2018-08-09,1256740.8
2018-08-10,1337416.4
2018-08-11,1295774.2
2018-08-12,1254379.2
2018-08-13,1213257.3
2018-08-14,1301733.9
2018-08-15,1391226.7
2018-08-16,1308023.4
2018-08-17,1226692.2
2018-08-18,1245562.4
2018-08-19,1264675.8
2018-08-20,1284021.3
2018-08-21,1303586.6
2018-08-22,1323292.0
2018-08-23,1278730.9
2018-08-24,1235609.9
2018-08-25,1179353.2
2018-08-26,1124180.7
2018-08-27,1070841.4
2018-08-28,1135027.3
2018-08-29,1204413.9
2018-08-30,1167840.1
2018-08-31,1133543.8
2018-09-01,1133543.8
2018-09-02,1133685.4
2018-09-03,1133966.3
2018-09-04,1134348.4
2018-09-05,1134810.1
2018-09-06,1198338.9
2018-09-07,1262960.8
2018-09-08,1197974.5
2018-09-09,1134101.7
2018-09-10,1071556.4
2018-09-11,1183102.9
2018-09-12,1298089.4
2018-09-13,1223109.4
2018-09-14,1148852.1
2018-09-15,1160910.3
2018-09-16,1173390.8
2018-09-17,1186276.3
2018-09-18,1141378.3
2018-09-19,1098505.9
2018-09-20,1162823.4
2018-09-21,1122875.3
2018-09-22,1083667.1
2018-09-23,1045436.1
2018-09-24,1008241.0
2018-09-25,1153313.1
2018-09-26,1303053.5
2018-09-27,1215713.7
2018-09-28,1131148.4
2018-09-29,1131243.7
2018-09-30,1132747.1
2018-10-01,1135284.6
2018-10-02,1134764.7
2018-10-03,1140123.4
2018-10-04,1251648.9
2018-10-05,1370339.6
2018-10-06,1369282.9
2018-10-07,1369180.3
2018-10-08,1370536.0
2018-10-09,1374857.2
2018-10-10,1356829.3
2018-10-11,1341560.4
2018-10-12,1328008.4
2018-10-13,1364511.3
2018-10-14,1402190.6
2018-10-15,1440823.9
2018-10-16,1500078.4
2018-10-17,1561881.9
2018-10-18,1538841.9
2018-10-19,1517456.7
2018-10-20,1571299.8
2018-10-21,1625692.0
2018-10-22,1680153.2
2018-10-23,1730110.5
2018-10-24,1785848.0
2018-10-25,1546589.0
2018-10-26,1361085.6
2018-10-27,1467445.2
2018-10-28,1573863.2
2018-10-29,1680322.8
2018-10-30,1771406.6
2018-10-31,1406930.6
2018-11-01,1422230.4
2018-11-02,1424078.7
2018-11-03,1426091.2
2018-11-04,1428203.8
2018-11-05,1430374.1
2018-11-06,1560072.8
2018-11-07,1690521.4
2018-11-08,1499563.4
2018-11-09,1542561.4
2018-11-10,1585889.9
2018-11-11,1629226.5
2018-11-12,1672563.2
2018-11-13,1715899.9
2018-11-14,1616652.9
2018-11-15,1580386.1
2018-11-16,1544119.5
2018-11-17,1500017.6
2018-11-18,1455916.6
2018-11-19,1412011.5
2018-11-20,1635925.5
2018-11-21,1636016.7
2018-11-22,1696770.1
2018-11-23,1757534.7
2018-11-24,1818299.2
2018-11-25,1879063.8
2018-11-26,1939828.4
2018-11-27,1734761.9
2018-11-28,1855768.2
2018-11-29,1886585.4
2018-11-30,1784011.0
2018-12-01,1832147.6
2018-12-02,1880284.3
2018-12-03,1928420.9
2018-12-04,1536055.7
2018-12-05,1619845.6
2018-12-06,1703718.2
2018-12-07,1696289.3
2018-12-08,1688860.4
2018-12-09,1681431.5
2018-12-10,1674002.6
2018-12-11,1695953.9
2018-12-12,1717905.1
2018-12-13,1737735.3
2018-12-14,1673786.5
2018-12-15,1609837.6
2018-12-16,1545888.8
2018-12-17,1481959.0
2018-12-18,1418202.4
2018-12-19,1499736.6
2018-12-20,1581415.2
2018-12-21,1663127.3
2018-12-22,1744839.4
2018-12-23,1826551.5
2018-12-24,1908263.6
2018-12-25,1989975.7
2018-12-26,2071687.7
2018-12-27,2153399.8
2018-12-28,2235111.9
2018-12-29,2316824.0
2018-12-30,2398536.1
2018-12-31,2480248.2
2019-01-01,2561960.3
2019-01-02,2643672.3
2019-01-03,2725384.4
2019-01-04,2807096.5
2019-01-05,2209600.9
2019-01-06,2194435.2
2019-01-07,2091826.7
2019-01-08,2106069.2
2019-01-09,2129783.2
2019-01-10,2402278.6
2019-01-11,2364493.3
2019-01-12,2150888.9
2019-01-13,2021095.0
2019-01-14,2005443.7
2019-01-15,2326715.3
2019-01-16,2023126.9
2019-01-17,2316648.3
2019-01-18,2338099.6
2019-01-19,2057954.6
2019-01-20,2205969.9
2019-01-21,2358100.5
2019-01-22,1985848.6
2019-01-23,1941517.0
2019-01-24,1898019.0
2019-01-25,2018142.7
2019-01-26,2370066.0
2019-01-27,2026038.8
2019-01-28,2213528.0
2019-01-29,2124195.4
2019-01-30,2240245.8
2019-01-31,2113339.5
2019-02-01,2090432.9
2019-02-02,2112565.7
2019-02-03,2135659.1
2019-02-04,2159372.9
2019-02-05,2183363.1
2019-02-06,2207453.8
2019-02-07,2231916.4
2019-02-08,2257454.4
2019-02-09,2243422.8
2019-02-10,2092503.7
2019-02-11,2138427.6
2019-02-12,2197461.8
2019-02-13,1913015.0
2019-02-14,2289772.9
2019-02-15,2178551.3
2019-02-16,2136697.2
2019-02-17,2098946.5
2019-02-18,2064850.9
2019-02-19,2074961.3
2019-02-20,2086055.7
2019-02-21,2098142.8
2019-02-22,2111125.3
2019-02-23,2124707.9
2019-02-24,2139304.5
2019-02-25,2175350.5
2019-02-26,2177092.7
2019-02-27,2188893.4
2019-02-28,2237923.3
2019-03-01,2303139.8
2019-03-02,2297257.1
2019-03-03,2294228.2
2019-03-04,2295149.4
2019-03-05,2367069.0
2019-03-06,2195396.3
2019-03-07,2155619.9
2019-03-08,2134259.1
2019-03-09,2249801.4
2019-03-10,2374960.0
2019-03-11,2502349.1
2019-03-12,2630935.3
2019-03-13,2517332.6
2019-03-14,2514719.0
2019-03-15,2517585.1
2019-03-16,2158943.0
2019-03-17,2314432.8
2019-03-18,2590504.7
2019-03-19,2492224.0
2019-03-20,2565667.4
2019-03-21,2527479.7
2019-03-22,2431193.4
2019-03-23,2365972.7
2019-03-24,2302516.7
2019-03-25,2436131.9
2019-03-26,2404195.1
2019-03-27,2177068.3
2019-03-28,2249659.7
2019-03-29,2358886.2
2019-03-30,2646591.7
2019-03-31,2525563.2
2019-04-01,2523257.2
2019-04-02,2408507.2
2019-04-03,2104144.6
2019-04-04,1831461.6
2019-04-05,1981419.7
2019-04-06,2158461.9
2019-04-07,2351919.1
2019-04-08,2316537.3
2019-04-09,2271742.0
2019-04-10,2008914.9
2019-04-11,1977767.6
2019-04-12,1965045.3
2019-04-13,2102334.6
2019-04-14,2211066.1
2019-04-15,2124804.4
2019-04-16,2025009.6
2019-04-17,1957488.8
2019-04-18,2080538.3
2019-04-19,1958795.6
2019-04-20,2013380.9
2019-04-21,2072294.5
2019-04-22,2134766.2
2019-04-23,2111724.3
2019-04-24,2211155.2
2019-04-25,2026103.1
2019-04-26,2047893.6
2019-04-27,2197861.7
2019-04-28,2179668.0
2019-04-29,2171544.4
2019-04-30,2013132.2
2019-05-01,1732875.5
2019-05-02,2130509.5
2019-05-03,1963570.8
2019-05-04,2060344.6
2019-05-05,2167961.2
2019-05-06,2407390.9
2019-05-07,1763663.1
2019-05-08,1603061.4
2019-05-09,1871806.5
2019-05-10,1845073.8
2019-05-11,1831904.0
2019-05-12,1762863.7
2019-05-13,1709124.1
2019-05-14,2001012.4
2019-05-15,1911436.7
2019-05-16,1825938.5
2019-05-17,1897353.9
2019-05-18,1988801.8
2019-05-19,2084117.1
2019-05-20,2181523.3
2019-05-21,2044922.9
2019-05-22,2234799.1
2019-05-23,2204449.7
2019-05-24,1650241.5
2019-05-25,1931738.7
2019-05-26,1907419.8
2019-05-27,1888409.3
2019-05-28,1870975.0
2019-05-29,1781035.0
2019-05-30,2079767.6
2019-05-31,2161527.0
2019-06-01,2173534.2
2019-06-02,2186576.6
2019-06-03,2098166.0
2019-06-04,2060998.5
2019-06-05,2023968.3
2019-06-06,1987370.7
2019-06-07,2256005.0
2019-06-08,2102791.2
2019-06-09,2031328.6
2019-06-10,1960354.3
2019-06-11,2065097.0
2019-06-12,1905360.5
2019-06-13,1979416.8
2019-06-14,1706474.5
2019-06-15,1863766.2
2019-06-16,2027035.1
2019-06-17,1982463.1
2019-06-18,2019403.6
2019-06-19,2254555.8
2019-06-20,2053047.1
2019-06-21,2128756.3
2019-06-22,2076756.8
2019-06-23,2124377.3
2019-06-24,2172693.6
2019-06-25,2278157.4
2019-06-26,2159784.2
2019-06-27,2122378.9
2019-06-28,2144547.1
2019-06-29,1937779.4
2019-06-30,1731313.6
2019-07-01,2122806.2
2019-07-02,2089136.6
2019-07-03,1628157.1
2019-07-04,1821816.1
2019-07-05,2020587.1
2019-07-06,1973893.2
2019-07-07,1956814.4
2019-07-08,1940087.7
2019-07-09,2064724.5
2019-07-10,2085536.8
2019-07-11,2106353.2
2019-07-12,2127171.6
2019-07-13,2147995.3
2019-07-14,2168830.5
2019-07-15,2036433.8
2019-07-16,2085161.3
2019-07-17,1999819.4
2019-07-18,2050599.8
2019-07-19,1940030.5
2019-07-20,2148812.6
2019-07-21,2157509.6
2019-07-22,1853303.9
2019-07-23,2147229.3
2019-07-24,2136899.6
2019-07-25,2150109.1
2019-07-26,2046852.0
2019-07-27,2071929.0
2019-07-28,2103105.8
2019-07-29,2134608.7
2019-07-30,2134010.6
2019-07-31,2256616.2
2019-08-01,1941869.6
2019-08-02,2088294.0
2019-08-03,2186432.4
2019-08-04,2284581.3
2019-08-05,2107878.2
2019-08-06,1978971.0
2019-08-07,1887186.2
2019-08-08,1889713.4
2019-08-09,2023014.0
2019-08-10,2089191.6
2019-08-11,2045381.9
2019-08-12,2001573.4
2019-08-13,1995926.4
2019-08-14,2102966.6
2019-08-15,1959310.0
2019-08-16,2089868.7
2019-08-17,2048169.1
2019-08-18,2006469.4
2019-08-19,2033409.5
2019-08-20,1842788.8
2019-08-21,1886615.4
2019-08-22,1745984.9
2019-08-23,1605631.4
2019-08-24,1705484.1
2019-08-25,1805615.5
2019-08-26,1905746.8
2019-08-27,1938561.6
2019-08-28,1903438.1
2019-08-29,1922011.5
2019-08-30,1848979.4
2019-08-31,1867185.9
2019-09-01,1885392.4
2019-09-02,1903598.9
2019-09-03,1921805.5
2019-09-04,1908806.6
2019-09-05,1895807.7
2019-09-06,1882818.6
2019-09-07,1933735.0
2019-09-08,1984661.3
2019-09-09,2035587.5
2019-09-10,2006565.5
2019-09-11,1977543.4
2019-09-12,1958924.9
2019-09-13,1940306.4
2019-09-14,1967886.1
2019-09-15,1995465.8
2019-09-16,2023045.6
2019-09-17,2050625.3
2019-09-18,1994503.0
2019-09-19,1961871.6
2019-09-20,1929240.2
2019-09-21,1954669.6
2019-09-22,1980099.1
2019-09-23,2005528.5
2019-09-24,1961089.0
2019-09-25,1916649.6
2019-09-26,1938305.6
2019-09-27,1959961.7
2019-09-28,1947039.9
2019-09-29,1934118.0
2019-09-30,1921345.9
2019-10-01,2016971.2
2019-10-02,1913336.1
2019-10-03,1876749.0
2019-10-04,1840161.8
2019-10-05,1788428.9
2019-10-06,1736715.6
2019-10-07,1685746.1
2019-10-08,1811683.2
2019-10-09,1938402.8
2019-10-10,1854339.3
2019-10-11,1770314.0
2019-10-12,1779966.5
2019-10-13,1789650.6
2019-10-14,1799338.0
2019-10-15,1809025.4
2019-10-16,1944085.1
2019-10-17,2080920.0
2019-10-18,1912418.0
2019-10-19,1860875.9
2019-10-20,1809651.3
2019-10-21,1758719.5
2019-10-22,1788731.8
2019-10-23,1819591.3
2019-10-24,1800552.1
2019-10-25,1781995.1
2019-10-26,1669192.4
2019-10-27,1561307.1
2019-10-28,1460664.2
2019-10-29,1384019.0
2019-10-30,1317374.1
2019-10-31,1311709.3
2019-11-01,1306957.2
2019-11-02,1277120.8
2019-11-03,1249173.9
2019-11-04,1239654.2
2019-11-05,1201239.3
2019-11-06,1163665.1
2019-11-07,1127855.5
2019-11-08,1096983.4
2019-11-09,1076476.9
2019-11-10,1057071.6
2019-11-11,1038772.5
2019-11-12,1022090.1
2019-11-13,1008030.0
2019-11-14,1008814.6
2019-11-15,1015082.6
2019-11-16,1015865.1
2019-11-17,1017582.4
2019-11-18,1020504.1
2019-11-19,1071286.4
2019-11-20,1132049.5
2019-11-21,1085582.0
2019-11-22,1044471.3
2019-11-23,1066801.3
2019-11-24,1091286.2
2019-11-25,1117731.8
2019-11-26,1093034.3
2019-11-27,1070660.9
2019-11-28,1049927.9
2019-11-29,1030512.1
2019-11-30,1012106.4
2019-12-01,994383.2
2019-12-02,977324.1
2019-12-03,1032755.4
2019-12-04,1110765.7
2019-12-05,1078710.7
2019-12-06,1054935.2
2019-12-07,1066604.2
2019-12-08,1078922.6
2019-12-09,1091738.4
2019-12-10,1064623.9
2019-12-11,1039165.9
2019-12-12,1014551.2
2019-12-13,990566.5
2019-12-14,967123.7
2019-12-15,944206.5
2019-12-16,921790.6
2019-12-17,979837.3
2019-12-18,1047395.6
2019-12-19,1102019.7
2019-12-20,1160461.6
2019-12-21,1083850.0
2019-12-22,1013363.3
2019-12-23,946612.2
2019-12-24,968786.8
2019-12-25,991484.0
2019-12-26,1014738.1
2019-12-27,1038647.5
2019-12-28,1063368.1
2019-12-29,1089081.2
2019-12-30,1116144.3
2019-12-31,1109616.0
2020-01-01,1103482.5
2020-01-02,1097803.7
2020-01-03,1092414.9
2020-01-04,1088953.5
2020-01-05,1085802.7
2020-01-06,1083113.7
2020-01-07,1103314.1
2020-01-08,1124687.5
2020-01-09,1119523.5
2020-01-10,1114506.6
2020-01-11,1109637.2
2020-01-12,1104921.6
2020-01-13,1100337.6
2020-01-14,1095860.5
2020-01-15,1091474.7
2020-01-16,1118104.8
2020-01-17,1148802.9
2020-01-18,1181299.3
2020-01-19,1214567.4
2020-01-20,1248643.1
2020-01-21,1283444.3
2020-01-22,1355352.7
2020-01-23,1431414.5
2020-01-24,1491686.8
2020-01-25,1498864.3
2020-01-26,1507418.5
2020-01-27,1516849.3
2020-01-28,1493252.8
2020-01-29,1474018.3
2020-01-30,1791804.3
2020-01-31,1869548.8
2020-02-01,1948521.3
2020-02-02,2028602.5
2020-02-03,2112889.1
2020-02-04,1967937.2
2020-02-05,1915331.3
2020-02-06,1871850.1
2020-02-07,1957611.1
2020-02-08,1867858.9
2020-02-09,1747481.0
2020-02-10,1825861.7
2020-02-11,1853288.4
2020-02-12,1899017.5
2020-02-13,1815530.8
2020-02-14,1822040.1
2020-02-15,1857082.3
2020-02-16,1790838.8
2020-02-17,2005526.5
2020-02-18,2019844.9
2020-02-19,2037097.4
2020-02-20,2056402.7
2020-02-21,2073341.4
2020-02-22,1941293.3
2020-02-23,1871239.4
2020-02-24,1736457.7
2020-02-25,1832177.5
2020-02-26,1835691.5
2020-02-27,1766334.3
2020-02-28,2102506.9
2020-02-29,1857512.0
2020-03-01,2005370.5
2020-03-02,1860992.3
2020-03-03,1807594.0
2020-03-04,1773087.7
2020-03-05,1755641.4
2020-03-06,2100415.3
2020-03-07,2081660.1
2020-03-08,2242039.4
2020-03-09,2192817.4
2020-03-10,1649543.0
2020-03-11,1878431.3
2020-03-12,2252748.8
2020-03-13,2223477.3
2020-03-14,2254489.6
2020-03-15,2178801.0
2020-03-16,2112182.8
2020-03-17,1793977.6
2020-03-18,2080574.4
2020-03-19,1845074.2
2020-03-20,2103019.7
2020-03-21,2122631.6
2020-03-22,2155296.6
2020-03-23,1729327.5
2020-03-24,1683782.7
2020-03-25,2127719.4
2020-03-26,2018230.6
2020-03-27,1826013.0
2020-03-28,1999575.7
2020-03-29,2101579.8
2020-03-30,1915623.9
2020-03-31,1790522.5
2020-04-01,1561229.8
2020-04-02,1668916.9
2020-04-03,1860693.6
2020-04-04,1951736.7
2020-04-05,1946116.1
2020-04-06,2032528.1
2020-04-07,1786341.0
2020-04-08,1687163.3
2020-04-09,1843467.3
2020-04-10,1946991.1
2020-04-11,1980160.9
2020-04-12,1832646.6
2020-04-13,1728133.9
2020-04-14,1628436.7
2020-04-15,1623982.9
2020-04-16,1597097.8
2020-04-17,1291170.7
2020-04-18,1358451.0
2020-04-19,1488351.3
2020-04-20,1582337.0
2020-04-21,1515857.8
2020-04-22,1458640.7
2020-04-23,1451781.5
2020-04-24,1643256.9
2020-04-25,1766961.9
2020-04-26,1619789.5
2020-04-27,1506606.8
2020-04-28,1471283.4
2020-04-29,1612241.8
2020-04-30,1723145.9
2020-05-01,1579733.2
2020-05-02,1642374.9
2020-05-03,1741075.7
2020-05-04,1759272.3
2020-05-05,1810467.7
2020-05-06,1465288.9
2020-05-07,1535285.3
2020-05-08,1405404.6
2020-05-09,1557610.6
2020-05-10,1607643.4
2020-05-11,1666332.1
2020-05-12,1655249.5
2020-05-13,1399981.8
2020-05-14,1634383.4
2020-05-15,1364177.3
2020-05-16,1268903.3
2020-05-17,1205683.8
2020-05-18,1325299.5
2020-05-19,1346187.1
2020-05-20,1134683.7
2020-05-21,1317196.4
2020-05-22,1306903.3
2020-05-23,1514203.9
2020-05-24,1478026.2
2020-05-25,1443151.8
2020-05-26,1409569.9
2020-05-27,1681404.4
2020-05-28,1524136.2
2020-05-29,1317800.4
2020-05-30,1315154.3
2020-05-31,1318061.6
2020-06-01,1421142.8
2020-06-02,1383352.7
2020-06-03,1344110.3
2020-06-04,1544841.9
2020-06-05,1478886.7
2020-06-06,1476273.5
2020-06-07,1476350.3
2020-06-08,1479431.3
2020-06-09,1408499.9
2020-06-10,1378606.2
2020-06-11,1235646.4
2020-06-12,1475625.4
2020-06-13,1399341.8
2020-06-14,1440593.6
2020-06-15,1487562.2
2020-06-16,1447142.6
2020-06-17,1532055.1
2020-06-18,1245234.2
2020-06-19,1517600.7
2020-06-20,1490222.6
2020-06-21,1463847.0
2020-06-22,1438693.8
2020-06-23,1492254.4
2020-06-24,1570498.9
2020-06-25,1606341.0
2020-06-26,1496170.5
2020-06-27,1462170.2
2020-06-28,1429759.3
2020-06-29,1358672.8
2020-06-30,1432563.6
2020-07-01,1372042.2
2020-07-02,1217407.8
2020-07-03,1280458.2
2020-07-04,1348225.7
2020-07-05,1418134.0
2020-07-06,1452851.8
2020-07-07,1416858.2
2020-07-08,1390461.0
2020-07-09,1366855.9
2020-07-10,1444790.6
2020-07-11,1420560.0
2020-07-12,1396430.3
2020-07-13,1372604.5
2020-07-14,1410830.7
2020-07-15,1449560.2
2020-07-16,1384771.5
2020-07-17,1320406.9
2020-07-18,1349371.5
2020-07-19,1378812.5
2020-07-20,1408693.4
2020-07-21,1450370.6
2020-07-22,1493967.7
2020-07-23,1484978.6
2020-07-24,1477329.2
2020-07-25,1455260.9
2020-07-26,1433373.7
2020-07-27,1411784.9
2020-07-28,1418687.0
2020-07-29,1425808.5
2020-07-30,1433075.0
2020-07-31,1440465.9
2020-08-01,1476600.9
2020-08-02,1512757.7
2020-08-03,1548943.5
2020-08-04,1496735.1
2020-08-05,1444791.1
2020-08-06,1451399.7
2020-08-07,1458160.4
2020-08-08,1482911.0
2020-08-09,1507713.4
2020-08-10,1532552.5
2020-08-11,1523829.4
2020-08-12,1515282.4
2020-08-13,1471045.7
2020-08-14,1426858.3
2020-08-15,1447760.9
2020-08-16,1468703.4
2020-08-17,1489681.6
2020-08-18,1510172.8
2020-08-19,1530715.7
2020-08-20,1530515.4
2020-08-21,1530538.6
2020-08-22,1519515.4
2020-08-23,1508642.3
2020-08-24,1497792.3
2020-08-25,1486943.4
2020-08-26,1476098.3
2020-08-27,1465268.4
2020-08-28,1454466.6
2020-08-29,1418996.4
2020-08-30,1383635.3
2020-08-31,1348571.5
2020-09-01,1455215.4
2020-09-02,1562165.9
2020-09-03,1539331.8
2020-09-04,1516646.8
2020-09-05,1511670.7
2020-09-06,1506706.5
2020-09-07,1501754.1
2020-09-08,1496814.4
2020-09-09,1491891.7
2020-09-10,1517700.4
2020-09-11,1543801.2
2020-09-12,1536298.9
2020-09-13,1528822.2
2020-09-14,1521410.9
2020-09-15,1514224.8
2020-09-16,1507514.8
2020-09-17,1509481.9
2020-09-18,1512525.0
2020-09-19,1420642.7
2020-09-20,1334282.1
2020-09-21,1272779.6
2020-09-22,1308455.4
2020-09-23,1347426.5
2020-09-24,1408554.8
2020-09-25,1483661.8
2020-09-26,1441580.6
2020-09-27,1403773.4
2020-09-28,1385661.9
2020-09-29,1314630.2
2020-09-30,1258595.3
2020-10-01,1210151.7
2020-10-02,1170132.8
2020-10-03,1199439.8
2020-10-04,1230183.3
2020-10-05,1263620.3
2020-10-06,1164098.7
2020-10-07,1080146.6
2020-10-08,1055517.0
2020-10-09,1031140.0
2020-10-10,1007053.9
2020-10-11,983356.7
2020-10-12,960250.4
2020-10-13,938345.8
2020-10-14,920603.7
2020-10-15,906292.0
2020-10-16,787297.0
2020-10-17,796855.9
2020-10-18,809070.3
2020-10-19,827671.9
2020-10-20,818632.2
2020-10-21,812296.4
2020-10-22,752948.5
2020-10-23,699874.3
2020-10-24,687103.3
2020-10-25,676517.2
2020-10-26,675119.6
2020-10-27,679405.1
2020-10-28,684078.9
2020-10-29,689168.4
2020-10-30,694701.0
2020-10-31,668864.6
2020-11-01,644665.4
2020-11-02,621721.2
2020-11-03,639293.5
2020-11-04,658557.3
2020-11-05,647615.0
2020-11-06,637878.7
2020-11-07,599361.1
2020-11-08,562965.8
2020-11-09,530164.3
2020-11-10,560970.2
2020-11-11,594501.2
2020-11-12,629537.6
2020-11-13,666498.0
2020-11-14,646923.6
2020-11-15,629069.7
2020-11-16,612071.9
2020-11-17,605093.2
2020-11-18,599291.8
2020-11-19,625834.9
2020-11-20,655179.8
2020-11-21,625754.3
2020-11-22,600348.1
2020-11-23,581427.8
2020-11-24,648797.4
2020-11-25,734017.1
2020-11-26,731455.5
2020-11-27,729096.9
2020-11-28,726924.8
2020-11-29,724905.4
2020-11-30,723041.9
2020-12-01,671456.8
2020-12-02,624977.4
2020-12-03,647056.2
2020-12-04,671115.4
2020-12-05,658982.6
2020-12-06,647933.5
2020-12-07,637739.9
2020-12-08,668743.0
2020-12-09,703496.7
2020-12-10,703166.0
2020-12-11,705270.5
2020-12-12,748916.9
2020-12-13,795946.8
2020-12-14,846354.2
2020-12-15,764334.6
2020-12-16,696227.9
2020-12-17,617741.0
2020-12-18,548147.1
2020-12-19,600899.9
2020-12-20,659017.3
2020-12-21,723037.2
2020-12-22,640923.1
2020-12-23,567449.1
2020-12-24,627025.5
2020-12-25,691469.4
2020-12-26,762403.6
2020-12-27,840044.1
2020-12-28,925523.3
2020-12-29,862966.2
2020-12-30,811082.2
2020-12-31,650764.3
2021-01-01,658499.1
2021-01-02,666769.0
2021-01-03,675662.5
2021-01-04,685094.3
2021-01-05,626723.9
2021-01-06,573543.8
2021-01-07,594711.1
2021-01-08,620021.3
2021-01-09,644084.9
2021-01-10,669768.8
2021-01-11,697339.3
2021-01-12,710663.7
2021-01-13,724469.9
2021-01-14,663283.6
2021-01-15,663888.3
2021-01-16,664599.6
2021-01-17,665421.4
2021-01-18,666363.3
2021-01-19,667429.4
2021-01-20,668675.0
2021-01-21,687401.5
2021-01-22,707462.4
2021-01-23,729170.0
2021-01-24,754392.4
2021-01-25,783461.4
2021-01-26,795196.9
2021-01-27,809420.9
2021-01-28,797852.2
2021-01-29,789580.0
2021-01-30,782600.7
2021-01-31,777469.1
2021-02-01,773983.5
2021-02-02,763070.5
2021-02-03,756178.7
2021-02-04,656528.1
2021-02-05,573685.6
2021-02-06,609255.5
2021-02-07,646502.4
2021-02-08,685302.9
2021-02-09,667506.0
2021-02-10,652764.1
2021-02-11,645539.1
2021-02-12,456470.0
2021-02-13,430339.3
2021-02-14,407505.4
2021-02-15,388820.3
2021-02-16,375041.8
2021-02-17,248887.0
2021-02-18,174487.1
2021-02-19,143148.8
2021-02-20,117616.7
2021-02-21,101177.3
2021-02-22,93879.3
2021-02-23,92013.2
2021-02-24,107205.7
2021-02-25,147770.5
2021-02-26,230587.8
2021-02-27,206383.0
2021-02-28,191397.6
2021-03-01,184815.7
2021-03-02,182419.6
2021-03-03,147669.6
2021-03-04,144963.2
2021-03-05,144977.7
2021-03-06,147551.2
2021-03-07,151820.1
2021-03-08,157477.2
2021-03-09,133597.4
2021-03-10,115340.5
2021-03-11,122600.2
2021-03-12,139730.3
2021-03-13,132882.0
2021-03-14,128906.5
2021-03-15,127079.4
2021-03-16,126949.3
2021-03-17,126210.3
2021-03-18,120703.4
2021-03-19,124221.0
2021-03-20,137020.4
2021-03-21,152548.6
2021-03-22,174345.7
2021-03-23,151954.8
2021-03-24,136798.9
2021-03-25,149420.8
2021-03-26,174631.4
2021-03-27,222034.6
2021-03-28,286328.0
2021-03-29,369429.3
2021-03-30,377002.4
2021-03-31,396718.4
2021-04-01,416926.6
2021-04-02,456314.0
2021-04-03,479694.8
2021-04-04,510701.0
2021-04-05,549168.6
2021-04-06,665440.6
2021-04-07,806994.4
2021-04-08,699037.3
2021-04-09,620410.4
2021-04-10,631513.6
2021-04-11,651916.2
2021-04-12,679170.1
2021-04-13,619088.9
2021-04-14,693315.0
2021-04-15,619698.8
2021-04-16,653273.6
2021-04-17,691771.2
2021-04-18,733478.8
2021-04-19,778219.1
2021-04-20,826761.3
2021-04-21,703536.4
2021-04-22,717044.2
2021-04-23,632635.4
2021-04-24,594130.9
2021-04-25,563785.8
2021-04-26,546227.2
2021-04-27,538532.7
2021-04-28,548622.4
2021-04-29,581099.8
2021-04-30,499466.5
2021-05-01,505379.6
2021-05-02,519047.5
2021-05-03,539369.2
2021-05-04,593024.1
2021-05-05,666733.0
2021-05-06,485826.1
2021-05-07,505570.6
2021-05-08,452279.1
2021-05-09,410670.7
2021-05-10,385214.5
2021-05-11,372653.6
2021-05-12,280973.0
2021-05-13,427944.2
2021-05-14,333181.7
2021-05-15,256314.9
2021-05-16,201141.8
2021-05-17,167491.6
2021-05-18,122484.9
2021-05-19,148857.6
2021-05-20,208553.6
2021-05-21,182767.5
2021-05-22,163042.0
2021-05-23,148251.9
2021-05-24,138340.0
2021-05-25,132977.9
2021-05-26,181501.4
2021-05-27,156902.1
2021-05-28,155129.5
2021-05-29,155754.1
2021-05-30,158016.2
2021-05-31,161461.9
2021-06-01,165943.0
2021-06-02,174528.5
2021-06-03,222715.1
2021-06-04,207391.7
2021-06-05,195799.8
2021-06-06,189451.1
2021-06-07,187050.6
2021-06-08,199814.6
2021-06-09,211100.7
2021-06-10,228503.3
2021-06-11,231887.3
2021-06-12,237085.8
2021-06-13,244706.9
2021-06-14,254561.8
2021-06-15,244456.4
2021-06-16,287761.4
2021-06-17,280617.6
2021-06-18,274795.5
2021-06-19,270346.4
2021-06-20,267227.1
2021-06-21,265542.6
2021-06-22,265530.8
2021-06-23,267218.3
2021-06-24,261222.6
2021-06-25,257078.5
2021-06-26,254731.0
2021-06-27,254238.7
2021-06-28,255543.1
2021-06-29,361374.0
2021-06-30,358890.6
2021-07-01,442279.3
2021-07-02,436436.0
2021-07-03,432247.9
2021-07-04,432283.5
2021-07-05,435514.5
2021-07-06,440908.5
2021-07-07,404468.9
2021-07-08,487779.6
2021-07-09,393903.5
2021-07-10,385310.9
2021-07-11,389141.7
2021-07-12,405851.3
2021-07-13,385284.8
2021-07-14,390767.6
2021-07-15,295412.5
2021-07-16,245413.1
2021-07-17,310234.9
2021-07-18,440471.6
2021-07-19,632613.3
2021-07-20,586841.3
2021-07-21,546244.1
2021-07-22,442083.9
2021-07-23,371085.0
2021-07-24,295711.6
2021-07-25,247655.2
2021-07-26,224468.2
2021-07-27,267811.8
2021-07-28,342507.4
2021-07-29,348392.3
2021-07-30,379879.3
2021-07-31,388480.7
2021-08-01,405486.0
2021-08-02,434960.9
2021-08-03,429287.8
2021-08-04,432660.2
2021-08-05,293026.0
2021-08-06,211088.4
2021-08-07,275557.9
2021-08-08,361723.4
2021-08-09,476605.9
2021-08-10,333220.6
2021-08-11,245455.1
2021-08-12,339753.8
2021-08-13,490775.3
2021-08-14,377655.9
2021-08-15,295026.6
2021-08-16,237308.5
2021-08-17,358552.0
2021-08-18,561666.1
2021-08-19,435215.0
2021-08-20,338992.1
2021-08-21,332879.9
2021-08-22,330988.3
2021-08-23,332969.7
2021-08-24,356338.8
2021-08-25,396160.4
2021-08-26,423320.8
2021-08-27,454402.7
2021-08-28,491056.9
2021-08-29,534122.7
2021-08-30,582018.7
2021-08-31,632300.0
2021-09-01,713369.9
2021-09-02,812084.7
2021-09-03,763846.4
2021-09-04,716630.0
2021-09-05,670895.3
2021-09-06,627310.8
2021-09-07,674880.7
2021-09-08,731816.6
2021-09-09,712928.8
2021-09-10,695556.6
2021-09-11,679396.7
2021-09-12,664943.8
2021-09-13,652015.1
2021-09-14,633976.7
2021-09-15,619145.9
2021-09-16,592365.5
2021-09-17,570468.2
2021-09-18,626133.5
2021-09-19,685946.8
2021-09-20,748233.9
2021-09-21,764187.1
2021-09-22,785134.2
2021-09-23,618560.5
2021-09-24,478840.3
2021-09-25,562594.1
2021-09-26,662719.8
2021-09-27,769908.1
2021-09-28,829536.3
2021-09-29,889805.8
2021-09-30,775483.3
2021-10-01,668031.5
2021-10-02,726422.2
2021-10-03,789855.4
2021-10-04,854521.4
2021-10-05,592467.1
2021-10-06,383822.0
2021-10-07,523954.4
2021-10-08,706152.3
2021-10-09,706967.4
2021-10-10,707959.1
2021-10-11,709182.8
2021-10-12,710766.0
2021-10-13,622933.5
2021-10-14,541628.2
2021-10-15,470435.3
2021-10-16,564559.5
2021-10-17,672155.4
2021-10-18,787330.3
2021-10-19,811909.1
2021-10-20,837130.5
2021-10-21,781859.3
2021-10-22,727906.4
2021-10-23,791471.5
2021-10-24,856198.6
2021-10-25,921233.9
2021-10-26,830756.1
2021-10-27,742391.4
2021-10-28,636330.7
2021-10-29,538442.2
2021-10-30,599669.3
2021-10-31,665954.1
2021-11-01,733896.3
2021-11-02,702391.1
2021-11-03,675717.6
2021-11-04,611856.1
2021-11-05,554765.3
2021-11-06,479873.3
2021-11-07,417022.5
2021-11-08,365965.5
2021-11-09,512415.2
2021-11-10,704363.0
2021-11-11,694486.4
2021-11-12,689974.2
2021-11-13,705786.7
2021-11-14,724266.4
2021-11-15,744739.1
2021-11-16,791506.3
2021-11-17,839092.7
2021-11-18,757083.5
2021-11-19,677074.8
2021-11-20,819567.6
2021-11-21,966656.6
2021-11-22,1115709.9
2021-11-23,948005.1
2021-11-24,783254.1
2021-11-25,794460.4
2021-11-26,805709.3
2021-11-27,816999.2
2021-11-28,828327.7
2021-11-29,839695.3
2021-11-30,839322.1
2021-12-01,839533.9
2021-12-02,835441.9
2021-12-03,833160.3
2021-12-04,847243.9
2021-12-05,862108.6
2021-12-06,877665.5
2021-12-07,854189.7
2021-12-08,830894.8
2021-12-09,769965.4
2021-12-10,710319.0
2021-12-11,726636.2
2021-12-12,743373.3
2021-12-13,760432.1
2021-12-14,761956.1
2021-12-15,763692.1
2021-12-16,765617.5
2021-12-17,767731.5
2021-12-18,757862.4
2021-12-19,748103.1
2021-12-20,738383.9
2021-12-21,746037.9
2021-12-22,753933.5
2021-12-23,762160.2
2021-12-24,764725.3
2021-12-25,767640.5
2021-12-26,770801.9
2021-12-27,774204.1
2021-12-28,745773.3
2021-12-29,717843.5
2021-12-30,690601.9
2021-12-31,695115.7
2022-01-01,699899.4
2022-01-02,704862.9
2022-01-03,710084.1
2022-01-04,654865.6
2022-01-05,602875.2
2022-01-06,655017.4
2022-01-07,711637.1
2022-01-08,686634.1
2022-01-09,662249.4
2022-01-10,638918.7
2022-01-11,644627.0
2022-01-12,656212.2
2022-01-13,612827.6
2022-01-14,579183.9
2022-01-15,635152.1
2022-01-16,695483.4
2022-01-17,758997.0
2022-01-18,825140.5
2022-01-19,722607.6
2022-01-20,624720.8
2022-01-21,674386.4
2022-01-22,727117.0
2022-01-23,781843.9
2022-01-24,837977.5
2022-01-25,765336.9
2022-01-26,697690.2
2022-01-27,896452.9
2022-01-28,934275.6
2022-01-29,972397.2
2022-01-30,1010614.5
2022-01-31,1048883.5
2022-02-01,935446.9
2022-02-02,944565.4
2022-02-03,880807.4
2022-02-04,817373.2
2022-02-05,780163.1
2022-02-06,743644.5
2022-02-07,708798.6
2022-02-08,791926.2
2022-02-09,612242.1
2022-02-10,710582.7
2022-02-11,803712.5
2022-02-12,898831.9
2022-02-13,994432.0
2022-02-14,1090139.8
2022-02-15,678212.8
2022-02-16,439305.3
2022-02-17,444680.9
2022-02-18,450773.2
2022-02-19,457583.0
2022-02-20,465065.1
2022-02-21,473038.4
2022-02-22,481368.3
2022-02-23,490009.0
2022-02-24,498984.4
2022-02-25,508294.0
2022-02-26,621235.5
2022-02-27,757150.7
2022-02-28,903890.8
2022-03-01,769059.2
2022-03-02,780861.4
2022-03-03,648320.4
2022-03-04,644249.9
2022-03-05,640311.0
2022-03-06,636540.1
2022-03-07,632962.4
2022-03-08,380524.3
2022-03-09,727082.2
2022-03-10,270140.5
2022-03-11,312017.7
2022-03-12,364638.9
2022-03-13,429129.4
2022-03-14,502966.3
2022-03-15,537330.2
2022-03-16,370133.0
2022-03-17,516861.4
2022-03-18,587499.7
2022-03-19,662663.4
2022-03-20,740683.9
2022-03-21,820385.1
2022-03-22,813091.5
2022-03-23,750938.9
2022-03-24,988234.1
2022-03-25,911095.0
2022-03-26,838075.8
2022-03-27,769840.6
2022-03-28,709395.5
2022-03-29,754380.8
2022-03-30,490297.6
2022-03-31,376099.1
2022-04-01,430951.4
2022-04-02,493794.8
2022-04-03,562331.7
2022-04-04,635191.4
2022-04-05,560588.0
2022-04-06,584700.7
2022-04-07,735201.8
2022-04-08,529780.5
2022-04-09,573437.2
2022-04-10,621020.1
2022-04-11,672154.8
2022-04-12,726146.8
2022-04-13,665253.6
2022-04-14,610024.6
2022-04-15,617552.1
2022-04-16,625562.2
2022-04-17,633953.4
2022-04-18,642725.6
2022-04-19,630168.9
2022-04-20,617908.1
2022-04-21,605975.2
2022-04-22,594436.1
2022-04-23,583440.6
2022-04-24,573308.4
2022-04-25,564179.0
2022-04-26,586533.3
2022-04-27,340011.0
2022-04-28,367875.6
2022-04-29,401608.6
2022-04-30,441695.9
2022-05-01,489025.2
2022-05-02,542957.4
2022-05-03,326957.2
2022-05-04,314675.3
2022-05-05,315106.9
2022-05-06,316095.0
2022-05-07,317788.5
2022-05-08,320239.5
2022-05-09,323352.0
2022-05-10,326989.4
2022-05-11,311402.6
2022-05-12,318238.4
2022-05-13,280117.8
2022-05-14,249655.6
2022-05-15,224341.3
2022-05-16,202933.6
2022-05-17,304002.3
2022-05-18,478155.9
2022-05-19,493994.1
2022-05-20,511844.9
2022-05-21,531577.1
2022-05-22,553001.6
2022-05-23,576055.1
2022-05-24,569513.3
2022-05-25,468236.5
2022-05-26,479322.8
2022-05-27,491728.7
2022-05-28,505191.6
2022-05-29,519690.8
2022-05-30,535403.9
2022-05-31,552370.4
2022-06-01,563973.8
2022-06-02,564140.0
2022-06-03,565028.3
2022-06-04,566541.4
2022-06-05,568717.9
2022-06-06,571577.1
2022-06-07,573962.0
2022-06-08,564405.9
2022-06-09,618053.6
2022-06-10,595675.4
2022-06-11,575372.9
2022-06-12,557553.0
2022-06-13,542108.9
2022-06-14,509464.6
2022-06-15,480940.5
2022-06-16,455880.1
2022-06-17,499691.0
2022-06-18,547495.2
2022-06-19,598861.0
2022-06-20,653580.1
2022-06-21,710925.6
2022-06-22,688414.8
2022-06-23,667180.9
2022-06-24,647231.3
2022-06-25,628622.4
2022-06-26,611344.8
2022-06-27,595398.0
2022-06-28,675518.5
2022-06-29,766844.9
2022-06-30,866686.1
2022-07-01,498470.3
2022-07-02,536057.8
2022-07-03,578750.4
2022-07-04,626460.0
2022-07-05,679589.3
2022-07-06,783671.2
2022-07-07,898565.9
2022-07-08,870004.8
2022-07-09,842606.5
2022-07-10,816132.4
2022-07-11,790712.8
2022-07-12,574693.6
2022-07-13,409557.3
2022-07-14,528779.5
2022-07-15,689919.8
2022-07-16,748772.7
2022-07-17,808783.8
2022-07-18,869448.1
2022-07-19,930579.7
2022-07-20,992095.2
2022-07-21,1022289.7
2022-07-22,1002969.0
2022-07-23,1124801.1
2022-07-24,1029977.0
2022-07-25,947357.5
2022-07-26,869326.0
2022-07-27,915207.2
2022-07-28,914580.8
2022-07-29,916184.4
2022-07-30,896644.6
2022-07-31,878293.8
2022-08-01,862511.5
2022-08-02,887304.7
2022-08-03,916923.6
2022-08-04,886109.9
2022-08-05,861121.8
2022-08-06,857530.8
2022-08-07,855835.3
2022-08-08,857805.8
2022-08-09,853112.8
2022-08-10,851269.1
2022-08-11,854892.4
2022-08-12,858730.3
2022-08-13,862772.3
2022-08-14,867061.0
2022-08-15,871605.4
2022-08-16,796865.5
2022-08-17,732770.2
2022-08-18,665961.1
2022-08-19,607882.0
2022-08-20,593757.9
2022-08-21,585682.1
2022-08-22,580954.1
2022-08-23,710031.1
2022-08-24,852687.8
2022-08-25,711952.9
2022-08-26,584170.1
2022-08-27,662953.1
2022-08-28,749549.4
2022-08-29,842622.1
2022-08-30,709652.8
2022-08-31,589931.6
2022-09-01,606368.9
2022-09-02,626347.9
2022-09-03,601033.9
2022-09-04,577540.0
2022-09-05,556093.5
2022-09-06,537031.3
2022-09-07,541027.0
2022-09-08,430401.2
2022-09-09,341461.1
2022-09-10,493280.8
2022-09-11,682045.1
2022-09-12,889681.0
2022-09-13,833545.3
2022-09-14,780946.5
2022-09-15,703255.0
2022-09-16,634631.9
2022-09-17,558036.1
2022-09-18,489501.3
2022-09-19,429850.1
2022-09-20,489962.3
2022-09-21,559016.3
2022-09-22,634833.6
2022-09-23,708157.7
2022-09-24,732713.7
2022-09-25,758654.0
2022-09-26,786108.3
2022-09-27,808394.3
2022-09-28,832288.8
2022-09-29,895671.5
2022-09-30,961036.5
2022-10-01,919047.5
2022-10-02,878665.9
2022-10-03,840142.8
2022-10-04,826093.5
2022-10-05,815837.6
2022-10-06,898916.8
2022-10-07,984970.1
2022-10-08,930828.1
2022-10-09,877510.5
2022-10-10,825009.9
2022-10-11,773613.1
2022-10-12,816450.6
2022-10-13,860878.4
2022-10-14,906317.7
2022-10-15,861006.8
2022-10-16,818712.6
2022-10-17,779062.8
2022-10-18,798219.7
2022-10-19,821310.7
2022-10-20,829833.1
2022-10-21,840401.5
2022-10-22,863244.2
2022-10-23,886734.7
2022-10-24,910655.8
2022-10-25,855466.4
2022-10-26,801835.7
2022-10-27,849322.5
2022-10-28,900266.0
2022-10-29,768666.7
2022-10-30,647664.6
2022-10-31,537732.6
2022-11-01,705882.3
2022-11-02,900149.1
2022-11-03,921503.6
2022-11-04,945029.8
2022-11-05,828571.2
2022-11-06,719485.7
2022-11-07,617055.7
2022-11-08,775488.7
2022-11-09,949598.7
2022-11-10,934761.7
2022-11-11,920167.1
2022-11-12,905913.9
2022-11-13,892241.1
2022-11-14,879097.7
2022-11-15,714097.3
2022-11-16,561523.0
2022-11-17,761820.4
2022-11-18,982993.3
2022-11-19,743580.5
2022-11-20,525221.6
2022-11-21,350669.0
2022-11-22,654384.2
2022-11-23,1043931.1
2022-11-24,1016429.8
2022-11-25,989690.4
2022-11-26,963594.7
2022-11-27,938312.9
2022-11-28,913916.7
2022-11-29,767268.4
2022-11-30,629325.4
2022-12-01,786079.1
2022-12-02,956208.6
2022-12-03,965202.0
2022-12-04,974721.1
2022-12-05,984623.0
2022-12-06,836431.4
2022-12-07,695950.8
2022-12-08,925391.1
2022-12-09,1170933.9
2022-12-10,1098460.1
2022-12-11,1027976.5
2022-12-12,958994.7
2022-12-13,760172.3
2022-12-14,576968.4
2022-12-15,721365.6
2022-12-16,879582.7
2022-12-17,678849.0
2022-12-18,497494.9
2022-12-19,349848.3
2022-12-20,547619.1
2022-12-21,791814.8
2022-12-22,823062.3
2022-12-23,856601.5
2022-12-24,959803.5
2022-12-25,1065353.7
2022-12-26,1172086.2
2022-12-27,1279733.7
2022-12-28,908306.6
2022-12-29,568558.3
2022-12-30,553899.8
2022-12-31,539683.9
2023-01-01,525895.2
2023-01-02,512529.4
2023-01-03,499625.2
2023-01-04,487244.6
2023-01-05,804080.5
2023-01-06,1157357.2
2023-01-07,1051877.4
2023-01-08,948589.7
2023-01-09,848080.1
2023-01-10,868456.3
2023-01-11,889882.2
2023-01-12,844777.7
2023-01-13,802126.3
2023-01-14,764296.2
2023-01-15,727276.7
2023-01-16,691162.6
2023-01-17,655871.8
2023-01-18,621615.0
2023-01-19,810191.8
2023-01-20,1009821.3
2023-01-21,1005772.7
2023-01-22,1002090.7
2023-01-23,998648.9
2023-01-24,844886.1
2023-01-25,698098.3
2023-01-26,905515.4
2023-01-27,1122773.4
2023-01-28,1112175.9
2023-01-29,1101967.7
2023-01-30,1092197.5
2023-01-31,1082825.9
2023-02-01,1122639.5
2023-02-02,1162881.8
2023-02-03,1203460.2
2023-02-04,1228588.8
2023-02-05,1254478.8
2023-02-06,1281123.7
2023-02-07,1148572.1
2023-02-08,1018289.1
2023-02-09,891161.1
2023-02-10,767941.1
2023-02-11,866453.5
2023-02-12,967524.7
2023-02-13,1070722.1
2023-02-14,884035.4
2023-02-15,715330.2
2023-02-16,1038609.2
2023-02-17,1407578.2
2023-02-18,1334427.7
2023-02-19,1261894.3
2023-02-20,1192176.5
2023-02-21,1125716.7
2023-02-22,1047698.3
2023-02-23,972292.3
2023-02-24,1028417.2
2023-02-25,1085615.2
2023-02-26,1143575.2
2023-02-27,1202276.0
2023-02-28,1172409.2
2023-03-01,1145748.9
2023-03-02,1229798.6
2023-03-03,1321061.2
2023-03-04,1212113.2
2023-03-05,1103925.2
2023-03-06,997156.2
2023-03-07,1030996.3
2023-03-08,1027032.1
2023-03-09,1027939.9
2023-03-10,890464.1
2023-03-11,878502.8
2023-03-12,870080.1
2023-03-13,866266.5
2023-03-14,723479.9
2023-03-15,594607.6
2023-03-16,700274.5
2023-03-17,823757.4
2023-03-18,832110.7
2023-03-19,842449.5
2023-03-20,854350.7
2023-03-21,815573.3
2023-03-22,783338.0
2023-03-23,806590.4
2023-03-24,830761.7
2023-03-25,856150.5
2023-03-26,882504.2
2023-03-27,909474.2
2023-03-28,709866.1
2023-03-29,532547.6
2023-03-30,670260.1
2023-03-31,690843.3
2023-04-01,712397.2
2023-04-02,734865.9
2023-04-03,758159.0
2023-04-04,736843.7
2023-04-05,717979.1
2023-04-06,710578.3
2023-04-07,705485.5
2023-04-08,625975.1
2023-04-09,552271.5
2023-04-10,486864.2
2023-04-11,540095.4
2023-04-12,455505.8
2023-04-13,615932.3
2023-04-14,736350.4
2023-04-15,632589.3
2023-04-16,535251.7
2023-04-17,450707.9
2023-04-18,475565.4
2023-04-19,509029.9
2023-04-20,511023.8
2023-04-21,515883.9
2023-04-22,523741.9
2023-04-23,534160.2
2023-04-24,547141.5
2023-04-25,562072.6
2023-04-26,493341.1
2023-04-27,450327.0
2023-04-28,517798.6
2023-04-29,589478.7
2023-04-30,664862.1
2023-05-01,742860.1
2023-05-02,602674.4
2023-05-03,510786.0
2023-05-04,701713.8
2023-05-05,948654.1
2023-05-06,959106.0
2023-05-07,969969.7
2023-05-08,981028.8
2023-05-09,992107.1
2023-05-10,643111.7
2023-05-11,664212.6
2023-05-12,698072.3
2023-05-13,655494.9
2023-05-14,616045.1
2023-05-15,580985.6
2023-05-16,946821.1
2023-05-17,590438.8
2023-05-18,601527.3
2023-05-19,779861.9
2023-05-20,760309.5
2023-05-21,742624.7
2023-05-22,727285.4
2023-05-23,714793.9
2023-05-24,870715.8
2023-05-25,824303.0
2023-05-26,891486.7
2023-05-27,812342.1
2023-05-28,735080.4
2023-05-29,661197.0
2023-05-30,596075.4
2023-05-31,552133.7
2023-06-01,592406.3
2023-06-02,639255.4
2023-06-03,637442.8
2023-06-04,646130.2
2023-06-05,663590.1
2023-06-06,734095.9
2023-06-07,832449.7
2023-06-08,837195.4
2023-06-09,844845.9
2023-06-10,835688.5
2023-06-11,828279.1
2023-06-12,822256.8
2023-06-13,1088953.2
2023-06-14,886314.0
2023-06-15,759828.7
2023-06-16,884665.4
2023-06-17,860104.8
2023-06-18,837627.0
2023-06-19,817161.5
2023-06-20,798529.0
2023-06-21,861579.0
2023-06-22,782505.8
2023-06-23,943726.8
2023-06-24,1054305.1
2023-06-25,1166440.5
2023-06-26,1278664.3
2023-06-27,1030946.8
2023-06-28,813491.3
2023-06-29,958069.8
2023-06-30,753449.8
2023-07-01,734680.3
2023-07-02,718361.1
2023-07-03,705180.2
2023-07-04,746611.1
2023-07-05,803380.3
2023-07-06,740366.7
2023-07-07,642876.1
2023-07-08,655647.4
2023-07-09,670884.0
2023-07-10,688609.3
2023-07-11,548466.5
2023-07-12,559914.9
2023-07-13,602937.1
2023-07-14,669805.0
2023-07-15,670283.5
2023-07-16,675005.9
2023-07-17,684108.6
2023-07-18,698468.9
2023-07-19,611698.4
2023-07-20,586485.1
2023-07-21,561004.8
2023-07-22,553335.0
2023-07-23,547782.8
2023-07-24,544444.9
2023-07-25,570886.3
2023-07-26,626676.9
2023-07-27,584515.9
2023-07-28,548675.4
2023-07-29,568012.2
2023-07-30,589112.0
2023-07-31,612005.7
2023-08-01,636754.7
2023-08-02,732627.8
2023-08-03,628256.3
2023-08-04,540598.8
2023-08-05,564946.2
2023-08-06,594366.8
2023-08-07,628653.9
2023-08-08,588080.3
2023-08-09,554228.8
2023-08-10,543898.0
2023-08-11,538079.7
2023-08-12,565111.7
2023-08-13,595157.4
2023-08-14,627697.2
2023-08-15,594601.5
2023-08-16,569330.3
2023-08-17,542302.7
2023-08-18,524866.0
2023-08-19,491160.6
2023-08-20,463482.4
2023-08-21,441581.2
2023-08-22,498452.6
2023-08-23,568905.2
2023-08-24,530291.2
2023-08-25,496286.6
2023-08-26,466823.4
2023-08-27,441232.5
2023-08-28,419344.5
2023-08-29,446914.1
2023-08-30,482866.3
2023-08-31,464899.7
2023-09-01,447963.7
2023-09-02,432134.4
2023-09-03,417843.2
2023-09-04,405271.2
2023-09-05,394296.6
2023-09-06,412643.6
2023-09-07,436040.1
2023-09-08,464345.5
2023-09-09,448475.6
2023-09-10,436534.2
2023-09-11,428163.0
2023-09-12,428655.0
2023-09-13,432547.1
2023-09-14,497753.6
2023-09-15,526718.0
2023-09-16,558938.7
2023-09-17,596115.6
2023-09-18,635720.6
2023-09-19,492641.3
2023-09-20,382942.0
2023-09-21,417311.6
2023-09-22,460755.2
2023-09-23,446482.8
2023-09-24,435367.5
2023-09-25,427202.2
2023-09-26,465522.5
2023-09-27,515201.2
2023-09-28,480187.8
2023-09-29,451959.4
2023-09-30,485992.4
2023-10-01,528316.1
2023-10-02,577690.3
2023-10-03,613784.3
2023-10-04,652188.3
2023-10-05,592818.8
2023-10-06,543618.7
2023-10-07,587475.6
2023-10-08,636937.8
2023-10-09,689835.9
2023-10-10,744826.7
2023-10-11,672034.0
2023-10-12,601446.0
2023-10-13,536238.8
2023-10-14,586094.4
2023-10-15,640630.6
2023-10-16,697667.0
2023-10-17,650286.3
2023-10-18,607324.8
2023-10-19,570674.5
2023-10-20,538239.1
2023-10-21,559549.7
2023-10-22,584318.8
2023-10-23,612569.8
2023-10-24,521653.3
2023-10-25,447812.8
2023-10-26,529952.6
2023-10-27,627632.6
2023-10-28,614606.1
2023-10-29,602427.5
2023-10-30,591451.3
2023-10-31,568775.4
2023-11-01,548881.9
2023-11-02,543623.8
2023-11-03,544634.3
2023-11-04,521573.4
2023-11-05,502368.7
2023-11-06,486681.7
2023-11-07,522596.5
2023-11-08,563437.5
2023-11-09,607722.7
2023-11-10,629238.6
2023-11-11,652039.4
2023-11-12,675761.9
2023-11-13,700485.1
2023-11-14,518926.0
2023-11-15,383995.1
2023-11-16,471009.9
2023-11-17,593682.8
2023-11-18,559522.0
2023-11-19,527997.6
2023-11-20,499611.8
2023-11-21,611060.4
2023-11-22,737289.4
2023-11-23,667055.7
2023-11-24,600037.3
2023-11-25,536963.1
2023-11-26,479307.2
2023-11-27,428961.5
2023-11-28,473623.2
2023-11-29,526320.3
2023-11-30,615870.8
2023-12-01,715119.3
2023-12-02,705881.4
2023-12-03,697133.2
2023-12-04,689004.1
2023-12-05,666540.3
2023-12-06,644988.7
2023-12-07,629828.4
2023-12-08,618159.8
2023-12-09,607732.7
2023-12-10,599308.4
2023-12-11,594484.2
2023-12-12,627809.4
2023-12-13,662608.9
2023-12-14,642603.3
2023-12-15,626780.4
2023-12-16,642130.9
2023-12-17,658157.3
2023-12-18,674831.6
2023-12-19,663205.7
2023-12-20,655226.3
2023-12-21,757645.2
2023-12-22,863972.9
2023-12-23,852523.2
2023-12-24,841139.5
2023-12-25,829804.8
2023-12-26,818529.6
2023-12-27,822143.3
2023-12-28,826056.6
2023-12-29,816461.2
2023-12-30,807054.2
2023-12-31,797862.3
2024-01-01,788866.1
2024-01-02,780116.0
2024-01-03,771610.6
2024-01-04,762502.5
2024-01-05,756235.8
2024-01-06,752723.5
2024-01-07,749526.1
2024-01-08,746700.2
2024-01-09,734821.5
2024-01-10,724122.2
2024-01-11,684121.9
2024-01-12,648189.6
2024-01-13,668340.8
2024-01-14,689805.9
2024-01-15,712612.4
2024-01-16,736525.3
2024-01-17,761174.3
2024-01-18,833709.2
2024-01-19,907489.1
2024-01-20,801150.2
2024-01-21,698289.1
2024-01-22,602509.4
2024-01-23,603603.9
2024-01-24,605069.7
2024-01-25,606894.9
2024-01-26,609146.9
2024-01-27,611868.0
2024-01-28,615062.6
2024-01-29,618692.0
2024-01-30,649828.9
2024-01-31,688072.2
2024-02-01,698060.0
2024-02-02,709192.7
2024-02-03,624552.1
2024-02-04,544582.7
2024-02-05,471534.6
2024-02-06,386410.9
2024-02-07,322406.4
2024-02-08,463100.6
2024-02-09,655132.8
2024-02-10,651991.4
2024-02-11,649294.3
2024-02-12,646948.8
2024-02-13,641253.3
2024-02-14,639639.6
2024-02-15,668070.2
2024-02-16,701453.8
2024-02-17,635987.4
2024-02-18,574542.6
2024-02-19,519011.1
2024-02-20,470498.5
2024-02-21,512594.5
2024-02-22,561743.1
2024-02-23,618795.8
2024-02-24,575827.2
2024-02-25,538890.5
2024-02-26,507425.8
2024-02-27,654111.3
2024-02-28,818849.1
2024-02-29,816042.6
2024-03-01,813545.3
2024-03-02,811315.6
2024-03-03,809367.8
2024-03-04,807719.8
2024-03-05,746873.1
2024-03-06,687563.2
2024-03-07,631115.0
2024-03-08,579066.9
2024-03-09,638820.6
2024-03-10,705494.7
2024-03-11,775790.3
2024-03-12,687617.2
2024-03-13,609049.5
2024-03-14,611760.3
2024-03-15,619108.6
2024-03-16,691824.3
2024-03-17,767755.2
2024-03-18,845507.1
2024-03-19,763689.1
2024-03-20,692489.3
2024-03-21,627629.5
2024-03-22,918216.8
2024-03-23,847462.6
2024-03-24,789256.0
2024-03-25,744776.9
2024-03-26,762231.5
2024-03-27,742231.5
2024-03-28,734446.9
2024-03-29,727730.2
2024-03-30,759378.6
2024-03-31,792991.9
2024-04-01,830292.0
2024-04-02,782890.4
2024-04-03,740180.8
2024-04-04,729283.9
2024-04-05,722903.1
2024-04-06,731080.0
2024-04-07,741878.7
2024-04-08,754195.0
2024-04-09,750206.7
2024-04-10,613724.9
2024-04-11,496141.0
2024-04-12,742364.1
2024-04-13,743221.8
2024-04-14,754174.3
2024-04-15,770849.6
2024-04-16,612643.4
2024-04-17,502711.0
2024-04-18,619036.6
2024-04-19,655134.8
2024-04-20,575310.6
2024-04-21,503643.6
2024-04-22,446123.1
2024-04-23,397926.1
2024-04-24,406509.8
2024-04-25,476427.5
2024-04-26,490958.5
2024-04-27,508584.4
2024-04-28,528526.5
2024-04-29,550413.0
2024-04-30,483209.4
2024-05-01,433342.3
2024-05-02,512409.0
2024-05-03,606252.3
2024-05-04,565976.3
2024-05-05,528528.7
2024-05-06,494103.3
2024-05-07,463214.8
2024-05-08,670535.0
2024-05-09,651648.9
2024-05-10,636352.5
2024-05-11,624684.1
2024-05-12,618154.2
2024-05-13,616498.0
2024-05-14,627313.0
2024-05-15,646389.8
2024-05-16,712455.6
2024-05-17,787243.3
2024-05-18,725423.1
2024-05-19,668461.9
2024-05-20,615423.1
2024-05-21,689121.2
2024-05-22,772730.1
2024-05-23,646953.1
2024-05-24,624609.3
2024-05-25,614474.4
2024-05-26,605847.5
2024-05-27,598725.7
2024-05-28,593484.7
2024-05-29,616399.3
2024-05-30,682149.3
2024-05-31,759104.7
2024-06-01,668683.5
2024-06-02,586685.6
2024-06-03,515229.3
2024-06-04,512281.6
2024-06-05,526646.9
2024-06-06,451830.8
2024-06-07,395869.0
2024-06-08,491041.8
2024-06-09,603507.9
2024-06-10,733440.3
2024-06-11,671096.5
2024-06-12,612728.6
2024-06-13,619388.8
2024-06-14,626455.6
2024-06-15,633772.2
2024-06-16,641403.1
2024-06-17,649441.0
2024-06-18,642183.4
2024-06-19,635855.2
2024-06-20,631098.7
2024-06-21,638062.9
2024-06-22,646069.7
2024-06-23,654726.7
2024-06-24,663801.4
2024-06-25,699225.4
2024-06-26,736341.3
2024-06-27,774864.1
2024-06-28,814611.7
2024-06-29,817594.2
2024-06-30,820745.3
2024-07-01,824078.8
2024-07-02,827588.6
2024-07-03,831279.1
2024-07-04,835160.6
2024-07-05,839252.6
2024-07-06,843565.5
2024-07-07,848117.6
2024-07-08,852924.7
2024-07-09,857997.4
2024-07-10,863320.9
2024-07-11,838771.0
2024-07-12,814345.4
2024-07-13,790052.3
2024-07-14,765878.5
2024-07-15,741822.6
2024-07-16,717878.4
2024-07-17,694046.6
2024-07-18,670351.6
2024-07-19,646808.0
2024-07-20,623456.2
2024-07-21,600309.8
2024-07-22,577373.5
2024-07-23,554739.3
2024-07-24,532496.6
2024-07-25,510818.4
2024-07-26,489826.3
2024-07-27,469772.9
2024-07-28,450725.6
2024-07-29,432562.7
2024-07-30,415248.8
2024-07-31,398833.9
2024-08-01,383359.1
2024-08-02,368810.4
2024-08-03,409466.0
2024-08-04,456152.2
2024-08-05,506550.0
2024-08-06,369060.2
2024-08-07,271692.8
2024-08-08,326789.2
2024-08-09,398724.8
2024-08-10,400626.8
2024-08-11,407173.1
2024-08-12,418257.3
2024-08-13,403637.1
2024-08-14,399092.4
2024-08-15,413510.1
2024-08-16,433248.9
2024-08-17,451660.5
2024-08-18,473586.5
2024-08-19,498504.8
2024-08-20,469386.1
2024-08-21,446026.9
2024-08-22,438415.1
2024-08-23,434785.0
2024-08-24,447678.3
2024-08-25,464364.3
2024-08-26,483773.0
2024-08-27,421929.1
2024-08-28,375339.9
2024-08-29,400824.0
2024-08-30,438193.1
2024-08-31,415205.6
2024-09-01,394726.6
2024-09-02,377597.2
2024-09-03,364068.3
2024-09-04,381495.0
2024-09-05,405441.6
2024-09-06,434777.3
2024-09-07,437420.3
2024-09-08,441462.0
2024-09-09,447243.4
2024-09-10,455008.2
2024-09-11,472708.1
2024-09-12,508454.4
2024-09-13,481219.5
2024-09-14,459584.0
2024-09-15,443839.8
2024-09-16,435938.6
2024-09-17,418218.3
2024-09-18,412122.5
2024-09-19,416313.2
2024-09-20,433585.9
2024-09-21,453661.2
2024-09-22,479165.6
2024-09-23,509106.1
2024-09-24,449222.9
2024-09-25,399996.7
2024-09-26,467907.3
2024-09-27,548261.1
2024-09-28,506945.7
2024-09-29,467881.0
2024-09-30,432708.1
2024-10-01,497985.0
2024-10-02,572123.8
2024-10-03,464659.5
2024-10-04,378943.2
2024-10-05,364310.2
2024-10-06,356325.6
2024-10-07,354067.3
2024-10-08,346013.7
2024-10-09,349156.6
2024-10-10,376811.5
2024-10-11,418491.9
2024-10-12,397965.6
2024-10-13,378954.4
2024-10-14,361410.3
2024-10-15,345271.3
2024-10-16,330914.9
2024-10-17,378571.9
2024-10-18,440092.1
2024-10-19,441926.8
2024-10-20,449103.8
2024-10-21,459990.4
2024-10-22,393314.7
2024-10-23,347422.9
2024-10-24,404370.9
2024-10-25,484064.6
2024-10-26,465529.6
2024-10-27,452234.9
2024-10-28,443860.7
2024-10-29,468492.3
2024-10-30,498238.3
2024-10-31,532938.5
2024-11-01,572511.5
2024-11-02,535369.7
2024-11-03,504461.4
2024-11-04,479251.8
2024-11-05,433057.9
2024-11-06,394777.3
2024-11-07,411700.2
2024-11-08,441509.4
2024-11-09,394850.1
2024-11-10,355540.7
2024-11-11,323416.8
2024-11-12,298202.8
2024-11-13,336056.5
2024-11-14,389502.3
2024-11-15,458914.5
2024-11-16,470191.8
2024-11-17,486023.3
2024-11-18,505448.2
2024-11-19,400717.9
2024-11-20,323713.2
2024-11-21,409123.7
2024-11-22,512380.2
2024-11-23,484838.9
2024-11-24,463728.7
2024-11-25,448456.5
2024-11-26,507226.0
2024-11-27,579125.8
2024-11-28,557389.0
2024-11-29,536565.5
2024-11-30,517179.4
2024-12-01,499480.0
2024-12-02,483315.5
2024-12-03,432849.2
2024-12-04,393909.2
2024-12-05,397012.6
2024-12-06,412409.9
2024-12-07,476798.0
2024-12-08,550880.0
2024-12-09,630157.1
2024-12-10,369731.8
2024-12-11,222468.3
2024-12-12,440515.3
2024-12-13,825535.3
2024-12-14,680802.7
2024-12-15,549584.0
2024-12-16,442418.0
2024-12-17,456115.6
2024-12-18,483258.1
2024-12-19,501803.1
2024-12-20,533020.9
2024-12-21,436124.0
2024-12-22,359954.0
2024-12-23,301137.4
2024-12-24,303510.8
2024-12-25,311109.4
2024-12-26,325502.5
2024-12-27,342264.0
2024-12-28,364451.2
2024-12-29,391761.2
2024-12-30,423653.0
2024-12-31,436942.2
2025-01-01,453577.6
2025-01-02,472769.3
2025-01-03,494458.9
2025-01-04,487982.3
2025-01-05,486197.8
2025-01-06,489137.3
2025-01-07,526649.6
2025-01-08,576490.2
2025-01-09,644694.5
2025-01-10,717754.5
2025-01-11,564032.9
2025-01-12,434684.7
2025-01-13,345737.2
2025-01-14,389317.3
2025-01-15,451556.4
2025-01-16,589512.5
2025-01-17,764440.7
2025-01-18,728571.1
2025-01-19,692843.4
2025-01-20,657440.0
2025-01-21,622690.2
2025-01-22,589613.9
2025-01-23,559375.8
2025-01-24,532692.2
2025-01-25,515380.9
2025-01-26,502814.3
2025-01-27,494819.9
2025-01-28,593497.4
2025-01-29,701014.9
2025-01-30,647224.6
2025-01-31,600420.1
2025-02-01,608934.3
2025-02-02,620555.0
2025-02-03,636849.3
2025-02-04,650526.3
2025-02-05,670218.1
2025-02-06,703093.1
2025-02-07,747208.8
2025-02-08,652118.9
2025-02-09,560626.8
2025-02-10,478343.9
2025-02-11,410177.2
2025-02-12,462614.5
2025-02-13,528129.9
2025-02-14,604433.4
2025-02-15,583072.9
2025-02-16,564102.3
2025-02-17,548135.0
2025-02-18,535048.7
2025-02-19,549900.8
2025-02-20,571413.7
2025-02-21,600133.2
2025-02-22,538601.6
2025-02-23,484454.1
2025-02-24,439722.5
2025-02-25,460956.2
2025-02-26,493812.2
2025-02-27,535295.0
2025-02-28,551704.2
2025-03-01,531463.8
2025-03-02,518100.2
2025-03-03,511881.8
2025-03-04,525917.3
2025-03-05,543520.3
2025-03-06,564938.1
2025-03-07,589287.5
2025-03-08,592816.8
2025-03-09,600212.0
2025-03-10,611139.6
2025-03-11,552339.0
2025-03-12,511710.6
2025-03-13,622544.9
2025-03-14,565594.8
2025-03-15,516119.6
2025-03-16,474579.4
2025-03-17,440484.9
2025-03-18,567078.3
2025-03-19,749014.3
2025-03-20,649730.2
2025-03-21,567926.4
2025-03-22,561931.9
2025-03-23,561499.5
2025-03-24,565755.1
2025-03-25,634485.2
2025-03-26,718690.7
2025-03-27,644728.8
2025-03-28,587770.5
2025-03-29,604749.4
2025-03-30,624065.4
2025-03-31,645388.6
2025-04-01,668461.7
2025-04-02,692641.1
2025-04-03,717850.2
2025-04-04,717850.2
2025-04-05,717850.2
2025-04-06,717850.2
2025-04-07,717850.2
2025-04-08,717850.2
2025-04-09,717850.2
2025-04-10,717850.2
