2012-01-01,0.0
2012-01-02,0.0
2012-01-03,4327257.2
2012-01-04,4198037.9
2012-01-05,4440717.0
2012-01-06,4409592.0
2012-01-07,4376199.7
2012-01-08,4342807.4
2012-01-09,4309415.1
2012-01-10,4314253.3
2012-01-11,4319091.5
2012-01-12,4265858.9
2012-01-13,4261344.2
2012-01-14,4253668.5
2012-01-15,4245992.9
2012-01-16,4238317.3
2012-01-17,4230641.6
2012-01-18,4433795.9
2012-01-19,4167316.1
2012-01-20,4219885.0
2012-01-21,4297027.7
2012-01-22,4300351.0
2012-01-23,4303674.4
2012-01-24,4306997.8
2012-01-25,4308070.6
2012-01-26,4332968.3
2012-01-27,4465642.1
2012-01-28,4501694.7
2012-01-29,4362577.8
2012-01-30,4204010.7
2012-01-31,4328358.5
2012-02-01,4506052.3
2012-02-02,4490527.8
2012-02-03,4720443.2
2012-02-04,4736998.2
2012-02-05,4481911.8
2012-02-06,4433332.7
2012-02-07,4366502.8
2012-02-08,4311947.9
2012-02-09,4478205.1
2012-02-10,4506301.5
2012-02-11,4214859.7
2012-02-12,4284106.9
2012-02-13,4385939.8
2012-02-14,4321586.5
2012-02-15,4437256.7
2012-02-16,4471108.2
2012-02-17,4504959.7
2012-02-18,4478438.4
2012-02-19,4589817.8
2012-02-20,4266388.2
2012-02-21,4281929.0
2012-02-22,4297469.9
2012-02-23,4255214.6
2012-02-24,4212959.4
2012-02-25,4399804.9
2012-02-26,4261826.6
2012-02-27,4299436.7
2012-02-28,4337046.8
2012-02-29,4374656.9
2012-03-01,4412267.0
2012-03-02,4436624.5
2012-03-03,4268184.1
2012-03-04,4427116.4
2012-03-05,4146180.7
2012-03-06,4134451.6
2012-03-07,4189318.7
2012-03-08,4199318.4
2012-03-09,4209318.1
2012-03-10,4214886.4
2012-03-11,4174173.9
2012-03-12,4303355.3
2012-03-13,4432536.8
2012-03-14,4162205.1
2012-03-15,4205869.9
2012-03-16,4235440.2
2012-03-17,4265010.4
2012-03-18,4286096.3
2012-03-19,4307182.1
2012-03-20,4337877.4
2012-03-21,4368572.8
2012-03-22,4399268.1
2012-03-23,4442460.9
2012-03-24,4282678.0
2012-03-25,4122895.0
2012-03-26,4049910.3
2012-03-27,4132376.1
2012-03-28,4083261.0
2012-03-29,4369993.7
2012-03-30,4392030.8
2012-03-31,4414819.1
2012-04-01,4429035.6
2012-04-02,4443252.0
2012-04-03,4474378.4
2012-04-04,4471136.0
2012-04-05,4467893.6
2012-04-06,4419411.0
2012-04-07,4314538.0
2012-04-08,4209664.9
2012-04-09,4104791.9
2012-04-10,4267828.5
2012-04-11,4308333.8
2012-04-12,4306936.0
2012-04-13,4278165.0
2012-04-14,4247227.7
2012-04-15,4216290.3
2012-04-16,4185353.0
2012-04-17,4154415.7
2012-04-18,4259014.6
2012-04-19,4401418.0
2012-04-20,4434648.7
2012-04-21,4381228.7
2012-04-22,4327808.6
2012-04-23,4274388.6
2012-04-24,4220968.5
2012-04-25,4123456.8
2012-04-26,4229496.4
2012-04-27,4332295.7
2012-04-28,4284573.1
2012-04-29,4236850.6
2012-04-30,4189128.0
2012-05-01,4422263.4
2012-05-02,4351278.8
2012-05-03,4280294.3
2012-05-04,4317002.8
2012-05-05,4277504.1
2012-05-06,4238005.4
2012-05-07,4198506.7
2012-05-08,4224169.6
2012-05-09,4053246.0
2012-05-10,3986541.6
2012-05-11,4068758.5
2012-05-12,4074336.9
2012-05-13,4079915.3
2012-05-14,4085493.7
2012-05-15,4156186.6
2012-05-16,4170736.8
2012-05-17,4184519.7
2012-05-18,4115437.2
2012-05-19,4026696.5
2012-05-20,4009465.0
2012-05-21,3995540.5
2012-05-22,4034638.1
2012-05-23,4181137.4
2012-05-24,4207079.5
2012-05-25,4146758.3
2012-05-26,4081794.8
2012-05-27,4016831.3
2012-05-28,3951867.8
2012-05-29,3886904.3
2012-05-30,3939544.0
2012-05-31,3992445.5
2012-06-01,4179874.3
2012-06-02,4085420.3
2012-06-03,3990966.3
2012-06-04,3896512.3
2012-06-05,4139310.7
2012-06-06,4131147.9
2012-06-07,4002451.1
2012-06-08,3873754.3
2012-06-09,3826385.5
2012-06-10,3779016.8
2012-06-11,3731648.0
2012-06-12,3684279.2
2012-06-13,3676415.3
2012-06-14,3786693.0
2012-06-15,3896970.8
2012-06-16,3840331.3
2012-06-17,3783691.7
2012-06-18,3727052.2
2012-06-19,3792322.4
2012-06-20,3857592.5
2012-06-21,3778854.6
2012-06-22,3700116.6
2012-06-23,3616231.8
2012-06-24,3532347.1
2012-06-25,3448462.4
2012-06-26,3384481.0
2012-06-27,3404532.4
2012-06-28,3741580.4
2012-06-29,3699686.5
2012-06-30,3648299.2
2012-07-01,3596911.8
2012-07-02,3545524.5
2012-07-03,3494137.2
2012-07-04,3494855.2
2012-07-05,3495573.3
2012-07-06,3496296.2
2012-07-07,3485863.1
2012-07-08,3475435.0
2012-07-09,3465006.8
2012-07-10,3429803.0
2012-07-11,3549387.6
2012-07-12,3668972.1
2012-07-13,3660026.3
2012-07-14,3659089.0
2012-07-15,3658151.7
2012-07-16,3657214.5
2012-07-17,3656277.2
2012-07-18,3624555.9
2012-07-19,3598234.3
2012-07-20,3571912.6
2012-07-21,3473150.0
2012-07-22,3374387.3
2012-07-23,3275624.7
2012-07-24,3578908.9
2012-07-25,3530277.0
2012-07-26,3483020.1
2012-07-27,3435763.1
2012-07-28,3442058.9
2012-07-29,3448354.6
2012-07-30,3454650.4
2012-07-31,3460946.2
2012-08-01,3237725.7
2012-08-02,3348488.7
2012-08-03,3459251.7
2012-08-04,3328223.9
2012-08-05,3197196.2
2012-08-06,3066168.4
2012-08-07,3130081.1
2012-08-08,3193993.7
2012-08-09,3498806.8
2012-08-10,3409968.1
2012-08-11,3320125.1
2012-08-12,3230282.1
2012-08-13,3140439.1
2012-08-14,3340246.2
2012-08-15,3535490.6
2012-08-16,3486516.1
2012-08-17,3513329.9
2012-08-18,3382874.6
2012-08-19,3252419.4
2012-08-20,3121964.2
2012-08-21,3276503.9
2012-08-22,3431043.7
2012-08-23,3497473.3
2012-08-24,3563040.9
2012-08-25,3561934.7
2012-08-26,3560828.6
2012-08-27,3559722.4
2012-08-28,3558616.3
2012-08-29,3557510.1
2012-08-30,3556403.9
2012-08-31,3555297.8
2012-09-01,3554191.6
2012-09-02,3553085.5
2012-09-03,3551979.3
2012-09-04,3550873.2
2012-09-05,3549767.0
2012-09-06,3548660.8
2012-09-07,3547554.7
2012-09-08,3546448.5
2012-09-09,3545342.4
2012-09-10,3544236.2
2012-09-11,3650879.5
2012-09-12,3757522.7
2012-09-13,3864165.9
2012-09-14,3785281.5
2012-09-15,3728906.5
2012-09-16,3672531.5
2012-09-17,3616156.4
2012-09-18,3559781.4
2012-09-19,3695765.6
2012-09-20,3831749.9
2012-09-21,3766066.1
2012-09-22,3700382.3
2012-09-23,3634698.4
2012-09-24,3569014.6
2012-09-25,3611651.6
2012-09-26,3654288.6
2012-09-27,3631780.8
2012-09-28,3609272.9
2012-09-29,3615069.5
2012-09-30,3620866.2
2012-10-01,3626662.9
2012-10-02,3626326.6
2012-10-03,3534123.6
2012-10-04,3539270.8
2012-10-05,3544418.1
2012-10-06,3562252.0
2012-10-07,3580086.0
2012-10-08,3597920.0
2012-10-09,3615754.0
2012-10-10,3633588.0
2012-10-11,3651421.9
2012-10-12,3575965.3
2012-10-13,3579312.6
2012-10-14,3582659.9
2012-10-15,3586007.2
2012-10-16,3589354.6
2012-10-17,3561744.9
2012-10-18,3534135.2
2012-10-19,3542145.6
2012-10-20,3549053.5
2012-10-21,3555961.5
2012-10-22,3562869.4
2012-10-23,3569777.4
2012-10-24,3576685.3
2012-10-25,3529437.5
2012-10-26,3482189.6
2012-10-27,3580790.3
2012-10-28,3679390.9
2012-10-29,3777991.5
2012-10-30,3876592.2
2012-10-31,3726166.7
2012-11-01,3575741.3
2012-11-02,3450177.6
2012-11-03,3502004.1
2012-11-04,3553830.5
2012-11-05,3605657.0
2012-11-06,3605144.9
2012-11-07,3604390.1
2012-11-08,3584923.3
2012-11-09,3565456.5
2012-11-10,3549621.4
2012-11-11,3533786.2
2012-11-12,3517951.1
2012-11-13,3502115.9
2012-11-14,3486280.7
2012-11-15,3539495.4
2012-11-16,3591973.7
2012-11-17,3634737.5
2012-11-18,3677501.3
2012-11-19,3720265.1
2012-11-20,3676171.4
2012-11-21,3632077.7
2012-11-22,3641247.8
2012-11-23,3650418.0
2012-11-24,3659588.2
2012-11-25,3668758.3
2012-11-26,3677928.5
2012-11-27,3633212.3
2012-11-28,3586321.0
2012-11-29,3599935.1
2012-11-30,3613549.3
2012-12-01,3633977.8
2012-12-02,3654406.4
2012-12-03,3674834.9
2012-12-04,3675879.5
2012-12-05,3741793.9
2012-12-06,3659326.4
2012-12-07,3576858.9
2012-12-08,3569504.4
2012-12-09,3562149.9
2012-12-10,3554795.3
2012-12-11,3547440.8
2012-12-12,3558603.4
2012-12-13,3568927.8
2012-12-14,3579252.2
2012-12-15,3605315.8
2012-12-16,3631379.5
2012-12-17,3657443.1
2012-12-18,3683506.7
2012-12-19,3658758.1
2012-12-20,3617891.5
2012-12-21,3577025.0
2012-12-22,3566509.2
2012-12-23,3555993.5
2012-12-24,3545477.8
2012-12-25,3534962.0
2012-12-26,3524446.3
2012-12-27,3538131.1
2012-12-28,3551815.9
2012-12-29,3565500.7
2012-12-30,3579185.5
2012-12-31,3592870.3
2013-01-01,3606555.1
2013-01-02,3620239.9
2013-01-03,3608042.0
2013-01-04,3597145.7
2013-01-05,3628810.0
2013-01-06,3660474.3
2013-01-07,3692138.6
2013-01-08,3693599.4
2013-01-09,3725630.7
2013-01-10,3757662.0
2013-01-11,3789693.3
2013-01-12,3821724.7
2013-01-13,3853756.0
2013-01-14,3885787.3
2013-01-15,3917818.6
2013-01-16,3949849.9
2013-01-17,3763118.0
2013-01-18,3929023.8
2013-01-19,3934781.2
2013-01-20,3940538.6
2013-01-21,3946296.0
2013-01-22,3952053.4
2013-01-23,3910300.7
2013-01-24,3869314.9
2013-01-25,3973418.7
2013-01-26,3967220.0
2013-01-27,3961021.3
2013-01-28,3954822.6
2013-01-29,3974341.7
2013-01-30,3993860.9
2013-01-31,4013380.0
2013-02-01,4021786.0
2013-02-02,4006260.9
2013-02-03,3990735.8
2013-02-04,3975210.7
2013-02-05,4022021.7
2013-02-06,4154082.2
2013-02-07,4031351.2
2013-02-08,4018943.1
2013-02-09,4045171.9
2013-02-10,4071400.6
2013-02-11,4097629.4
2013-02-12,4123858.2
2013-02-13,4150087.0
2013-02-14,4060790.2
2013-02-15,4075420.8
2013-02-16,4049128.5
2013-02-17,4022836.3
2013-02-18,3996544.0
2013-02-19,3970251.8
2013-02-20,4041322.0
2013-02-21,4052001.2
2013-02-22,4062680.4
2013-02-23,4073359.6
2013-02-24,4084038.8
2013-02-25,4094718.0
2013-02-26,4105397.2
2013-02-27,4160385.7
2013-02-28,4103023.8
2013-03-01,4149818.9
2013-03-02,4105767.3
2013-03-03,4061715.7
2013-03-04,4017664.1
2013-03-05,3973612.5
2013-03-06,4059732.7
2013-03-07,4040396.8
2013-03-08,4021060.9
2013-03-09,4019807.9
2013-03-10,4018555.0
2013-03-11,4017302.1
2013-03-12,4113515.3
2013-03-13,4018237.1
2013-03-14,4020596.7
2013-03-15,4024705.4
2013-03-16,4030821.0
2013-03-17,4036936.7
2013-03-18,4043052.4
2013-03-19,4049168.1
2013-03-20,4170558.6
2013-03-21,4107176.1
2013-03-22,4043793.6
2013-03-23,4007770.4
2013-03-24,3971747.1
2013-03-25,3935723.9
2013-03-26,3899700.6
2013-03-27,3863677.4
2013-03-28,3811367.9
2013-03-29,3759058.4
2013-03-30,3733164.8
2013-03-31,3707271.2
2013-04-01,3681377.6
2013-04-02,3682258.4
2013-04-03,3677531.3
2013-04-04,3672804.2
2013-04-05,3668077.1
2013-04-06,3712268.4
2013-04-07,3756459.8
2013-04-08,3800651.1
2013-04-09,3844842.4
2013-04-10,3889033.7
2013-04-11,3902821.9
2013-04-12,3916610.2
2013-04-13,3926801.5
2013-04-14,3936992.9
2013-04-15,3947184.3
2013-04-16,3957375.6
2013-04-17,3967567.0
2013-04-18,3977758.4
2013-04-19,3987949.7
2013-04-20,3998141.1
2013-04-21,4008332.5
2013-04-22,4018523.8
2013-04-23,4071554.3
2013-04-24,4124584.8
2013-04-25,4177615.2
2013-04-26,3715283.1
2013-04-27,3724241.8
2013-04-28,3733200.4
2013-04-29,3742159.0
2013-04-30,3948962.2
2013-05-01,3932236.2
2013-05-02,3915510.2
2013-05-03,3914925.9
2013-05-04,3911052.1
2013-05-05,3907178.4
2013-05-06,3903304.6
2013-05-07,4070878.4
2013-05-08,4238452.1
2013-05-09,3916909.1
2013-05-10,3948293.2
2013-05-11,3979677.2
2013-05-12,4011061.3
2013-05-13,4042445.4
2013-05-14,4073829.5
2013-05-15,4345853.1
2013-05-16,4380370.2
2013-05-17,4103564.5
2013-05-18,4187672.4
2013-05-19,4271780.3
2013-05-20,4355888.2
2013-05-21,4473284.5
2013-05-22,4198568.0
2013-05-23,4153967.8
2013-05-24,4352571.6
2013-05-25,4330578.7
2013-05-26,4308585.8
2013-05-27,4286592.9
2013-05-28,4264600.1
2013-05-29,4180742.5
2013-05-30,4233102.4
2013-05-31,4271121.1
2013-06-01,4265015.5
2013-06-02,4258909.9
2013-06-03,4252804.3
2013-06-04,4296780.6
2013-06-05,4249177.4
2013-06-06,4129772.3
2013-06-07,3952189.4
2013-06-08,4045598.0
2013-06-09,4149130.2
2013-06-10,4252662.3
2013-06-11,4344602.4
2013-06-12,4472139.4
2013-06-13,4404865.3
2013-06-14,4101218.4
2013-06-15,4159615.5
2013-06-16,4218012.5
2013-06-17,4206707.0
2013-06-18,4082106.6
2013-06-19,4225336.3
2013-06-20,4394728.4
2013-06-21,4209425.9
2013-06-22,3760233.0
2013-06-23,3760198.3
2013-06-24,3760163.7
2013-06-25,3738623.2
2013-06-26,4142357.0
2013-06-27,4031968.7
2013-06-28,4188627.0
2013-06-29,3985569.1
2013-06-30,3782511.2
2013-07-01,3835710.4
2013-07-02,3888909.6
2013-07-03,4223871.6
2013-07-04,4133436.1
2013-07-05,4043000.6
2013-07-06,3946244.5
2013-07-07,3849488.4
2013-07-08,3752732.4
2013-07-09,3717494.3
2013-07-10,3821963.6
2013-07-11,3801457.1
2013-07-12,3853154.7
2013-07-13,3930172.8
2013-07-14,3774226.9
2013-07-15,3618281.0
2013-07-16,3764538.9
2013-07-17,3885797.1
2013-07-18,3857948.1
2013-07-19,3854369.1
2013-07-20,3671497.2
2013-07-21,3488625.3
2013-07-22,3473688.0
2013-07-23,3774379.0
2013-07-24,3600588.4
2013-07-25,3666966.6
2013-07-26,3736540.0
2013-07-27,3650056.9
2013-07-28,3563573.7
2013-07-29,3477090.6
2013-07-30,3894269.6
2013-07-31,3832909.5
2013-08-01,3632046.4
2013-08-02,3736704.1
2013-08-03,3721067.9
2013-08-04,3705431.7
2013-08-05,3689795.5
2013-08-06,3674159.4
2013-08-07,3667769.7
2013-08-08,3856539.2
2013-08-09,3850745.1
2013-08-10,3738446.4
2013-08-11,3626147.8
2013-08-12,3513849.2
2013-08-13,3661759.7
2013-08-14,3904320.9
2013-08-15,3580837.2
2013-08-16,3546011.2
2013-08-17,3511201.2
2013-08-18,3476391.2
2013-08-19,3441581.2
2013-08-20,3861737.3
2013-08-21,3511441.8
2013-08-22,3479745.7
2013-08-23,3402934.3
2013-08-24,3442967.0
2013-08-25,3482999.7
2013-08-26,3523032.4
2013-08-27,3586233.2
2013-08-28,3582486.2
2013-08-29,3923776.7
2013-08-30,3938818.5
2013-08-31,3855616.0
2013-09-01,3772413.4
2013-09-02,3689210.8
2013-09-03,3606250.2
2013-09-04,3863721.9
2013-09-05,3857979.3
2013-09-06,3974920.1
2013-09-07,3880129.0
2013-09-08,3785337.9
2013-09-09,3690547.5
2013-09-10,3800788.2
2013-09-11,3552273.8
2013-09-12,3562658.7
2013-09-13,3811252.6
2013-09-14,3699123.1
2013-09-15,3586993.7
2013-09-16,3474866.7
2013-09-17,3462322.5
2013-09-18,3450298.6
2013-09-19,3441035.4
2013-09-20,3469656.4
2013-09-21,3498277.4
2013-09-22,3526898.4
2013-09-23,3555519.4
2013-09-24,3811939.6
2013-09-25,3601611.1
2013-09-26,3737008.3
2013-09-27,3455253.6
2013-09-28,3567337.7
2013-09-29,3679441.3
2013-09-30,3791544.9
2013-10-01,3903648.4
2013-10-02,3896302.6
2013-10-03,3888956.7
2013-10-04,3881610.8
2013-10-05,3874265.0
2013-10-06,3866919.1
2013-10-07,3859573.2
2013-10-08,3852227.4
2013-10-09,3691323.2
2013-10-10,3530419.0
2013-10-11,3516508.2
2013-10-12,3504701.4
2013-10-13,3492894.6
2013-10-14,3481087.8
2013-10-15,3469281.0
2013-10-16,3457474.2
2013-10-17,3518292.5
2013-10-18,3579110.8
2013-10-19,3533111.5
2013-10-20,3487112.1
2013-10-21,3441112.8
2013-10-22,3661096.2
2013-10-23,3881079.6
2013-10-24,3696317.1
2013-10-25,3511554.5
2013-10-26,3493633.4
2013-10-27,3475712.3
2013-10-28,3457791.2
2013-10-29,3469391.0
2013-10-30,3480990.9
2013-10-31,3640294.7
2013-11-01,3799598.5
2013-11-02,3676678.4
2013-11-03,3553758.3
2013-11-04,3430838.3
2013-11-05,3429970.5
2013-11-06,3440335.5
2013-11-07,3503950.7
2013-11-08,3567565.8
2013-11-09,3558743.3
2013-11-10,3549920.8
2013-11-11,3541098.3
2013-11-12,3532275.7
2013-11-13,3621936.7
2013-11-14,3711597.7
2013-11-15,3293063.6
2013-11-16,3417337.8
2013-11-17,3541612.1
2013-11-18,3665886.3
2013-11-19,3790160.5
2013-11-20,3823118.3
2013-11-21,3856076.0
2013-11-22,3889033.8
2013-11-23,3872854.1
2013-11-24,3856674.5
2013-11-25,3840494.8
2013-11-26,3826596.4
2013-11-27,3816559.8
2013-11-28,3806523.2
2013-11-29,3796486.6
2013-11-30,3786450.0
2013-12-01,3776413.4
2013-12-02,3766376.8
2013-12-03,3774130.2
2013-12-04,3849630.4
2013-12-05,3834022.9
2013-12-06,3818415.4
2013-12-07,3802807.9
2013-12-08,3787200.4
2013-12-09,3771592.9
2013-12-10,3755985.4
2013-12-11,3740377.9
2013-12-12,3729918.5
2013-12-13,3719459.1
2013-12-14,3754195.3
2013-12-15,3788931.4
2013-12-16,3823667.6
2013-12-17,3858403.8
2013-12-18,3844668.2
2013-12-19,3830932.7
2013-12-20,3817197.1
2013-12-21,3701442.3
2013-12-22,3585687.5
2013-12-23,3469932.7
2013-12-24,3485551.5
2013-12-25,3501170.3
2013-12-26,3516789.2
2013-12-27,3548686.6
2013-12-28,3580583.9
2013-12-29,3612481.3
2013-12-30,3644378.7
2013-12-31,3676276.0
2014-01-01,3642922.2
2014-01-02,3609568.3
2014-01-03,3576214.5
2014-01-04,3542860.6
2014-01-05,3509506.8
2014-01-06,3476153.0
2014-01-07,3442799.1
2014-01-08,3470904.4
2014-01-09,3418033.2
2014-01-10,3424564.4
2014-01-11,3431095.5
2014-01-12,3437626.7
2014-01-13,3444157.8
2014-01-14,3450689.0
2014-01-15,3447554.3
2014-01-16,3438170.4
2014-01-17,3550404.4
2014-01-18,3566790.3
2014-01-19,3583176.1
2014-01-20,3599561.9
2014-01-21,3615947.7
2014-01-22,3632333.5
2014-01-23,3529616.0
2014-01-24,3500615.6
2014-01-25,3497077.1
2014-01-26,3493538.6
2014-01-27,3490000.1
2014-01-28,3486461.7
2014-01-29,3683146.9
2014-01-30,3879832.1
2014-01-31,3918420.8
2014-02-01,3865185.9
2014-02-02,3811951.0
2014-02-03,3758716.1
2014-02-04,3749962.9
2014-02-05,3741209.6
2014-02-06,3465468.8
2014-02-07,3624985.2
2014-02-08,3681924.5
2014-02-09,3738863.7
2014-02-10,3795803.0
2014-02-11,3862479.4
2014-02-12,3929155.9
2014-02-13,3904156.8
2014-02-14,3879157.7
2014-02-15,3854158.7
2014-02-16,3829159.6
2014-02-17,3804160.6
2014-02-18,3779161.5
2014-02-19,3754162.4
2014-02-20,3729163.4
2014-02-21,3704164.3
2014-02-22,3721437.4
2014-02-23,3738710.5
2014-02-24,3755983.5
2014-02-25,3773256.6
2014-02-26,3790529.7
2014-02-27,3708628.6
2014-02-28,3722276.5
2014-03-01,3735924.4
2014-03-02,3749572.3
2014-03-03,3763220.2
2014-03-04,3776868.1
2014-03-05,3790516.0
2014-03-06,4109964.3
2014-03-07,4061697.9
2014-03-08,3940489.9
2014-03-09,3819281.9
2014-03-10,3698073.8
2014-03-11,3833242.9
2014-03-12,3968412.0
2014-03-13,3648007.2
2014-03-14,3648319.7
2014-03-15,3729429.0
2014-03-16,3810538.2
2014-03-17,3891647.5
2014-03-18,3972756.8
2014-03-19,3664458.7
2014-03-20,3580516.7
2014-03-21,3913830.1
2014-03-22,3816151.8
2014-03-23,3718473.5
2014-03-24,3620795.1
2014-03-25,3523116.8
2014-03-26,3519915.1
2014-03-27,3546641.7
2014-03-28,3573368.2
2014-03-29,3600094.7
2014-03-30,3626821.2
2014-03-31,3653547.7
2014-04-01,3951204.0
2014-04-02,3597621.6
2014-04-03,3752701.3
2014-04-04,3907781.0
2014-04-05,3802717.1
2014-04-06,3697653.1
2014-04-07,3592589.2
2014-04-08,3594811.0
2014-04-09,3597032.9
2014-04-10,3689708.7
2014-04-11,3782384.4
2014-04-12,3810106.0
2014-04-13,3837827.5
2014-04-14,3865549.0
2014-04-15,3893270.6
2014-04-16,3920992.1
2014-04-17,3844653.4
2014-04-18,3755132.5
2014-04-19,3627201.0
2014-04-20,3499269.6
2014-04-21,3371338.1
2014-04-22,3635096.3
2014-04-23,3345675.8
2014-04-24,3356714.1
2014-04-25,3744028.0
2014-04-26,3763138.4
2014-04-27,3782248.9
2014-04-28,3801359.4
2014-04-29,3820469.8
2014-04-30,3482364.1
2014-05-01,3523628.4
2014-05-02,3377198.5
2014-05-03,3362192.1
2014-05-04,3347185.7
2014-05-05,3332179.2
2014-05-06,3237016.6
2014-05-07,3252062.2
2014-05-08,3302044.5
2014-05-09,3352026.9
2014-05-10,3402009.3
2014-05-11,3451991.7
2014-05-12,3501974.1
2014-05-13,3551956.5
2014-05-14,3351060.6
2014-05-15,3150164.6
2014-05-16,3508204.2
2014-05-17,3547933.8
2014-05-18,3587663.4
2014-05-19,3627392.9
2014-05-20,3667122.5
2014-05-21,3269943.8
2014-05-22,3270453.7
2014-05-23,3259387.9
2014-05-24,3248322.1
2014-05-25,3237256.2
2014-05-26,3226190.4
2014-05-27,3215124.6
2014-05-28,3197598.6
2014-05-29,3180072.6
2014-05-30,3220046.1
2014-05-31,3260019.7
2014-06-01,3299993.2
2014-06-02,3339966.7
2014-06-03,3379940.3
2014-06-04,3651850.5
2014-06-05,3580524.6
2014-06-06,3604087.6
2014-06-07,3600217.8
2014-06-08,3596348.1
2014-06-09,3592478.4
2014-06-10,3588608.6
2014-06-11,3584738.9
2014-06-12,3580869.2
2014-06-13,3499354.2
2014-06-14,3417839.3
2014-06-15,3336324.4
2014-06-16,3254809.4
2014-06-17,3173294.5
2014-06-18,3423825.0
2014-06-19,3482554.0
2014-06-20,3473412.1
2014-06-21,3464270.3
2014-06-22,3455128.4
2014-06-23,3445986.6
2014-06-24,3364592.0
2014-06-25,3397198.3
2014-06-26,3464042.1
2014-06-27,3521059.3
2014-06-28,3578076.5
2014-06-29,3635093.8
2014-06-30,3692111.0
2014-07-01,3749128.2
2014-07-02,3767537.1
2014-07-03,3785945.9
2014-07-04,3690479.7
2014-07-05,3595013.4
2014-07-06,3499547.1
2014-07-07,3404080.9
2014-07-08,3386613.2
2014-07-09,3847736.1
2014-07-10,3374874.6
2014-07-11,3445372.3
2014-07-12,3473772.7
2014-07-13,3502173.0
2014-07-14,3530573.4
2014-07-15,3558973.8
2014-07-16,3654741.6
2014-07-17,3750509.4
2014-07-18,3570535.0
2014-07-19,3583133.9
2014-07-20,3595732.8
2014-07-21,3608331.7
2014-07-22,3612507.8
2014-07-23,3671153.2
2014-07-24,3485081.9
2014-07-25,3825792.4
2014-07-26,3716130.4
2014-07-27,3606468.3
2014-07-28,3496806.2
2014-07-29,3730520.6
2014-07-30,3467791.8
2014-07-31,3422397.6
2014-08-01,3680059.7
2014-08-02,3584309.4
2014-08-03,3488559.2
2014-08-04,3392808.9
2014-08-05,3249801.8
2014-08-06,3200213.3
2014-08-07,3419749.2
2014-08-08,3639285.0
2014-08-09,3592761.4
2014-08-10,3546237.7
2014-08-11,3499714.1
2014-08-12,3344991.6
2014-08-13,3423181.6
2014-08-14,3501371.5
2014-08-15,3490241.6
2014-08-16,3519969.5
2014-08-17,3549797.1
2014-08-18,3579630.1
2014-08-19,4014505.4
2014-08-20,3647404.7
2014-08-21,3949233.9
2014-08-22,4057276.6
2014-08-23,3827075.8
2014-08-24,3596875.1
2014-08-25,3366674.3
2014-08-26,3806663.5
2014-08-27,3792261.5
2014-08-28,3846960.7
2014-08-29,3818268.8
2014-08-30,3789576.9
2014-08-31,3760885.0
2014-09-01,3732193.1
2014-09-02,3703501.2
2014-09-03,3713855.8
2014-09-04,3724210.3
2014-09-05,3722843.9
2014-09-06,3721477.5
2014-09-07,3720111.1
2014-09-08,3718744.6
2014-09-09,3680984.2
2014-09-10,3643223.7
2014-09-11,3605463.3
2014-09-12,3651869.7
2014-09-13,3698276.1
2014-09-14,3744682.5
2014-09-15,3791088.9
2014-09-16,3814806.7
2014-09-17,3838524.5
2014-09-18,3737501.8
2014-09-19,3636479.0
2014-09-20,3648946.3
2014-09-21,3661413.7
2014-09-22,3673881.0
2014-09-23,3686348.3
2014-09-24,3626502.1
2014-09-25,3566655.8
2014-09-26,3506809.6
2014-09-27,3610765.7
2014-09-28,3714721.9
2014-09-29,3818678.0
2014-09-30,3936885.8
2014-10-01,4061321.9
2014-10-02,4099791.5
2014-10-03,4138261.1
2014-10-04,4015731.7
2014-10-05,3893202.2
2014-10-06,3770672.7
2014-10-07,3648143.3
2014-10-08,3898643.0
2014-10-09,3881164.4
2014-10-10,3863685.8
2014-10-11,3809252.7
2014-10-12,3754819.5
2014-10-13,3700386.4
2014-10-14,3645953.3
2014-10-15,3730451.6
2014-10-16,3814950.0
2014-10-17,3899448.3
2014-10-18,3825449.3
2014-10-19,3751450.3
2014-10-20,3677451.3
2014-10-21,3688523.5
2014-10-22,3699595.6
2014-10-23,3773667.5
2014-10-24,3847739.4
2014-10-25,3790131.1
2014-10-26,3732522.7
2014-10-27,3674914.4
2014-10-28,3773974.0
2014-10-29,3873033.7
2014-10-30,3857504.9
2014-10-31,3841976.2
2014-11-01,3826447.5
2014-11-02,3810918.8
2014-11-03,3795390.1
2014-11-04,3779861.3
2014-11-05,3760851.4
2014-11-06,3741841.4
2014-11-07,3844599.5
2014-11-08,3947357.5
2014-11-09,4050115.5
2014-11-10,4152873.6
2014-11-11,4256765.0
2014-11-12,4360656.4
2014-11-13,4315080.1
2014-11-14,4269503.9
2014-11-15,4223927.6
2014-11-16,4178351.4
2014-11-17,4132775.1
2014-11-18,4087198.9
2014-11-19,4041622.6
2014-11-20,3820413.8
2014-11-21,4168189.5
2014-11-22,4217337.0
2014-11-23,4266484.6
2014-11-24,4315632.1
2014-11-25,4364779.7
2014-11-26,3964427.1
2014-11-27,4072732.7
2014-11-28,4181038.2
2014-11-29,4289343.8
2014-11-30,4397649.4
2014-12-01,4505954.9
2014-12-02,4614260.5
2014-12-03,4094037.5
2014-12-04,4436368.5
2014-12-05,4317638.4
2014-12-06,4198908.2
2014-12-07,4080178.1
2014-12-08,3961447.9
2014-12-09,3972461.8
2014-12-10,3983475.7
2014-12-11,4256235.2
2014-12-12,4528994.8
2014-12-13,4415396.2
2014-12-14,4301797.6
2014-12-15,4188199.0
2014-12-16,4195412.7
2014-12-17,4202626.4
2014-12-18,4209840.1
2014-12-19,4217053.8
2014-12-20,4224267.5
2014-12-21,4231481.2
2014-12-22,4238694.9
2014-12-23,4246245.5
2014-12-24,4216945.6
2014-12-25,4187655.0
2014-12-26,4158371.1
2014-12-27,4129092.5
2014-12-28,4099821.6
2014-12-29,4070558.2
2014-12-30,4041306.6
2014-12-31,4050589.8
2015-01-01,4059955.2
2015-01-02,4069352.4
2015-01-03,4078753.7
2015-01-04,4088157.7
2015-01-05,4097563.8
2015-01-06,4106971.7
2015-01-07,4116382.2
2015-01-08,4125793.2
2015-01-09,4135204.8
2015-01-10,4144616.5
2015-01-11,4154028.4
2015-01-12,4163440.3
2015-01-13,4172852.3
2015-01-14,4182264.2
2015-01-15,4191676.1
2015-01-16,4201088.0
2015-01-17,4210500.0
2015-01-18,4219911.9
2015-01-19,4229323.8
2015-01-20,4238735.8
2015-01-21,4248147.7
2015-01-22,4257559.6
2015-01-23,4283714.2
2015-01-24,4309868.7
2015-01-25,4336023.2
2015-01-26,4362177.8
2015-01-27,4388332.3
2015-01-28,4483713.2
2015-01-29,4337746.3
2015-01-30,4191779.4
2015-01-31,4283375.1
2015-02-01,4374970.8
2015-02-02,4466566.5
2015-02-03,4558162.2
2015-02-04,4379002.6
2015-02-05,4404547.8
2015-02-06,4430093.0
2015-02-07,4409885.4
2015-02-08,4389677.9
2015-02-09,4369470.4
2015-02-10,4400887.5
2015-02-11,4432304.7
2015-02-12,4385796.4
2015-02-13,4339288.1
2015-02-14,4285433.5
2015-02-15,4231578.8
2015-02-16,4177724.2
2015-02-17,4123869.6
2015-02-18,4070014.9
2015-02-19,3972534.6
2015-02-20,3875054.3
2015-02-21,3874570.5
2015-02-22,3874086.6
2015-02-23,3873602.8
2015-02-24,4003798.3
2015-02-25,3900752.0
2015-02-26,3706872.5
2015-02-27,3582631.5
2015-02-28,3556081.1
2015-03-01,3529530.8
2015-03-02,3502980.4
2015-03-03,3476430.1
2015-03-04,3473849.9
2015-03-05,3471269.7
2015-03-06,3468689.6
2015-03-07,3466109.4
2015-03-08,3463529.2
2015-03-09,3460949.0
2015-03-10,3458368.9
2015-03-11,3455788.7
2015-03-12,3453208.5
2015-03-13,3450628.4
2015-03-14,3448048.2
2015-03-15,3445468.0
2015-03-16,3442887.8
2015-03-17,3563047.7
2015-03-18,3683207.5
2015-03-19,3626658.8
2015-03-20,3570110.1
2015-03-21,3616862.0
2015-03-22,3663614.0
2015-03-23,3710365.9
2015-03-24,3763672.3
2015-03-25,3816978.7
2015-03-26,3870285.1
2015-03-27,3923591.5
2015-03-28,3979451.8
2015-03-29,4035312.1
2015-03-30,4091172.5
2015-03-31,3986441.8
2015-04-01,3861635.3
2015-04-02,3944816.5
2015-04-03,4028006.8
2015-04-04,4016050.6
2015-04-05,4004094.5
2015-04-06,3992138.4
2015-04-07,3980182.2
2015-04-08,3968226.1
2015-04-09,4007030.1
2015-04-10,4045834.0
2015-04-11,4084638.0
2015-04-12,4027411.6
2015-04-13,3970185.2
2015-04-14,3912958.8
2015-04-15,3982897.8
2015-04-16,4052836.8
2015-04-17,3952774.9
2015-04-18,4018286.4
2015-04-19,4083797.8
2015-04-20,4131345.0
2015-04-21,4040318.1
2015-04-22,4012289.1
2015-04-23,4156264.4
2015-04-24,4175070.8
2015-04-25,4178319.4
2015-04-26,4140667.0
2015-04-27,4103027.2
2015-04-28,4065387.5
2015-04-29,4000967.9
2015-04-30,4073276.2
2015-05-01,4025580.0
2015-05-02,4252147.9
2015-05-03,4257800.2
2015-05-04,4263452.5
2015-05-05,4232806.0
2015-05-06,4013394.0
2015-05-07,3983584.8
2015-05-08,4319227.7
2015-05-09,4336296.4
2015-05-10,4353365.0
2015-05-11,4370433.7
2015-05-12,4374356.6
2015-05-13,4340268.4
2015-05-14,4364360.3
2015-05-15,4283383.1
2015-05-16,4247698.0
2015-05-17,4212012.9
2015-05-18,4240755.1
2015-05-19,4403177.6
2015-05-20,4284991.4
2015-05-21,4233014.5
2015-05-22,4141286.6
2015-05-23,4047963.3
2015-05-24,3954640.1
2015-05-25,3861316.8
2015-05-26,3767993.5
2015-05-27,3866543.1
2015-05-28,3884463.8
2015-05-29,3835178.5
2015-05-30,3795923.0
2015-05-31,3756667.5
2015-06-01,3717412.1
2015-06-02,3801992.0
2015-06-03,3792606.9
2015-06-04,3744693.7
2015-06-05,3624633.2
2015-06-06,3730852.7
2015-06-07,3837072.2
2015-06-08,3943291.6
2015-06-09,3865815.4
2015-06-10,3850443.0
2015-06-11,3846084.2
2015-06-12,3867227.4
2015-06-13,3888370.7
2015-06-14,3909513.9
2015-06-15,3930657.1
2015-06-16,3951800.4
2015-06-17,3998383.7
2015-06-18,3893693.6
2015-06-19,3949205.0
2015-06-20,3905621.0
2015-06-21,3862037.0
2015-06-22,3818453.0
2015-06-23,3803626.0
2015-06-24,3841897.8
2015-06-25,3819343.4
2015-06-26,3796788.9
2015-06-27,3768073.5
2015-06-28,3739358.2
2015-06-29,3710642.8
2015-06-30,3840322.0
2015-07-01,3720772.4
2015-07-02,3667959.5
2015-07-03,3655232.8
2015-07-04,3642506.0
2015-07-05,3629779.2
2015-07-06,3617052.4
2015-07-07,3625443.6
2015-07-08,3536502.6
2015-07-09,3646650.4
2015-07-10,3649473.3
2015-07-11,3713758.3
2015-07-12,3778043.3
2015-07-13,3842328.3
2015-07-14,3690926.6
2015-07-15,3780225.8
2015-07-16,3869524.9
2015-07-17,3691664.2
2015-07-18,3729873.8
2015-07-19,3669334.4
2015-07-20,3608795.0
2015-07-21,3761552.0
2015-07-22,3770663.2
2015-07-23,3776042.6
2015-07-24,3673942.1
2015-07-25,3635148.2
2015-07-26,3596354.4
2015-07-27,3556264.4
2015-07-28,3862508.8
2015-07-29,3782231.5
2015-07-30,3500763.9
2015-07-31,3499631.3
2015-08-01,3510013.6
2015-08-02,3463652.4
2015-08-03,3417291.9
2015-08-04,3410532.5
2015-08-05,3328484.0
2015-08-06,3552707.3
2015-08-07,3378967.8
2015-08-08,3407669.1
2015-08-09,3436461.2
2015-08-10,3409443.1
2015-08-11,3650797.5
2015-08-12,3547559.3
2015-08-13,3519875.7
2015-08-14,3423093.4
2015-08-15,3358685.9
2015-08-16,3301151.5
2015-08-17,3243617.2
2015-08-18,3562601.7
2015-08-19,3393218.7
2015-08-20,3201255.0
2015-08-21,3180224.4
2015-08-22,3281793.0
2015-08-23,3383361.6
2015-08-24,3484930.2
2015-08-25,3481886.9
2015-08-26,3478843.5
2015-08-27,3197100.6
2015-08-28,3214168.2
2015-08-29,3240408.0
2015-08-30,3266647.8
2015-08-31,3292887.5
2015-09-01,3319127.3
2015-09-02,3461897.7
2015-09-03,3604668.1
2015-09-04,3606609.3
2015-09-05,3608550.5
2015-09-06,3610491.8
2015-09-07,3612433.0
2015-09-08,3614374.2
2015-09-09,3616315.4
2015-09-10,3302159.5
2015-09-11,3439562.2
2015-09-12,3453377.4
2015-09-13,3467192.6
2015-09-14,3481007.8
2015-09-15,3489037.0
2015-09-16,3497066.1
2015-09-17,3446293.6
2015-09-18,3395521.1
2015-09-19,3455808.5
2015-09-20,3516095.9
2015-09-21,3576383.3
2015-09-22,3502727.9
2015-09-23,3429072.5
2015-09-24,3355417.2
2015-09-25,3389413.1
2015-09-26,3423409.1
2015-09-27,3457405.1
2015-09-28,3491401.0
2015-09-29,3440532.8
2015-09-30,3389664.6
2015-10-01,3376830.8
2015-10-02,3355326.1
2015-10-03,3424463.6
2015-10-04,3493601.1
2015-10-05,3562738.6
2015-10-06,3468769.2
2015-10-07,3374799.8
2015-10-08,3388869.8
2015-10-09,3402939.9
2015-10-10,3409027.5
2015-10-11,3415115.0
2015-10-12,3421202.6
2015-10-13,3427290.1
2015-10-14,3433377.7
2015-10-15,3451499.5
2015-10-16,3469621.2
2015-10-17,3491700.6
2015-10-18,3513780.0
2015-10-19,3535859.4
2015-10-20,3464735.0
2015-10-21,3393874.5
2015-10-22,3391892.1
2015-10-23,3390159.6
2015-10-24,3355755.3
2015-10-25,3321359.4
2015-10-26,3286963.5
2015-10-27,3307183.9
2015-10-28,3327715.1
2015-10-29,3414294.8
2015-10-30,3418201.8
2015-10-31,3422109.0
2015-11-01,3426016.2
2015-11-02,3429923.4
2015-11-03,3433830.5
2015-11-04,3427259.8
2015-11-05,3420689.1
2015-11-06,3414118.4
2015-11-07,3439891.3
2015-11-08,3465664.3
2015-11-09,3491437.2
2015-11-10,3517210.1
2015-11-11,3452294.7
2015-11-12,3387379.3
2015-11-13,3322463.9
2015-11-14,3398402.1
2015-11-15,3474340.3
2015-11-16,3550278.5
2015-11-17,3459737.8
2015-11-18,3369197.0
2015-11-19,3385322.0
2015-11-20,3401447.1
2015-11-21,3400292.7
2015-11-22,3399138.3
2015-11-23,3397984.0
2015-11-24,3365299.3
2015-11-25,3332614.6
2015-11-26,3365554.2
2015-11-27,3398493.8
2015-11-28,3431433.3
2015-11-29,3464372.9
2015-11-30,3497312.5
2015-12-01,3553675.8
2015-12-02,3612715.4
2015-12-03,3547526.8
2015-12-04,3603896.0
2015-12-05,3564280.9
2015-12-06,3524665.8
2015-12-07,3485050.8
2015-12-08,3624297.5
2015-12-09,3575056.8
2015-12-10,3681216.7
2015-12-11,3712522.2
2015-12-12,3746753.7
2015-12-13,3780985.2
2015-12-14,3815216.8
2015-12-15,3849448.3
2015-12-16,3825172.3
2015-12-17,3800896.2
2015-12-18,3808226.2
2015-12-19,3810209.7
2015-12-20,3812193.3
2015-12-21,3814176.8
2015-12-22,3816160.4
2015-12-23,3818143.9
2015-12-24,3820127.5
2015-12-25,3822111.0
2015-12-26,3824094.6
2015-12-27,3826078.2
2015-12-28,3828061.7
2015-12-29,3683860.5
2015-12-30,3696854.6
2015-12-31,3709848.8
2016-01-01,3722842.9
2016-01-02,3735837.0
2016-01-03,3748831.2
2016-01-04,3761825.3
2016-01-05,3717404.0
2016-01-06,3960316.7
2016-01-07,3863669.9
2016-01-08,3913569.8
2016-01-09,3963469.7
2016-01-10,3982705.2
2016-01-11,4001940.8
2016-01-12,4750463.3
2016-01-13,4447731.4
2016-01-14,4197875.0
2016-01-15,4353938.5
2016-01-16,4375261.3
2016-01-17,4396596.6
2016-01-18,4427578.4
2016-01-19,4604070.6
2016-01-20,4662172.1
2016-01-21,4716503.2
2016-01-22,4770961.1
2016-01-23,4898063.0
2016-01-24,4756581.9
2016-01-25,4615137.9
2016-01-26,4985546.4
2016-01-27,4962313.0
2016-01-28,4963689.6
2016-01-29,4955496.6
2016-01-30,5043617.6
2016-01-31,5030516.8
2016-02-01,5017422.7
2016-02-02,5004361.8
2016-02-03,4991363.0
2016-02-04,5045443.1
2016-02-05,5091531.8
2016-02-06,5042361.3
2016-02-07,5054208.7
2016-02-08,5066064.9
2016-02-09,5220849.7
2016-02-10,5062217.4
2016-02-11,5155005.5
2016-02-12,5236538.1
2016-02-13,5189753.0
2016-02-14,5082807.3
2016-02-15,4975862.0
2016-02-16,4995432.9
2016-02-17,5067112.1
2016-02-18,5201757.9
2016-02-19,5053988.0
2016-02-20,5109141.6
2016-02-21,5077361.8
2016-02-22,5045581.9
2016-02-23,5013802.0
2016-02-24,4982022.1
2016-02-25,5090092.4
2016-02-26,4814798.8
2016-02-27,4809297.7
2016-02-28,4803796.5
2016-02-29,4805925.4
2016-03-01,4728584.3
2016-03-02,4417237.5
2016-03-03,4489088.1
2016-03-04,4437744.9
2016-03-05,4641906.3
2016-03-06,4712043.8
2016-03-07,4782181.4
2016-03-08,4815608.1
2016-03-09,4667354.6
2016-03-10,4519101.1
2016-03-11,4370847.6
2016-03-12,4222594.0
2016-03-13,4341069.8
2016-03-14,4459545.6
2016-03-15,4380737.2
2016-03-16,4246896.6
2016-03-17,4288268.7
2016-03-18,4329640.9
2016-03-19,4371013.1
2016-03-20,4412385.2
2016-03-21,4401075.7
2016-03-22,4407369.9
2016-03-23,4568584.0
2016-03-24,4445154.8
2016-03-25,4321734.4
2016-03-26,4419533.5
2016-03-27,4517338.9
2016-03-28,4615154.6
2016-03-29,4550772.2
2016-03-30,4621033.1
2016-03-31,4570156.7
2016-04-01,4460926.6
2016-04-02,4351829.9
2016-04-03,4244907.8
2016-04-04,4604359.5
2016-04-05,4523078.8
2016-04-06,4589303.8
2016-04-07,4656353.1
2016-04-08,4350039.4
2016-04-09,4116993.3
2016-04-10,4137930.2
2016-04-11,4160755.6
2016-04-12,4130178.1
2016-04-13,4170155.2
2016-04-14,4071081.2
2016-04-15,3811191.2
2016-04-16,3723648.3
2016-04-17,3636245.9
2016-04-18,3548923.9
2016-04-19,3892576.9
2016-04-20,3643700.5
2016-04-21,3654221.0
2016-04-22,3470029.0
2016-04-23,3454972.0
2016-04-24,3483619.0
2016-04-25,3512266.0
2016-04-26,3639778.2
2016-04-27,3522724.3
2016-04-28,3470771.7
2016-04-29,3535052.8
2016-04-30,3594385.8
2016-05-01,3530741.4
2016-05-02,3467097.0
2016-05-03,3403452.6
2016-05-04,3195899.9
2016-05-05,3174554.6
2016-05-06,2899626.5
2016-05-07,3169478.1
2016-05-08,3110158.2
2016-05-09,3050838.3
2016-05-10,2991518.3
2016-05-11,3116439.2
2016-05-12,2868650.4
2016-05-13,3152479.4
2016-05-14,3027347.5
2016-05-15,2902220.2
2016-05-16,2777218.6
2016-05-17,2747896.9
2016-05-18,2718637.5
2016-05-19,2865381.3
2016-05-20,3012127.9
2016-05-21,2945348.8
2016-05-22,2878569.7
2016-05-23,2811790.6
2016-05-24,2745017.1
2016-05-25,2364957.9
2016-05-26,2529908.5
2016-05-27,2504583.0
2016-05-28,2395350.4
2016-05-29,2286148.5
2016-05-30,2177044.0
2016-05-31,2068731.1
2016-06-01,2321918.1
2016-06-02,2431870.5
2016-06-03,2505127.5
2016-06-04,2477684.0
2016-06-05,2450242.3
2016-06-06,2422802.9
2016-06-07,2592627.9
2016-06-08,2389950.9
2016-06-09,2479602.9
2016-06-10,2351886.2
2016-06-11,2450458.0
2016-06-12,2549230.1
2016-06-13,2648003.7
2016-06-14,2602633.1
2016-06-15,2557262.7
2016-06-16,2465492.2
2016-06-17,2519431.5
2016-06-18,2573376.3
2016-06-19,2627322.6
2016-06-20,2681292.5
2016-06-21,2592550.1
2016-06-22,2495001.6
2016-06-23,2552523.8
2016-06-24,2568849.7
2016-06-25,2585199.4
2016-06-26,2601549.1
2016-06-27,2617898.7
2016-06-28,2774759.3
2016-06-29,2407983.1
2016-06-30,2464905.5
2016-07-01,2522116.1
2016-07-02,2551571.8
2016-07-03,2581045.7
2016-07-04,2610520.6
2016-07-05,2640002.6
2016-07-06,2669498.1
2016-07-07,2501631.6
2016-07-08,2649404.8
2016-07-09,2797342.2
2016-07-10,2945279.5
2016-07-11,3093216.8
2016-07-12,3241154.2
2016-07-13,2615633.8
2016-07-14,2505433.6
2016-07-15,2396123.3
2016-07-16,2536093.5
2016-07-17,2677071.4
2016-07-18,2818073.0
2016-07-19,2959074.6
2016-07-20,3012676.2
2016-07-21,3066277.8
2016-07-22,3087851.0
2016-07-23,3109424.3
2016-07-24,3130997.5
2016-07-25,3152570.7
2016-07-26,2619806.5
2016-07-27,2622991.9
2016-07-28,2689087.0
2016-07-29,2755310.0
2016-07-30,2974670.4
2016-07-31,3194088.7
2016-08-01,3413507.1
2016-08-02,3027360.8
2016-08-03,3257370.7
2016-08-04,3183425.0
2016-08-05,3109892.8
2016-08-06,3036360.5
2016-08-07,2962828.3
2016-08-08,2889296.1
2016-08-09,2815763.9
2016-08-10,2825781.8
2016-08-11,2814067.5
2016-08-12,2802353.2
2016-08-13,2790638.8
2016-08-14,2778924.9
2016-08-15,2767239.6
2016-08-16,2755621.4
2016-08-17,2910547.9
2016-08-18,3065600.1
2016-08-19,2976427.0
2016-08-20,2887253.9
2016-08-21,2798080.9
2016-08-22,2708908.1
2016-08-23,2619858.4
2016-08-24,2657629.4
2016-08-25,2695516.7
2016-08-26,2733421.7
2016-08-27,2764312.2
2016-08-28,2795216.6
2016-08-29,2826137.2
2016-08-30,2857121.7
2016-08-31,2909972.1
2016-09-01,2962918.7
2016-09-02,3009503.2
2016-09-03,3056087.8
2016-09-04,3102672.3
2016-09-05,3149256.8
2016-09-06,3195841.4
2016-09-07,3250020.6
2016-09-08,3418055.3
2016-09-09,3586090.0
2016-09-10,3605229.2
2016-09-11,3624368.3
2016-09-12,3643507.4
2016-09-13,3446407.1
2016-09-14,3249667.4
2016-09-15,3298289.9
2016-09-16,3347274.6
2016-09-17,3458817.3
2016-09-18,3570362.1
2016-09-19,3681906.8
2016-09-20,3643442.0
2016-09-21,3604977.3
2016-09-22,3566512.5
2016-09-23,3535266.9
2016-09-24,3504021.2
2016-09-25,3472775.6
2016-09-26,3441529.9
2016-09-27,3447775.9
2016-09-28,3454021.9
2016-09-29,3457968.0
2016-09-30,3638416.4
2016-10-01,3615638.3
2016-10-02,3592860.3
2016-10-03,3570082.3
2016-10-04,3547304.3
2016-10-05,3581890.2
2016-10-06,3616476.0
2016-10-07,3651062.0
2016-10-08,3697273.6
2016-10-09,3743485.2
2016-10-10,3789696.9
2016-10-11,3835915.4
2016-10-12,3796146.9
2016-10-13,3756397.7
2016-10-14,3720789.0
2016-10-15,3685181.9
2016-10-16,3649575.9
2016-10-17,3613971.3
2016-10-18,3684951.7
2016-10-19,3755941.7
2016-10-20,3758780.2
2016-10-21,3761618.7
2016-10-22,3764457.2
2016-10-23,3767295.7
2016-10-24,3770134.2
2016-10-25,3642464.7
2016-10-26,3514795.1
2016-10-27,3457274.8
2016-10-28,3399754.4
2016-10-29,3475043.6
2016-10-30,3550332.7
2016-10-31,3625621.9
2016-11-01,3614720.8
2016-11-02,3605677.5
2016-11-03,3618989.0
2016-11-04,3632300.5
2016-11-05,3644105.5
2016-11-06,3655910.5
2016-11-07,3667715.5
2016-11-08,3462892.4
2016-11-09,3258069.2
2016-11-10,3053249.5
2016-11-11,3217746.0
2016-11-12,3382246.0
2016-11-13,3546745.9
2016-11-14,3711245.8
2016-11-15,3734804.5
2016-11-16,3758363.1
2016-11-17,3781921.7
2016-11-18,3824615.5
2016-11-19,3867309.3
2016-11-20,3910003.0
2016-11-21,3952696.8
2016-11-22,3896639.1
2016-11-23,3840581.5
2016-11-24,3825031.1
2016-11-25,3809480.6
2016-11-26,3793930.2
2016-11-27,3778379.8
2016-11-28,3762829.4
2016-11-29,3747287.9
2016-11-30,3664857.0
2016-12-01,3582435.0
2016-12-02,3762746.6
2016-12-03,3777601.8
2016-12-04,3792457.1
2016-12-05,3807312.4
2016-12-06,3822167.7
2016-12-07,3550830.5
2016-12-08,3568173.7
2016-12-09,3585516.8
2016-12-10,3602860.0
2016-12-11,3620203.2
2016-12-12,3637546.3
2016-12-13,3654890.2
2016-12-14,3870673.7
2016-12-15,4086457.8
2016-12-16,3736932.0
2016-12-17,3645621.1
2016-12-18,3554310.2
2016-12-19,3462999.3
2016-12-20,3556920.6
2016-12-21,3650841.9
2016-12-22,3744763.1
2016-12-23,3838684.4
2016-12-24,3830512.0
2016-12-25,3822339.6
2016-12-26,3814167.3
2016-12-27,3805994.9
2016-12-28,3797822.5
2016-12-29,3789650.1
2016-12-30,3781477.8
2016-12-31,3808903.4
2017-01-01,3836329.1
2017-01-02,3863754.8
2017-01-03,3891180.5
2017-01-04,3918606.2
2017-01-05,3769882.1
2017-01-06,3621158.1
2017-01-07,3593871.5
2017-01-08,3566584.9
2017-01-09,3539298.2
2017-01-10,3611313.3
2017-01-11,3675869.0
2017-01-12,3699008.0
2017-01-13,3722147.1
2017-01-14,3745286.1
2017-01-15,3768425.2
2017-01-16,3791564.2
2017-01-17,3814703.3
2017-01-18,3837842.3
2017-01-19,3860981.4
2017-01-20,3884120.4
2017-01-21,3839443.1
2017-01-22,3794765.8
2017-01-23,3750088.4
2017-01-24,3705411.1
2017-01-25,3660733.8
2017-01-26,3726908.2
2017-01-27,1993972.9
2017-01-28,2033260.7
2017-01-29,2072600.1
2017-01-30,2111969.2
2017-01-31,2151362.7
2017-02-01,2109818.1
2017-02-02,2068599.0
2017-02-03,2036008.6
2017-02-04,2003504.3
2017-02-05,1971237.5
2017-02-06,1939421.0
2017-02-07,1891369.4
2017-02-08,1844804.8
2017-02-09,1800052.5
2017-02-10,1874645.0
2017-02-11,1950061.1
2017-02-12,2026408.9
2017-02-13,2103411.4
2017-02-14,2151419.7
2017-02-15,2199954.1
2017-02-16,2087367.5
2017-02-17,1975386.4
2017-02-18,2013410.9
2017-02-19,2051690.2
2017-02-20,2090256.3
2017-02-21,2129066.7
2017-02-22,2167990.8
2017-02-23,2207025.2
2017-02-24,2233668.9
2017-02-25,2260630.2
2017-02-26,2287850.2
2017-02-27,2315213.0
2017-02-28,2340521.1
2017-03-01,2366429.7
2017-03-02,2254165.9
2017-03-03,2142961.6
2017-03-04,2177200.5
2017-03-05,2211686.8
2017-03-06,2246262.8
2017-03-07,2280887.5
2017-03-08,2366260.6
2017-03-09,2452907.3
2017-03-10,2397186.3
2017-03-11,2341478.7
2017-03-12,2285821.6
2017-03-13,2230393.3
2017-03-14,2176009.6
2017-03-15,2160184.4
2017-03-16,2144434.2
2017-03-17,2088075.6
2017-03-18,2032190.2
2017-03-19,1976806.3
2017-03-20,1921944.4
2017-03-21,2064288.4
2017-03-22,2209119.5
2017-03-23,2353789.3
2017-03-24,2498829.0
2017-03-25,2408503.4
2017-03-26,2318460.0
2017-03-27,2228749.9
2017-03-28,2139488.6
2017-03-29,2193163.5
2017-03-30,2247131.9
2017-03-31,2251002.2
2017-04-01,2255925.9
2017-04-02,2261591.5
2017-04-03,2267433.0
2017-04-04,2355129.3
2017-04-05,2189238.0
2017-04-06,2024471.4
2017-04-07,2418658.0
2017-04-08,2396126.5
2017-04-09,2373889.9
2017-04-10,2351888.1
2017-04-11,2040012.7
2017-04-12,2180884.6
2017-04-13,2322210.1
2017-04-14,2269387.6
2017-04-15,2216756.0
2017-04-16,2164313.5
2017-04-17,2112011.4
2017-04-18,2147774.7
2017-04-19,2183973.1
2017-04-20,2191165.0
2017-04-21,2198625.0
2017-04-22,2194306.8
2017-04-23,2190044.5
2017-04-24,2185857.2
2017-04-25,2181774.5
2017-04-26,1891724.2
2017-04-27,2209561.1
2017-04-28,2222411.3
2017-04-29,2260677.2
2017-04-30,2299068.8
2017-05-01,2337553.3
2017-05-02,2376139.8
2017-05-03,2274258.5
2017-05-04,2153292.1
2017-05-05,2108673.9
2017-05-06,2251807.3
2017-05-07,2395776.3
2017-05-08,2540694.0
2017-05-09,2232175.0
2017-05-10,2280951.9
2017-05-11,2457351.5
2017-05-12,2274840.3
2017-05-13,2207140.3
2017-05-14,2140397.1
2017-05-15,2074726.3
2017-05-16,2435746.9
2017-05-17,2519503.2
2017-05-18,2605120.6
2017-05-19,2431580.9
2017-05-20,2484794.1
2017-05-21,2539148.2
2017-05-22,2595512.7
2017-05-23,2621843.6
2017-05-24,2651188.5
2017-05-25,2797534.9
2017-05-26,2798794.2
2017-05-27,2738815.3
2017-05-28,2804242.1
2017-05-29,2871123.8
2017-05-30,2940138.4
2017-05-31,2658329.2
2017-06-01,2690963.9
2017-06-02,2704247.1
2017-06-03,2710508.7
2017-06-04,2828271.0
2017-06-05,2948191.4
2017-06-06,2702038.7
2017-06-07,2461650.2
2017-06-08,2504359.6
2017-06-09,2625420.7
2017-06-10,2539870.1
2017-06-11,2462201.8
2017-06-12,2448922.0
2017-06-13,2460281.0
2017-06-14,2822960.2
2017-06-15,3036107.1
2017-06-16,2810104.9
2017-06-17,2790545.5
2017-06-18,2619193.5
2017-06-19,2454463.3
2017-06-20,2536380.7
2017-06-21,2497428.6
2017-06-22,2458618.8
2017-06-23,2419954.0
2017-06-24,2679437.3
2017-06-25,2566567.1
2017-06-26,2454726.9
2017-06-27,2493027.7
2017-06-28,2875967.6
2017-06-29,2556528.1
2017-06-30,2510855.6
2017-07-01,2458317.1
2017-07-02,2405778.6
2017-07-03,2353408.2
2017-07-04,2487680.8
2017-07-05,2622096.9
2017-07-06,1992236.0
2017-07-07,2185769.8
2017-07-08,2131460.8
2017-07-09,2077241.4
2017-07-10,2023087.8
2017-07-11,1969007.6
2017-07-12,2087535.8
2017-07-13,2094998.9
2017-07-14,2018393.4
2017-07-15,1950270.8
2017-07-16,1882219.2
2017-07-17,1814487.4
2017-07-18,1772132.7
2017-07-19,1938028.5
2017-07-20,1842642.7
2017-07-21,1783174.1
2017-07-22,1786705.2
2017-07-23,1790696.9
2017-07-24,1794709.0
2017-07-25,1862352.2
2017-07-26,2182974.7
2017-07-27,2465393.6
2017-07-28,1843349.3
2017-07-29,1872983.1
2017-07-30,1902732.8
2017-07-31,1932595.1
2017-08-01,2050822.0
2017-08-02,2197985.4
2017-08-03,2055285.7
2017-08-04,2135434.0
2017-08-05,2089765.4
2017-08-06,2044194.1
2017-08-07,1998709.3
2017-08-08,1974801.0
2017-08-09,1903609.5
2017-08-10,1945101.7
2017-08-11,1968381.5
2017-08-12,1991685.9
2017-08-13,2015104.4
2017-08-14,2038692.1
2017-08-15,1966076.8
2017-08-16,2039251.8
2017-08-17,2064593.1
2017-08-18,2316411.2
2017-08-19,2288193.2
2017-08-20,2260785.0
2017-08-21,2235951.7
2017-08-22,2085779.7
2017-08-23,2026080.5
2017-08-24,1978802.7
2017-08-25,1941219.7
2017-08-26,1869336.0
2017-08-27,1802818.1
2017-08-28,1781573.4
2017-08-29,1803605.1
2017-08-30,1826537.1
2017-08-31,1851424.5
2017-09-01,1896784.3
2017-09-02,1777401.0
2017-09-03,1659435.5
2017-09-04,1543125.8
2017-09-05,1462239.0
2017-09-06,1442960.2
2017-09-07,1389393.1
2017-09-08,1277422.1
2017-09-09,1329240.2
2017-09-10,1383790.8
2017-09-11,1443352.0
2017-09-12,1534293.5
2017-09-13,1632968.0
2017-09-14,1512744.5
2017-09-15,1400619.3
2017-09-16,1436873.9
2017-09-17,1477054.3
2017-09-18,1522522.6
2017-09-19,1516635.7
2017-09-20,1516175.7
2017-09-21,1527716.5
2017-09-22,1488379.4
2017-09-23,1458699.4
2017-09-24,1434733.4
2017-09-25,1413659.6
2017-09-26,1444088.2
2017-09-27,1504896.1
2017-09-28,1496321.6
2017-09-29,1495659.8
2017-09-30,1478243.6
2017-10-01,1466137.5
2017-10-02,1458541.5
2017-10-03,1452640.7
2017-10-04,1479900.4
2017-10-05,1455633.4
2017-10-06,1435130.4
2017-10-07,1417155.7
2017-10-08,1400778.2
2017-10-09,1382603.9
2017-10-10,1600870.8
2017-10-11,1603024.5
2017-10-12,1624341.4
2017-10-13,1509487.0
2017-10-14,1524189.0
2017-10-15,1545320.3
2017-10-16,1578587.1
2017-10-17,1552325.3
2017-10-18,1527351.8
2017-10-19,1504671.0
2017-10-20,1484077.2
2017-10-21,1545662.2
2017-10-22,1613081.1
2017-10-23,1684068.5
2017-10-24,1654058.4
2017-10-25,1636956.5
2017-10-26,1565633.0
2017-10-27,1503270.9
2017-10-28,1521365.5
2017-10-29,1540401.8
2017-10-30,1560444.8
2017-10-31,1581363.5
2017-11-01,1607299.8
2017-11-02,1588580.5
2017-11-03,1573742.7
2017-11-04,1561019.6
2017-11-05,1549558.6
2017-11-06,1538990.4
2017-11-07,1439648.1
2017-11-08,1350330.4
2017-11-09,1359475.1
2017-11-10,1369813.9
2017-11-11,1382282.0
2017-11-12,1398331.5
2017-11-13,1419268.3
2017-11-14,1411873.4
2017-11-15,1413084.4
2017-11-16,1411680.1
2017-11-17,1415193.1
2017-11-18,1437585.2
2017-11-19,1466581.1
2017-11-20,1514327.6
2017-11-21,1491674.7
2017-11-22,1471695.1
2017-11-23,1517141.1
2017-11-24,1564289.2
2017-11-25,1612885.3
2017-11-26,1662836.6
2017-11-27,1713862.4
2017-11-28,1569742.6
2017-11-29,1463599.6
2017-11-30,1489778.6
2017-12-01,1520435.6
2017-12-02,1556640.5
2017-12-03,1599194.5
2017-12-04,1644309.2
2017-12-05,1613633.7
2017-12-06,1587283.6
2017-12-07,1632085.7
2017-12-08,1679485.0
2017-12-09,1729260.1
2017-12-10,1779963.7
2017-12-11,1830865.0
2017-12-12,1695299.7
2017-12-13,1564369.5
2017-12-14,1550515.2
2017-12-15,1540181.4
2017-12-16,1504562.9
2017-12-17,1470019.4
2017-12-18,1437993.5
2017-12-19,1409502.0
2017-12-20,1577018.6
2017-12-21,1793365.3
2017-12-22,2017252.4
2017-12-23,1909404.8
2017-12-24,1801653.0
2017-12-25,1694394.0
2017-12-26,1588773.8
2017-12-27,1486591.0
2017-12-28,1490767.3
2017-12-29,1496559.0
2017-12-30,1496556.7
2017-12-31,1496939.3
2018-01-01,1497637.4
2018-01-02,1498607.9
2018-01-03,1499890.9
2018-01-04,1498509.6
2018-01-05,1498585.5
2018-01-06,1574137.3
2018-01-07,1652078.0
2018-01-08,1730436.6
2018-01-09,1793214.6
2018-01-10,1857394.5
2018-01-11,1647724.5
2018-01-12,1450152.0
2018-01-13,1430476.8
2018-01-14,1413127.1
2018-01-15,1397947.6
2018-01-16,1384282.5
2018-01-17,1454448.5
2018-01-18,1528501.5
2018-01-19,1606039.0
2018-01-20,1685488.9
2018-01-21,1765835.8
2018-01-22,1846930.2
2018-01-23,1928543.8
2018-01-24,1420909.1
2018-01-25,1547910.8
2018-01-26,1689635.6
2018-01-27,1628634.4
2018-01-28,1569313.4
2018-01-29,1514599.2
2018-01-30,1620836.6
2018-01-31,1733967.8
2018-02-01,1600242.4
2018-02-02,1665747.8
2018-02-03,1733671.7
2018-02-04,1802512.1
2018-02-05,1871852.1
2018-02-06,1742400.2
2018-02-07,1614958.4
2018-02-08,1495244.3
2018-02-09,1705863.2
2018-02-10,1641751.4
2018-02-11,1580823.2
2018-02-12,1523392.3
2018-02-13,1739369.2
2018-02-14,1966336.7
2018-02-15,1686497.2
2018-02-16,1776586.2
2018-02-17,1685908.5
2018-02-18,1597066.0
2018-02-19,1513607.2
2018-02-20,1439473.7
2018-02-21,1526192.0
2018-02-22,1630096.4
2018-02-23,1603528.2
2018-02-24,1580171.8
2018-02-25,1559167.9
2018-02-26,1541653.2
2018-02-27,1546936.1
2018-02-28,1574753.2
2018-03-01,2136767.8
2018-03-02,1978921.5
2018-03-03,2089511.7
2018-03-04,2201821.9
2018-03-05,2315063.1
2018-03-06,2110556.2
2018-03-07,2242872.0
2018-03-08,2162681.4
2018-03-09,2280244.1
2018-03-10,2345090.3
2018-03-11,2410482.7
2018-03-12,2477172.4
2018-03-13,2548858.3
2018-03-14,2422997.3
2018-03-15,2606319.1
2018-03-16,2508892.1
2018-03-17,2773194.4
2018-03-18,2879271.3
2018-03-19,2883262.2
2018-03-20,2646236.1
2018-03-21,2961492.7
2018-03-22,2751979.0
2018-03-23,2905540.5
2018-03-24,2751561.3
2018-03-25,2793605.1
2018-03-26,2798137.6
2018-03-27,2948249.6
2018-03-28,2926090.1
2018-03-29,2676494.0
2018-03-30,2712970.9
2018-03-31,2910423.1
2018-04-01,2931092.5
2018-04-02,2954049.7
2018-04-03,2708775.1
2018-04-04,2670211.6
2018-04-05,2848665.7
2018-04-06,2875468.3
2018-04-07,2981966.5
2018-04-08,2851161.2
2018-04-09,2879340.0
2018-04-10,2817802.1
2018-04-11,2722523.8
2018-04-12,2747357.6
2018-04-13,2847850.2
2018-04-14,2878226.4
2018-04-15,2880816.5
2018-04-16,2869834.0
2018-04-17,2926115.5
2018-04-18,2989386.3
2018-04-19,2813922.3
2018-04-20,2841382.7
2018-04-21,2882530.2
2018-04-22,2899073.9
2018-04-23,2842552.0
2018-04-24,2514006.0
2018-04-25,2982259.3
2018-04-26,2536051.5
2018-04-27,2618639.9
2018-04-28,2640069.5
2018-04-29,2740078.4
2018-04-30,2687611.1
2018-05-01,2574707.0
2018-05-02,2513154.9
2018-05-03,2566794.1
2018-05-04,2429379.4
2018-05-05,2668174.9
2018-05-06,2534204.6
2018-05-07,2513953.7
2018-05-08,2276551.4
2018-05-09,2409629.4
2018-05-10,2508819.6
2018-05-11,2387707.6
2018-05-12,2332837.0
2018-05-13,2274806.6
2018-05-14,2232574.8
2018-05-15,2310529.9
2018-05-16,2269303.0
2018-05-17,2190510.6
2018-05-18,2183911.1
2018-05-19,2118688.8
2018-05-20,2099031.1
2018-05-21,2043899.9
2018-05-22,1998803.4
2018-05-23,1701271.5
2018-05-24,1770419.8
2018-05-25,1595287.0
2018-05-26,1700296.2
2018-05-27,1630353.7
2018-05-28,1568131.2
2018-05-29,1518383.2
2018-05-30,1267567.2
2018-05-31,1270429.4
2018-06-01,1267873.2
2018-06-02,1217644.0
2018-06-03,1143315.5
2018-06-04,1094592.7
2018-06-05,624223.0
2018-06-06,1248418.5
2018-06-07,1113828.4
2018-06-08,1367636.7
2018-06-09,1187808.4
2018-06-10,1181144.2
2018-06-11,1193636.1
2018-06-12,1214476.3
2018-06-13,1089499.9
2018-06-14,1133228.5
2018-06-15,1184444.4
2018-06-16,1070792.2
2018-06-17,962844.5
2018-06-18,934504.7
2018-06-19,832519.2
2018-06-20,763034.9
2018-06-21,700890.4
2018-06-22,671466.6
2018-06-23,674572.8
2018-06-24,679940.8
2018-06-25,687806.1
2018-06-26,665622.0
2018-06-27,647630.2
2018-06-28,649041.9
2018-06-29,653835.9
2018-06-30,629535.4
2018-07-01,607159.9
2018-07-02,587561.0
2018-07-03,571889.7
2018-07-04,589665.1
2018-07-05,613334.2
2018-07-06,640480.2
2018-07-07,671587.7
2018-07-08,706828.8
2018-07-09,746535.1
2018-07-10,787791.2
2018-07-11,717566.7
2018-07-12,740632.4
2018-07-13,770518.2
2018-07-14,741265.9
2018-07-15,713769.2
2018-07-16,688591.8
2018-07-17,673191.7
2018-07-18,661949.8
2018-07-19,790177.2
2018-07-20,934137.0
2018-07-21,915059.2
2018-07-22,898814.5
2018-07-23,888477.4
2018-07-24,898874.2
2018-07-25,916481.9
2018-07-26,923417.1
2018-07-27,934481.3
2018-07-28,996305.0
2018-07-29,1061220.6
2018-07-30,1128493.3
2018-07-31,946255.0
2018-08-01,936542.7
2018-08-02,927413.8
2018-08-03,919000.8
2018-08-04,943663.1
2018-08-05,969947.9
2018-08-06,997691.3
2018-08-07,923345.6
2018-08-08,853583.6
2018-08-09,914630.1
2018-08-10,981154.0
2018-08-11,966904.8
2018-08-12,954076.6
2018-08-13,942749.7
2018-08-14,897099.9
2018-08-15,856167.4
2018-08-16,901669.5
2018-08-17,951239.7
2018-08-18,939868.1
2018-08-19,932539.6
2018-08-20,928241.7
2018-08-21,1041402.8
2018-08-22,1171837.1
2018-08-23,1077280.5
2018-08-24,987915.1
2018-08-25,950556.6
2018-08-26,917035.4
2018-08-27,887106.8
2018-08-28,936193.2
2018-08-29,995064.4
2018-08-30,1014379.9
2018-08-31,1044865.9
2018-09-01,1055794.1
2018-09-02,1067096.2
2018-09-03,1078761.0
2018-09-04,1090793.3
2018-09-05,1103150.0
2018-09-06,1092885.5
2018-09-07,1084228.2
2018-09-08,1034801.0
2018-09-09,989010.2
2018-09-10,947473.8
2018-09-11,979597.9
2018-09-12,1020465.1
2018-09-13,1040399.2
2018-09-14,1063041.3
2018-09-15,1035961.7
2018-09-16,1010169.5
2018-09-17,985878.7
2018-09-18,978935.6
2018-09-19,983074.8
2018-09-20,900795.7
2018-09-21,891745.8
2018-09-22,885968.9
2018-09-23,882845.9
2018-09-24,882896.7
2018-09-25,947653.9
2018-09-26,1024118.7
2018-09-27,961817.3
2018-09-28,911148.6
2018-09-29,909648.1
2018-09-30,911336.1
2018-10-01,918883.0
2018-10-02,1047070.1
2018-10-03,1204613.1
2018-10-04,1045109.2
2018-10-05,897492.6
2018-10-06,900528.5
2018-10-07,906756.3
2018-10-08,915172.7
2018-10-09,927022.4
2018-10-10,949822.6
2018-10-11,981717.5
2018-10-12,1018644.2
2018-10-13,1045417.3
2018-10-14,1076219.1
2018-10-15,1110927.7
2018-10-16,1198355.4
2018-10-17,1290937.7
2018-10-18,1249086.4
2018-10-19,1211249.6
2018-10-20,1195120.2
2018-10-21,1182132.8
2018-10-22,1173684.2
2018-10-23,1141934.6
2018-10-24,1121853.9
2018-10-25,1304111.4
2018-10-26,1117710.7
2018-10-27,1227314.8
2018-10-28,1342969.8
2018-10-29,1463440.5
2018-10-30,1342739.0
2018-10-31,1286120.2
2018-11-01,1561142.0
2018-11-02,1457837.9
2018-11-03,1374388.5
2018-11-04,1292674.4
2018-11-05,1213004.4
2018-11-06,1274944.8
2018-11-07,1347146.0
2018-11-08,1250526.7
2018-11-09,1296296.0
2018-11-10,1344325.0
2018-11-11,1393135.3
2018-11-12,1442763.7
2018-11-13,1493730.8
2018-11-14,1582443.5
2018-11-15,1575797.7
2018-11-16,1569795.7
2018-11-17,1454076.9
2018-11-18,1345862.6
2018-11-19,1252333.7
2018-11-20,1501909.8
2018-11-21,1574710.9
2018-11-22,1593581.1
2018-11-23,1613309.3
2018-11-24,1633584.1
2018-11-25,1654168.1
2018-11-26,1675094.4
2018-11-27,1602057.1
2018-11-28,1808356.6
2018-11-29,1759522.0
2018-11-30,1692660.1
2018-12-01,1737833.9
2018-12-02,1783720.2
2018-12-03,1830200.8
2018-12-04,1506367.6
2018-12-05,1583024.3
2018-12-06,1662885.9
2018-12-07,1684994.3
2018-12-08,1707606.9
2018-12-09,1730953.9
2018-12-10,1754814.0
2018-12-11,1759905.8
2018-12-12,1765982.7
2018-12-13,1820849.4
2018-12-14,1877179.0
2018-12-15,1702843.3
2018-12-16,1529801.0
2018-12-17,1358559.6
2018-12-18,1487763.1
2018-12-19,1502378.7
2018-12-20,1517124.2
2018-12-21,1532013.2
2018-12-22,1547055.6
2018-12-23,1562253.2
2018-12-24,1577619.5
2018-12-25,1593168.5
2018-12-26,1608836.5
2018-12-27,1624587.1
2018-12-28,1640408.9
2018-12-29,1656297.2
2018-12-30,1672249.4
2018-12-31,1688266.3
2019-01-01,1704354.0
2019-01-02,1720511.4
2019-01-03,1736729.2
2019-01-04,1753003.1
2019-01-05,1813203.3
2019-01-06,1875498.1
2019-01-07,1875639.4
2019-01-08,1821154.0
2019-01-09,1977255.6
2019-01-10,2148745.1
2019-01-11,2115218.1
2019-01-12,2070800.3
2019-01-13,1978611.2
2019-01-14,1987840.4
2019-01-15,2221725.1
2019-01-16,2126599.7
2019-01-17,2512586.3
2019-01-18,2296847.1
2019-01-19,2086465.3
2019-01-20,2305955.3
2019-01-21,2530428.1
2019-01-22,2103662.4
2019-01-23,2093069.6
2019-01-24,2086640.0
2019-01-25,2102243.8
2019-01-26,2462189.2
2019-01-27,2252628.0
2019-01-28,2239518.6
2019-01-29,2444666.0
2019-01-30,2773830.4
2019-01-31,2612009.9
2019-02-01,2662406.1
2019-02-02,2689577.0
2019-02-03,2717143.7
2019-02-04,2738727.4
2019-02-05,2760671.8
2019-02-06,2783018.3
2019-02-07,2805805.4
2019-02-08,2828949.7
2019-02-09,3052770.6
2019-02-10,3023354.6
2019-02-11,3098050.6
2019-02-12,3173984.0
2019-02-13,2861439.7
2019-02-14,3139085.8
2019-02-15,2876522.8
2019-02-16,2936939.3
2019-02-17,2999256.4
2019-02-18,3132056.6
2019-02-19,3121807.1
2019-02-20,3111723.2
2019-02-21,3101815.1
2019-02-22,3092256.7
2019-02-23,3086012.0
2019-02-24,3085104.6
2019-02-25,2918811.9
2019-02-26,2943619.5
2019-02-27,2866204.8
2019-02-28,2991981.2
2019-03-01,3125639.6
2019-03-02,3041740.0
2019-03-03,2961869.2
2019-03-04,2889187.5
2019-03-05,3161329.2
2019-03-06,2971173.2
2019-03-07,3064420.9
2019-03-08,2874423.3
2019-03-09,2928091.2
2019-03-10,2985691.3
2019-03-11,3048025.9
2019-03-12,3114528.5
2019-03-13,3028760.1
2019-03-14,3096315.3
2019-03-15,3172756.4
2019-03-16,2877787.1
2019-03-17,2927690.9
2019-03-18,3064607.4
2019-03-19,2907646.0
2019-03-20,2989499.3
2019-03-21,2845660.1
2019-03-22,2853954.3
2019-03-23,2883200.7
2019-03-24,2735538.2
2019-03-25,2938909.4
2019-03-26,2750899.3
2019-03-27,2621939.6
2019-03-28,2756537.4
2019-03-29,2819758.0
2019-03-30,3107814.8
2019-03-31,3044941.9
2019-04-01,3061580.6
2019-04-02,3205882.2
2019-04-03,2890572.6
2019-04-04,2611671.6
2019-04-05,2767383.4
2019-04-06,2928685.4
2019-04-07,3100664.4
2019-04-08,3043973.2
2019-04-09,3023472.3
2019-04-10,2841627.9
2019-04-11,2817773.4
2019-04-12,2833218.4
2019-04-13,2725775.1
2019-04-14,2889800.4
2019-04-15,2901252.5
2019-04-16,2619138.4
2019-04-17,2655480.3
2019-04-18,2699862.8
2019-04-19,2542588.9
2019-04-20,2546683.9
2019-04-21,2553842.3
2019-04-22,2563924.2
2019-04-23,2614830.4
2019-04-24,2833094.8
2019-04-25,2699093.0
2019-04-26,2586199.1
2019-04-27,2765634.2
2019-04-28,2841545.6
2019-04-29,2919332.8
2019-04-30,2846296.4
2019-05-01,2816595.0
2019-05-02,2773469.3
2019-05-03,2606618.9
2019-05-04,2732435.5
2019-05-05,2860182.6
2019-05-06,3043602.0
2019-05-07,2420172.2
2019-05-08,2260729.2
2019-05-09,2444884.5
2019-05-10,2437670.5
2019-05-11,2440046.6
2019-05-12,2348614.0
2019-05-13,2265309.4
2019-05-14,2656107.5
2019-05-15,2515847.4
2019-05-16,2387220.4
2019-05-17,2235527.6
2019-05-18,2358340.9
2019-05-19,2496973.2
2019-05-20,2595186.0
2019-05-21,2576539.8
2019-05-22,2609825.1
2019-05-23,2556471.6
2019-05-24,2293408.9
2019-05-25,2433669.0
2019-05-26,2426269.0
2019-05-27,2421572.9
2019-05-28,2419535.0
2019-05-29,2709749.3
2019-05-30,2418387.6
2019-05-31,2479473.7
2019-06-01,2549491.5
2019-06-02,2620959.6
2019-06-03,2456512.9
2019-06-04,2360264.0
2019-06-05,2265979.6
2019-06-06,2177749.1
2019-06-07,2437238.2
2019-06-08,2494955.8
2019-06-09,2469056.6
2019-06-10,2453465.4
2019-06-11,2693590.1
2019-06-12,2508673.2
2019-06-13,2496239.8
2019-06-14,2293864.1
2019-06-15,2444465.5
2019-06-16,2608319.6
2019-06-17,2596910.6
2019-06-18,2774791.3
2019-06-19,2771619.1
2019-06-20,2436588.5
2019-06-21,2550309.6
2019-06-22,2601172.2
2019-06-23,2675513.0
2019-06-24,2763449.5
2019-06-25,2769471.8
2019-06-26,2618790.3
2019-06-27,2809647.6
2019-06-28,2777395.6
2019-06-29,2718324.2
2019-06-30,2671653.5
2019-07-01,2841199.5
2019-07-02,2678454.9
2019-07-03,2295486.8
2019-07-04,2450647.8
2019-07-05,2639385.8
2019-07-06,2627512.8
2019-07-07,2616837.4
2019-07-08,2617662.9
2019-07-09,2687209.0
2019-07-10,2703755.6
2019-07-11,2723477.3
2019-07-12,2744702.8
2019-07-13,2766746.8
2019-07-14,2789363.4
2019-07-15,2666778.2
2019-07-16,2780872.5
2019-07-17,2693490.2
2019-07-18,2577875.6
2019-07-19,2576255.5
2019-07-20,2712197.1
2019-07-21,2726645.6
2019-07-22,2429514.8
2019-07-23,2803509.5
2019-07-24,2804222.9
2019-07-25,2840721.9
2019-07-26,2796362.5
2019-07-27,2720216.6
2019-07-28,2605389.3
2019-07-29,2493895.8
2019-07-30,2698316.3
2019-07-31,2773198.3
2019-08-01,2372684.5
2019-08-02,2503739.2
2019-08-03,2548464.0
2019-08-04,2595377.0
2019-08-05,2361352.6
2019-08-06,2177932.6
2019-08-07,2042334.4
2019-08-08,2084442.1
2019-08-09,2170460.8
2019-08-10,2269753.0
2019-08-11,2206014.2
2019-08-12,2142462.5
2019-08-13,2080120.8
2019-08-14,2161923.3
2019-08-15,1930595.4
2019-08-16,2021801.2
2019-08-17,2007907.4
2019-08-18,1994255.6
2019-08-19,2037273.1
2019-08-20,1999247.9
2019-08-21,1961674.5
2019-08-22,1913237.9
2019-08-23,1969931.9
2019-08-24,2027326.9
2019-08-25,2084956.3
2019-08-26,2142738.2
2019-08-27,2161299.6
2019-08-28,2149335.6
2019-08-29,2094542.6
2019-08-30,1938682.1
2019-08-31,1981971.8
2019-09-01,2025815.5
2019-09-02,2069886.9
2019-09-03,2113973.0
2019-09-04,2145362.6
2019-09-05,2176766.4
2019-09-06,2208170.4
2019-09-07,2241641.3
2019-09-08,2275112.2
2019-09-09,2308583.1
2019-09-10,2175188.5
2019-09-11,2041968.4
2019-09-12,2076423.7
2019-09-13,2110897.8
2019-09-14,2146765.5
2019-09-15,2182711.6
2019-09-16,2218695.0
2019-09-17,2254685.4
2019-09-18,2200872.5
2019-09-19,2192950.5
2019-09-20,2185080.1
2019-09-21,2182352.5
2019-09-22,2179647.8
2019-09-23,2177033.8
2019-09-24,2277120.5
2019-09-25,2377391.4
2019-09-26,2282018.7
2019-09-27,2186653.3
2019-09-28,2194150.6
2019-09-29,2201660.7
2019-09-30,2209187.5
2019-10-01,2195638.2
2019-10-02,2240506.4
2019-10-03,2166760.4
2019-10-04,2093721.8
2019-10-05,2044666.9
2019-10-06,1996065.3
2019-10-07,1948165.7
2019-10-08,2009927.6
2019-10-09,2072570.6
2019-10-10,2064045.2
2019-10-11,2055770.2
2019-10-12,2040847.7
2019-10-13,2025925.3
2019-10-14,2011006.7
2019-10-15,1996118.0
2019-10-16,2255239.5
2019-10-17,2514398.1
2019-10-18,2476655.4
2019-10-19,2545661.4
2019-10-20,2614709.7
2019-10-21,2683761.4
2019-10-22,2543262.5
2019-10-23,2402763.6
2019-10-24,2505499.3
2019-10-25,2608234.9
2019-10-26,2422411.3
2019-10-27,2236603.2
2019-10-28,2050916.9
2019-10-29,2121801.8
2019-10-30,2192818.5
2019-10-31,2210512.6
2019-11-01,2228243.7
2019-11-02,2125749.9
2019-11-03,2023256.1
2019-11-04,1920871.1
2019-11-05,1946174.5
2019-11-06,1971583.0
2019-11-07,1996993.4
2019-11-08,2027360.2
2019-11-09,2019678.2
2019-11-10,2012459.6
2019-11-11,2005889.3
2019-11-12,1999884.2
2019-11-13,2001456.3
2019-11-14,1921433.2
2019-11-15,1859168.4
2019-11-16,1811514.4
2019-11-17,1764301.2
2019-11-18,1722611.8
2019-11-19,1656657.6
2019-11-20,1595679.3
2019-11-21,1554738.1
2019-11-22,1515117.2
2019-11-23,1550824.8
2019-11-24,1587657.4
2019-11-25,1626021.7
2019-11-26,1668269.3
2019-11-27,1717323.2
2019-11-28,1679821.6
2019-11-29,1644281.1
2019-11-30,1611877.9
2019-12-01,1582071.4
2019-12-02,1553781.7
2019-12-03,1593085.6
2019-12-04,1651464.5
2019-12-05,1621188.6
2019-12-06,1598244.5
2019-12-07,1593994.9
2019-12-08,1590423.3
2019-12-09,1587180.6
2019-12-10,1594557.1
2019-12-11,1602037.6
2019-12-12,1609671.7
2019-12-13,1617488.9
2019-12-14,1625556.4
2019-12-15,1633876.4
2019-12-16,1642480.2
2019-12-17,1587149.5
2019-12-18,1534989.1
2019-12-19,1610517.9
2019-12-20,1690236.3
2019-12-21,1591064.1
2019-12-22,1496943.3
2019-12-23,1407169.6
2019-12-24,1431778.4
2019-12-25,1457500.0
2019-12-26,1484925.2
2019-12-27,1514343.0
2019-12-28,1569257.6
2019-12-29,1626394.6
2019-12-30,1685918.5
2019-12-31,1668960.2
2020-01-01,1652162.4
2020-01-02,1635598.2
2020-01-03,1619420.1
2020-01-04,1605191.3
2020-01-05,1591627.9
2020-01-06,1578420.6
2020-01-07,1539932.3
2020-01-08,1496200.7
2020-01-09,1514522.9
2020-01-10,1533111.3
2020-01-11,1552019.4
2020-01-12,1571426.4
2020-01-13,1591644.1
2020-01-14,1612591.1
2020-01-15,1633990.6
2020-01-16,1655724.9
2020-01-17,1677721.9
2020-01-18,1675109.6
2020-01-19,1675003.7
2020-01-20,1678427.0
2020-01-21,1685712.7
2020-01-22,1700362.3
2020-01-23,1883589.5
2020-01-24,1916185.9
2020-01-25,1923250.5
2020-01-26,1935308.8
2020-01-27,1951937.3
2020-01-28,1992204.0
2020-01-29,2041400.2
2020-01-30,2161634.3
2020-01-31,2142501.3
2020-02-01,2237836.4
2020-02-02,2343520.7
2020-02-03,2461887.4
2020-02-04,2255592.6
2020-02-05,2388545.7
2020-02-06,2540372.5
2020-02-07,2386888.9
2020-02-08,2570982.7
2020-02-09,2339195.9
2020-02-10,2231191.8
2020-02-11,2280161.7
2020-02-12,2354148.5
2020-02-13,2297854.7
2020-02-14,2339481.4
2020-02-15,2381491.9
2020-02-16,2327651.4
2020-02-17,2597744.9
2020-02-18,2601850.7
2020-02-19,2616529.6
2020-02-20,2645700.2
2020-02-21,2701179.0
2020-02-22,2794672.0
2020-02-23,2866634.6
2020-02-24,2656941.3
2020-02-25,2730553.4
2020-02-26,2724524.2
2020-02-27,2709808.2
2020-02-28,3133912.0
2020-02-29,2902546.5
2020-03-01,3075378.1
2020-03-02,2986600.0
2020-03-03,3054009.3
2020-03-04,3129493.3
2020-03-05,3209336.7
2020-03-06,3007140.2
2020-03-07,3172735.0
2020-03-08,3247042.2
2020-03-09,3294788.1
2020-03-10,2875907.0
2020-03-11,2994087.6
2020-03-12,3117419.8
2020-03-13,3203757.2
2020-03-14,3421381.7
2020-03-15,3488599.9
2020-03-16,3458443.6
2020-03-17,3468133.5
2020-03-18,3665631.7
2020-03-19,3544587.3
2020-03-20,3444049.4
2020-03-21,3383290.7
2020-03-22,3326815.9
2020-03-23,2905100.4
2020-03-24,2881791.0
2020-03-25,3403903.0
2020-03-26,3207877.2
2020-03-27,3165735.0
2020-03-28,3129941.1
2020-03-29,3353791.5
2020-03-30,2911107.8
2020-03-31,2706923.1
2020-04-01,3081708.7
2020-04-02,2652145.6
2020-04-03,3025313.1
2020-04-04,3165436.5
2020-04-05,3049510.8
2020-04-06,3032531.3
2020-04-07,2626879.5
2020-04-08,2856229.3
2020-04-09,3100325.2
2020-04-10,2983701.2
2020-04-11,3125576.0
2020-04-12,3109935.6
2020-04-13,3103737.1
2020-04-14,3051384.2
2020-04-15,3083177.4
2020-04-16,3070961.4
2020-04-17,2796299.9
2020-04-18,2954304.3
2020-04-19,3123161.7
2020-04-20,3171175.7
2020-04-21,3144871.5
2020-04-22,3097518.5
2020-04-23,2914881.4
2020-04-24,3031016.4
2020-04-25,2884598.8
2020-04-26,2767822.3
2020-04-27,2654221.6
2020-04-28,2716378.5
2020-04-29,2901001.9
2020-04-30,2881243.6
2020-05-01,2611662.5
2020-05-02,2619858.0
2020-05-03,2632429.9
2020-05-04,2692950.5
2020-05-05,2772253.6
2020-05-06,2477241.3
2020-05-07,2492929.9
2020-05-08,2492395.0
2020-05-09,2566451.4
2020-05-10,2589367.6
2020-05-11,2614673.2
2020-05-12,2795498.9
2020-05-13,2326643.6
2020-05-14,2703082.7
2020-05-15,2350538.0
2020-05-16,2344420.6
2020-05-17,2344352.0
2020-05-18,2325342.9
2020-05-19,2304806.0
2020-05-20,2117034.9
2020-05-21,2132431.1
2020-05-22,2379508.3
2020-05-23,2405354.5
2020-05-24,2385751.2
2020-05-25,2368775.1
2020-05-26,2351997.5
2020-05-27,2656218.8
2020-05-28,2467254.4
2020-05-29,2241460.5
2020-05-30,2368121.3
2020-05-31,2494903.5
2020-06-01,2377372.7
2020-06-02,2456061.8
2020-06-03,2281299.9
2020-06-04,2521525.9
2020-06-05,2409265.9
2020-06-06,2350926.3
2020-06-07,2292880.4
2020-06-08,2235986.3
2020-06-09,2135533.2
2020-06-10,2076352.1
2020-06-11,1961194.4
2020-06-12,2322561.7
2020-06-13,2309451.7
2020-06-14,2303916.3
2020-06-15,2299575.1
2020-06-16,2337568.4
2020-06-17,2243750.2
2020-06-18,1961394.8
2020-06-19,2273141.2
2020-06-20,2201833.4
2020-06-21,2131041.7
2020-06-22,2060817.4
2020-06-23,2108849.4
2020-06-24,2174733.8
2020-06-25,2235641.2
2020-06-26,2128644.8
2020-06-27,2096264.2
2020-06-28,2063902.1
2020-06-29,2027143.1
2020-06-30,2133891.7
2020-07-01,1999048.3
2020-07-02,1956950.5
2020-07-03,1966780.2
2020-07-04,1976664.0
2020-07-05,1986588.8
2020-07-06,2038276.7
2020-07-07,1971658.9
2020-07-08,1906132.0
2020-07-09,1865791.0
2020-07-10,2087177.5
2020-07-11,2044692.7
2020-07-12,2002217.2
2020-07-13,1959890.4
2020-07-14,1990504.2
2020-07-15,2021297.2
2020-07-16,2032442.8
2020-07-17,2043596.7
2020-07-18,2078399.4
2020-07-19,2113203.8
2020-07-20,2148009.8
2020-07-21,2095211.5
2020-07-22,2042456.4
2020-07-23,2105422.7
2020-07-24,2168427.4
2020-07-25,2147180.2
2020-07-26,2125935.7
2020-07-27,2104716.2
2020-07-28,2163629.0
2020-07-29,2222587.7
2020-07-30,2281584.0
2020-07-31,2340768.1
2020-08-01,2334870.4
2020-08-02,2329221.7
2020-08-03,2323589.3
2020-08-04,2264800.1
2020-08-05,2202207.6
2020-08-06,2231019.7
2020-08-07,2259852.4
2020-08-08,2254767.1
2020-08-09,2249691.9
2020-08-10,2244624.1
2020-08-11,2244184.2
2020-08-12,2243744.3
2020-08-13,2241844.8
2020-08-14,2239945.4
2020-08-15,2276651.3
2020-08-16,2313357.2
2020-08-17,2350063.0
2020-08-18,2292920.5
2020-08-19,2235778.3
2020-08-20,2268353.1
2020-08-21,2300928.2
2020-08-22,2318672.1
2020-08-23,2336416.0
2020-08-24,2354160.0
2020-08-25,2371903.9
2020-08-26,2389647.9
2020-08-27,2407391.8
2020-08-28,2425135.8
2020-08-29,2368560.4
2020-08-30,2311984.9
2020-08-31,2255409.5
2020-09-01,2241842.9
2020-09-02,2226656.6
2020-09-03,2238595.3
2020-09-04,2250534.0
2020-09-05,2245615.9
2020-09-06,2240697.9
2020-09-07,2235779.8
2020-09-08,2230861.8
2020-09-09,2225943.8
2020-09-10,2273965.8
2020-09-11,2321987.8
2020-09-12,2294397.6
2020-09-13,2266807.4
2020-09-14,2239217.3
2020-09-15,2211627.1
2020-09-16,2184037.0
2020-09-17,2160042.7
2020-09-18,2136055.1
2020-09-19,2125085.4
2020-09-20,2114284.5
2020-09-21,2103677.4
2020-09-22,2226624.8
2020-09-23,2349783.4
2020-09-24,2318340.8
2020-09-25,2286926.5
2020-09-26,2317012.1
2020-09-27,2347104.6
2020-09-28,2377203.1
2020-09-29,2294579.5
2020-09-30,2212016.2
2020-10-01,2209647.6
2020-10-02,2207429.9
2020-10-03,2212463.9
2020-10-04,2217573.4
2020-10-05,2222727.9
2020-10-06,2252303.2
2020-10-07,2282555.7
2020-10-08,2272150.4
2020-10-09,2261753.9
2020-10-10,2251360.0
2020-10-11,2240967.1
2020-10-12,2230584.7
2020-10-13,2220205.3
2020-10-14,2129338.9
2020-10-15,2038479.6
2020-10-16,2014239.0
2020-10-17,2092422.7
2020-10-18,2170619.3
2020-10-19,2248823.8
2020-10-20,2113253.0
2020-10-21,1977723.8
2020-10-22,2156361.3
2020-10-23,2335198.6
2020-10-24,2330143.8
2020-10-25,2325089.1
2020-10-26,2320072.9
2020-10-27,2284030.1
2020-10-28,2248023.4
2020-10-29,2212060.2
2020-10-30,2176180.2
2020-10-31,2180187.8
2020-11-01,2184435.8
2020-11-02,2197642.3
2020-11-03,2181453.5
2020-11-04,2169143.6
2020-11-05,2085790.6
2020-11-06,2008613.6
2020-11-07,1895854.3
2020-11-08,1786806.3
2020-11-09,1708200.8
2020-11-10,1695157.4
2020-11-11,1682598.0
2020-11-12,1670845.6
2020-11-13,1667262.6
2020-11-14,1629966.1
2020-11-15,1595043.7
2020-11-16,1565385.5
2020-11-17,1519500.2
2020-11-18,1478522.4
2020-11-19,1487686.3
2020-11-20,1507528.4
2020-11-21,1418523.0
2020-11-22,1332933.0
2020-11-23,1260393.4
2020-11-24,1382815.0
2020-11-25,1533185.1
2020-11-26,1447246.6
2020-11-27,1364250.1
2020-11-28,1285087.0
2020-11-29,1209230.6
2020-11-30,1146195.1
2020-12-01,1158780.1
2020-12-02,1182648.8
2020-12-03,1101172.3
2020-12-04,1032598.8
2020-12-05,988782.3
2020-12-06,951058.4
2020-12-07,917705.5
2020-12-08,981084.2
2020-12-09,1058358.4
2020-12-10,1079180.2
2020-12-11,1102325.0
2020-12-12,1142960.7
2020-12-13,1187320.9
2020-12-14,1235287.3
2020-12-15,1120570.5
2020-12-16,1023284.6
2020-12-17,1035786.9
2020-12-18,1051936.7
2020-12-19,1053889.1
2020-12-20,1057499.7
2020-12-21,1063016.6
2020-12-22,983424.6
2020-12-23,912228.8
2020-12-24,980173.5
2020-12-25,1052517.7
2020-12-26,1130576.4
2020-12-27,1216728.3
2020-12-28,1314779.4
2020-12-29,1243551.3
2020-12-30,1181435.0
2020-12-31,1004913.0
2021-01-01,1008984.3
2021-01-02,1013994.4
2021-01-03,1019837.8
2021-01-04,1026588.8
2021-01-05,1035117.3
2021-01-06,1055540.3
2021-01-07,997352.2
2021-01-08,951408.6
2021-01-09,968867.0
2021-01-10,990581.3
2021-01-11,1016792.6
2021-01-12,1027503.3
2021-01-13,1040010.5
2021-01-14,976701.3
2021-01-15,993220.6
2021-01-16,1011105.8
2021-01-17,1029923.2
2021-01-18,1049752.6
2021-01-19,1071117.6
2021-01-20,1014299.6
2021-01-21,961603.4
2021-01-22,985377.6
2021-01-23,1011422.7
2021-01-24,1040260.0
2021-01-25,1072230.6
2021-01-26,1107259.8
2021-01-27,1144848.2
2021-01-28,1140492.4
2021-01-29,1146873.6
2021-01-30,1058954.7
2021-01-31,972846.0
2021-02-01,889503.9
2021-02-02,861745.6
2021-02-03,839018.6
2021-02-04,682847.5
2021-02-05,559848.6
2021-02-06,553014.6
2021-02-07,548071.3
2021-02-08,545649.8
2021-02-09,546769.7
2021-02-10,552115.2
2021-02-11,562213.4
2021-02-12,504912.9
2021-02-13,553871.2
2021-02-14,610133.0
2021-02-15,674849.6
2021-02-16,746978.4
2021-02-17,622822.5
2021-02-18,531067.3
2021-02-19,546017.6
2021-02-20,565723.7
2021-02-21,588228.0
2021-02-22,613342.1
2021-02-23,557309.6
2021-02-24,523761.8
2021-02-25,570165.9
2021-02-26,631432.0
2021-02-27,601806.6
2021-02-28,575250.7
2021-03-01,551847.7
2021-03-02,531888.6
2021-03-03,563841.9
2021-03-04,453401.1
2021-03-05,386117.9
2021-03-06,402395.5
2021-03-07,421997.7
2021-03-08,444981.6
2021-03-09,461264.3
2021-03-10,482768.0
2021-03-11,554592.0
2021-03-12,651861.0
2021-03-13,616306.6
2021-03-14,586607.8
2021-03-15,562064.6
2021-03-16,542038.3
2021-03-17,508121.9
2021-03-18,500896.7
2021-03-19,506716.5
2021-03-20,528856.1
2021-03-21,554614.5
2021-03-22,583822.5
2021-03-23,573471.5
2021-03-24,576642.8
2021-03-25,618831.8
2021-03-26,685619.2
2021-03-27,707375.2
2021-03-28,734583.2
2021-03-29,767332.9
2021-03-30,698529.5
2021-03-31,643080.9
2021-04-01,701804.1
2021-04-02,777012.3
2021-04-03,807513.3
2021-04-04,846357.9
2021-04-05,891670.9
2021-04-06,1083317.4
2021-04-07,1296069.7
2021-04-08,1149416.0
2021-04-09,1025448.5
2021-04-10,1030115.7
2021-04-11,1038755.5
2021-04-12,1050966.5
2021-04-13,988086.8
2021-04-14,927333.6
2021-04-15,940069.5
2021-04-16,986611.7
2021-04-17,1003927.0
2021-04-18,1030836.7
2021-04-19,1064833.2
2021-04-20,978797.5
2021-04-21,1003807.5
2021-04-22,997191.7
2021-04-23,1010637.0
2021-04-24,1011471.7
2021-04-25,1019671.5
2021-04-26,1033411.2
2021-04-27,974748.9
2021-04-28,926807.0
2021-04-29,939644.6
2021-04-30,748935.7
2021-05-01,748764.6
2021-05-02,758101.2
2021-05-03,782470.5
2021-05-04,906764.1
2021-05-05,990766.5
2021-05-06,810653.9
2021-05-07,768096.6
2021-05-08,810444.8
2021-05-09,859686.4
2021-05-10,913982.3
2021-05-11,965064.0
2021-05-12,648532.7
2021-05-13,636862.8
2021-05-14,473969.8
2021-05-15,455255.1
2021-05-16,448724.2
2021-05-17,456134.9
2021-05-18,530620.0
2021-05-19,575488.1
2021-05-20,653743.4
2021-05-21,496718.6
2021-05-22,465879.7
2021-05-23,442682.5
2021-05-24,428208.9
2021-05-25,566873.0
2021-05-26,449882.2
2021-05-27,349872.5
2021-05-28,342965.7
2021-05-29,345082.6
2021-05-30,352188.2
2021-05-31,364237.0
2021-06-01,381649.3
2021-06-02,394928.8
2021-06-03,566058.3
2021-06-04,518301.2
2021-06-05,506763.9
2021-06-06,505078.3
2021-06-07,511698.0
2021-06-08,696199.0
2021-06-09,703023.6
2021-06-10,713647.3
2021-06-11,406627.4
2021-06-12,477006.7
2021-06-13,562958.7
2021-06-14,664135.7
2021-06-15,815941.1
2021-06-16,912580.8
2021-06-17,657471.4
2021-06-18,687623.4
2021-06-19,724027.1
2021-06-20,765587.7
2021-06-21,811574.5
2021-06-22,861666.5
2021-06-23,1083072.0
2021-06-24,1173022.5
2021-06-25,698579.0
2021-06-26,676197.1
2021-06-27,661267.1
2021-06-28,652070.2
2021-06-29,803778.0
2021-06-30,992607.6
2021-07-01,889728.7
2021-07-02,763221.9
2021-07-03,849116.5
2021-07-04,946359.4
2021-07-05,1048758.5
2021-07-06,1153355.2
2021-07-07,987268.5
2021-07-08,1038462.5
2021-07-09,1006897.5
2021-07-10,967024.2
2021-07-11,932921.5
2021-07-12,907218.7
2021-07-13,956608.5
2021-07-14,1031343.2
2021-07-15,803967.5
2021-07-16,629018.8
2021-07-17,798023.5
2021-07-18,1023570.2
2021-07-19,1275688.4
2021-07-20,1129733.0
2021-07-21,805647.6
2021-07-22,882720.8
2021-07-23,1055805.5
2021-07-24,852193.1
2021-07-25,677320.2
2021-07-26,555927.7
2021-07-27,546934.7
2021-07-28,578853.1
2021-07-29,693185.3
2021-07-30,843439.7
2021-07-31,856635.3
2021-08-01,873303.8
2021-08-02,893597.3
2021-08-03,912736.8
2021-08-04,935226.7
2021-08-05,739854.1
2021-08-06,602327.4
2021-08-07,689388.9
2021-08-08,807554.4
2021-08-09,940679.6
2021-08-10,803407.6
2021-08-11,705645.2
2021-08-12,807967.3
2021-08-13,950935.0
2021-08-14,918211.8
2021-08-15,892604.8
2021-08-16,875470.8
2021-08-17,925842.0
2021-08-18,998279.5
2021-08-19,905413.9
2021-08-20,835268.5
2021-08-21,750035.9
2021-08-22,670185.3
2021-08-23,600351.8
2021-08-24,626128.4
2021-08-25,661488.0
2021-08-26,675170.4
2021-08-27,690160.9
2021-08-28,706470.1
2021-08-29,723870.1
2021-08-30,742237.7
2021-08-31,761529.9
2021-09-01,776866.7
2021-09-02,794101.8
2021-09-03,813739.6
2021-09-04,760699.8
2021-09-05,710050.7
2021-09-06,662325.1
2021-09-07,618172.1
2021-09-08,1054012.4
2021-09-09,1033672.8
2021-09-10,1014345.3
2021-09-11,995929.8
2021-09-12,978087.7
2021-09-13,960938.1
2021-09-14,1002186.5
2021-09-15,1046554.4
2021-09-16,980926.5
2021-09-17,922069.9
2021-09-18,956371.1
2021-09-19,993037.2
2021-09-20,1032161.5
2021-09-21,1185228.4
2021-09-22,1342300.8
2021-09-23,1026669.8
2021-09-24,756006.0
2021-09-25,860879.4
2021-09-26,983108.7
2021-09-27,1115812.1
2021-09-28,1202150.7
2021-09-29,1289556.6
2021-09-30,1159967.6
2021-10-01,1034908.1
2021-10-02,1075751.0
2021-10-03,1118556.7
2021-10-04,1163902.8
2021-10-05,929197.2
2021-10-06,717285.9
2021-10-07,876426.8
2021-10-08,1047981.5
2021-10-09,1056193.2
2021-10-10,1065092.9
2021-10-11,1074446.1
2021-10-12,1084221.2
2021-10-13,992324.8
2021-10-14,903520.4
2021-10-15,819451.5
2021-10-16,922085.0
2021-10-17,1030669.9
2021-10-18,1142931.9
2021-10-19,1132334.2
2021-10-20,1126037.4
2021-10-21,1066919.8
2021-10-22,1013226.3
2021-10-23,1110048.5
2021-10-24,1209960.3
2021-10-25,1311730.2
2021-10-26,1198839.0
2021-10-27,1090510.9
2021-10-28,992802.8
2021-10-29,898753.3
2021-10-30,968443.7
2021-10-31,1040651.0
2021-11-01,1115093.2
2021-11-02,1062465.5
2021-11-03,1011470.9
2021-11-04,970417.3
2021-11-05,936037.9
2021-11-06,811805.5
2021-11-07,692143.1
2021-11-08,580753.3
2021-11-09,821179.2
2021-11-10,1093627.0
2021-11-11,1063037.7
2021-11-12,1034371.9
2021-11-13,1053142.0
2021-11-14,1072926.6
2021-11-15,1093824.8
2021-11-16,1185135.0
2021-11-17,1278883.5
2021-11-18,1139383.5
2021-11-19,1007823.8
2021-11-20,1158784.8
2021-11-21,1321555.2
2021-11-22,1487895.1
2021-11-23,1312311.3
2021-11-24,1143709.7
2021-11-25,1169652.4
2021-11-26,1195813.9
2021-11-27,1222240.8
2021-11-28,1249038.0
2021-11-29,1276179.2
2021-11-30,1213609.0
2021-12-01,1153884.6
2021-12-02,1096214.9
2021-12-03,1042589.4
2021-12-04,1105198.8
2021-12-05,1169881.3
2021-12-06,1236114.3
2021-12-07,1319287.5
2021-12-08,1404649.0
2021-12-09,1248031.2
2021-12-10,1096849.7
2021-12-11,1122974.3
2021-12-12,1150429.2
2021-12-13,1179286.9
2021-12-14,1166283.2
2021-12-15,1153783.1
2021-12-16,1141713.2
2021-12-17,1130105.7
2021-12-18,1102778.8
2021-12-19,1075961.1
2021-12-20,1049694.8
2021-12-21,1075111.6
2021-12-22,1101236.7
2021-12-23,1128053.4
2021-12-24,1164497.4
2021-12-25,1201656.7
2021-12-26,1239388.1
2021-12-27,1277620.7
2021-12-28,1267700.4
2021-12-29,1258708.1
2021-12-30,1250475.3
2021-12-31,1223340.3
2022-01-01,1197116.8
2022-01-02,1172337.6
2022-01-03,1149017.7
2022-01-04,1091465.2
2022-01-05,1036377.6
2022-01-06,1107782.3
2022-01-07,1181236.4
2022-01-08,1157777.1
2022-01-09,1135130.1
2022-01-10,1113441.3
2022-01-11,1049447.0
2022-01-12,993529.8
2022-01-13,882404.3
2022-01-14,789786.5
2022-01-15,825519.6
2022-01-16,871719.0
2022-01-17,926963.3
2022-01-18,988991.9
2022-01-19,784733.8
2022-01-20,594179.8
2022-01-21,544500.3
2022-01-22,632988.8
2022-01-23,734211.8
2022-01-24,842994.9
2022-01-25,809815.1
2022-01-26,790013.5
2022-01-27,847108.7
2022-01-28,362422.0
2022-01-29,544333.6
2022-01-30,807089.3
2022-01-31,1122929.9
2022-02-01,971130.9
2022-02-02,893736.7
2022-02-03,783343.4
2022-02-04,682920.1
2022-02-05,786013.7
2022-02-06,898251.0
2022-02-07,1014428.1
2022-02-08,1178847.9
2022-02-09,921510.1
2022-02-10,929496.3
2022-02-11,982800.0
2022-02-12,1167116.2
2022-02-13,1356247.2
2022-02-14,1546688.8
2022-02-15,1453109.5
2022-02-16,982516.2
2022-02-17,913606.9
2022-02-18,849623.9
2022-02-19,874317.4
2022-02-20,899419.0
2022-02-21,924938.6
2022-02-22,951019.3
2022-02-23,977548.2
2022-02-24,1004542.9
2022-02-25,936893.3
2022-02-26,1043026.7
2022-02-27,1156598.8
2022-02-28,1272840.8
2022-03-01,962262.0
2022-03-02,1384499.0
2022-03-03,1241656.0
2022-03-04,573058.1
2022-03-05,687507.9
2022-03-06,828789.2
2022-03-07,980518.4
2022-03-08,1137392.5
2022-03-09,1318525.3
2022-03-10,594537.0
2022-03-11,615766.0
2022-03-12,643310.5
2022-03-13,677438.3
2022-03-14,718157.8
2022-03-15,761735.3
2022-03-16,964553.5
2022-03-17,784921.6
2022-03-18,801693.4
2022-03-19,820501.5
2022-03-20,841645.2
2022-03-21,865231.4
2022-03-22,817585.7
2022-03-23,761338.0
2022-03-24,869846.3
2022-03-25,549599.9
2022-03-26,604920.0
2022-03-27,669565.7
2022-03-28,741580.0
2022-03-29,820089.9
2022-03-30,615554.6
2022-03-31,463139.7
2022-04-01,712770.4
2022-04-02,713668.2
2022-04-03,716241.7
2022-04-04,721534.3
2022-04-05,648316.1
2022-04-06,766226.5
2022-04-07,920255.7
2022-04-08,876067.9
2022-04-09,837314.7
2022-04-10,805777.7
2022-04-11,780467.8
2022-04-12,796854.5
2022-04-13,749184.1
2022-04-14,710514.4
2022-04-15,611206.3
2022-04-16,658575.1
2022-04-17,708375.9
2022-04-18,760153.9
2022-04-19,813686.4
2022-04-20,739123.2
2022-04-21,668939.4
2022-04-22,606440.1
2022-04-23,584008.4
2022-04-24,565212.6
2022-04-25,550100.8
2022-04-26,712461.7
2022-04-27,591349.0
2022-04-28,576545.1
2022-04-29,668837.2
2022-04-30,675818.2
2022-05-01,687373.7
2022-05-02,704444.3
2022-05-03,441498.0
2022-05-04,433047.6
2022-05-05,385364.2
2022-05-06,643414.9
2022-05-07,655878.0
2022-05-08,672056.2
2022-05-09,691035.3
2022-05-10,452657.6
2022-05-11,417703.9
2022-05-12,459804.7
2022-05-13,675050.2
2022-05-14,505808.3
2022-05-15,378723.3
2022-05-16,292657.5
2022-05-17,265921.9
2022-05-18,664737.9
2022-05-19,841142.5
2022-05-20,708895.0
2022-05-21,706434.4
2022-05-22,708381.7
2022-05-23,714518.4
2022-05-24,667717.6
2022-05-25,563468.7
2022-05-26,670359.4
2022-05-27,793192.7
2022-05-28,774706.2
2022-05-29,757336.8
2022-05-30,740974.1
2022-05-31,725949.5
2022-06-01,664333.1
2022-06-02,823224.2
2022-06-03,657912.5
2022-06-04,642281.9
2022-06-05,630452.8
2022-06-06,623127.1
2022-06-07,664365.4
2022-06-08,684103.3
2022-06-09,876660.4
2022-06-10,718772.9
2022-06-11,731952.1
2022-06-12,747891.5
2022-06-13,767095.7
2022-06-14,712384.4
2022-06-15,715054.5
2022-06-16,726117.1
2022-06-17,750665.5
2022-06-18,776460.8
2022-06-19,803534.5
2022-06-20,832023.9
2022-06-21,862221.3
2022-06-22,868901.5
2022-06-23,882848.2
2022-06-24,899318.7
2022-06-25,845202.4
2022-06-26,800921.4
2022-06-27,780522.9
2022-06-28,730719.0
2022-06-29,697354.4
2022-06-30,1156829.5
2022-07-01,614878.8
2022-07-02,663428.4
2022-07-03,720462.0
2022-07-04,785923.7
2022-07-05,858668.7
2022-07-06,1039465.2
2022-07-07,1247500.3
2022-07-08,1233207.9
2022-07-09,1220309.0
2022-07-10,1208720.4
2022-07-11,1198398.8
2022-07-12,899841.8
2022-07-13,685370.9
2022-07-14,859364.0
2022-07-15,1068826.0
2022-07-16,1091140.7
2022-07-17,1116119.1
2022-07-18,1143343.9
2022-07-19,1242890.9
2022-07-20,1349297.8
2022-07-21,1381258.7
2022-07-22,1317526.9
2022-07-23,1479771.9
2022-07-24,1266647.5
2022-07-25,1068757.3
2022-07-26,1314085.9
2022-07-27,1268952.6
2022-07-28,1260912.1
2022-07-29,1254581.5
2022-07-30,1266166.8
2022-07-31,1278898.6
2022-08-01,1293335.3
2022-08-02,1240225.2
2022-08-03,1387854.1
2022-08-04,1313915.2
2022-08-05,1254230.0
2022-08-06,1224891.6
2022-08-07,1203237.1
2022-08-08,1186195.5
2022-08-09,1169055.7
2022-08-10,1098463.5
2022-08-11,942346.7
2022-08-12,811768.9
2022-08-13,878374.8
2022-08-14,951809.9
2022-08-15,1029481.7
2022-08-16,855647.6
2022-08-17,700842.4
2022-08-18,745026.2
2022-08-19,798697.3
2022-08-20,775753.0
2022-08-21,760006.9
2022-08-22,750077.0
2022-08-23,817403.5
2022-08-24,897590.2
2022-08-25,849208.6
2022-08-26,806925.5
2022-08-27,865412.3
2022-08-28,930552.6
2022-08-29,999918.7
2022-08-30,854874.8
2022-08-31,724406.3
2022-09-01,759269.4
2022-09-02,798891.5
2022-09-03,790134.5
2022-09-04,782334.2
2022-09-05,775909.8
2022-09-06,771127.6
2022-09-07,698511.2
2022-09-08,569089.4
2022-09-09,460628.7
2022-09-10,629557.1
2022-09-11,836327.0
2022-09-12,1061059.8
2022-09-13,1006128.3
2022-09-14,953267.1
2022-09-15,878685.6
2022-09-16,811894.1
2022-09-17,721278.0
2022-09-18,638435.1
2022-09-19,565486.7
2022-09-20,651781.3
2022-09-21,749832.5
2022-09-22,858695.8
2022-09-23,762442.2
2022-09-24,783064.2
2022-09-25,805246.8
2022-09-26,828492.0
2022-09-27,930386.3
2022-09-28,1038448.3
2022-09-29,1209010.5
2022-09-30,1390274.8
2022-10-01,1358316.6
2022-10-02,1329595.5
2022-10-03,1304650.4
2022-10-04,1094114.0
2022-10-05,894328.0
2022-10-06,1060141.7
2022-10-07,1233074.8
2022-10-08,1150507.3
2022-10-09,1068873.6
2022-10-10,988324.9
2022-10-11,909832.1
2022-10-12,997725.9
2022-10-13,1088643.5
2022-10-14,1181325.7
2022-10-15,1094481.1
2022-10-16,1011484.9
2022-10-17,934645.0
2022-10-18,983895.7
2022-10-19,1044756.4
2022-10-20,1076839.2
2022-10-21,1110170.7
2022-10-22,1103040.4
2022-10-23,1096212.5
2022-10-24,1089939.6
2022-10-25,1040647.8
2022-10-26,994267.0
2022-10-27,1071882.0
2022-10-28,1153374.8
2022-10-29,975701.4
2022-10-30,810006.5
2022-10-31,659060.1
2022-11-01,787373.5
2022-11-02,935746.0
2022-11-03,1040419.0
2022-11-04,1147986.6
2022-11-05,993378.0
2022-11-06,847303.9
2022-11-07,713034.7
2022-11-08,925219.3
2022-11-09,1157184.8
2022-11-10,1135266.9
2022-11-11,1113783.0
2022-11-12,1092713.6
2022-11-13,1071975.8
2022-11-14,1051854.0
2022-11-15,829588.4
2022-11-16,633793.0
2022-11-17,878285.1
2022-11-18,1152819.8
2022-11-19,982741.7
2022-11-20,822749.0
2022-11-21,681825.7
2022-11-22,943224.2
2022-11-23,1243442.7
2022-11-24,1205002.5
2022-11-25,1167601.8
2022-11-26,1130934.0
2022-11-27,1094864.1
2022-11-28,1059677.6
2022-11-29,864004.2
2022-11-30,685659.0
2022-12-01,962194.5
2022-12-02,1265332.0
2022-12-03,1196775.8
2022-12-04,1128705.0
2022-12-05,1061380.2
2022-12-06,911234.8
2022-12-07,773717.5
2022-12-08,1084176.0
2022-12-09,1415351.1
2022-12-10,1275714.5
2022-12-11,1137405.6
2022-12-12,1002117.9
2022-12-13,954183.4
2022-12-14,907814.9
2022-12-15,1022418.4
2022-12-16,1142740.4
2022-12-17,876949.9
2022-12-18,630954.4
2022-12-19,430519.7
2022-12-20,645211.6
2022-12-21,908075.2
2022-12-22,1009969.3
2022-12-23,1114973.9
2022-12-24,1214788.8
2022-12-25,1316679.2
2022-12-26,1419174.4
2022-12-27,1522466.9
2022-12-28,1098462.0
2022-12-29,713904.7
2022-12-30,683683.1
2022-12-31,654372.4
2023-01-01,626537.2
2023-01-02,600521.2
2023-01-03,576284.0
2023-01-04,553648.8
2023-01-05,957351.5
2023-01-06,1409742.9
2023-01-07,1307502.6
2023-01-08,1206071.1
2023-01-09,1105797.1
2023-01-10,1071654.3
2023-01-11,1039763.3
2023-01-12,1016745.9
2023-01-13,996261.6
2023-01-14,1004073.9
2023-01-15,1016431.0
2023-01-16,1032067.0
2023-01-17,1049192.2
2023-01-18,1067272.6
2023-01-19,1175942.6
2023-01-20,1303237.2
2023-01-21,1317925.7
2023-01-22,1332896.4
2023-01-23,1348147.9
2023-01-24,1181187.7
2023-01-25,1020927.3
2023-01-26,1261939.8
2023-01-27,1510119.8
2023-01-28,1468583.3
2023-01-29,1427188.1
2023-01-30,1386055.1
2023-01-31,1345292.2
2023-02-01,1335796.1
2023-02-02,1326765.8
2023-02-03,1318080.1
2023-02-04,1274210.6
2023-02-05,1230950.4
2023-02-06,1189043.3
2023-02-07,914924.6
2023-02-08,771002.4
2023-02-09,637498.6
2023-02-10,518880.4
2023-02-11,628199.5
2023-02-12,751714.7
2023-02-13,883413.2
2023-02-14,884230.5
2023-02-15,888801.0
2023-02-16,936737.9
2023-02-17,988853.2
2023-02-18,1036995.4
2023-02-19,1086033.9
2023-02-20,1135744.2
2023-02-21,1185897.3
2023-02-22,1147782.3
2023-02-23,1111566.0
2023-02-24,1502953.9
2023-02-25,1386354.6
2023-02-26,1271360.2
2023-02-27,1159456.1
2023-02-28,1038914.1
2023-03-01,1051475.7
2023-03-02,1114032.6
2023-03-03,903206.8
2023-03-04,974437.6
2023-03-05,1053266.7
2023-03-06,1137543.8
2023-03-07,1141996.1
2023-03-08,1156846.3
2023-03-09,1220711.4
2023-03-10,1310704.8
2023-03-11,1194019.9
2023-03-12,1080988.1
2023-03-13,979499.0
2023-03-14,862324.6
2023-03-15,758883.0
2023-03-16,1147680.7
2023-03-17,1207798.9
2023-03-18,1173373.8
2023-03-19,1140255.9
2023-03-20,1107820.0
2023-03-21,1097443.5
2023-03-22,1006316.0
2023-03-23,1029940.3
2023-03-24,1057376.0
2023-03-25,1085492.3
2023-03-26,1114100.8
2023-03-27,1143183.6
2023-03-28,921312.9
2023-03-29,715397.8
2023-03-30,895678.7
2023-03-31,1135848.1
2023-04-01,1197240.3
2023-04-02,1259095.3
2023-04-03,1321324.0
2023-04-04,1166315.1
2023-04-05,1014700.0
2023-04-06,1009713.0
2023-04-07,1005940.8
2023-04-08,844108.6
2023-04-09,695177.3
2023-04-10,559446.5
2023-04-11,615274.8
2023-04-12,561331.6
2023-04-13,733820.0
2023-04-14,961205.1
2023-04-15,870692.6
2023-04-16,784303.1
2023-04-17,703366.2
2023-04-18,780010.3
2023-04-19,861769.3
2023-04-20,837074.3
2023-04-21,883558.3
2023-04-22,932053.9
2023-04-23,982360.1
2023-04-24,1034158.9
2023-04-25,818507.6
2023-04-26,784181.6
2023-04-27,668277.5
2023-04-28,917347.5
2023-04-29,991781.5
2023-04-30,1068969.6
2023-05-01,1148369.7
2023-05-02,1134780.2
2023-05-03,877993.5
2023-05-04,1059723.1
2023-05-05,1386032.3
2023-05-06,1204695.0
2023-05-07,1034960.4
2023-05-08,884375.4
2023-05-09,806807.5
2023-05-10,1002477.9
2023-05-11,1004339.4
2023-05-12,1031116.2
2023-05-13,1018950.1
2023-05-14,1007648.1
2023-05-15,997326.8
2023-05-16,1400513.8
2023-05-17,1018128.4
2023-05-18,1004806.0
2023-05-19,1126457.9
2023-05-20,1083993.9
2023-05-21,1047392.3
2023-05-22,1017729.3
2023-05-23,1008304.6
2023-05-24,1022514.1
2023-05-25,1439546.7
2023-05-26,1154838.9
2023-05-27,1104665.6
2023-05-28,1056269.3
2023-05-29,1010386.3
2023-05-30,967164.4
2023-05-31,957990.8
2023-06-01,1005677.3
2023-06-02,1059849.9
2023-06-03,1017465.2
2023-06-04,982001.2
2023-06-05,956460.3
2023-06-06,998577.9
2023-06-07,1055675.2
2023-06-08,844442.9
2023-06-09,1022182.6
2023-06-10,991252.0
2023-06-11,962075.6
2023-06-12,935877.1
2023-06-13,1194907.2
2023-06-14,897208.6
2023-06-15,826675.9
2023-06-16,872310.9
2023-06-17,814944.6
2023-06-18,762984.9
2023-06-19,717536.4
2023-06-20,679029.8
2023-06-21,687230.2
2023-06-22,620250.0
2023-06-23,792871.9
2023-06-24,892690.4
2023-06-25,1000884.9
2023-06-26,1114533.8
2023-06-27,961395.3
2023-06-28,754409.6
2023-06-29,864006.8
2023-06-30,678642.0
2023-07-01,667095.3
2023-07-02,660190.6
2023-07-03,657937.6
2023-07-04,717076.2
2023-07-05,795807.8
2023-07-06,708749.0
2023-07-07,673965.1
2023-07-08,711215.5
2023-07-09,754413.9
2023-07-10,801650.8
2023-07-11,723053.9
2023-07-12,722911.3
2023-07-13,746441.7
2023-07-14,783326.8
2023-07-15,790699.6
2023-07-16,802994.2
2023-07-17,820177.3
2023-07-18,842548.3
2023-07-19,755328.6
2023-07-20,726293.3
2023-07-21,708293.8
2023-07-22,713508.2
2023-07-23,723920.0
2023-07-24,739883.4
2023-07-25,807070.7
2023-07-26,769828.6
2023-07-27,746003.6
2023-07-28,731740.9
2023-07-29,751156.9
2023-07-30,772037.5
2023-07-31,794270.0
2023-08-01,817721.3
2023-08-02,690409.0
2023-08-03,671800.9
2023-08-04,661923.1
2023-08-05,723473.3
2023-08-06,792566.7
2023-08-07,871716.2
2023-08-08,786739.6
2023-08-09,712909.2
2023-08-10,706114.4
2023-08-11,704936.1
2023-08-12,736622.8
2023-08-13,772220.1
2023-08-14,811608.2
2023-08-15,814052.6
2023-08-16,820194.3
2023-08-17,719366.9
2023-08-18,634008.8
2023-08-19,622012.8
2023-08-20,613708.9
2023-08-21,609749.4
2023-08-22,679677.8
2023-08-23,764195.5
2023-08-24,722395.2
2023-08-25,687350.6
2023-08-26,642598.9
2023-08-27,606481.6
2023-08-28,579139.0
2023-08-29,480316.2
2023-08-30,696153.2
2023-08-31,604934.2
2023-09-01,529658.7
2023-09-02,517805.9
2023-09-03,509020.5
2023-09-04,503502.7
2023-09-05,501171.7
2023-09-06,645691.5
2023-09-07,590879.5
2023-09-08,548889.3
2023-09-09,562462.9
2023-09-10,586177.1
2023-09-11,616070.8
2023-09-12,765719.2
2023-09-13,933745.2
2023-09-14,718707.7
2023-09-15,759182.2
2023-09-16,802857.8
2023-09-17,848854.2
2023-09-18,896148.6
2023-09-19,921996.9
2023-09-20,951971.7
2023-09-21,841708.6
2023-09-22,739150.6
2023-09-23,753428.0
2023-09-24,774409.2
2023-09-25,798569.1
2023-09-26,783131.1
2023-09-27,771007.4
2023-09-28,701176.0
2023-09-29,650000.7
2023-09-30,697536.7
2023-10-01,750005.0
2023-10-02,807405.8
2023-10-03,754784.3
2023-10-04,714263.0
2023-10-05,769340.6
2023-10-06,831970.6
2023-10-07,908281.7
2023-10-08,989288.5
2023-10-09,1072435.2
2023-10-10,1156751.4
2023-10-11,1083790.6
2023-10-12,1012303.4
2023-10-13,945701.8
2023-10-14,968622.2
2023-10-15,994616.9
2023-10-16,1022901.2
2023-10-17,960185.5
2023-10-18,904701.4
2023-10-19,912467.7
2023-10-20,929605.9
2023-10-21,903696.5
2023-10-22,881411.3
2023-10-23,863092.7
2023-10-24,751076.1
2023-10-25,649096.6
2023-10-26,716316.2
2023-10-27,790132.8
2023-10-28,792389.9
2023-10-29,795814.2
2023-10-30,800285.7
2023-10-31,624824.8
2023-11-01,483883.9
2023-11-02,633082.9
2023-11-03,821553.5
2023-11-04,772784.6
2023-11-05,727902.7
2023-11-06,686916.1
2023-11-07,724275.0
2023-11-08,764336.1
2023-11-09,806444.3
2023-11-10,820205.7
2023-11-11,835077.6
2023-11-12,850723.4
2023-11-13,867044.3
2023-11-14,687604.4
2023-11-15,541893.0
2023-11-16,731292.1
2023-11-17,959844.0
2023-11-18,898219.7
2023-11-19,837682.1
2023-11-20,779467.1
2023-11-21,819799.0
2023-11-22,864296.4
2023-11-23,799630.2
2023-11-24,736739.6
2023-11-25,676869.6
2023-11-26,620683.4
2023-11-27,569376.8
2023-11-28,671137.8
2023-11-29,785970.2
2023-11-30,844172.9
2023-12-01,906488.6
2023-12-02,926479.6
2023-12-03,947262.4
2023-12-04,968841.6
2023-12-05,964808.8
2023-12-06,961598.5
2023-12-07,879851.5
2023-12-08,803180.8
2023-12-09,800268.4
2023-12-10,799047.1
2023-12-11,800203.2
2023-12-12,791977.6
2023-12-13,787394.6
2023-12-14,829460.8
2023-12-15,875595.6
2023-12-16,863769.1
2023-12-17,853067.9
2023-12-18,843677.2
2023-12-19,875505.9
2023-12-20,909724.2
2023-12-21,1006918.9
2023-12-22,1109053.0
2023-12-23,1084526.4
2023-12-24,1060396.9
2023-12-25,1036551.4
2023-12-26,1013002.1
2023-12-27,1035307.6
2023-12-28,1058563.2
2023-12-29,1083663.3
2023-12-30,1028943.8
2023-12-31,976228.1
2024-01-01,924878.3
2024-01-02,874997.2
2024-01-03,1006943.1
2024-01-04,1007694.5
2024-01-05,1010452.3
2024-01-06,946087.8
2024-01-07,884080.5
2024-01-08,824731.0
2024-01-09,893058.8
2024-01-10,964634.5
2024-01-11,866056.1
2024-01-12,772199.9
2024-01-13,777813.2
2024-01-14,785017.4
2024-01-15,793780.3
2024-01-16,804210.9
2024-01-17,815730.0
2024-01-18,942028.6
2024-01-19,1085110.2
2024-01-20,993487.1
2024-01-21,905712.4
2024-01-22,825292.9
2024-01-23,833904.0
2024-01-24,853038.9
2024-01-25,872999.5
2024-01-26,893880.1
2024-01-27,916519.1
2024-01-28,941537.7
2024-01-29,970513.2
2024-01-30,1019639.7
2024-01-31,1072741.5
2024-02-01,1081372.8
2024-02-02,1091043.6
2024-02-03,1012368.5
2024-02-04,940545.5
2024-02-05,877792.4
2024-02-06,1003213.1
2024-02-07,1143090.8
2024-02-08,1136053.9
2024-02-09,1135299.8
2024-02-10,1180107.4
2024-02-11,1226908.5
2024-02-12,1274550.9
2024-02-13,1159419.2
2024-02-14,1059854.1
2024-02-15,1097087.4
2024-02-16,1145257.5
2024-02-17,1116540.3
2024-02-18,1097784.1
2024-02-19,1082042.2
2024-02-20,1070908.2
2024-02-21,1105963.3
2024-02-22,1147085.1
2024-02-23,1194227.6
2024-02-24,1212178.1
2024-02-25,1234434.8
2024-02-26,1258568.6
2024-02-27,1214063.1
2024-02-28,1172718.1
2024-02-29,1225079.7
2024-03-01,1288497.7
2024-03-02,1314420.9
2024-03-03,1346288.2
2024-03-04,1378944.4
2024-03-05,1317480.8
2024-03-06,1256925.5
2024-03-07,1197296.7
2024-03-08,909582.1
2024-03-09,901627.9
2024-03-10,901588.2
2024-03-11,909785.4
2024-03-12,852234.0
2024-03-13,800777.8
2024-03-14,706904.6
2024-03-15,624157.5
2024-03-16,715936.4
2024-03-17,815661.9
2024-03-18,920729.0
2024-03-19,846163.1
2024-03-20,782552.0
2024-03-21,700941.5
2024-03-22,1046933.7
2024-03-23,1020529.8
2024-03-24,996443.0
2024-03-25,974822.9
2024-03-26,1009344.6
2024-03-27,1049698.4
2024-03-28,1047971.5
2024-03-29,1049630.5
2024-03-30,1083087.3
2024-03-31,1117874.5
2024-04-01,1153495.8
2024-04-02,951697.7
2024-04-03,763735.9
2024-04-04,954303.2
2024-04-05,1160825.4
2024-04-06,1145797.8
2024-04-07,1133571.8
2024-04-08,1124442.2
2024-04-09,1156254.7
2024-04-10,867289.3
2024-04-11,617447.2
2024-04-12,985293.1
2024-04-13,864217.2
2024-04-14,755957.2
2024-04-15,666604.4
2024-04-16,660396.4
2024-04-17,667187.8
2024-04-18,767080.7
2024-04-19,977030.0
2024-04-20,993715.8
2024-04-21,1014396.6
2024-04-22,1038232.4
2024-04-23,1176028.6
2024-04-24,1041825.1
2024-04-25,928719.3
2024-04-26,881027.7
2024-04-27,776516.2
2024-04-28,679652.3
2024-04-29,592256.9
2024-04-30,550849.2
2024-05-01,729861.7
2024-05-02,757233.2
2024-05-03,790496.3
2024-05-04,740658.2
2024-05-05,693824.5
2024-05-06,650479.5
2024-05-07,612499.8
2024-05-08,729631.8
2024-05-09,826599.5
2024-05-10,956962.5
2024-05-11,905393.8
2024-05-12,856753.1
2024-05-13,811272.7
2024-05-14,809965.8
2024-05-15,813777.1
2024-05-16,1009105.9
2024-05-17,882340.7
2024-05-18,882958.0
2024-05-19,885229.1
2024-05-20,889140.7
2024-05-21,1009362.8
2024-05-22,869348.1
2024-05-23,655503.0
2024-05-24,677683.2
2024-05-25,701097.2
2024-05-26,727252.1
2024-05-27,755811.2
2024-05-28,786296.5
2024-05-29,929159.9
2024-05-30,1090784.6
2024-05-31,1265787.8
2024-06-01,1136495.6
2024-06-02,1017849.7
2024-06-03,911756.9
2024-06-04,848437.2
2024-06-05,948269.3
2024-06-06,864577.2
2024-06-07,1067574.6
2024-06-08,1077056.6
2024-06-09,1088007.1
2024-06-10,1101377.2
2024-06-11,1039167.8
2024-06-12,980938.5
2024-06-13,1069890.8
2024-06-14,1162014.1
2024-06-15,1162161.5
2024-06-16,1163263.8
2024-06-17,1165629.7
2024-06-18,1128251.7
2024-06-19,1092223.9
2024-06-20,1058559.1
2024-06-21,1050795.1
2024-06-22,1045758.0
2024-06-23,1041749.9
2024-06-24,1038140.1
2024-06-25,985884.6
2024-06-26,864391.4
2024-06-27,1012068.2
2024-06-28,1165610.9
2024-06-29,1088938.2
2024-06-30,1014006.8
2024-07-01,941443.3
2024-07-02,980531.1
2024-07-03,1021383.7
2024-07-04,1064478.3
2024-07-05,1109875.6
2024-07-06,1156621.3
2024-07-07,1203977.6
2024-07-08,1251553.1
2024-07-09,1299248.6
2024-07-10,1347067.2
2024-07-11,1322980.6
2024-07-12,1298932.0
2024-07-13,1274919.1
2024-07-14,1250932.1
2024-07-15,1226972.6
2024-07-16,1203042.9
2024-07-17,1179144.8
2024-07-18,1155285.9
2024-07-19,1131468.5
2024-07-20,1107700.5
2024-07-21,1083988.8
2024-07-22,1060345.5
2024-07-23,1036807.8
2024-07-24,1013394.8
2024-07-25,990131.7
2024-07-26,967040.2
2024-07-27,944170.5
2024-07-28,921592.9
2024-07-29,899391.7
2024-07-30,877682.3
2024-07-31,856590.5
2024-08-01,737542.9
2024-08-02,626658.9
2024-08-03,690715.9
2024-08-04,759343.0
2024-08-05,831348.5
2024-08-06,731987.1
2024-08-07,641876.6
2024-08-08,621262.5
2024-08-09,610834.0
2024-08-10,695075.4
2024-08-11,785823.4
2024-08-12,878974.4
2024-08-13,846004.5
2024-08-14,818783.4
2024-08-15,796861.3
2024-08-16,781372.3
2024-08-17,801304.8
2024-08-18,822109.0
2024-08-19,843954.5
2024-08-20,776837.0
2024-08-21,716492.6
2024-08-22,716022.5
2024-08-23,723905.0
2024-08-24,740118.6
2024-08-25,761155.7
2024-08-26,786182.7
2024-08-27,735913.2
2024-08-28,690802.0
2024-08-29,711470.3
2024-08-30,734956.2
2024-08-31,697556.2
2024-09-01,662401.9
2024-09-02,630929.8
2024-09-03,604153.2
2024-09-04,631644.4
2024-09-05,666646.8
2024-09-06,705737.8
2024-09-07,720803.8
2024-09-08,736916.0
2024-09-09,753537.2
2024-09-10,770495.5
2024-09-11,825303.5
2024-09-12,885139.1
2024-09-13,833619.6
2024-09-14,796624.1
2024-09-15,761206.0
2024-09-16,731367.9
2024-09-17,674346.4
2024-09-18,627551.1
2024-09-19,680065.7
2024-09-20,746586.4
2024-09-21,791828.6
2024-09-22,842637.6
2024-09-23,898563.6
2024-09-24,798632.7
2024-09-25,706631.1
2024-09-26,862591.7
2024-09-27,1026843.2
2024-09-28,899345.3
2024-09-29,775210.7
2024-09-30,657664.8
2024-10-01,706916.0
2024-10-02,764839.4
2024-10-03,740090.3
2024-10-04,719065.7
2024-10-05,687390.1
2024-10-06,658699.7
2024-10-07,633967.4
2024-10-08,640162.1
2024-10-09,654799.4
2024-10-10,752024.8
2024-10-11,863013.7
2024-10-12,801633.1
2024-10-13,741002.5
2024-10-14,682040.9
2024-10-15,628054.1
2024-10-16,581288.4
2024-10-17,693701.4
2024-10-18,826698.9
2024-10-19,821591.5
2024-10-20,817828.7
2024-10-21,823727.4
2024-10-22,771973.3
2024-10-23,724755.1
2024-10-24,798803.2
2024-10-25,876936.5
2024-10-26,831399.9
2024-10-27,787716.3
2024-10-28,746545.9
2024-10-29,800308.2
2024-10-30,862546.6
2024-10-31,926144.0
2024-11-01,990152.7
2024-11-02,899065.6
2024-11-03,808672.9
2024-11-04,731472.7
2024-11-05,707084.5
2024-11-06,688113.0
2024-11-07,809184.6
2024-11-08,939574.7
2024-11-09,927058.6
2024-11-10,914751.9
2024-11-11,902756.8
2024-11-12,891276.1
2024-11-13,880276.8
2024-11-14,845754.0
2024-11-15,813526.0
2024-11-16,797485.6
2024-11-17,789135.9
2024-11-18,791784.5
2024-11-19,752807.2
2024-11-20,742773.2
2024-11-21,827091.9
2024-11-22,916957.2
2024-11-23,834398.3
2024-11-24,755622.2
2024-11-25,688674.6
2024-11-26,785262.6
2024-11-27,896518.5
2024-11-28,848668.1
2024-11-29,801621.2
2024-11-30,755431.1
2024-12-01,710508.6
2024-12-02,667609.0
2024-12-03,657862.0
2024-12-04,656521.9
2024-12-05,721321.2
2024-12-06,797859.3
2024-12-07,862527.8
2024-12-08,931189.7
2024-12-09,1002660.1
2024-12-10,899554.7
2024-12-11,802847.4
2024-12-12,942620.2
2024-12-13,1088200.9
2024-12-14,944729.6
2024-12-15,803667.5
2024-12-16,668051.7
2024-12-17,727407.1
2024-12-18,793637.6
2024-12-19,856621.7
2024-12-20,922616.9
2024-12-21,896171.2
2024-12-22,871536.6
2024-12-23,849092.2
2024-12-24,769636.7
2024-12-25,702124.5
2024-12-26,654068.8
2024-12-27,666326.4
2024-12-28,687287.4
2024-12-29,715098.9
2024-12-30,747705.6
2024-12-31,799905.4
2025-01-01,852858.3
2025-01-02,906285.6
2025-01-03,960203.7
2025-01-04,880680.7
2025-01-05,802837.5
2025-01-06,727984.3
2025-01-07,768084.5
2025-01-08,813023.2
2025-01-09,1037812.1
2025-01-10,1266211.5
2025-01-11,1045504.9
2025-01-12,827674.9
2025-01-13,618118.3
2025-01-14,661821.2
2025-01-15,712615.9
2025-01-16,1024138.1
2025-01-17,1343606.9
2025-01-18,1285903.8
2025-01-19,1228420.5
2025-01-20,1171107.2
2025-01-21,1113966.6
2025-01-22,1057009.0
2025-01-23,1000259.1
2025-01-24,943851.8
2025-01-25,873452.6
2025-01-26,804739.2
2025-01-27,739705.2
2025-01-28,783427.7
2025-01-29,833562.3
2025-01-30,810115.4
2025-01-31,796618.5
2025-02-01,861763.7
2025-02-02,932211.5
2025-02-03,1004424.0
2025-02-04,1008433.5
2025-02-05,1013024.7
2025-02-06,1018054.7
2025-02-07,1023563.6
2025-02-08,970071.1
2025-02-09,917246.5
2025-02-10,865783.7
2025-02-11,817244.3
2025-02-12,844791.0
2025-02-13,876087.5
2025-02-14,909173.4
2025-02-15,885267.3
2025-02-16,862393.2
2025-02-17,841395.2
2025-02-18,823381.6
2025-02-19,819503.0
2025-02-20,818578.9
2025-02-21,820040.4
2025-02-22,819615.6
2025-02-23,821193.7
2025-02-24,824763.3
2025-02-25,922826.1
2025-02-26,1028538.5
2025-02-27,1141825.6
2025-02-28,801837.9
2025-03-01,834092.3
2025-03-02,868776.5
2025-03-03,906070.1
2025-03-04,952127.3
2025-03-05,1012856.7
2025-03-06,900792.6
2025-03-07,802036.6
2025-03-08,839576.3
2025-03-09,879120.4
2025-03-10,921089.2
2025-03-11,828546.8
2025-03-12,745613.4
2025-03-13,850525.2
2025-03-14,963911.8
2025-03-15,838509.8
2025-03-16,716942.9
2025-03-17,604892.6
2025-03-18,834673.6
2025-03-19,1098691.5
2025-03-20,1010960.4
2025-03-21,940548.0
2025-03-22,976541.0
2025-03-23,1016280.0
2025-03-24,1058296.9
2025-03-25,1100506.5
2025-03-26,1148153.3
2025-03-27,996507.2
2025-03-28,848748.3
2025-03-29,940312.5
2025-03-30,1034846.5
2025-03-31,1130416.2
2025-04-01,1226646.9
2025-04-02,1027412.8
2025-04-03,847011.4
2025-04-04,1024598.7
2025-04-05,1058828.1
2025-04-06,1093937.9
2025-04-07,1129545.2
2025-04-08,1165763.9
2025-04-09,1165763.9
2025-04-10,1165763.9
