2012-01-01,0.0
2012-01-02,0.0
2012-01-03,4463160.0
2012-01-04,4397572.3
2012-01-05,4470051.1
2012-01-06,4541722.3
2012-01-07,4551717.4
2012-01-08,4561712.5
2012-01-09,4571707.6
2012-01-10,4563281.7
2012-01-11,4554855.9
2012-01-12,4546430.0
2012-01-13,4538004.2
2012-01-14,4574614.0
2012-01-15,4611223.9
2012-01-16,4647833.7
2012-01-17,4684443.6
2012-01-18,4602856.0
2012-01-19,4791498.9
2012-01-20,4791890.8
2012-01-21,4792282.7
2012-01-22,4792674.6
2012-01-23,4793066.5
2012-01-24,4793458.4
2012-01-25,4609841.4
2012-01-26,4628494.3
2012-01-27,4647147.3
2012-01-28,4666447.7
2012-01-29,4806650.7
2012-01-30,4723032.1
2012-01-31,4546132.3
2012-02-01,5096221.4
2012-02-02,5326787.5
2012-02-03,5176048.8
2012-02-04,4799607.9
2012-02-05,4850834.4
2012-02-06,4887415.5
2012-02-07,5006084.6
2012-02-08,4888175.5
2012-02-09,4873395.3
2012-02-10,4875441.4
2012-02-11,4881938.7
2012-02-12,4741453.7
2012-02-13,4898548.4
2012-02-14,4994420.7
2012-02-15,4854169.7
2012-02-16,4893791.8
2012-02-17,4933413.9
2012-02-18,4809096.7
2012-02-19,4698596.1
2012-02-20,4964241.3
2012-02-21,5015419.8
2012-02-22,5066598.3
2012-02-23,5117776.8
2012-02-24,5168955.3
2012-02-25,4957956.8
2012-02-26,4928726.1
2012-02-27,4907101.2
2012-02-28,4885476.4
2012-02-29,4863851.5
2012-03-01,4939258.9
2012-03-02,4803967.2
2012-03-03,4966742.9
2012-03-04,4865833.8
2012-03-05,4857862.9
2012-03-06,4880818.0
2012-03-07,4743132.4
2012-03-08,4990645.7
2012-03-09,4869989.1
2012-03-10,4752939.3
2012-03-11,4692652.0
2012-03-12,4660591.9
2012-03-13,4723992.5
2012-03-14,4705529.6
2012-03-15,4829508.7
2012-03-16,4849929.7
2012-03-17,4919339.1
2012-03-18,4821762.3
2012-03-19,4724185.4
2012-03-20,4784687.4
2012-03-21,4908944.0
2012-03-22,4883865.1
2012-03-23,4858786.1
2012-03-24,4833707.2
2012-03-25,4808628.3
2012-03-26,4701820.6
2012-03-27,4740465.1
2012-03-28,4791267.2
2012-03-29,4629437.3
2012-03-30,4779863.5
2012-03-31,4930289.7
2012-04-01,4864971.7
2012-04-02,4799653.6
2012-04-03,4734335.6
2012-04-04,4776029.8
2012-04-05,4817724.0
2012-04-06,4978243.9
2012-04-07,4954935.3
2012-04-08,4931626.7
2012-04-09,4908318.1
2012-04-10,4833553.8
2012-04-11,4746055.4
2012-04-12,4833351.7
2012-04-13,4803400.1
2012-04-14,5075206.4
2012-04-15,4860239.9
2012-04-16,4645273.4
2012-04-17,4696899.8
2012-04-18,4908590.3
2012-04-19,4630079.4
2012-04-20,4770215.4
2012-04-21,4615249.8
2012-04-22,4460284.2
2012-04-23,4421794.1
2012-04-24,4285303.4
2012-04-25,4321912.5
2012-04-26,4297588.8
2012-04-27,4273265.1
2012-04-28,4299739.4
2012-04-29,4189549.6
2012-04-30,4079359.9
2012-05-01,4083200.5
2012-05-02,3810463.0
2012-05-03,3762347.6
2012-05-04,3851920.9
2012-05-05,3837127.4
2012-05-06,3822333.9
2012-05-07,3807540.4
2012-05-08,3667984.1
2012-05-09,3718508.1
2012-05-10,3724396.7
2012-05-11,3640934.5
2012-05-12,3671375.9
2012-05-13,3701817.2
2012-05-14,3732258.5
2012-05-15,3576619.4
2012-05-16,3632915.8
2012-05-17,3689212.3
2012-05-18,3698534.3
2012-05-19,3707856.4
2012-05-20,3717178.4
2012-05-21,3726500.4
2012-05-22,3650921.0
2012-05-23,3575341.5
2012-05-24,3742672.7
2012-05-25,3686301.0
2012-05-26,3629929.3
2012-05-27,3573557.7
2012-05-28,3517186.0
2012-05-29,3460814.3
2012-05-30,3404442.7
2012-05-31,3348071.0
2012-06-01,3291699.3
2012-06-02,3235327.6
2012-06-03,3178956.0
2012-06-04,3122584.3
2012-06-05,3066212.6
2012-06-06,3250712.9
2012-06-07,3435213.2
2012-06-08,3427309.7
2012-06-09,3419406.3
2012-06-10,3411502.8
2012-06-11,3403599.4
2012-06-12,3395695.9
2012-06-13,3387792.5
2012-06-14,3399151.9
2012-06-15,3395265.4
2012-06-16,3391378.9
2012-06-17,3387492.3
2012-06-18,3383605.8
2012-06-19,3379719.3
2012-06-20,3273220.3
2012-06-21,3166721.3
2012-06-22,3399346.1
2012-06-23,3300956.0
2012-06-24,3202565.9
2012-06-25,3104175.8
2012-06-26,3062759.3
2012-06-27,3074656.0
2012-06-28,3086552.8
2012-06-29,3362578.9
2012-06-30,3257390.2
2012-07-01,3152201.4
2012-07-02,3047012.6
2012-07-03,3045862.0
2012-07-04,3044711.4
2012-07-05,3043560.7
2012-07-06,3035637.9
2012-07-07,3027715.0
2012-07-08,3019792.1
2012-07-09,3011869.3
2012-07-10,2948168.7
2012-07-11,2924911.1
2012-07-12,2901653.6
2012-07-13,2900066.7
2012-07-14,2898479.9
2012-07-15,2896893.0
2012-07-16,2895306.2
2012-07-17,2984660.7
2012-07-18,3074015.3
2012-07-19,3163369.8
2012-07-20,3111808.9
2012-07-21,3060248.1
2012-07-22,3008687.2
2012-07-23,2957126.3
2012-07-24,2905565.5
2012-07-25,3224488.3
2012-07-26,3185807.8
2012-07-27,3178235.6
2012-07-28,3170663.5
2012-07-29,3163091.3
2012-07-30,3155519.1
2012-07-31,3147947.0
2012-08-01,3014285.8
2012-08-02,2880624.6
2012-08-03,2874898.0
2012-08-04,2869171.3
2012-08-05,2863444.7
2012-08-06,2857718.1
2012-08-07,2851991.4
2012-08-08,2846264.8
2012-08-09,2856904.6
2012-08-10,2867544.4
2012-08-11,2878184.1
2012-08-12,2888823.9
2012-08-13,2899463.7
2012-08-14,2910103.5
2012-08-15,2870140.9
2012-08-16,2830178.3
2012-08-17,2844048.2
2012-08-18,2857918.1
2012-08-19,2871788.0
2012-08-20,2885657.9
2012-08-21,2899527.8
2012-08-22,2899893.7
2012-08-23,2900259.6
2012-08-24,2900625.5
2012-08-25,2900991.4
2012-08-26,2901357.2
2012-08-27,2901723.1
2012-08-28,2902089.0
2012-08-29,2902454.9
2012-08-30,2902820.8
2012-08-31,2903186.7
2012-09-01,2903552.6
2012-09-02,2903918.5
2012-09-03,2904284.4
2012-09-04,2904650.3
2012-09-05,2905016.2
2012-09-06,2905382.1
2012-09-07,2905748.0
2012-09-08,2906113.8
2012-09-09,2906479.7
2012-09-10,2906845.6
2012-09-11,2907211.5
2012-09-12,2898756.9
2012-09-13,2890302.2
2012-09-14,2878799.9
2012-09-15,2867297.5
2012-09-16,2855795.2
2012-09-17,2844292.9
2012-09-18,2832790.6
2012-09-19,2875753.0
2012-09-20,2891765.9
2012-09-21,2907778.8
2012-09-22,2923791.7
2012-09-23,2939804.6
2012-09-24,2955817.5
2012-09-25,2971830.4
2012-09-26,3072841.6
2012-09-27,3173852.8
2012-09-28,3113617.3
2012-09-29,3053381.7
2012-09-30,2993146.2
2012-10-01,2932910.7
2012-10-02,2872675.2
2012-10-03,2874143.9
2012-10-04,2875612.7
2012-10-05,2882938.7
2012-10-06,2890264.7
2012-10-07,2897590.7
2012-10-08,2904916.8
2012-10-09,2912242.8
2012-10-10,2919568.8
2012-10-11,2926894.8
2012-10-12,2934220.8
2012-10-13,2941546.8
2012-10-14,2948872.9
2012-10-15,2956198.9
2012-10-16,2963524.9
2012-10-17,2970850.9
2012-10-18,2956266.1
2012-10-19,2941681.2
2012-10-20,2927096.4
2012-10-21,2912511.6
2012-10-22,2897926.7
2012-10-23,2883341.9
2012-10-24,2894122.2
2012-10-25,2904902.5
2012-10-26,2915682.8
2012-10-27,2926463.1
2012-10-28,2937243.4
2012-10-29,2948023.7
2012-10-30,2958804.0
2012-10-31,2969584.3
2012-11-01,2965774.8
2012-11-02,2961965.3
2012-11-03,2958155.8
2012-11-04,2954346.3
2012-11-05,2950536.8
2012-11-06,2946727.4
2012-11-07,2945403.4
2012-11-08,2944079.4
2012-11-09,2951277.3
2012-11-10,2958475.3
2012-11-11,2965673.2
2012-11-12,2972871.2
2012-11-13,2980069.1
2012-11-14,2987267.1
2012-11-15,2973332.8
2012-11-16,2959398.5
2012-11-17,2945464.2
2012-11-18,2931530.0
2012-11-19,2917595.7
2012-11-20,2903661.4
2012-11-21,2892325.9
2012-11-22,2880990.4
2012-11-23,2869654.9
2012-11-24,2858319.4
2012-11-25,2846983.9
2012-11-26,2835648.4
2012-11-27,2824312.9
2012-11-28,2860749.8
2012-11-29,2897186.8
2012-11-30,2908618.7
2012-12-01,2920050.7
2012-12-02,2931482.6
2012-12-03,2942914.5
2012-12-04,2954346.5
2012-12-05,2970414.8
2012-12-06,2986483.0
2012-12-07,3006890.3
2012-12-08,3027297.5
2012-12-09,3047704.8
2012-12-10,3068112.0
2012-12-11,3088519.3
2012-12-12,2984343.1
2012-12-13,2880166.9
2012-12-14,2868534.3
2012-12-15,2856901.7
2012-12-16,2845269.2
2012-12-17,2833636.6
2012-12-18,2822004.0
2012-12-19,2833461.9
2012-12-20,2844919.8
2012-12-21,2856377.7
2012-12-22,2867835.6
2012-12-23,2879293.5
2012-12-24,2890751.4
2012-12-25,2902209.3
2012-12-26,2913667.2
2012-12-27,2925125.1
2012-12-28,2943448.5
2012-12-29,2961771.8
2012-12-30,2980095.2
2012-12-31,2998418.6
2013-01-01,3016741.9
2013-01-02,3035065.3
2013-01-03,3009364.5
2013-01-04,2983663.8
2013-01-05,2957963.0
2013-01-06,2932262.2
2013-01-07,2906561.5
2013-01-08,2880860.7
2013-01-09,2895042.0
2013-01-10,2909223.3
2013-01-11,2923404.6
2013-01-12,2937586.0
2013-01-13,2951767.3
2013-01-14,2965948.6
2013-01-15,2980129.9
2013-01-16,2994311.2
2013-01-17,2991280.1
2013-01-18,2988249.1
2013-01-19,2985218.0
2013-01-20,2982186.9
2013-01-21,2979155.9
2013-01-22,2976124.8
2013-01-23,2973093.7
2013-01-24,2970062.7
2013-01-25,3007850.9
2013-01-26,3045639.2
2013-01-27,3083427.5
2013-01-28,3121215.8
2013-01-29,3159004.0
2013-01-30,3196792.3
2013-01-31,3234580.6
2013-02-01,3233636.9
2013-02-02,3232693.2
2013-02-03,3231749.5
2013-02-04,3230805.9
2013-02-05,3229862.2
2013-02-06,3228918.5
2013-02-07,3250852.5
2013-02-08,3272786.5
2013-02-09,3294720.6
2013-02-10,3316654.6
2013-02-11,3338588.6
2013-02-12,3360522.6
2013-02-13,3382456.7
2013-02-14,3359348.6
2013-02-15,3336240.5
2013-02-16,3313132.5
2013-02-17,3290024.4
2013-02-18,3266916.4
2013-02-19,3243808.3
2013-02-20,3220700.3
2013-02-21,3197592.2
2013-02-22,3241414.3
2013-02-23,3285236.3
2013-02-24,3329058.3
2013-02-25,3372880.4
2013-02-26,3416702.4
2013-02-27,3460524.4
2013-02-28,3492101.5
2013-03-01,3523678.6
2013-03-02,3555255.8
2013-03-03,3586832.9
2013-03-04,3618410.0
2013-03-05,3632294.6
2013-03-06,3646179.1
2013-03-07,3660063.7
2013-03-08,3673948.2
2013-03-09,3687832.8
2013-03-10,3701717.4
2013-03-11,3715601.9
2013-03-12,3729486.5
2013-03-13,3695977.2
2013-03-14,3662468.0
2013-03-15,3689072.2
2013-03-16,3715676.4
2013-03-17,3742280.6
2013-03-18,3768884.8
2013-03-19,3795489.0
2013-03-20,3822093.2
2013-03-21,3848697.4
2013-03-22,3836004.0
2013-03-23,3823310.6
2013-03-24,3810617.2
2013-03-25,3797923.8
2013-03-26,3785230.4
2013-03-27,3737344.4
2013-03-28,3689458.5
2013-03-29,3684518.0
2013-03-30,3679577.5
2013-03-31,3674637.0
2013-04-01,3669696.5
2013-04-02,3664756.0
2013-04-03,3723328.3
2013-04-04,3781900.6
2013-04-05,3840472.8
2013-04-06,3899045.1
2013-04-07,3957617.4
2013-04-08,4016189.7
2013-04-09,4074762.0
2013-04-10,4069673.4
2013-04-11,4064584.8
2013-04-12,4059496.3
2013-04-13,4054407.7
2013-04-14,4049319.2
2013-04-15,4044230.6
2013-04-16,4039142.1
2013-04-17,4034053.5
2013-04-18,4028964.9
2013-04-19,4038040.9
2013-04-20,4047116.8
2013-04-21,4056192.8
2013-04-22,4065268.7
2013-04-23,4074344.6
2013-04-24,3901234.2
2013-04-25,3867923.9
2013-04-26,3834613.6
2013-04-27,3840275.8
2013-04-28,3845938.1
2013-04-29,3851600.4
2013-04-30,3857262.6
2013-05-01,3669933.3
2013-05-02,3709245.4
2013-05-03,3748557.5
2013-05-04,3787869.5
2013-05-05,3827181.6
2013-05-06,3866493.7
2013-05-07,3905805.8
2013-05-08,3959034.8
2013-05-09,3958803.9
2013-05-10,4492298.0
2013-05-11,4447528.7
2013-05-12,4402759.4
2013-05-13,4357990.1
2013-05-14,4472770.3
2013-05-15,4121655.4
2013-05-16,4112173.6
2013-05-17,4277736.9
2013-05-18,4238688.7
2013-05-19,4199640.6
2013-05-20,4160592.5
2013-05-21,4443912.3
2013-05-22,4570774.8
2013-05-23,4554851.2
2013-05-24,4613590.4
2013-05-25,4569736.8
2013-05-26,4525883.2
2013-05-27,4482029.6
2013-05-28,4438176.0
2013-05-29,4444142.0
2013-05-30,4557338.2
2013-05-31,4377954.1
2013-06-01,4407391.4
2013-06-02,4436828.6
2013-06-03,4466265.9
2013-06-04,4474864.9
2013-06-05,4555792.8
2013-06-06,4481772.1
2013-06-07,4427411.4
2013-06-08,4525432.5
2013-06-09,4476088.8
2013-06-10,4426745.1
2013-06-11,4593772.6
2013-06-12,4310627.5
2013-06-13,4286487.3
2013-06-14,4262347.0
2013-06-15,4338657.7
2013-06-16,4415597.9
2013-06-17,4228715.8
2013-06-18,4210157.8
2013-06-19,3842018.5
2013-06-20,3755156.5
2013-06-21,3990654.7
2013-06-22,4008115.5
2013-06-23,3842484.0
2013-06-24,3678750.6
2013-06-25,3518746.8
2013-06-26,4038797.0
2013-06-27,3403125.2
2013-06-28,3898184.3
2013-06-29,3979268.6
2013-06-30,4060359.5
2013-07-01,3164880.0
2013-07-02,3577475.2
2013-07-03,3929948.0
2013-07-04,3762357.6
2013-07-05,3594844.8
2013-07-06,3841344.9
2013-07-07,3620280.0
2013-07-08,3399347.0
2013-07-09,3364415.1
2013-07-10,3259604.8
2013-07-11,3501956.0
2013-07-12,3250038.0
2013-07-13,3756519.6
2013-07-14,3381861.2
2013-07-15,3008421.5
2013-07-16,3577105.0
2013-07-17,3429337.8
2013-07-18,3376755.3
2013-07-19,3397308.9
2013-07-20,3338593.0
2013-07-21,3279877.0
2013-07-22,3221161.0
2013-07-23,3162445.0
2013-07-24,3103729.0
2013-07-25,3045013.0
2013-07-26,2986297.6
2013-07-27,2973524.4
2013-07-28,2960778.3
2013-07-29,2948469.8
2013-07-30,2936974.6
2013-07-31,3043346.2
2013-08-01,2802713.9
2013-08-02,3092861.4
2013-08-03,3019701.1
2013-08-04,2946550.1
2013-08-05,2873417.5
2013-08-06,2800719.5
2013-08-07,2754434.9
2013-08-08,2708789.8
2013-08-09,3021419.2
2013-08-10,3015437.9
2013-08-11,3009456.6
2013-08-12,3003475.2
2013-08-13,2948959.8
2013-08-14,2903454.2
2013-08-15,2914321.8
2013-08-16,3271241.8
2013-08-17,3114015.4
2013-08-18,2956788.9
2013-08-19,2799562.5
2013-08-20,2793161.6
2013-08-21,2821161.4
2013-08-22,2717041.0
2013-08-23,2708117.9
2013-08-24,2699194.8
2013-08-25,2690271.6
2013-08-26,2681348.5
2013-08-27,2672425.4
2013-08-28,2720519.9
2013-08-29,2768614.4
2013-08-30,2953259.5
2013-08-31,2943682.7
2013-09-01,2934105.9
2013-09-02,2924529.1
2013-09-03,2914952.2
2013-09-04,2905375.4
2013-09-05,2787348.1
2013-09-06,2786074.3
2013-09-07,2784800.5
2013-09-08,2783526.7
2013-09-09,2782252.9
2013-09-10,2780979.0
2013-09-11,2767988.7
2013-09-12,2754998.3
2013-09-13,2744632.6
2013-09-14,2734267.0
2013-09-15,2723901.3
2013-09-16,2713535.7
2013-09-17,2703170.1
2013-09-18,2743439.4
2013-09-19,2783708.6
2013-09-20,2502388.4
2013-09-21,2545535.0
2013-09-22,2588681.6
2013-09-23,2631828.2
2013-09-24,2674974.8
2013-09-25,2707897.3
2013-09-26,2740819.8
2013-09-27,2747317.0
2013-09-28,2753814.2
2013-09-29,2760311.4
2013-09-30,2766808.6
2013-10-01,2773305.8
2013-10-02,2777600.1
2013-10-03,2781894.3
2013-10-04,2786188.6
2013-10-05,2790482.9
2013-10-06,2794777.2
2013-10-07,2799071.5
2013-10-08,2843482.7
2013-10-09,2887893.9
2013-10-10,2932305.1
2013-10-11,2932861.6
2013-10-12,2933418.2
2013-10-13,2933974.7
2013-10-14,2934531.2
2013-10-15,2935087.8
2013-10-16,2881928.5
2013-10-17,2828769.2
2013-10-18,2832967.2
2013-10-19,2837165.1
2013-10-20,2841363.1
2013-10-21,2845561.0
2013-10-22,2849759.0
2013-10-23,2853956.9
2013-10-24,2858154.9
2013-10-25,2845701.4
2013-10-26,2833247.9
2013-10-27,2820794.4
2013-10-28,2808340.9
2013-10-29,2795887.4
2013-10-30,2747489.8
2013-10-31,2699092.3
2013-11-01,2715597.5
2013-11-02,2732102.7
2013-11-03,2748607.9
2013-11-04,2765113.2
2013-11-05,2781618.4
2013-11-06,2767112.2
2013-11-07,2752606.0
2013-11-08,2770571.4
2013-11-09,2788536.8
2013-11-10,2806502.1
2013-11-11,2824467.5
2013-11-12,2842432.8
2013-11-13,2860398.2
2013-11-14,2878363.6
2013-11-15,2868867.6
2013-11-16,2859371.6
2013-11-17,2849875.7
2013-11-18,2840379.7
2013-11-19,2830883.8
2013-11-20,2830701.9
2013-11-21,2830520.0
2013-11-22,2851830.7
2013-11-23,2873141.3
2013-11-24,2894452.0
2013-11-25,2915762.7
2013-11-26,2937073.3
2013-11-27,3027008.0
2013-11-28,3116942.7
2013-11-29,3206877.3
2013-11-30,3296812.0
2013-12-01,3386746.7
2013-12-02,3476681.3
2013-12-03,3566616.0
2013-12-04,3513713.5
2013-12-05,3460811.0
2013-12-06,3407908.5
2013-12-07,3355005.9
2013-12-08,3302103.4
2013-12-09,3249200.9
2013-12-10,3196298.4
2013-12-11,3021347.2
2013-12-12,2846396.0
2013-12-13,2858304.4
2013-12-14,2870212.8
2013-12-15,2882121.2
2013-12-16,2894029.6
2013-12-17,2905938.0
2013-12-18,2892218.3
2013-12-19,2878498.5
2013-12-20,2890465.0
2013-12-21,2902431.5
2013-12-22,2914398.0
2013-12-23,2926364.5
2013-12-24,2938331.0
2013-12-25,2916057.5
2013-12-26,2893783.9
2013-12-27,2871510.4
2013-12-28,2849236.9
2013-12-29,2826963.3
2013-12-30,2804689.8
2013-12-31,2782416.3
2014-01-01,2806053.4
2014-01-02,2829690.5
2014-01-03,2853327.6
2014-01-04,2876964.8
2014-01-05,2900601.9
2014-01-06,2924239.0
2014-01-07,2947876.1
2014-01-08,2704969.1
2014-01-09,2898573.4
2014-01-10,2947642.3
2014-01-11,2996711.3
2014-01-12,3045780.2
2014-01-13,3094849.2
2014-01-14,3143918.1
2014-01-15,2977927.2
2014-01-16,2972939.2
2014-01-17,3092700.5
2014-01-18,3120995.6
2014-01-19,3149290.7
2014-01-20,3177585.8
2014-01-21,3205880.9
2014-01-22,3743433.5
2014-01-23,3287498.2
2014-01-24,3232549.2
2014-01-25,3249074.0
2014-01-26,3265598.7
2014-01-27,3282123.4
2014-01-28,3298648.1
2014-01-29,3439957.6
2014-01-30,3581267.1
2014-01-31,3592892.5
2014-02-01,3514192.6
2014-02-02,3435492.7
2014-02-03,3356792.8
2014-02-04,3342345.6
2014-02-05,3327898.4
2014-02-06,3362435.9
2014-02-07,3746038.0
2014-02-08,3656201.9
2014-02-09,3566365.8
2014-02-10,3476529.6
2014-02-11,3318740.1
2014-02-12,3548709.3
2014-02-13,3453867.9
2014-02-14,3477026.8
2014-02-15,3500185.7
2014-02-16,3523344.6
2014-02-17,3546503.5
2014-02-18,3569662.4
2014-02-19,3592821.3
2014-02-20,3615980.2
2014-02-21,3639139.1
2014-02-22,3605214.3
2014-02-23,3571289.6
2014-02-24,3537364.8
2014-02-25,3503440.0
2014-02-26,3469515.3
2014-02-27,3591912.3
2014-02-28,3858777.4
2014-03-01,3696315.0
2014-03-02,3533852.6
2014-03-03,3371390.1
2014-03-04,3502236.3
2014-03-05,3633082.5
2014-03-06,3475425.6
2014-03-07,3616832.0
2014-03-08,3594194.8
2014-03-09,3571557.7
2014-03-10,3548920.5
2014-03-11,3526283.4
2014-03-12,3503646.3
2014-03-13,3366605.7
2014-03-14,4003237.9
2014-03-15,3907674.6
2014-03-16,3812111.3
2014-03-17,3716548.0
2014-03-18,3614365.3
2014-03-19,3885494.2
2014-03-20,3489273.1
2014-03-21,3507080.7
2014-03-22,3481633.3
2014-03-23,3456185.9
2014-03-24,3430738.5
2014-03-25,3894557.1
2014-03-26,3358408.7
2014-03-27,3463429.4
2014-03-28,3478467.6
2014-03-29,3493505.7
2014-03-30,3508543.9
2014-03-31,3523582.1
2014-04-01,3538620.3
2014-04-02,3344076.0
2014-04-03,3419775.6
2014-04-04,3467281.4
2014-04-05,3439375.4
2014-04-06,3411469.5
2014-04-07,3383563.5
2014-04-08,3355657.6
2014-04-09,3871354.6
2014-04-10,3797993.4
2014-04-11,3724632.2
2014-04-12,3651271.0
2014-04-13,3577909.8
2014-04-14,3504548.7
2014-04-15,3431187.5
2014-04-16,3265300.2
2014-04-17,3361522.0
2014-04-18,3358137.8
2014-04-19,3354753.6
2014-04-20,3351369.5
2014-04-21,3347985.3
2014-04-22,3344601.1
2014-04-23,3341217.0
2014-04-24,3375062.6
2014-04-25,3418766.6
2014-04-26,3462470.6
2014-04-27,3506174.5
2014-04-28,3549878.5
2014-04-29,3593582.4
2014-04-30,3605235.3
2014-05-01,3616888.1
2014-05-02,3661459.9
2014-05-03,3706031.6
2014-05-04,3750603.3
2014-05-05,3795175.0
2014-05-06,3839746.7
2014-05-07,4300506.1
2014-05-08,4138841.1
2014-05-09,3802909.0
2014-05-10,3749594.1
2014-05-11,3696279.2
2014-05-12,3642964.4
2014-05-13,3725975.6
2014-05-14,3737456.4
2014-05-15,3748937.2
2014-05-16,4051112.3
2014-05-17,3910572.3
2014-05-18,3770032.3
2014-05-19,3629492.2
2014-05-20,3581358.7
2014-05-21,3575550.8
2014-05-22,3763525.4
2014-05-23,3729999.0
2014-05-24,3696472.7
2014-05-25,3662946.3
2014-05-26,3629420.0
2014-05-27,3595893.6
2014-05-28,3562367.3
2014-05-29,3542487.4
2014-05-30,3522607.5
2014-05-31,3502732.0
2014-06-01,3482908.4
2014-06-02,3463201.4
2014-06-03,3688190.7
2014-06-04,3425714.1
2014-06-05,3412380.2
2014-06-06,3393036.3
2014-06-07,3373747.8
2014-06-08,3354504.9
2014-06-09,3335269.0
2014-06-10,3316038.0
2014-06-11,3296820.9
2014-06-12,3194511.1
2014-06-13,3148209.2
2014-06-14,3101929.7
2014-06-15,3055650.8
2014-06-16,3009371.8
2014-06-17,2963094.2
2014-06-18,3042888.7
2014-06-19,3122684.5
2014-06-20,3088811.1
2014-06-21,2948783.3
2014-06-22,2808755.5
2014-06-23,2668727.7
2014-06-24,2528699.9
2014-06-25,2496499.6
2014-06-26,2660371.1
2014-06-27,2500272.6
2014-06-28,2490439.9
2014-06-29,2480607.1
2014-06-30,2470775.2
2014-07-01,2537609.2
2014-07-02,2306751.9
2014-07-03,2188049.5
2014-07-04,2324324.9
2014-07-05,2460600.3
2014-07-06,2596875.6
2014-07-07,2733151.0
2014-07-08,2869426.4
2014-07-09,2665979.8
2014-07-10,2462536.4
2014-07-11,2467102.0
2014-07-12,2471670.8
2014-07-13,2476241.6
2014-07-14,2480847.3
2014-07-15,2530590.7
2014-07-16,2580373.1
2014-07-17,2630155.6
2014-07-18,2600030.8
2014-07-19,2569906.0
2014-07-20,2539781.2
2014-07-21,2509656.4
2014-07-22,2479531.6
2014-07-23,2528446.3
2014-07-24,2577618.7
2014-07-25,2568871.7
2014-07-26,2560314.4
2014-07-27,2551791.2
2014-07-28,2543268.4
2014-07-29,2534775.9
2014-07-30,2529503.0
2014-07-31,2524261.4
2014-08-01,2519019.8
2014-08-02,2556757.8
2014-08-03,2594495.9
2014-08-04,2632234.0
2014-08-05,2669972.1
2014-08-06,2825117.1
2014-08-07,2980262.2
2014-08-08,2937591.6
2014-08-09,2894921.0
2014-08-10,2852250.4
2014-08-11,2809579.8
2014-08-12,2766909.2
2014-08-13,2933060.8
2014-08-14,3099212.4
2014-08-15,3013294.9
2014-08-16,2927377.4
2014-08-17,2841460.0
2014-08-18,2755542.5
2014-08-19,2669625.0
2014-08-20,2662805.1
2014-08-21,2648125.0
2014-08-22,2633444.9
2014-08-23,2618764.7
2014-08-24,2604084.6
2014-08-25,2589404.4
2014-08-26,2574724.3
2014-08-27,2612502.2
2014-08-28,2650280.2
2014-08-29,2672180.3
2014-08-30,2658899.4
2014-08-31,2645618.4
2014-09-01,2632337.4
2014-09-02,2619056.5
2014-09-03,2605775.5
2014-09-04,2620384.9
2014-09-05,2634994.3
2014-09-06,2649603.7
2014-09-07,2664213.0
2014-09-08,2678822.4
2014-09-09,2693431.8
2014-09-10,2708041.1
2014-09-11,2722650.5
2014-09-12,2720047.2
2014-09-13,2717443.8
2014-09-14,2714840.4
2014-09-15,2712237.0
2014-09-16,2709633.7
2014-09-17,2707647.6
2014-09-18,2705661.6
2014-09-19,2701183.3
2014-09-20,2696705.0
2014-09-21,2692226.8
2014-09-22,2687748.5
2014-09-23,2683270.2
2014-09-24,2705337.5
2014-09-25,2727404.7
2014-09-26,2749613.8
2014-09-27,2771822.9
2014-09-28,2794032.0
2014-09-29,2816241.1
2014-09-30,2838450.2
2014-10-01,2758480.1
2014-10-02,2678510.0
2014-10-03,2720425.7
2014-10-04,2762341.4
2014-10-05,2804257.1
2014-10-06,2846172.8
2014-10-07,2888088.5
2014-10-08,2877418.4
2014-10-09,2866748.4
2014-10-10,2865265.1
2014-10-11,2863781.8
2014-10-12,2862298.5
2014-10-13,2860815.2
2014-10-14,2859331.9
2014-10-15,2857848.6
2014-10-16,2836946.9
2014-10-17,2816045.1
2014-10-18,2795143.4
2014-10-19,2774241.6
2014-10-20,2753339.9
2014-10-21,2732438.1
2014-10-22,2724102.3
2014-10-23,2715766.4
2014-10-24,2707430.5
2014-10-25,2699094.7
2014-10-26,2690758.8
2014-10-27,2682422.9
2014-10-28,2674087.0
2014-10-29,2733185.3
2014-10-30,2792283.6
2014-10-31,2759433.3
2014-11-01,2726582.9
2014-11-02,2693732.6
2014-11-03,2660882.3
2014-11-04,2628032.0
2014-11-05,2635842.5
2014-11-06,2643653.0
2014-11-07,2651463.5
2014-11-08,2659274.0
2014-11-09,2667084.5
2014-11-10,2674895.0
2014-11-11,2682705.5
2014-11-12,2690516.0
2014-11-13,2429863.8
2014-11-14,2558921.1
2014-11-15,2687978.3
2014-11-16,2817035.6
2014-11-17,2946092.9
2014-11-18,3075150.2
2014-11-19,2951275.7
2014-11-20,2827401.3
2014-11-21,2833390.8
2014-11-22,2839380.3
2014-11-23,2845369.8
2014-11-24,2851359.3
2014-11-25,2857348.9
2014-11-26,2900309.3
2014-11-27,2894788.3
2014-11-28,2889267.4
2014-11-29,2883746.4
2014-11-30,2878225.5
2014-12-01,2872704.5
2014-12-02,2849954.6
2014-12-03,2827204.7
2014-12-04,2804454.7
2014-12-05,2781704.8
2014-12-06,2758954.9
2014-12-07,2736205.0
2014-12-08,2713455.1
2014-12-09,2690705.2
2014-12-10,2681223.4
2014-12-11,2671741.5
2014-12-12,2741109.0
2014-12-13,2810476.4
2014-12-14,2879843.8
2014-12-15,2949211.3
2014-12-16,3018578.7
2014-12-17,3154850.7
2014-12-18,3291122.6
2014-12-19,3274779.2
2014-12-20,3258435.7
2014-12-21,3242092.3
2014-12-22,3225748.8
2014-12-23,3209405.3
2014-12-24,3193061.9
2014-12-25,3176718.4
2014-12-26,3160374.9
2014-12-27,3144031.5
2014-12-28,3127688.0
2014-12-29,3111344.5
2014-12-30,3095001.1
2014-12-31,3078657.6
2015-01-01,3084499.9
2015-01-02,3090342.1
2015-01-03,3096184.4
2015-01-04,3102026.7
2015-01-05,3107868.9
2015-01-06,3113711.2
2015-01-07,3119553.4
2015-01-08,3125395.7
2015-01-09,3131238.0
2015-01-10,3137080.2
2015-01-11,3142922.5
2015-01-12,3148764.7
2015-01-13,3154607.0
2015-01-14,3160449.3
2015-01-15,3166291.5
2015-01-16,3172133.8
2015-01-17,3177976.0
2015-01-18,3183818.3
2015-01-19,3189660.6
2015-01-20,3195502.8
2015-01-21,3201345.1
2015-01-22,3207187.4
2015-01-23,3213029.6
2015-01-24,3218871.9
2015-01-25,3224714.1
2015-01-26,3230556.4
2015-01-27,3236398.7
2015-01-28,3242240.9
2015-01-29,3248083.2
2015-01-30,3226586.6
2015-01-31,3205090.1
2015-02-01,3183593.5
2015-02-02,3162096.9
2015-02-03,3140600.4
2015-02-04,3117622.1
2015-02-05,3094643.9
2015-02-06,3071665.6
2015-02-07,3048687.3
2015-02-08,3025709.1
2015-02-09,3002730.8
2015-02-10,2979752.5
2015-02-11,2977542.2
2015-02-12,2975331.8
2015-02-13,2973121.5
2015-02-14,2970911.1
2015-02-15,2968700.8
2015-02-16,2966490.4
2015-02-17,2964280.1
2015-02-18,2962069.8
2015-02-19,2959859.4
2015-02-20,2959978.2
2015-02-21,2960097.0
2015-02-22,2960215.7
2015-02-23,2960334.5
2015-02-24,2960453.3
2015-02-25,2975138.3
2015-02-26,2989823.3
2015-02-27,2979754.4
2015-02-28,2969685.6
2015-03-01,2959616.8
2015-03-02,2949547.9
2015-03-03,2939479.1
2015-03-04,2929410.2
2015-03-05,2919341.4
2015-03-06,2909272.6
2015-03-07,2899203.7
2015-03-08,2889134.9
2015-03-09,2879066.1
2015-03-10,2868997.2
2015-03-11,2858928.4
2015-03-12,2848859.5
2015-03-13,2838790.7
2015-03-14,2828721.9
2015-03-15,2818653.0
2015-03-16,2808584.2
2015-03-17,2798515.4
2015-03-18,2808452.4
2015-03-19,2818389.5
2015-03-20,2828326.6
2015-03-21,2838263.6
2015-03-22,2848200.7
2015-03-23,2858137.8
2015-03-24,2868074.9
2015-03-25,3217214.6
2015-03-26,3286868.9
2015-03-27,3356523.2
2015-03-28,3426177.4
2015-03-29,3495831.7
2015-03-30,3565486.0
2015-03-31,3635140.2
2015-04-01,3683652.1
2015-04-02,3732163.9
2015-04-03,3745195.8
2015-04-04,3758227.7
2015-04-05,3771259.5
2015-04-06,3784291.4
2015-04-07,3797323.3
2015-04-08,3810355.2
2015-04-09,3468066.8
2015-04-10,3479198.1
2015-04-11,3490329.5
2015-04-12,3501460.8
2015-04-13,3512592.2
2015-04-14,3523723.5
2015-04-15,3496564.1
2015-04-16,3469404.6
2015-04-17,3744005.9
2015-04-18,3789956.4
2015-04-19,3835906.9
2015-04-20,3881857.4
2015-04-21,3927807.9
2015-04-22,3961113.1
2015-04-23,3994418.3
2015-04-24,4027723.6
2015-04-25,4061028.8
2015-04-26,4094334.0
2015-04-27,4127639.2
2015-04-28,4160944.4
2015-04-29,4194249.6
2015-04-30,3890686.4
2015-05-01,4040068.0
2015-05-02,4189449.7
2015-05-03,4163088.7
2015-05-04,4136727.8
2015-05-05,4110366.9
2015-05-06,4024026.2
2015-05-07,4134443.0
2015-05-08,4127537.9
2015-05-09,4120632.9
2015-05-10,4113727.9
2015-05-11,4106822.9
2015-05-12,4099917.8
2015-05-13,4202392.9
2015-05-14,3883135.1
2015-05-15,3982940.7
2015-05-16,3893806.3
2015-05-17,3804671.9
2015-05-18,3715537.5
2015-05-19,3627099.8
2015-05-20,3512322.4
2015-05-21,3399232.4
2015-05-22,3431161.4
2015-05-23,3374119.7
2015-05-24,3317078.1
2015-05-25,3260036.5
2015-05-26,3202994.9
2015-05-27,3145953.2
2015-05-28,3017570.1
2015-05-29,3054083.3
2015-05-30,3005182.3
2015-05-31,2956281.3
2015-06-01,2907713.0
2015-06-02,2964574.1
2015-06-03,2927805.9
2015-06-04,2891976.8
2015-06-05,2851871.4
2015-06-06,2812822.9
2015-06-07,2773793.8
2015-06-08,2734764.6
2015-06-09,2695735.4
2015-06-10,2653979.3
2015-06-11,2727648.2
2015-06-12,2703984.3
2015-06-13,2680348.6
2015-06-14,2656759.6
2015-06-15,2633252.0
2015-06-16,2609773.8
2015-06-17,2458423.8
2015-06-18,2495133.7
2015-06-19,2533598.4
2015-06-20,2573353.3
2015-06-21,2613736.9
2015-06-22,2654542.6
2015-06-23,2695635.8
2015-06-24,2537914.8
2015-06-25,2598643.3
2015-06-26,2662384.6
2015-06-27,2727716.2
2015-06-28,2793282.2
2015-06-29,2858879.6
2015-06-30,2924484.3
2015-07-01,2372651.4
2015-07-02,2320952.8
2015-07-03,2374746.5
2015-07-04,2433163.8
2015-07-05,2494430.9
2015-07-06,2560724.5
2015-07-07,2630135.3
2015-07-08,2757465.2
2015-07-09,2888155.6
2015-07-10,3023191.0
2015-07-11,3161304.6
2015-07-12,3299521.4
2015-07-13,3437738.2
2015-07-14,3491725.3
2015-07-15,3545712.5
2015-07-16,3359004.7
2015-07-17,3389026.1
2015-07-18,3419047.5
2015-07-19,3410933.8
2015-07-20,3402820.1
2015-07-21,3394706.4
2015-07-22,3538352.7
2015-07-23,3444610.9
2015-07-24,3485117.3
2015-07-25,3445016.9
2015-07-26,3404916.5
2015-07-27,3343521.9
2015-07-28,3253794.7
2015-07-29,3307783.3
2015-07-30,3372833.1
2015-07-31,3230944.6
2015-08-01,3265743.8
2015-08-02,3267315.7
2015-08-03,3268887.7
2015-08-04,3273048.9
2015-08-05,3200083.4
2015-08-06,3127117.9
2015-08-07,3242517.7
2015-08-08,3357917.6
2015-08-09,3473317.5
2015-08-10,3439964.3
2015-08-11,3406611.1
2015-08-12,3373257.9
2015-08-13,3375892.8
2015-08-14,3387070.1
2015-08-15,3398247.4
2015-08-16,3409424.8
2015-08-17,3420602.1
2015-08-18,3431779.5
2015-08-19,3336196.8
2015-08-20,3356169.6
2015-08-21,3376142.3
2015-08-22,3396115.1
2015-08-23,3416087.9
2015-08-24,3436060.7
2015-08-25,3456033.5
2015-08-26,3476006.3
2015-08-27,3520219.4
2015-08-28,3564432.6
2015-08-29,3608645.8
2015-08-30,3652858.9
2015-08-31,3697072.1
2015-09-01,3710902.7
2015-09-02,3726100.3
2015-09-03,3741297.9
2015-09-04,3703628.6
2015-09-05,3665959.4
2015-09-06,3628290.2
2015-09-07,3590621.0
2015-09-08,3552951.8
2015-09-09,3515282.5
2015-09-10,3668903.5
2015-09-11,3661133.2
2015-09-12,3653362.9
2015-09-13,3645592.6
2015-09-14,3637822.2
2015-09-15,3630051.9
2015-09-16,3584043.4
2015-09-17,3538034.9
2015-09-18,3538434.8
2015-09-19,3538834.6
2015-09-20,3539234.5
2015-09-21,3539634.3
2015-09-22,3540034.2
2015-09-23,3553510.4
2015-09-24,3566986.7
2015-09-25,3580462.9
2015-09-26,3593939.1
2015-09-27,3607415.4
2015-09-28,3620891.6
2015-09-29,3634367.9
2015-09-30,3578391.3
2015-10-01,3522414.7
2015-10-02,3549723.7
2015-10-03,3577032.7
2015-10-04,3604341.7
2015-10-05,3631650.7
2015-10-06,3658959.6
2015-10-07,3647759.2
2015-10-08,3636558.8
2015-10-09,3625358.3
2015-10-10,3614157.9
2015-10-11,3602957.4
2015-10-12,3591757.0
2015-10-13,3580556.6
2015-10-14,3569356.1
2015-10-15,3572904.5
2015-10-16,3576453.0
2015-10-17,3580001.4
2015-10-18,3583549.8
2015-10-19,3587098.2
2015-10-20,3590646.7
2015-10-21,3594195.1
2015-10-22,3597743.5
2015-10-23,3588472.6
2015-10-24,3579201.6
2015-10-25,3569930.7
2015-10-26,3560659.7
2015-10-27,3551388.8
2015-10-28,3542117.8
2015-10-29,3532982.4
2015-10-30,3523847.1
2015-10-31,3514711.7
2015-11-01,3505576.4
2015-11-02,3496441.0
2015-11-03,3487305.7
2015-11-04,3488605.0
2015-11-05,3489904.3
2015-11-06,3491203.6
2015-11-07,3492502.9
2015-11-08,3493802.2
2015-11-09,3495101.6
2015-11-10,3496400.9
2015-11-11,3703747.5
2015-11-12,3911094.1
2015-11-13,3859332.2
2015-11-14,3807570.3
2015-11-15,3755808.5
2015-11-16,3704046.6
2015-11-17,3652284.7
2015-11-18,3565393.7
2015-11-19,3478502.7
2015-11-20,3477702.5
2015-11-21,3476902.3
2015-11-22,3476102.1
2015-11-23,3475301.9
2015-11-24,3474501.7
2015-11-25,3498687.1
2015-11-26,3522872.5
2015-11-27,3547057.9
2015-11-28,3571243.4
2015-11-29,3595428.8
2015-11-30,3619614.2
2015-12-01,3643799.6
2015-12-02,3558564.1
2015-12-03,3561813.9
2015-12-04,3454792.4
2015-12-05,3347770.8
2015-12-06,3240749.3
2015-12-07,3133727.7
2015-12-08,3026706.2
2015-12-09,3607190.3
2015-12-10,3505190.3
2015-12-11,3571650.1
2015-12-12,3638109.9
2015-12-13,3704569.6
2015-12-14,3771029.4
2015-12-15,3837489.2
2015-12-16,3924847.1
2015-12-17,4012205.1
2015-12-18,3703144.7
2015-12-19,3694066.6
2015-12-20,3684988.6
2015-12-21,3675910.5
2015-12-22,3666832.4
2015-12-23,3657754.3
2015-12-24,3648676.2
2015-12-25,3639598.1
2015-12-26,3630520.0
2015-12-27,3621441.9
2015-12-28,3612363.8
2015-12-29,3584118.7
2015-12-30,3555873.6
2015-12-31,3580278.7
2016-01-01,3604683.8
2016-01-02,3629089.0
2016-01-03,3653494.1
2016-01-04,3677899.2
2016-01-05,3789683.4
2016-01-06,3907866.4
2016-01-07,4026049.5
2016-01-08,4062000.4
2016-01-09,4097951.2
2016-01-10,4057151.8
2016-01-11,4016352.3
2016-01-12,3975552.8
2016-01-13,3933836.4
2016-01-14,3892120.0
2016-01-15,3906502.4
2016-01-16,3920884.8
2016-01-17,3935267.2
2016-01-18,3949649.6
2016-01-19,3964031.9
2016-01-20,3804819.2
2016-01-21,3797809.6
2016-01-22,3790799.9
2016-01-23,3783790.3
2016-01-24,3776780.7
2016-01-25,3769771.0
2016-01-26,3762761.4
2016-01-27,3755751.7
2016-01-28,3748742.1
2016-01-29,3755323.2
2016-01-30,3761904.3
2016-01-31,3769534.3
2016-02-01,3777164.2
2016-02-02,3784794.1
2016-02-03,3792424.0
2016-02-04,3873221.2
2016-02-05,3847407.0
2016-02-06,3821592.8
2016-02-07,3795778.7
2016-02-08,3769964.5
2016-02-09,3900018.5
2016-02-10,3924678.8
2016-02-11,3873459.8
2016-02-12,3888061.2
2016-02-13,3902662.6
2016-02-14,3917264.0
2016-02-15,3931865.4
2016-02-16,3946466.8
2016-02-17,3930447.2
2016-02-18,3914427.5
2016-02-19,3921323.4
2016-02-20,3928219.3
2016-02-21,3935115.2
2016-02-22,3942011.1
2016-02-23,3948906.9
2016-02-24,3955802.8
2016-02-25,3962698.7
2016-02-26,4055930.0
2016-02-27,4149161.4
2016-02-28,4242392.7
2016-02-29,4335624.1
2016-03-01,4420644.2
2016-03-02,3926029.5
2016-03-03,3935504.5
2016-03-04,4008253.9
2016-03-05,4081003.4
2016-03-06,4153752.9
2016-03-07,4226502.4
2016-03-08,4299251.8
2016-03-09,4203702.6
2016-03-10,4235673.3
2016-03-11,4267644.1
2016-03-12,4299614.8
2016-03-13,4331585.5
2016-03-14,4363556.2
2016-03-15,4395527.0
2016-03-16,4401931.8
2016-03-17,4408336.6
2016-03-18,4414741.4
2016-03-19,4421146.2
2016-03-20,4427551.0
2016-03-21,4322255.8
2016-03-22,4216960.7
2016-03-23,4174866.2
2016-03-24,4135317.4
2016-03-25,4095768.5
2016-03-26,4056219.7
2016-03-27,4016670.8
2016-03-28,3977122.0
2016-03-29,3937573.1
2016-03-30,3871866.3
2016-03-31,4196552.8
2016-04-01,4136242.9
2016-04-02,4075932.9
2016-04-03,4015623.0
2016-04-04,3955313.1
2016-04-05,3662547.9
2016-04-06,3641897.4
2016-04-07,3621247.0
2016-04-08,3681419.5
2016-04-09,3588523.6
2016-04-10,3495627.6
2016-04-11,3402731.7
2016-04-12,3593274.3
2016-04-13,3465743.8
2016-04-14,3338213.4
2016-04-15,3362121.3
2016-04-16,3386029.3
2016-04-17,3409937.3
2016-04-18,3428611.5
2016-04-19,3447285.6
2016-04-20,3553650.8
2016-04-21,3421411.4
2016-04-22,3517919.2
2016-04-23,3614432.3
2016-04-24,3595796.4
2016-04-25,3577160.5
2016-04-26,3329915.5
2016-04-27,3524456.6
2016-04-28,3485154.4
2016-04-29,3543181.5
2016-04-30,3601208.6
2016-05-01,3595774.2
2016-05-02,3590339.7
2016-05-03,3584905.7
2016-05-04,3302931.5
2016-05-05,3368253.6
2016-05-06,3359726.8
2016-05-07,3351200.0
2016-05-08,3342673.2
2016-05-09,3334146.4
2016-05-10,3325619.5
2016-05-11,3420063.1
2016-05-12,3879044.1
2016-05-13,3800807.4
2016-05-14,3722570.8
2016-05-15,3644334.1
2016-05-16,3566097.5
2016-05-17,3588082.6
2016-05-18,3414764.2
2016-05-19,3241445.9
2016-05-20,3247591.5
2016-05-21,3253846.3
2016-05-22,3260565.4
2016-05-23,3267624.6
2016-05-24,3274871.0
2016-05-25,3428747.4
2016-05-26,3585333.3
2016-05-27,3607471.6
2016-05-28,3625927.2
2016-05-29,3644382.8
2016-05-30,3662838.4
2016-05-31,3681295.6
2016-06-01,3427863.7
2016-06-02,3472389.9
2016-06-03,3489024.8
2016-06-04,3492174.8
2016-06-05,3495324.9
2016-06-06,3498475.0
2016-06-07,3501625.0
2016-06-08,3567019.1
2016-06-09,3632413.2
2016-06-10,3509118.0
2016-06-11,3567138.2
2016-06-12,3625158.4
2016-06-13,3683178.5
2016-06-14,3741198.7
2016-06-15,3765816.7
2016-06-16,3801319.6
2016-06-17,3634037.0
2016-06-18,3701433.3
2016-06-19,3768829.5
2016-06-20,3836225.7
2016-06-21,3903621.9
2016-06-22,3748125.8
2016-06-23,3679500.3
2016-06-24,3665468.9
2016-06-25,3651437.5
2016-06-26,3637406.2
2016-06-27,3623374.8
2016-06-28,3609343.5
2016-06-29,3550940.9
2016-06-30,3492538.8
2016-07-01,3536337.1
2016-07-02,3580135.7
2016-07-03,3623934.4
2016-07-04,3667733.0
2016-07-05,3711531.7
2016-07-06,3754383.4
2016-07-07,3797235.1
2016-07-08,3553574.8
2016-07-09,3604773.5
2016-07-10,3655972.2
2016-07-11,3707170.9
2016-07-12,3758369.6
2016-07-13,3763677.6
2016-07-14,3768985.7
2016-07-15,3728727.0
2016-07-16,3688468.4
2016-07-17,3648209.8
2016-07-18,3607951.1
2016-07-19,3567692.5
2016-07-20,3654403.8
2016-07-21,3741115.0
2016-07-22,3726018.8
2016-07-23,3710922.6
2016-07-24,3695826.4
2016-07-25,3680730.2
2016-07-26,3665634.0
2016-07-27,3650537.8
2016-07-28,3635441.6
2016-07-29,3703650.0
2016-07-30,3771858.3
2016-07-31,3840066.7
2016-08-01,3908275.0
2016-08-02,3976483.4
2016-08-03,3933393.0
2016-08-04,3696716.7
2016-08-05,3678081.7
2016-08-06,3659446.6
2016-08-07,3640811.6
2016-08-08,3622176.6
2016-08-09,3603541.6
2016-08-10,3601606.9
2016-08-11,3599672.2
2016-08-12,3597737.6
2016-08-13,3595802.9
2016-08-14,3593868.2
2016-08-15,3591933.5
2016-08-16,3589998.9
2016-08-17,3695341.0
2016-08-18,3523643.6
2016-08-19,3519178.5
2016-08-20,3540244.3
2016-08-21,3561310.0
2016-08-22,3582375.8
2016-08-23,3472857.6
2016-08-24,3778947.9
2016-08-25,3654919.2
2016-08-26,3518249.2
2016-08-27,3514422.4
2016-08-28,3510595.6
2016-08-29,3506768.8
2016-08-30,3502942.0
2016-08-31,3504383.5
2016-09-01,3505825.1
2016-09-02,3507266.6
2016-09-03,3508708.2
2016-09-04,3510149.7
2016-09-05,3511591.3
2016-09-06,3513032.8
2016-09-07,3511546.3
2016-09-08,3510059.7
2016-09-09,3517807.6
2016-09-10,3525555.6
2016-09-11,3533303.5
2016-09-12,3541051.5
2016-09-13,3548799.4
2016-09-14,3556547.4
2016-09-15,3478347.1
2016-09-16,3460210.9
2016-09-17,3442074.7
2016-09-18,3423938.5
2016-09-19,3405802.2
2016-09-20,3387666.0
2016-09-21,3369529.8
2016-09-22,3372424.1
2016-09-23,3375318.4
2016-09-24,3378212.7
2016-09-25,3381107.0
2016-09-26,3384001.3
2016-09-27,3386895.6
2016-09-28,3394121.9
2016-09-29,3401348.2
2016-09-30,3408574.5
2016-10-01,3415800.9
2016-10-02,3423027.2
2016-10-03,3430253.5
2016-10-04,3364903.8
2016-10-05,3299554.2
2016-10-06,3343249.1
2016-10-07,3386944.0
2016-10-08,3430638.9
2016-10-09,3474333.8
2016-10-10,3518028.7
2016-10-11,3561723.6
2016-10-12,3605418.5
2016-10-13,3600588.3
2016-10-14,3595758.1
2016-10-15,3590927.9
2016-10-16,3586097.7
2016-10-17,3581267.5
2016-10-18,3576437.3
2016-10-19,3571607.0
2016-10-20,3566776.8
2016-10-21,3528210.4
2016-10-22,3489643.9
2016-10-23,3451077.5
2016-10-24,3412511.0
2016-10-25,3373944.6
2016-10-26,3401429.9
2016-10-27,3428915.2
2016-10-28,3456400.6
2016-10-29,3483885.9
2016-10-30,3511371.3
2016-10-31,3538856.6
2016-11-01,3566341.9
2016-11-02,3556859.8
2016-11-03,3547377.6
2016-11-04,3532818.8
2016-11-05,3518260.0
2016-11-06,3503701.2
2016-11-07,3489142.4
2016-11-08,3474583.6
2016-11-09,3460024.8
2016-11-10,3445466.1
2016-11-11,3430907.3
2016-11-12,3416348.5
2016-11-13,3401789.7
2016-11-14,3387230.9
2016-11-15,3372672.1
2016-11-16,3373188.8
2016-11-17,3373705.6
2016-11-18,3374222.3
2016-11-19,3374739.0
2016-11-20,3375255.8
2016-11-21,3375772.5
2016-11-22,3376289.2
2016-11-23,3379673.1
2016-11-24,3383056.9
2016-11-25,3386440.8
2016-11-26,3389824.6
2016-11-27,3393208.5
2016-11-28,3396592.4
2016-11-29,3399976.2
2016-11-30,3403360.1
2016-12-01,3406743.9
2016-12-02,3381675.4
2016-12-03,3356607.0
2016-12-04,3331538.5
2016-12-05,3306470.0
2016-12-06,3281401.5
2016-12-07,3378130.7
2016-12-08,3474859.9
2016-12-09,3474860.3
2016-12-10,3474860.8
2016-12-11,3474861.2
2016-12-12,3474861.6
2016-12-13,3474862.0
2016-12-14,3474862.4
2016-12-15,3474862.8
2016-12-16,3467821.4
2016-12-17,3460780.0
2016-12-18,3453738.5
2016-12-19,3446697.1
2016-12-20,3439655.6
2016-12-21,3432614.2
2016-12-22,3413353.5
2016-12-23,3394092.9
2016-12-24,3374832.2
2016-12-25,3355571.5
2016-12-26,3336310.9
2016-12-27,3317050.2
2016-12-28,3297789.5
2016-12-29,3278528.9
2016-12-30,3259268.2
2016-12-31,3293466.5
2017-01-01,3327664.8
2017-01-02,3361863.2
2017-01-03,3396061.5
2017-01-04,3430259.8
2017-01-05,3448043.0
2017-01-06,3450516.7
2017-01-07,3452990.5
2017-01-08,3455464.3
2017-01-09,3457938.0
2017-01-10,3460411.8
2017-01-11,3462817.8
2017-01-12,3465223.9
2017-01-13,3467629.9
2017-01-14,3470036.0
2017-01-15,3472442.0
2017-01-16,3474848.0
2017-01-17,3477254.1
2017-01-18,3479660.1
2017-01-19,3482066.2
2017-01-20,3484472.2
2017-01-21,3486878.2
2017-01-22,3489284.3
2017-01-23,3491690.3
2017-01-24,2690603.8
2017-01-25,1889517.3
2017-01-26,1865509.6
2017-01-27,1841501.9
2017-01-28,1817494.2
2017-01-29,1793486.5
2017-01-30,1769488.5
2017-01-31,1962763.5
2017-02-01,2156048.1
2017-02-02,2147943.1
2017-02-03,2139838.1
2017-02-04,2131733.0
2017-02-05,2123628.0
2017-02-06,2115522.9
2017-02-07,2107417.9
2017-02-08,2131166.9
2017-02-09,2154915.8
2017-02-10,2178664.8
2017-02-11,2299319.4
2017-02-12,2419974.1
2017-02-13,2540628.7
2017-02-14,2661283.4
2017-02-15,2543679.4
2017-02-16,2426075.5
2017-02-17,2442151.7
2017-02-18,2458227.9
2017-02-19,2474304.1
2017-02-20,2490380.3
2017-02-21,2506456.4
2017-02-22,2522532.6
2017-02-23,2538608.8
2017-02-24,2494248.6
2017-02-25,2449888.4
2017-02-26,2405528.1
2017-02-27,2361167.9
2017-02-28,2316807.7
2017-03-01,2272447.5
2017-03-02,2228087.2
2017-03-03,2290874.3
2017-03-04,2353661.4
2017-03-05,2416448.5
2017-03-06,2479235.7
2017-03-07,2506166.7
2017-03-08,2533097.7
2017-03-09,2514635.6
2017-03-10,2496173.4
2017-03-11,2477711.3
2017-03-12,2459249.2
2017-03-13,2440787.1
2017-03-14,2422325.0
2017-03-15,2197884.1
2017-03-16,2334894.3
2017-03-17,2471904.4
2017-03-18,2461800.4
2017-03-19,2451696.4
2017-03-20,2441592.4
2017-03-21,2431488.4
2017-03-22,2518449.7
2017-03-23,2605411.1
2017-03-24,2623605.9
2017-03-25,2641800.8
2017-03-26,2659995.6
2017-03-27,2678190.5
2017-03-28,2696385.3
2017-03-29,2599842.9
2017-03-30,2568453.5
2017-03-31,2537064.1
2017-04-01,2505674.6
2017-04-02,2474285.2
2017-04-03,2442895.8
2017-04-04,2411506.4
2017-04-05,2564266.4
2017-04-06,2717026.4
2017-04-07,2727072.1
2017-04-08,2737117.9
2017-04-09,2747163.6
2017-04-10,2757209.4
2017-04-11,2767255.2
2017-04-12,2556276.2
2017-04-13,2622078.8
2017-04-14,2687881.3
2017-04-15,2648345.7
2017-04-16,2608810.2
2017-04-17,2569274.6
2017-04-18,2529739.1
2017-04-19,2656976.5
2017-04-20,2784214.0
2017-04-21,2787859.0
2017-04-22,2791504.0
2017-04-23,2795149.1
2017-04-24,2798794.1
2017-04-25,2769585.5
2017-04-26,2723107.5
2017-04-27,2657064.6
2017-04-28,2911414.3
2017-04-29,2880816.3
2017-04-30,2850218.3
2017-05-01,2819620.3
2017-05-02,2724282.6
2017-05-03,2923478.5
2017-05-04,2842876.0
2017-05-05,3102143.4
2017-05-06,2985135.7
2017-05-07,2868128.0
2017-05-08,2751120.3
2017-05-09,2902658.8
2017-05-10,2689108.0
2017-05-11,2799409.9
2017-05-12,3007233.6
2017-05-13,2919967.2
2017-05-14,2832700.9
2017-05-15,2745434.5
2017-05-16,2800702.2
2017-05-17,3169701.8
2017-05-18,2907558.6
2017-05-19,2895903.9
2017-05-20,2887930.3
2017-05-21,2879956.7
2017-05-22,2871983.1
2017-05-23,2864009.5
2017-05-24,2856035.9
2017-05-25,3091546.6
2017-05-26,3004075.1
2017-05-27,2916603.6
2017-05-28,2913021.6
2017-05-29,2909439.5
2017-05-30,2905857.5
2017-05-31,2902275.4
2017-06-01,2896502.0
2017-06-02,2890728.6
2017-06-03,2702354.7
2017-06-04,2727734.8
2017-06-05,2753114.9
2017-06-06,2778495.0
2017-06-07,2790848.8
2017-06-08,2803202.7
2017-06-09,2756104.4
2017-06-10,2743919.5
2017-06-11,2731734.6
2017-06-12,2719549.8
2017-06-13,2707364.9
2017-06-14,2771721.4
2017-06-15,2836078.0
2017-06-16,2842062.6
2017-06-17,2848047.3
2017-06-18,2718544.9
2017-06-19,2589042.5
2017-06-20,2673166.6
2017-06-21,2757290.6
2017-06-22,2841942.3
2017-06-23,2941618.8
2017-06-24,2992274.2
2017-06-25,3042997.8
2017-06-26,3093828.6
2017-06-27,3144784.6
2017-06-28,2805874.9
2017-06-29,3016404.8
2017-06-30,3236840.7
2017-07-01,3074486.2
2017-07-02,2915990.5
2017-07-03,2760339.7
2017-07-04,2610649.8
2017-07-05,2501394.5
2017-07-06,2622932.1
2017-07-07,2572889.4
2017-07-08,2417743.3
2017-07-09,2276532.0
2017-07-10,2156917.6
2017-07-11,2218955.2
2017-07-12,2001366.1
2017-07-13,1982248.9
2017-07-14,2098791.8
2017-07-15,2026391.5
2017-07-16,1955266.3
2017-07-17,1886501.1
2017-07-18,1845784.2
2017-07-19,1719280.7
2017-07-20,1586004.6
2017-07-21,1568393.3
2017-07-22,1553728.0
2017-07-23,1544666.4
2017-07-24,1546610.5
2017-07-25,1573194.2
2017-07-26,1417784.8
2017-07-27,1433020.0
2017-07-28,1530694.9
2017-07-29,1447099.1
2017-07-30,1380149.7
2017-07-31,1326978.6
2017-08-01,1427843.8
2017-08-02,1034974.7
2017-08-03,1317984.6
2017-08-04,1031636.4
2017-08-05,973267.5
2017-08-06,926609.6
2017-08-07,903054.7
2017-08-08,552819.6
2017-08-09,551797.1
2017-08-10,447352.0
2017-08-11,540773.0
2017-08-12,543905.8
2017-08-13,549573.6
2017-08-14,558147.6
2017-08-15,570997.6
2017-08-16,646536.4
2017-08-17,647194.9
2017-08-18,654591.6
2017-08-19,629000.6
2017-08-20,607482.9
2017-08-21,589487.5
2017-08-22,574056.7
2017-08-23,553810.5
2017-08-24,421942.8
2017-08-25,628008.2
2017-08-26,627600.2
2017-08-27,627664.3
2017-08-28,628228.5
2017-08-29,629336.7
2017-08-30,631078.9
2017-08-31,633524.8
2017-09-01,636722.6
2017-09-02,640148.8
2017-09-03,644087.3
2017-09-04,648648.0
2017-09-05,653742.4
2017-09-06,654599.4
2017-09-07,676635.1
2017-09-08,652144.6
2017-09-09,674672.2
2017-09-10,697939.4
2017-09-11,721824.1
2017-09-12,746203.7
2017-09-13,552466.9
2017-09-14,531847.1
2017-09-15,589360.9
2017-09-16,651660.8
2017-09-17,719230.2
2017-09-18,791233.7
2017-09-19,866345.7
2017-09-20,727464.1
2017-09-21,606023.4
2017-09-22,499481.6
2017-09-23,497995.0
2017-09-24,497710.4
2017-09-25,498556.1
2017-09-26,500596.4
2017-09-27,484751.5
2017-09-28,474118.3
2017-09-29,485052.2
2017-09-30,497097.8
2017-10-01,510282.3
2017-10-02,524356.0
2017-10-03,539019.7
2017-10-04,570249.5
2017-10-05,605961.3
2017-10-06,572661.5
2017-10-07,542342.4
2017-10-08,514637.1
2017-10-09,490243.6
2017-10-10,414622.4
2017-10-11,415345.1
2017-10-12,434001.1
2017-10-13,455097.5
2017-10-14,478682.1
2017-10-15,505472.6
2017-10-16,535567.6
2017-10-17,568070.5
2017-10-18,535409.3
2017-10-19,508109.4
2017-10-20,528306.0
2017-10-21,550851.6
2017-10-22,575227.9
2017-10-23,601168.5
2017-10-24,627890.4
2017-10-25,628268.5
2017-10-26,630604.2
2017-10-27,611816.4
2017-10-28,593329.0
2017-10-29,575212.1
2017-10-30,557579.4
2017-10-31,540603.5
2017-11-01,532002.7
2017-11-02,524231.4
2017-11-03,517070.6
2017-11-04,504276.3
2017-11-05,494212.3
2017-11-06,486080.5
2017-11-07,479314.8
2017-11-08,452955.8
2017-11-09,439051.2
2017-11-10,427734.3
2017-11-11,418254.2
2017-11-12,410794.8
2017-11-13,405801.1
2017-11-14,403502.6
2017-11-15,437069.4
2017-11-16,491800.3
2017-11-17,504398.4
2017-11-18,519435.8
2017-11-19,537092.5
2017-11-20,555750.2
2017-11-21,574869.4
2017-11-22,563328.6
2017-11-23,552075.4
2017-11-24,541200.0
2017-11-25,530787.4
2017-11-26,520901.8
2017-11-27,511540.3
2017-11-28,502833.1
2017-11-29,485075.0
2017-11-30,475368.1
2017-12-01,496183.5
2017-12-02,518759.3
2017-12-03,543359.4
2017-12-04,569864.9
2017-12-05,597737.3
2017-12-06,508068.4
2017-12-07,443666.3
2017-12-08,415707.9
2017-12-09,393760.2
2017-12-10,377732.2
2017-12-11,367115.3
2017-12-12,359855.9
2017-12-13,366080.4
2017-12-14,398730.2
2017-12-15,400172.1
2017-12-16,406286.0
2017-12-17,416458.6
2017-12-18,429902.8
2017-12-19,444994.0
2017-12-20,607178.2
2017-12-21,822840.9
2017-12-22,791766.8
2017-12-23,761563.2
2017-12-24,732104.9
2017-12-25,703332.9
2017-12-26,675240.1
2017-12-27,647803.3
2017-12-28,560902.5
2017-12-29,571529.6
2017-12-30,582697.2
2017-12-31,594391.4
2018-01-01,606645.4
2018-01-02,619617.3
2018-01-03,633356.0
2018-01-04,647714.0
2018-01-05,614299.9
2018-01-06,582244.1
2018-01-07,551965.2
2018-01-08,523468.1
2018-01-09,497273.6
2018-01-10,474026.8
2018-01-11,363692.0
2018-01-12,389599.2
2018-01-13,417438.4
2018-01-14,446773.0
2018-01-15,477363.9
2018-01-16,509089.3
2018-01-17,541912.9
2018-01-18,575817.4
2018-01-19,610775.5
2018-01-20,640321.1
2018-01-21,672883.3
2018-01-22,709094.5
2018-01-23,748521.2
2018-01-24,677714.6
2018-01-25,615892.4
2018-01-26,631000.6
2018-01-27,647379.2
2018-01-28,664745.7
2018-01-29,682832.6
2018-01-30,701483.5
2018-01-31,653245.9
2018-02-01,611161.4
2018-02-02,625437.8
2018-02-03,640407.1
2018-02-04,655923.3
2018-02-05,671949.6
2018-02-06,688468.5
2018-02-07,705382.4
2018-02-08,722657.8
2018-02-09,720457.0
2018-02-10,719360.7
2018-02-11,719796.4
2018-02-12,721613.0
2018-02-13,724636.6
2018-02-14,702863.4
2018-02-15,682201.3
2018-02-16,662825.2
2018-02-17,644591.0
2018-02-18,627242.2
2018-02-19,610769.8
2018-02-20,595106.4
2018-02-21,580236.4
2018-02-22,566109.5
2018-02-23,533565.0
2018-02-24,505776.1
2018-02-25,487585.7
2018-02-26,476538.8
2018-02-27,469559.0
2018-02-28,478279.9
2018-03-01,540128.6
2018-03-02,572909.2
2018-03-03,629888.2
2018-03-04,700240.4
2018-03-05,775170.9
2018-03-06,1384650.4
2018-03-07,1156138.4
2018-03-08,950852.9
2018-03-09,1006660.6
2018-03-10,1019894.6
2018-03-11,1033659.4
2018-03-12,1047720.7
2018-03-13,1062050.5
2018-03-14,1076654.7
2018-03-15,963449.8
2018-03-16,1044605.6
2018-03-17,1024343.0
2018-03-18,984581.9
2018-03-19,1025801.2
2018-03-20,1069374.8
2018-03-21,908197.0
2018-03-22,1112445.5
2018-03-23,1009319.4
2018-03-24,928867.9
2018-03-25,941632.5
2018-03-26,1047093.7
2018-03-27,872099.2
2018-03-28,772668.3
2018-03-29,997756.7
2018-03-30,1097249.8
2018-03-31,1026198.8
2018-04-01,955428.4
2018-04-02,885070.1
2018-04-03,889696.6
2018-04-04,894006.6
2018-04-05,898714.3
2018-04-06,872481.1
2018-04-07,846681.3
2018-04-08,821302.2
2018-04-09,788532.1
2018-04-10,756991.6
2018-04-11,1012090.4
2018-04-12,936156.7
2018-04-13,864963.5
2018-04-14,822138.1
2018-04-15,784125.5
2018-04-16,821649.2
2018-04-17,863828.1
2018-04-18,965544.9
2018-04-19,1069489.2
2018-04-20,1054391.5
2018-04-21,913372.5
2018-04-22,873786.9
2018-04-23,834991.6
2018-04-24,948459.1
2018-04-25,1064413.1
2018-04-26,1181555.2
2018-04-27,1134355.2
2018-04-28,1087339.2
2018-04-29,1040656.4
2018-04-30,1040060.0
2018-05-01,1039698.5
2018-05-02,1066508.0
2018-05-03,1093714.9
2018-05-04,1121261.1
2018-05-05,1088496.0
2018-05-06,1056151.2
2018-05-07,1075024.8
2018-05-08,1094410.4
2018-05-09,1076979.5
2018-05-10,1060059.5
2018-05-11,1128704.4
2018-05-12,1197792.1
2018-05-13,1317762.8
2018-05-14,1437970.5
2018-05-15,1232657.2
2018-05-16,1166440.4
2018-05-17,1215335.7
2018-05-18,1265034.0
2018-05-19,1378970.6
2018-05-20,1377751.9
2018-05-21,1376541.3
2018-05-22,1375364.0
2018-05-23,1370674.0
2018-05-24,1366233.2
2018-05-25,1580897.6
2018-05-26,1344803.5
2018-05-27,1376324.5
2018-05-28,1408136.5
2018-05-29,1440242.4
2018-05-30,1464880.6
2018-05-31,1489518.7
2018-06-01,1237987.5
2018-06-02,1415233.4
2018-06-03,1384815.3
2018-06-04,1354439.5
2018-06-05,1324095.3
2018-06-06,1290298.2
2018-06-07,1541949.5
2018-06-08,1255650.0
2018-06-09,1467161.7
2018-06-10,1451745.2
2018-06-11,1436328.6
2018-06-12,1420912.0
2018-06-13,1371849.6
2018-06-14,1322804.2
2018-06-15,1322346.0
2018-06-16,1321930.6
2018-06-17,1321609.3
2018-06-18,1321387.5
2018-06-19,1321258.0
2018-06-20,1334282.6
2018-06-21,1347953.7
2018-06-22,1355427.1
2018-06-23,1362900.5
2018-06-24,1370373.9
2018-06-25,1377847.3
2018-06-26,1385320.7
2018-06-27,1344002.4
2018-06-28,1302684.0
2018-06-29,1323028.5
2018-06-30,1343373.1
2018-07-01,1363717.6
2018-07-02,1384062.1
2018-07-03,1404406.6
2018-07-04,1424751.1
2018-07-05,1445095.6
2018-07-06,1409591.4
2018-07-07,1374087.1
2018-07-08,1338582.8
2018-07-09,1303078.5
2018-07-10,1267574.2
2018-07-11,1305284.4
2018-07-12,1342994.6
2018-07-13,1380807.5
2018-07-14,1418620.4
2018-07-15,1456433.2
2018-07-16,1494246.1
2018-07-17,1532059.0
2018-07-18,1494577.2
2018-07-19,1457095.6
2018-07-20,1427861.4
2018-07-21,1398627.3
2018-07-22,1369393.3
2018-07-23,1340159.2
2018-07-24,1310925.2
2018-07-25,1334565.1
2018-07-26,1358205.0
2018-07-27,1377868.1
2018-07-28,1397531.3
2018-07-29,1417194.4
2018-07-30,1436857.5
2018-07-31,1456520.6
2018-08-01,1466799.1
2018-08-02,1477077.5
2018-08-03,1487356.0
2018-08-04,1497634.4
2018-08-05,1507912.9
2018-08-06,1518191.3
2018-08-07,1528469.7
2018-08-08,1378485.0
2018-08-09,1228500.4
2018-08-10,1281232.6
2018-08-11,1333965.0
2018-08-12,1386697.4
2018-08-13,1439429.8
2018-08-14,1492162.1
2018-08-15,1338155.9
2018-08-16,1184149.6
2018-08-17,1236075.1
2018-08-18,1288000.6
2018-08-19,1339926.1
2018-08-20,1391851.5
2018-08-21,1443777.0
2018-08-22,1378789.5
2018-08-23,1313819.1
2018-08-24,1288419.4
2018-08-25,1263036.8
2018-08-26,1237654.2
2018-08-27,1212271.8
2018-08-28,1186891.3
2018-08-29,1274023.1
2018-08-30,1361401.0
2018-08-31,1312123.3
2018-09-01,1262851.0
2018-09-02,1213587.7
2018-09-03,1164341.5
2018-09-04,1115118.9
2018-09-05,1065924.0
2018-09-06,1016759.0
2018-09-07,1104590.8
2018-09-08,1192724.2
2018-09-09,1280968.2
2018-09-10,1369239.4
2018-09-11,1457513.1
2018-09-12,1427984.6
2018-09-13,1398465.5
2018-09-14,1364600.5
2018-09-15,1330744.8
2018-09-16,1296889.2
2018-09-17,1263033.6
2018-09-18,1229178.1
2018-09-19,1225486.8
2018-09-20,1221796.9
2018-09-21,1264260.3
2018-09-22,1306725.3
2018-09-23,1349192.5
2018-09-24,1391661.6
2018-09-25,1434133.1
2018-09-26,1443316.3
2018-09-27,1452534.4
2018-09-28,1451134.3
2018-09-29,1449734.2
2018-09-30,1448334.1
2018-10-01,1446934.0
2018-10-02,1445533.9
2018-10-03,1349195.0
2018-10-04,1252919.2
2018-10-05,1275221.1
2018-10-06,1297584.7
2018-10-07,1319949.0
2018-10-08,1342313.3
2018-10-09,1364679.4
2018-10-10,1387072.0
2018-10-11,1409549.9
2018-10-12,1377325.5
2018-10-13,1345202.3
2018-10-14,1313100.4
2018-10-15,1280998.4
2018-10-16,1248896.4
2018-10-17,1318912.3
2018-10-18,1389045.9
2018-10-19,1390590.8
2018-10-20,1392252.9
2018-10-21,1393915.3
2018-10-22,1395577.7
2018-10-23,1397240.1
2018-10-24,1297457.7
2018-10-25,1197675.3
2018-10-26,1226920.1
2018-10-27,1256165.0
2018-10-28,1285409.8
2018-10-29,1314654.7
2018-10-30,1343914.5
2018-10-31,1344940.4
2018-11-01,1343937.9
2018-11-02,1342935.3
2018-11-03,1347077.9
2018-11-04,1351220.5
2018-11-05,1355363.3
2018-11-06,1359514.0
2018-11-07,1363685.9
2018-11-08,1448864.7
2018-11-09,1438296.6
2018-11-10,1428051.0
2018-11-11,1418069.9
2018-11-12,1408125.0
2018-11-13,1398180.1
2018-11-14,1388235.2
2018-11-15,1349439.7
2018-11-16,1376529.9
2018-11-17,1403926.3
2018-11-18,1431345.7
2018-11-19,1458765.2
2018-11-20,1473327.2
2018-11-21,1636233.7
2018-11-22,1604921.5
2018-11-23,1573944.2
2018-11-24,1543022.6
2018-11-25,1512103.4
2018-11-26,1481195.0
2018-11-27,1450301.5
2018-11-28,1813808.0
2018-11-29,1827724.2
2018-11-30,1858809.7
2018-12-01,1889895.2
2018-12-02,1920980.7
2018-12-03,1952066.2
2018-12-04,2126152.8
2018-12-05,2118493.2
2018-12-06,2111218.6
2018-12-07,2095123.1
2018-12-08,2019942.9
2018-12-09,1944859.5
2018-12-10,1869776.6
2018-12-11,2163508.8
2018-12-12,2027380.9
2018-12-13,2249605.7
2018-12-14,2283163.1
2018-12-15,2289193.0
2018-12-16,2295224.3
2018-12-17,2301255.6
2018-12-18,1904113.4
2018-12-19,1925816.2
2018-12-20,2088839.1
2018-12-21,2192991.9
2018-12-22,2297144.6
2018-12-23,2401297.4
2018-12-24,2505450.1
2018-12-25,2609602.9
2018-12-26,2713755.6
2018-12-27,2696632.9
2018-12-28,2679510.3
2018-12-29,2662387.6
2018-12-30,2645264.9
2018-12-31,2628142.2
2019-01-01,2611019.5
2019-01-02,2593904.0
2019-01-03,2576814.1
2019-01-04,2559748.7
2019-01-05,2606317.1
2019-01-06,2653020.1
2019-01-07,2699991.0
2019-01-08,2630613.8
2019-01-09,2522219.0
2019-01-10,2423475.3
2019-01-11,2211856.5
2019-01-12,2203515.5
2019-01-13,2196570.2
2019-01-14,2202222.1
2019-01-15,1958735.6
2019-01-16,2019333.8
2019-01-17,1719981.2
2019-01-18,1812576.3
2019-01-19,1992289.2
2019-01-20,1923630.4
2019-01-21,1856299.2
2019-01-22,1799993.7
2019-01-23,1730852.8
2019-01-24,1666707.1
2019-01-25,1724973.8
2019-01-26,1699102.3
2019-01-27,1673967.0
2019-01-28,1649474.5
2019-01-29,1625888.3
2019-01-30,1669782.7
2019-01-31,1715519.6
2019-02-01,1514359.3
2019-02-02,1543275.9
2019-02-03,1572637.8
2019-02-04,1602808.7
2019-02-05,1634040.3
2019-02-06,1666213.9
2019-02-07,1699145.9
2019-02-08,1732843.2
2019-02-09,1431719.7
2019-02-10,1459870.3
2019-02-11,1488710.5
2019-02-12,1518463.0
2019-02-13,1549125.8
2019-02-14,1428542.2
2019-02-15,1495969.8
2019-02-16,1489797.4
2019-02-17,1483780.8
2019-02-18,1477934.6
2019-02-19,1472275.3
2019-02-20,1466841.0
2019-02-21,1461738.7
2019-02-22,1457397.0
2019-02-23,1453704.3
2019-02-24,1450554.1
2019-02-25,1447905.7
2019-02-26,1552931.9
2019-02-27,1488719.3
2019-02-28,1429662.4
2019-03-01,1371915.2
2019-03-02,1315694.4
2019-03-03,1263975.4
2019-03-04,1222814.1
2019-03-05,1135079.5
2019-03-06,1051105.1
2019-03-07,983873.8
2019-03-08,941190.5
2019-03-09,891292.9
2019-03-10,843518.1
2019-03-11,797750.2
2019-03-12,758501.3
2019-03-13,844584.2
2019-03-14,754555.7
2019-03-15,673680.1
2019-03-16,686782.3
2019-03-17,700888.1
2019-03-18,716239.0
2019-03-19,733566.5
2019-03-20,753189.9
2019-03-21,774579.6
2019-03-22,737700.3
2019-03-23,833486.3
2019-03-24,837299.6
2019-03-25,843963.4
2019-03-26,853110.4
2019-03-27,781343.5
2019-03-28,814541.8
2019-03-29,797000.2
2019-03-30,780881.3
2019-03-31,766834.6
2019-04-01,754480.4
2019-04-02,743403.5
2019-04-03,708322.5
2019-04-04,674337.2
2019-04-05,641814.9
2019-04-06,611560.9
2019-04-07,583247.0
2019-04-08,556569.5
2019-04-09,544560.9
2019-04-10,695875.5
2019-04-11,868239.6
2019-04-12,863465.9
2019-04-13,859848.5
2019-04-14,857665.4
2019-04-15,856602.8
2019-04-16,856258.8
2019-04-17,824121.3
2019-04-18,808102.0
2019-04-19,798284.9
2019-04-20,790647.9
2019-04-21,786568.2
2019-04-22,786521.1
2019-04-23,769608.1
2019-04-24,760199.7
2019-04-25,803915.7
2019-04-26,852039.1
2019-04-27,805500.9
2019-04-28,772115.8
2019-04-29,746525.7
2019-04-30,769889.3
2019-05-01,634923.7
2019-05-02,709488.2
2019-05-03,728061.4
2019-05-04,750346.5
2019-05-05,776367.8
2019-05-06,805584.2
2019-05-07,762214.2
2019-05-08,724478.3
2019-05-09,693239.1
2019-05-10,718741.9
2019-05-11,745021.0
2019-05-12,772219.5
2019-05-13,800263.4
2019-05-14,829165.9
2019-05-15,858921.5
2019-05-16,889558.0
2019-05-17,880555.7
2019-05-18,873325.3
2019-05-19,867865.8
2019-05-20,864833.5
2019-05-21,909498.8
2019-05-22,956828.6
2019-05-23,1006860.5
2019-05-24,1059369.8
2019-05-25,1021098.6
2019-05-26,987706.6
2019-05-27,963817.0
2019-05-28,948102.2
2019-05-29,1045067.1
2019-05-30,1061982.3
2019-05-31,1079240.3
2019-06-01,1096902.4
2019-06-02,1115072.6
2019-06-03,1133794.1
2019-06-04,1153055.8
2019-06-05,1074210.6
2019-06-06,1087565.6
2019-06-07,1101321.7
2019-06-08,1115630.2
2019-06-09,1130541.8
2019-06-10,1145997.4
2019-06-11,1161888.7
2019-06-12,1178202.1
2019-06-13,1119565.8
2019-06-14,1062633.1
2019-06-15,1094061.5
2019-06-16,1126442.6
2019-06-17,1159672.7
2019-06-18,1193783.5
2019-06-19,1228946.0
2019-06-20,1217166.0
2019-06-21,1266134.9
2019-06-22,1316252.0
2019-06-23,1367578.4
2019-06-24,1420160.6
2019-06-25,1473982.1
2019-06-26,1236523.8
2019-06-27,1180010.7
2019-06-28,1166136.6
2019-06-29,1155145.2
2019-06-30,1146788.0
2019-07-01,1323311.4
2019-07-02,1093195.9
2019-07-03,1224073.2
2019-07-04,1231803.8
2019-07-05,1239965.3
2019-07-06,1248549.6
2019-07-07,1257472.5
2019-07-08,1266712.2
2019-07-09,1276278.1
2019-07-10,1275853.5
2019-07-11,1275816.9
2019-07-12,1276111.5
2019-07-13,1276742.9
2019-07-14,1277778.1
2019-07-15,1345519.8
2019-07-16,1266938.2
2019-07-17,1205382.5
2019-07-18,1236986.6
2019-07-19,1272399.2
2019-07-20,1306924.0
2019-07-21,1343087.2
2019-07-22,1381406.0
2019-07-23,1208143.7
2019-07-24,1323206.8
2019-07-25,1161904.3
2019-07-26,1215751.6
2019-07-27,1271941.8
2019-07-28,1330436.5
2019-07-29,1390922.3
2019-07-30,1453166.0
2019-07-31,1448485.1
2019-08-01,1389994.8
2019-08-02,1356636.6
2019-08-03,1323451.3
2019-08-04,1290428.4
2019-08-05,1257586.8
2019-08-06,1238035.6
2019-08-07,1245177.0
2019-08-08,1153394.9
2019-08-09,1151622.3
2019-08-10,1151206.6
2019-08-11,1152090.6
2019-08-12,1153958.0
2019-08-13,1156887.9
2019-08-14,1130903.0
2019-08-15,1105206.7
2019-08-16,1079772.9
2019-08-17,1054624.4
2019-08-18,1029915.1
2019-08-19,1005866.5
2019-08-20,982647.0
2019-08-21,1113631.2
2019-08-22,1212442.3
2019-08-23,1135534.2
2019-08-24,1071814.0
2019-08-25,1019312.3
2019-08-26,991921.6
2019-08-27,970298.6
2019-08-28,1040368.8
2019-08-29,1152704.2
2019-08-30,1150334.9
2019-08-31,1148433.7
2019-09-01,1146983.6
2019-09-02,1145899.7
2019-09-03,1145114.2
2019-09-04,1144619.5
2019-09-05,1137497.2
2019-09-06,1130458.7
2019-09-07,1123495.6
2019-09-08,1116613.0
2019-09-09,1109826.1
2019-09-10,1103166.3
2019-09-11,1148095.3
2019-09-12,1194792.2
2019-09-13,1114740.3
2019-09-14,1038862.2
2019-09-15,968895.6
2019-09-16,905315.5
2019-09-17,848733.6
2019-09-18,984576.5
2019-09-19,1157067.0
2019-09-20,1160979.3
2019-09-21,1165146.9
2019-09-22,1169657.9
2019-09-23,1174601.1
2019-09-24,1179928.8
2019-09-25,1056848.0
2019-09-26,948189.5
2019-09-27,975365.3
2019-09-28,1003820.2
2019-09-29,1033799.6
2019-09-30,1065518.3
2019-10-01,1098759.2
2019-10-02,1043291.0
2019-10-03,991068.0
2019-10-04,1046386.6
2019-10-05,1103767.3
2019-10-06,1162670.8
2019-10-07,1222536.1
2019-10-08,1283193.9
2019-10-09,1185858.0
2019-10-10,1094013.7
2019-10-11,1103025.7
2019-10-12,1112216.0
2019-10-13,1121566.3
2019-10-14,1131061.2
2019-10-15,1140690.5
2019-10-16,1150430.8
2019-10-17,1160276.2
2019-10-18,1169008.6
2019-10-19,1178050.9
2019-10-20,1187380.2
2019-10-21,1197068.0
2019-10-22,1207134.1
2019-10-23,1238097.2
2019-10-24,1269994.4
2019-10-25,1174344.9
2019-10-26,1083548.8
2019-10-27,1000464.2
2019-10-28,927179.1
2019-10-29,861711.8
2019-10-30,1003625.7
2019-10-31,1182587.3
2019-11-01,1154472.7
2019-11-02,1126794.4
2019-11-03,1099520.3
2019-11-04,1072724.1
2019-11-05,1046435.3
2019-11-06,1073544.9
2019-11-07,1101521.6
2019-11-08,1121018.7
2019-11-09,1141160.8
2019-11-10,1161903.6
2019-11-11,1183174.6
2019-11-12,1205009.7
2019-11-13,1227450.9
2019-11-14,1213088.3
2019-11-15,1199503.6
2019-11-16,1187186.7
2019-11-17,1175977.8
2019-11-18,1165574.3
2019-11-19,1155885.9
2019-11-20,1162066.1
2019-11-21,1172434.6
2019-11-22,1207498.2
2019-11-23,1243061.7
2019-11-24,1279046.2
2019-11-25,1315339.5
2019-11-26,1351892.5
2019-11-27,1325828.8
2019-11-28,1299895.8
2019-11-29,1274119.7
2019-11-30,1248546.6
2019-12-01,1223255.8
2019-12-02,1198289.8
2019-12-03,1173651.8
2019-12-04,1322942.4
2019-12-05,1483225.0
2019-12-06,1422525.8
2019-12-07,1363654.2
2019-12-08,1306427.7
2019-12-09,1250896.8
2019-12-10,1197790.7
2019-12-11,1147233.0
2019-12-12,1178684.3
2019-12-13,1211242.1
2019-12-14,1244579.8
2019-12-15,1278679.6
2019-12-16,1313521.7
2019-12-17,1349143.4
2019-12-18,1360827.4
2019-12-19,1374552.7
2019-12-20,1505778.1
2019-12-21,1642463.2
2019-12-22,1781310.8
2019-12-23,1923017.4
2019-12-24,1898431.4
2019-12-25,1874220.3
2019-12-26,1850346.5
2019-12-27,1826758.8
2019-12-28,1803309.9
2019-12-29,1779980.8
2019-12-30,1756810.2
2019-12-31,1733924.3
2020-01-01,1698350.2
2020-01-02,1664184.0
2020-01-03,1631739.7
2020-01-04,1600767.4
2020-01-05,1571606.5
2020-01-06,1544724.4
2020-01-07,1519782.7
2020-01-08,1484662.6
2020-01-09,1457916.3
2020-01-10,1490614.0
2020-01-11,1523574.9
2020-01-12,1556785.7
2020-01-13,1590231.9
2020-01-14,1623894.6
2020-01-15,1657761.3
2020-01-16,1685950.7
2020-01-17,1715185.4
2020-01-18,1745577.0
2020-01-19,1777374.2
2020-01-20,1810756.0
2020-01-21,1845785.8
2020-01-22,1882074.2
2020-01-23,1806521.3
2020-01-24,1734416.9
2020-01-25,1665983.8
2020-01-26,1600570.4
2020-01-27,1537762.6
2020-01-28,1477956.1
2020-01-29,1522896.9
2020-01-30,1591079.6
2020-01-31,1583958.8
2020-02-01,1577585.7
2020-02-02,1572129.1
2020-02-03,1567795.5
2020-02-04,1636049.0
2020-02-05,1637358.1
2020-02-06,1650403.7
2020-02-07,1700470.4
2020-02-08,1652656.4
2020-02-09,1496387.4
2020-02-10,1534091.8
2020-02-11,1574115.5
2020-02-12,1617041.8
2020-02-13,1663168.9
2020-02-14,1496965.7
2020-02-15,1528702.1
2020-02-16,1560994.1
2020-02-17,1593858.1
2020-02-18,1627293.5
2020-02-19,1661272.7
2020-02-20,1695799.0
2020-02-21,1730916.8
2020-02-22,1623358.2
2020-02-23,1526433.2
2020-02-24,1811674.0
2020-02-25,1683188.8
2020-02-26,1707121.3
2020-02-27,1657141.9
2020-02-28,1539614.3
2020-02-29,1605359.6
2020-03-01,1499493.8
2020-03-02,1284961.9
2020-03-03,1299639.5
2020-03-04,1316418.4
2020-03-05,1335969.0
2020-03-06,1492580.4
2020-03-07,1455340.1
2020-03-08,1435276.9
2020-03-09,1444440.7
2020-03-10,1395612.0
2020-03-11,1375924.3
2020-03-12,1357116.6
2020-03-13,1339250.8
2020-03-14,1415159.8
2020-03-15,1494878.4
2020-03-16,1467955.9
2020-03-17,1449209.1
2020-03-18,1723474.8
2020-03-19,1828015.7
2020-03-20,1942494.2
2020-03-21,1825367.7
2020-03-22,1710024.9
2020-03-23,1597392.7
2020-03-24,1629170.7
2020-03-25,1675392.3
2020-03-26,1723832.4
2020-03-27,1647761.4
2020-03-28,1632979.3
2020-03-29,1618668.4
2020-03-30,1604958.2
2020-03-31,1591989.8
2020-04-01,1608152.9
2020-04-02,1625256.1
2020-04-03,1644003.2
2020-04-04,1661226.7
2020-04-05,1394370.5
2020-04-06,1316407.4
2020-04-07,1488496.3
2020-04-08,1679462.5
2020-04-09,1222533.9
2020-04-10,1316278.9
2020-04-11,1578607.1
2020-04-12,1495839.5
2020-04-13,1420894.0
2020-04-14,1460308.3
2020-04-15,1505786.6
2020-04-16,1595193.0
2020-04-17,1544853.7
2020-04-18,1495212.1
2020-04-19,1446766.5
2020-04-20,1399989.7
2020-04-21,1419640.7
2020-04-22,1765183.4
2020-04-23,1654026.5
2020-04-24,1573057.0
2020-04-25,1654462.2
2020-04-26,1653491.8
2020-04-27,1654922.0
2020-04-28,1802017.1
2020-04-29,1850063.7
2020-04-30,1905284.2
2020-05-01,1680153.7
2020-05-02,1784096.0
2020-05-03,1889672.1
2020-05-04,1801004.2
2020-05-05,1942121.6
2020-05-06,1627779.7
2020-05-07,1763882.8
2020-05-08,1819869.3
2020-05-09,1894154.4
2020-05-10,1787413.8
2020-05-11,1684958.6
2020-05-12,1637572.4
2020-05-13,1556407.8
2020-05-14,1630919.5
2020-05-15,1708556.6
2020-05-16,1787987.9
2020-05-17,1868935.0
2020-05-18,2000833.9
2020-05-19,2136302.8
2020-05-20,1908666.6
2020-05-21,1688818.0
2020-05-22,1814392.0
2020-05-23,1989580.7
2020-05-24,1856371.2
2020-05-25,1724586.0
2020-05-26,1597701.0
2020-05-27,2059878.9
2020-05-28,1708958.0
2020-05-29,1932661.4
2020-05-30,2085074.6
2020-05-31,2238520.4
2020-06-01,2171883.8
2020-06-02,2299399.0
2020-06-03,2199119.4
2020-06-04,2433238.4
2020-06-05,2215972.5
2020-06-06,2297472.9
2020-06-07,2386266.5
2020-06-08,2475340.0
2020-06-09,2200127.2
2020-06-10,2310549.8
2020-06-11,2153078.8
2020-06-12,2180596.6
2020-06-13,2209672.5
2020-06-14,2237473.9
2020-06-15,2271248.4
2020-06-16,1657568.8
2020-06-17,1942161.1
2020-06-18,2228225.8
2020-06-19,2262938.8
2020-06-20,2297753.4
2020-06-21,2332700.2
2020-06-22,2367797.7
2020-06-23,2403059.5
2020-06-24,2411445.2
2020-06-25,2139774.3
2020-06-26,2168858.8
2020-06-27,2215061.2
2020-06-28,2261350.9
2020-06-29,2233726.6
2020-06-30,2300958.4
2020-07-01,2265663.3
2020-07-02,2230271.3
2020-07-03,2194900.1
2020-07-04,2159555.5
2020-07-05,2124241.7
2020-07-06,2037006.9
2020-07-07,2106007.4
2020-07-08,2176831.8
2020-07-09,2047701.4
2020-07-10,2105315.3
2020-07-11,2100746.9
2020-07-12,2096332.0
2020-07-13,2091998.5
2020-07-14,2087715.4
2020-07-15,2062450.5
2020-07-16,2037750.8
2020-07-17,2061599.9
2020-07-18,2085589.7
2020-07-19,2109720.8
2020-07-20,2133979.8
2020-07-21,2158369.2
2020-07-22,2084284.8
2020-07-23,2011187.8
2020-07-24,2033048.8
2020-07-25,2054980.4
2020-07-26,2076977.4
2020-07-27,2099056.0
2020-07-28,2121200.8
2020-07-29,2143399.1
2020-07-30,2161532.3
2020-07-31,2262864.0
2020-08-01,2192014.2
2020-08-02,2121366.4
2020-08-03,2051043.6
2020-08-04,1981193.1
2020-08-05,2006562.0
2020-08-06,2032285.8
2020-08-07,2031402.5
2020-08-08,2030545.5
2020-08-09,2029714.9
2020-08-10,2028909.2
2020-08-11,2028127.1
2020-08-12,2040141.8
2020-08-13,2052296.2
2020-08-14,2032718.8
2020-08-15,2013169.4
2020-08-16,1993650.6
2020-08-17,1974165.9
2020-08-18,1954718.7
2020-08-19,1986733.6
2020-08-20,2019027.9
2020-08-21,2048854.2
2020-08-22,2078818.8
2020-08-23,2108912.9
2020-08-24,2139091.6
2020-08-25,2169330.3
2020-08-26,2199612.9
2020-08-27,2229924.4
2020-08-28,2260261.8
2020-08-29,2248859.5
2020-08-30,2237504.4
2020-08-31,2226189.3
2020-09-01,2214930.8
2020-09-02,2104023.1
2020-09-03,1993356.6
2020-09-04,2003835.9
2020-09-05,2014329.7
2020-09-06,2024838.9
2020-09-07,2035362.9
2020-09-08,2045903.6
2020-09-09,1932039.1
2020-09-10,1818268.4
2020-09-11,1848930.2
2020-09-12,1879898.0
2020-09-13,1911077.9
2020-09-14,1942391.6
2020-09-15,1973817.3
2020-09-16,2005324.1
2020-09-17,2028836.6
2020-09-18,2052379.1
2020-09-19,2075962.5
2020-09-20,2099632.1
2020-09-21,2123430.7
2020-09-22,2147324.2
2020-09-23,2138204.6
2020-09-24,2129094.9
2020-09-25,2119995.9
2020-09-26,2110909.5
2020-09-27,2101836.2
2020-09-28,2092777.7
2020-09-29,2083735.5
2020-09-30,2074708.3
2020-10-01,2065693.6
2020-10-02,2089005.4
2020-10-03,2112333.3
2020-10-04,2135677.2
2020-10-05,2159034.3
2020-10-06,2182399.8
2020-10-07,2187278.2
2020-10-08,2192175.3
2020-10-09,2181515.9
2020-10-10,2170858.6
2020-10-11,2160204.7
2020-10-12,2149556.8
2020-10-13,2138919.4
2020-10-14,2128297.5
2020-10-15,2075636.1
2020-10-16,2104544.9
2020-10-17,2133459.4
2020-10-18,2162378.1
2020-10-19,2191298.9
2020-10-20,2220221.2
2020-10-21,2242126.4
2020-10-22,2264046.6
2020-10-23,2240173.8
2020-10-24,2216300.9
2020-10-25,2192428.1
2020-10-26,2168555.3
2020-10-27,2144682.8
2020-10-28,2120811.3
2020-10-29,2096941.2
2020-10-30,2073073.4
2020-10-31,2093323.6
2020-11-01,2113574.4
2020-11-02,2133826.3
2020-11-03,2154079.0
2020-11-04,2138231.9
2020-11-05,2122411.8
2020-11-06,2070807.7
2020-11-07,2019238.4
2020-11-08,1967707.7
2020-11-09,1916215.9
2020-11-10,1864762.7
2020-11-11,2014589.9
2020-11-12,2165109.5
2020-11-13,2166935.1
2020-11-14,2168760.7
2020-11-15,2170586.3
2020-11-16,2172411.9
2020-11-17,2174237.5
2020-11-18,2181488.3
2020-11-19,2188739.2
2020-11-20,2216249.7
2020-11-21,2243760.1
2020-11-22,2271270.6
2020-11-23,2298781.0
2020-11-24,2326291.5
2020-11-25,2172029.8
2020-11-26,2137169.9
2020-11-27,2102358.5
2020-11-28,2067592.1
2020-11-29,2032868.3
2020-11-30,1998185.3
2020-12-01,1963538.1
2020-12-02,1961089.0
2020-12-03,1958666.4
2020-12-04,1985725.3
2020-12-05,2012814.9
2020-12-06,2040002.4
2020-12-07,2069087.3
2020-12-08,2101419.3
2020-12-09,2186221.5
2020-12-10,2277941.1
2020-12-11,2160714.0
2020-12-12,2046150.4
2020-12-13,1934115.4
2020-12-14,1827913.7
2020-12-15,1745290.3
2020-12-16,1705648.1
2020-12-17,1689160.6
2020-12-18,1651201.9
2020-12-19,1614682.2
2020-12-20,1580201.2
2020-12-21,1549783.5
2020-12-22,1530702.0
2020-12-23,1455822.5
2020-12-24,1381895.4
2020-12-25,1309061.8
2020-12-26,1237530.1
2020-12-27,1167773.1
2020-12-28,1112978.7
2020-12-29,1077921.2
2020-12-30,1086339.3
2020-12-31,1052160.4
2021-01-01,1018794.8
2021-01-02,986276.0
2021-01-03,954706.3
2021-01-04,925049.9
2021-01-05,906160.6
2021-01-06,883044.0
2021-01-07,860642.8
2021-01-08,838949.8
2021-01-09,818028.5
2021-01-10,798063.4
2021-01-11,779891.8
2021-01-12,765644.4
2021-01-13,670897.1
2021-01-14,591837.1
2021-01-15,587243.7
2021-01-16,584560.1
2021-01-17,584124.5
2021-01-18,586836.7
2021-01-19,593030.0
2021-01-20,602647.2
2021-01-21,894498.0
2021-01-22,811855.2
2021-01-23,730036.5
2021-01-24,650347.4
2021-01-25,576038.4
2021-01-26,507500.8
2021-01-27,444451.4
2021-01-28,394933.4
2021-01-29,366669.8
2021-01-30,340826.2
2021-01-31,317269.7
2021-02-01,296044.8
2021-02-02,282409.2
2021-02-03,307371.0
2021-02-04,343904.1
2021-02-05,316928.3
2021-02-06,293350.6
2021-02-07,272908.1
2021-02-08,255365.2
2021-02-09,240358.6
2021-02-10,227410.6
2021-02-11,216542.2
2021-02-12,212497.0
2021-02-13,208905.7
2021-02-14,205734.7
2021-02-15,203138.3
2021-02-16,201188.2
2021-02-17,200041.4
2021-02-18,231195.7
2021-02-19,269290.0
2021-02-20,262269.4
2021-02-21,257409.6
2021-02-22,255127.9
2021-02-23,256093.6
2021-02-24,204030.2
2021-02-25,171980.6
2021-02-26,176443.5
2021-02-27,181886.1
2021-02-28,188487.9
2021-03-01,196163.1
2021-03-02,204737.7
2021-03-03,239833.3
2021-03-04,283322.5
2021-03-05,275583.9
2021-03-06,269327.9
2021-03-07,264728.3
2021-03-08,262023.2
2021-03-09,260852.5
2021-03-10,331669.8
2021-03-11,413859.0
2021-03-12,405242.0
2021-03-13,398455.3
2021-03-14,393334.9
2021-03-15,390656.0
2021-03-16,392518.7
2021-03-17,244963.9
2021-03-18,148763.3
2021-03-19,142766.3
2021-03-20,140791.2
2021-03-21,142056.4
2021-03-22,145341.8
2021-03-23,150505.8
2021-03-24,275696.8
2021-03-25,491907.1
2021-03-26,392951.0
2021-03-27,299695.1
2021-03-28,217459.3
2021-03-29,149620.1
2021-03-30,105709.7
2021-03-31,262670.5
2021-04-01,533584.8
2021-04-02,510811.4
2021-04-03,490358.8
2021-04-04,473259.1
2021-04-05,462152.4
2021-04-06,462777.0
2021-04-07,575527.0
2021-04-08,716167.2
2021-04-09,799387.6
2021-04-10,888585.2
2021-04-11,980828.1
2021-04-12,1075387.9
2021-04-13,1171753.5
2021-04-14,673249.9
2021-04-15,749097.5
2021-04-16,805644.5
2021-04-17,876867.3
2021-04-18,958097.7
2021-04-19,1044739.2
2021-04-20,1133662.6
2021-04-21,1312023.5
2021-04-22,990189.1
2021-04-23,1032777.4
2021-04-24,1077392.7
2021-04-25,1125621.6
2021-04-26,1178084.8
2021-04-27,1234599.5
2021-04-28,952718.5
2021-04-29,1460272.6
2021-04-30,1099546.5
2021-05-01,1192613.9
2021-05-02,1290182.1
2021-05-03,1391250.2
2021-05-04,1030390.5
2021-05-05,917174.3
2021-05-06,781733.5
2021-05-07,933149.6
2021-05-08,1027896.3
2021-05-09,1128238.9
2021-05-10,1231657.4
2021-05-11,909537.3
2021-05-12,1081919.1
2021-05-13,758533.8
2021-05-14,786062.0
2021-05-15,861945.1
2021-05-16,947016.3
2021-05-17,1039026.3
2021-05-18,1051775.9
2021-05-19,895747.5
2021-05-20,761581.8
2021-05-21,890662.8
2021-05-22,842510.3
2021-05-23,798960.7
2021-05-24,763923.6
2021-05-25,988860.2
2021-05-26,1047042.4
2021-05-27,921755.0
2021-05-28,1053917.9
2021-05-29,1046408.0
2021-05-30,1040147.7
2021-05-31,1034765.3
2021-06-01,1030169.5
2021-06-02,944268.9
2021-06-03,804285.1
2021-06-04,940846.7
2021-06-05,903282.9
2021-06-06,867625.1
2021-06-07,834455.4
2021-06-08,818987.5
2021-06-09,808017.3
2021-06-10,990667.7
2021-06-11,795108.3
2021-06-12,873676.7
2021-06-13,955917.3
2021-06-14,1040423.8
2021-06-15,807903.2
2021-06-16,971602.4
2021-06-17,848484.1
2021-06-18,827840.6
2021-06-19,808335.0
2021-06-20,790396.9
2021-06-21,774801.8
2021-06-22,761310.6
2021-06-23,930914.9
2021-06-24,846408.4
2021-06-25,680313.4
2021-06-26,728740.2
2021-06-27,781297.7
2021-06-28,836680.1
2021-06-29,870876.9
2021-06-30,914817.6
2021-07-01,971440.4
2021-07-02,705484.3
2021-07-03,719353.1
2021-07-04,734192.7
2021-07-05,749840.6
2021-07-06,766201.6
2021-07-07,783352.3
2021-07-08,673501.6
2021-07-09,687342.2
2021-07-10,706233.2
2021-07-11,730711.7
2021-07-12,759004.3
2021-07-13,790101.4
2021-07-14,791685.8
2021-07-15,795329.5
2021-07-16,858290.1
2021-07-17,923874.1
2021-07-18,991879.5
2021-07-19,1062325.9
2021-07-20,1134535.5
2021-07-21,1017594.5
2021-07-22,917454.3
2021-07-23,911130.0
2021-07-24,906796.7
2021-07-25,904063.4
2021-07-26,902311.0
2021-07-27,901559.9
2021-07-28,751680.8
2021-07-29,622666.5
2021-07-30,671474.5
2021-07-31,724168.6
2021-08-01,780820.6
2021-08-02,840793.9
2021-08-03,903763.6
2021-08-04,780960.0
2021-08-05,692010.8
2021-08-06,663811.9
2021-08-07,637227.4
2021-08-08,612147.2
2021-08-09,588672.8
2021-08-10,566717.1
2021-08-11,499226.6
2021-08-12,443757.6
2021-08-13,451918.5
2021-08-14,460710.4
2021-08-15,470039.0
2021-08-16,479978.0
2021-08-17,490709.4
2021-08-18,463751.9
2021-08-19,444674.4
2021-08-20,448927.0
2021-08-21,453897.5
2021-08-22,459785.9
2021-08-23,467055.8
2021-08-24,475918.5
2021-08-25,431935.2
2021-08-26,394937.9
2021-08-27,400027.3
2021-08-28,405677.2
2021-08-29,412182.3
2021-08-30,419883.1
2021-08-31,428930.6
2021-09-01,433099.0
2021-09-02,438105.0
2021-09-03,444141.2
2021-09-04,451587.6
2021-09-05,445804.5
2021-09-06,441111.2
2021-09-07,437296.9
2021-09-08,434184.7
2021-09-09,472463.9
2021-09-10,472684.4
2021-09-11,473562.4
2021-09-12,475216.1
2021-09-13,477546.5
2021-09-14,480466.4
2021-09-15,475143.0
2021-09-16,476662.3
2021-09-17,506330.9
2021-09-18,538523.4
2021-09-19,573574.2
2021-09-20,612040.1
2021-09-21,654924.2
2021-09-22,642378.6
2021-09-23,636979.9
2021-09-24,617010.4
2021-09-25,597582.6
2021-09-26,578598.4
2021-09-27,559990.6
2021-09-28,541750.5
2021-09-29,523974.1
2021-09-30,607594.3
2021-10-01,603637.7
2021-10-02,600271.6
2021-10-03,597547.6
2021-10-04,595449.5
2021-10-05,593913.4
2021-10-06,608821.5
2021-10-07,627165.8
2021-10-08,616480.7
2021-10-09,606483.5
2021-10-10,597115.5
2021-10-11,588349.0
2021-10-12,580177.1
2021-10-13,572543.0
2021-10-14,418683.5
2021-10-15,442323.6
2021-10-16,468454.4
2021-10-17,497773.0
2021-10-18,530910.1
2021-10-19,567465.1
2021-10-20,521315.5
2021-10-21,493530.5
2021-10-22,518560.3
2021-10-23,545833.4
2021-10-24,575995.2
2021-10-25,609275.5
2021-10-26,645170.2
2021-10-27,504401.8
2021-10-28,390729.3
2021-10-29,421670.9
2021-10-30,455533.3
2021-10-31,493537.2
2021-11-01,536596.0
2021-11-02,584604.1
2021-11-03,485724.0
2021-11-04,412243.5
2021-11-05,438315.3
2021-11-06,466791.0
2021-11-07,498116.2
2021-11-08,532956.0
2021-11-09,571418.8
2021-11-10,574875.5
2021-11-11,578565.8
2021-11-12,582467.0
2021-11-13,586559.3
2021-11-14,590869.8
2021-11-15,595379.0
2021-11-16,600082.4
2021-11-17,599696.6
2021-11-18,599470.5
2021-11-19,599390.3
2021-11-20,599457.3
2021-11-21,599662.7
2021-11-22,600003.0
2021-11-23,600468.2
2021-11-24,597410.8
2021-11-25,584884.2
2021-11-26,572941.0
2021-11-27,561581.9
2021-11-28,550827.0
2021-11-29,540660.4
2021-11-30,531050.9
2021-12-01,532236.7
2021-12-02,535300.7
2021-12-03,554549.2
2021-12-04,575063.7
2021-12-05,596846.5
2021-12-06,619798.8
2021-12-07,643832.3
2021-12-08,623596.5
2021-12-09,605388.3
2021-12-10,612960.3
2021-12-11,620753.8
2021-12-12,628763.7
2021-12-13,637024.2
2021-12-14,645553.9
2021-12-15,635395.2
2021-12-16,625515.2
2021-12-17,615891.2
2021-12-18,606493.7
2021-12-19,597295.2
2021-12-20,588285.5
2021-12-21,579490.0
2021-12-22,546791.9
2021-12-23,591778.7
2021-12-24,641523.7
2021-12-25,695128.1
2021-12-26,752478.5
2021-12-27,813685.0
2021-12-28,878645.7
2021-12-29,628537.4
2021-12-30,627219.4
2021-12-31,626033.0
2022-01-01,624975.8
2022-01-02,624048.9
2022-01-03,623258.1
2022-01-04,622618.2
2022-01-05,592515.8
2022-01-06,563763.7
2022-01-07,536271.2
2022-01-08,510092.6
2022-01-09,485158.5
2022-01-10,461427.3
2022-01-11,438903.0
2022-01-12,634755.5
2022-01-13,904228.1
2022-01-14,894320.2
2022-01-15,884672.4
2022-01-16,875406.9
2022-01-17,866624.7
2022-01-18,858401.7
2022-01-19,850909.8
2022-01-20,850231.8
2022-01-21,850499.3
2022-01-22,851715.1
2022-01-23,853555.0
2022-01-24,855931.6
2022-01-25,858900.3
2022-01-26,786494.8
2022-01-27,728748.4
2022-01-28,725266.9
2022-01-29,722210.1
2022-01-30,719710.5
2022-01-31,718131.3
2022-02-01,760221.5
2022-02-02,771260.7
2022-02-03,782822.5
2022-02-04,794812.9
2022-02-05,807170.9
2022-02-06,819880.1
2022-02-07,832920.9
2022-02-08,846257.7
2022-02-09,653074.2
2022-02-10,490248.9
2022-02-11,551197.0
2022-02-12,618035.8
2022-02-13,690948.9
2022-02-14,770231.6
2022-02-15,856986.4
2022-02-16,816796.2
2022-02-17,779908.2
2022-02-18,769171.6
2022-02-19,759454.3
2022-02-20,750416.8
2022-02-21,741886.4
2022-02-22,733968.5
2022-02-23,726716.3
2022-02-24,720039.1
2022-02-25,737786.5
2022-02-26,757059.2
2022-02-27,778155.1
2022-02-28,801350.7
2022-03-01,826227.1
2022-03-02,678997.6
2022-03-03,685261.3
2022-03-04,692101.5
2022-03-05,699791.3
2022-03-06,708486.7
2022-03-07,718398.8
2022-03-08,729605.6
2022-03-09,742050.5
2022-03-10,996786.3
2022-03-11,898393.6
2022-03-12,813105.6
2022-03-13,737886.6
2022-03-14,671437.2
2022-03-15,615422.5
2022-03-16,944853.7
2022-03-17,956612.6
2022-03-18,969481.3
2022-03-19,983508.6
2022-03-20,998714.9
2022-03-21,1015070.9
2022-03-22,1032612.9
2022-03-23,1406249.8
2022-03-24,1399741.3
2022-03-25,923123.5
2022-03-26,1078700.2
2022-03-27,1253724.3
2022-03-28,1437074.4
2022-03-29,1623486.1
2022-03-30,808998.2
2022-03-31,1741631.9
2022-04-01,1022300.6
2022-04-02,1153934.3
2022-04-03,1290611.8
2022-04-04,1431014.5
2022-04-05,1654452.4
2022-04-06,1599513.0
2022-04-07,1549380.6
2022-04-08,960996.0
2022-04-09,1113192.2
2022-04-10,1279571.4
2022-04-11,1450373.4
2022-04-12,1359159.2
2022-04-13,1458969.3
2022-04-14,1495122.6
2022-04-15,1241967.3
2022-04-16,1252755.2
2022-04-17,1268311.0
2022-04-18,1291343.3
2022-04-19,1277820.7
2022-04-20,1264951.8
2022-04-21,1254003.1
2022-04-22,1246410.1
2022-04-23,1243632.0
2022-04-24,1247539.8
2022-04-25,1266653.9
2022-04-26,1228716.7
2022-04-27,1210255.6
2022-04-28,1235419.1
2022-04-29,1187030.5
2022-04-30,1139285.5
2022-05-01,1094551.3
2022-05-02,1056183.8
2022-05-03,1032918.8
2022-05-04,949204.8
2022-05-05,874545.1
2022-05-06,838278.9
2022-05-07,803901.7
2022-05-08,773827.7
2022-05-09,750474.3
2022-05-10,736016.4
2022-05-11,756213.3
2022-05-12,740280.9
2022-05-13,504873.9
2022-05-14,312066.5
2022-05-15,189852.2
2022-05-16,136950.3
2022-05-17,278325.8
2022-05-18,607767.0
2022-05-19,583874.1
2022-05-20,587654.9
2022-05-21,592761.4
2022-05-22,598769.3
2022-05-23,605392.3
2022-05-24,612647.1
2022-05-25,605415.0
2022-05-26,598391.9
2022-05-27,591598.5
2022-05-28,585065.9
2022-05-29,578851.4
2022-05-30,573013.5
2022-05-31,567679.4
2022-06-01,562876.7
2022-06-02,591660.2
2022-06-03,623221.7
2022-06-04,657573.4
2022-06-05,695378.4
2022-06-06,736115.6
2022-06-07,473931.5
2022-06-08,550359.2
2022-06-09,635380.2
2022-06-10,630039.8
2022-06-11,624990.3
2022-06-12,620392.0
2022-06-13,616215.9
2022-06-14,612347.9
2022-06-15,608763.6
2022-06-16,605546.8
2022-06-17,611488.4
2022-06-18,618317.5
2022-06-19,625846.6
2022-06-20,633919.0
2022-06-21,642436.1
2022-06-22,651392.6
2022-06-23,627780.6
2022-06-24,605476.6
2022-06-25,584429.7
2022-06-26,564481.5
2022-06-27,545664.8
2022-06-28,527599.8
2022-06-29,549701.3
2022-06-30,581805.7
2022-07-01,584059.8
2022-07-02,588152.1
2022-07-03,594304.8
2022-07-04,603318.4
2022-07-05,615859.1
2022-07-06,604253.2
2022-07-07,593957.4
2022-07-08,585093.5
2022-07-09,577293.1
2022-07-10,570389.2
2022-07-11,564371.5
2022-07-12,559144.7
2022-07-13,554717.8
2022-07-14,551160.5
2022-07-15,584543.3
2022-07-16,619295.8
2022-07-17,655500.0
2022-07-18,692979.5
2022-07-19,731853.9
2022-07-20,609338.4
2022-07-21,518534.9
2022-07-22,520303.4
2022-07-23,523456.2
2022-07-24,527510.9
2022-07-25,532902.6
2022-07-26,540793.6
2022-07-27,559620.2
2022-07-28,580425.1
2022-07-29,603620.1
2022-07-30,630037.4
2022-07-31,659420.1
2022-08-01,691242.0
2022-08-02,725218.5
2022-08-03,741684.2
2022-08-04,763098.5
2022-08-05,746093.1
2022-08-06,731721.8
2022-08-07,720025.2
2022-08-08,711518.4
2022-08-09,706520.5
2022-08-10,636407.9
2022-08-11,581464.3
2022-08-12,585409.0
2022-08-13,591386.1
2022-08-14,599404.1
2022-08-15,609135.2
2022-08-16,620736.4
2022-08-17,672677.5
2022-08-18,736330.9
2022-08-19,713618.3
2022-08-20,693045.1
2022-08-21,674646.7
2022-08-22,658409.4
2022-08-23,644490.0
2022-08-24,638060.2
2022-08-25,638971.4
2022-08-26,642850.9
2022-08-27,649274.4
2022-08-28,657911.6
2022-08-29,668581.8
2022-08-30,680744.9
2022-08-31,695284.0
2022-09-01,725592.8
2022-09-02,729729.7
2022-09-03,734983.1
2022-09-04,741791.1
2022-09-05,751109.7
2022-09-06,768634.3
2022-09-07,638537.8
2022-09-08,535430.4
2022-09-09,510280.7
2022-09-10,487212.7
2022-09-11,466191.3
2022-09-12,448420.4
2022-09-13,443528.4
2022-09-14,417713.0
2022-09-15,411343.1
2022-09-16,367759.6
2022-09-17,327873.1
2022-09-18,291895.8
2022-09-19,260025.5
2022-09-20,234240.8
2022-09-21,222744.1
2022-09-22,192278.8
2022-09-23,157627.3
2022-09-24,126584.9
2022-09-25,102651.7
2022-09-26,86805.0
2022-09-27,82581.2
2022-09-28,86908.2
2022-09-29,104916.4
2022-09-30,113098.7
2022-10-01,122966.2
2022-10-02,134567.3
2022-10-03,148435.1
2022-10-04,164662.1
2022-10-05,166386.6
2022-10-06,168739.1
2022-10-07,171855.5
2022-10-08,175746.8
2022-10-09,180482.7
2022-10-10,186138.3
2022-10-11,192740.7
2022-10-12,200144.9
2022-10-13,75173.0
2022-10-14,83552.1
2022-10-15,95155.4
2022-10-16,111848.5
2022-10-17,135377.7
2022-10-18,168415.4
2022-10-19,157698.9
2022-10-20,156660.6
2022-10-21,150903.0
2022-10-22,146437.8
2022-10-23,143189.4
2022-10-24,141309.4
2022-10-25,141357.9
2022-10-26,141939.5
2022-10-27,145905.9
2022-10-28,148534.8
2022-10-29,151578.9
2022-10-30,155205.2
2022-10-31,159385.2
2022-11-01,164047.9
2022-11-02,81583.1
2022-11-03,51080.6
2022-11-04,50333.4
2022-11-05,50314.3
2022-11-06,51085.6
2022-11-07,52599.5
2022-11-08,54881.2
2022-11-09,59275.0
2022-11-10,64708.0
2022-11-11,71491.1
2022-11-12,80314.0
2022-11-13,91698.7
2022-11-14,106177.1
2022-11-15,124809.4
2022-11-16,125468.8
2022-11-17,134487.5
2022-11-18,150276.6
2022-11-19,167927.1
2022-11-20,187505.2
2022-11-21,209528.9
2022-11-22,234043.1
2022-11-23,171689.7
2022-11-24,127135.1
2022-11-25,97307.8
2022-11-26,76427.9
2022-11-27,62007.7
2022-11-28,51886.7
2022-11-29,44723.4
2022-11-30,60481.9
2022-12-01,111638.3
2022-12-02,88138.7
2022-12-03,72340.9
2022-12-04,62454.7
2022-12-05,56023.4
2022-12-06,51524.1
2022-12-07,50564.8
2022-12-08,54516.3
2022-12-09,58004.2
2022-12-10,63420.4
2022-12-11,70455.5
2022-12-12,79150.7
2022-12-13,90589.8
2022-12-14,67811.7
2022-12-15,58532.6
2022-12-16,68039.0
2022-12-17,81310.3
2022-12-18,98904.3
2022-12-19,121313.8
2022-12-20,151221.7
2022-12-21,147922.5
2022-12-22,145042.6
2022-12-23,142544.8
2022-12-24,140424.1
2022-12-25,138717.2
2022-12-26,137405.6
2022-12-27,136557.0
2022-12-28,136073.4
2022-12-29,130676.3
2022-12-30,126266.1
2022-12-31,122760.0
2023-01-01,120245.7
2023-01-02,118695.0
2023-01-03,117909.0
2023-01-04,117809.7
2023-01-05,118294.5
2023-01-06,116453.0
2023-01-07,116248.9
2023-01-08,118168.7
2023-01-09,122573.1
2023-01-10,128776.9
2023-01-11,87430.7
2023-01-12,63947.2
2023-01-13,71706.4
2023-01-14,80569.4
2023-01-15,90756.5
2023-01-16,102605.3
2023-01-17,116221.9
2023-01-18,131571.6
2023-01-19,148990.5
2023-01-20,106984.8
2023-01-21,78592.1
2023-01-22,60810.4
2023-01-23,49978.2
2023-01-24,43022.3
2023-01-25,68270.8
2023-01-26,146486.5
2023-01-27,114236.3
2023-01-28,90300.0
2023-01-29,72946.7
2023-01-30,59480.5
2023-01-31,49014.1
2023-02-01,40924.6
2023-02-02,34935.1
2023-02-03,30593.2
2023-02-04,27477.8
2023-02-05,25263.1
2023-02-06,23695.9
2023-02-07,22580.0
2023-02-08,23055.4
2023-02-09,24115.5
2023-02-10,25948.6
2023-02-11,28825.9
2023-02-12,33095.3
2023-02-13,39010.6
2023-02-14,46608.3
2023-02-15,46517.1
2023-02-16,46674.8
2023-02-17,47105.8
2023-02-18,47835.3
2023-02-19,48880.9
2023-02-20,50347.1
2023-02-21,52347.7
2023-02-22,54855.7
2023-02-23,51618.9
2023-02-24,49137.5
2023-02-25,47295.6
2023-02-26,46030.5
2023-02-27,45339.8
2023-02-28,45323.7
2023-03-01,62710.7
2023-03-02,100150.4
2023-03-03,100831.5
2023-03-04,102653.4
2023-03-05,106211.6
2023-03-06,111448.5
2023-03-07,118295.5
2023-03-08,113328.7
2023-03-09,109480.9
2023-03-10,106849.7
2023-03-11,105177.5
2023-03-12,104360.7
2023-03-13,104433.1
2023-03-14,105158.9
2023-03-15,91295.5
2023-03-16,80155.1
2023-03-17,71638.8
2023-03-18,65313.2
2023-03-19,61051.4
2023-03-20,58520.7
2023-03-21,63934.4
2023-03-22,68856.1
2023-03-23,83002.5
2023-03-24,209439.0
2023-03-25,189210.3
2023-03-26,171093.2
2023-03-27,155759.8
2023-03-28,143385.7
2023-03-29,133599.8
2023-03-30,105989.5
2023-03-31,84387.1
2023-04-01,67512.8
2023-04-02,54149.2
2023-04-03,44273.7
2023-04-04,37713.5
2023-04-05,51640.0
2023-04-06,81881.3
2023-04-07,133498.8
2023-04-08,221137.6
2023-04-09,327895.6
2023-04-10,441895.6
2023-04-11,560345.7
2023-04-12,681735.3
2023-04-13,804574.6
2023-04-14,746246.9
2023-04-15,690870.0
2023-04-16,639981.8
2023-04-17,594662.2
2023-04-18,555349.3
2023-04-19,725331.3
2023-04-20,87716.7
2023-04-21,134988.7
2023-04-22,218319.0
2023-04-23,315952.5
2023-04-24,418768.2
2023-04-25,524603.0
2023-04-26,543774.2
2023-04-27,563775.6
2023-04-28,584466.2
2023-04-29,605751.0
2023-04-30,627610.5
2023-05-01,649958.9
2023-05-02,672734.8
2023-05-03,694894.6
2023-05-04,737057.7
2023-05-05,597624.1
2023-05-06,459800.5
2023-05-07,326140.5
2023-05-08,207491.1
2023-05-09,131480.6
2023-05-10,126090.2
2023-05-11,133967.0
2023-05-12,224003.2
2023-05-13,361015.9
2023-05-14,514130.3
2023-05-15,678481.4
2023-05-16,849075.4
2023-05-17,78507.8
2023-05-18,105913.3
2023-05-19,166673.1
2023-05-20,248229.3
2023-05-21,337133.0
2023-05-22,429756.5
2023-05-23,524420.3
2023-05-24,260141.9
2023-05-25,92030.5
2023-05-26,88228.4
2023-05-27,85135.5
2023-05-28,82579.5
2023-05-29,80444.6
2023-05-30,78697.7
2023-05-31,77334.7
2023-06-01,76431.6
2023-06-02,72606.8
2023-06-03,70182.3
2023-06-04,69081.1
2023-06-05,68951.1
2023-06-06,69357.2
2023-06-07,86507.1
2023-06-08,119090.9
2023-06-09,105021.4
2023-06-10,94832.2
2023-06-11,88407.0
2023-06-12,84975.3
2023-06-13,84117.3
2023-06-14,114098.8
2023-06-15,189882.0
2023-06-16,186534.5
2023-06-17,189028.8
2023-06-18,198903.8
2023-06-19,214119.9
2023-06-20,234819.5
2023-06-21,260257.9
2023-06-22,312922.6
2023-06-23,353586.1
2023-06-24,418581.5
2023-06-25,504886.1
2023-06-26,603184.7
2023-06-27,714943.8
2023-06-28,598265.8
2023-06-29,504691.0
2023-06-30,519140.1
2023-07-01,536102.9
2023-07-02,555617.0
2023-07-03,578755.3
2023-07-04,554518.1
2023-07-05,538552.8
2023-07-06,610528.3
2023-07-07,685350.7
2023-07-08,762636.3
2023-07-09,841941.8
2023-07-10,922796.8
2023-07-11,948327.8
2023-07-12,981243.0
2023-07-13,1018577.6
2023-07-14,955188.8
2023-07-15,895892.6
2023-07-16,841764.0
2023-07-17,793643.1
2023-07-18,778606.8
2023-07-19,766591.2
2023-07-20,756146.8
2023-07-21,769671.3
2023-07-22,783750.2
2023-07-23,798523.7
2023-07-24,814193.8
2023-07-25,831128.3
2023-07-26,816100.8
2023-07-27,803891.7
2023-07-28,774421.9
2023-07-29,746303.6
2023-07-30,719210.2
2023-07-31,693050.9
2023-08-01,667775.5
2023-08-02,726119.3
2023-08-03,789943.1
2023-08-04,784656.3
2023-08-05,779735.2
2023-08-06,775163.5
2023-08-07,771020.7
2023-08-08,767330.3
2023-08-09,735765.5
2023-08-10,706747.0
2023-08-11,684314.1
2023-08-12,662489.2
2023-08-13,641213.7
2023-08-14,620447.4
2023-08-15,600182.0
2023-08-16,706216.6
2023-08-17,827456.5
2023-08-18,789053.8
2023-08-19,753018.3
2023-08-20,718819.6
2023-08-21,686108.7
2023-08-22,654853.6
2023-08-23,625014.2
2023-08-24,742896.9
2023-08-25,735571.6
2023-08-26,728609.5
2023-08-27,722026.8
2023-08-28,715841.6
2023-08-29,710025.4
2023-08-30,745384.0
2023-08-31,784746.4
2023-09-01,799411.7
2023-09-02,814622.7
2023-09-03,830472.0
2023-09-04,847222.7
2023-09-05,864890.7
2023-09-06,643134.0
2023-09-07,701666.6
2023-09-08,695449.3
2023-09-09,689777.3
2023-09-10,684483.0
2023-09-11,679624.5
2023-09-12,675274.6
2023-09-13,758091.7
2023-09-14,852146.3
2023-09-15,818498.0
2023-09-16,786698.2
2023-09-17,756625.4
2023-09-18,728166.7
2023-09-19,701253.9
2023-09-20,707164.4
2023-09-21,727233.4
2023-09-22,730259.0
2023-09-23,735608.8
2023-09-24,745108.4
2023-09-25,762519.8
2023-09-26,792669.1
2023-09-27,685202.9
2023-09-28,616273.1
2023-09-29,577514.5
2023-09-30,542676.3
2023-10-01,513041.9
2023-10-02,492433.8
2023-10-03,486719.5
2023-10-04,497363.9
2023-10-05,527743.1
2023-10-06,497139.9
2023-10-07,469008.7
2023-10-08,445102.0
2023-10-09,426498.7
2023-10-10,415419.0
2023-10-11,414767.3
2023-10-12,388802.0
2023-10-13,366417.2
2023-10-14,347685.2
2023-10-15,331524.5
2023-10-16,317476.2
2023-10-17,305883.9
2023-10-18,326928.0
2023-10-19,356691.6
2023-10-20,377908.1
2023-10-21,401698.2
2023-10-22,427903.6
2023-10-23,455824.7
2023-10-24,485127.4
2023-10-25,341821.7
2023-10-26,246739.2
2023-10-27,256652.8
2023-10-28,266960.5
2023-10-29,277682.3
2023-10-30,288863.0
2023-10-31,300754.1
2023-11-01,346077.3
2023-11-02,407911.8
2023-11-03,398814.4
2023-11-04,391107.3
2023-11-05,384687.9
2023-11-06,379340.8
2023-11-07,374940.4
2023-11-08,341119.5
2023-11-09,311756.0
2023-11-10,287205.4
2023-11-11,269615.4
2023-11-12,260695.6
2023-11-13,255780.1
2023-11-14,252015.2
2023-11-15,264016.0
2023-11-16,292697.6
2023-11-17,274614.1
2023-11-18,258838.0
2023-11-19,247544.0
2023-11-20,240196.4
2023-11-21,238059.6
2023-11-22,206412.0
2023-11-23,178170.8
2023-11-24,155011.3
2023-11-25,137762.0
2023-11-26,127841.3
2023-11-27,126027.0
2023-11-28,131706.4
2023-11-29,88519.6
2023-11-30,73312.5
2023-12-01,46864.4
2023-12-02,29059.8
2023-12-03,20152.9
2023-12-04,17485.3
2023-12-05,16145.9
2023-12-06,7988.2
2023-12-07,6902.1
2023-12-08,5353.8
2023-12-09,4436.1
2023-12-10,3952.9
2023-12-11,3809.7
2023-12-12,3902.1
2023-12-13,2186.7
2023-12-14,1858.9
2023-12-15,1802.2
2023-12-16,1836.5
2023-12-17,2070.3
2023-12-18,3017.1
2023-12-19,5782.4
2023-12-20,4058.1
2023-12-21,4864.4
2023-12-22,4433.2
2023-12-23,4554.8
2023-12-24,5153.6
2023-12-25,6277.0
2023-12-26,8090.2
2023-12-27,10615.1
2023-12-28,8522.6
2023-12-29,7010.0
2023-12-30,6075.0
2023-12-31,5555.6
2024-01-01,5344.4
2024-01-02,5446.0
2024-01-03,5878.3
2024-01-04,6693.1
2024-01-05,3936.9
2024-01-06,2803.8
2024-01-07,2359.5
2024-01-08,2182.0
2024-01-09,2178.8
2024-01-10,3045.9
2024-01-11,7702.6
2024-01-12,7746.5
2024-01-13,8372.9
2024-01-14,9536.5
2024-01-15,11382.9
2024-01-16,14616.4
2024-01-17,21375.5
2024-01-18,22402.1
2024-01-19,23754.9
2024-01-20,25449.0
2024-01-21,27530.1
2024-01-22,30119.3
2024-01-23,33387.3
2024-01-24,21445.0
2024-01-25,14113.7
2024-01-26,9704.8
2024-01-27,7064.0
2024-01-28,5666.6
2024-01-29,5025.0
2024-01-30,4812.2
2024-01-31,3275.3
2024-02-01,4828.1
2024-02-02,2910.3
2024-02-03,1959.6
2024-02-04,1623.6
2024-02-05,1559.0
2024-02-06,1689.9
2024-02-07,1991.9
2024-02-08,4175.9
2024-02-09,2797.7
2024-02-10,2198.3
2024-02-11,2525.5
2024-02-12,3603.4
2024-02-13,5034.6
2024-02-14,6661.4
2024-02-15,8398.9
2024-02-16,6854.8
2024-02-17,5481.6
2024-02-18,4461.7
2024-02-19,4483.0
2024-02-20,6834.0
2024-02-21,12768.3
2024-02-22,11155.2
2024-02-23,12443.8
2024-02-24,15019.3
2024-02-25,18351.5
2024-02-26,22222.8
2024-02-27,26485.9
2024-02-28,17070.4
2024-02-29,19268.5
2024-03-01,15372.3
2024-03-02,13795.9
2024-03-03,13630.3
2024-03-04,14576.9
2024-03-05,16573.7
2024-03-06,4526.5
2024-03-07,3277.0
2024-03-08,3949.4
2024-03-09,5507.9
2024-03-10,9382.4
2024-03-11,18695.7
2024-03-12,44357.8
2024-03-13,37024.8
2024-03-14,35019.4
2024-03-15,18644.9
2024-03-16,11300.4
2024-03-17,7855.3
2024-03-18,6045.3
2024-03-19,5312.1
2024-03-20,3600.5
2024-03-21,8220.1
2024-03-22,8525.4
2024-03-23,9913.6
2024-03-24,12900.6
2024-03-25,20148.3
2024-03-26,37815.5
2024-03-27,11088.8
2024-03-28,6939.2
2024-03-29,5760.7
2024-03-30,5384.3
2024-03-31,5560.0
2024-04-01,6118.1
2024-04-02,6929.7
2024-04-03,5810.4
2024-04-04,6635.6
2024-04-05,7829.4
2024-04-06,10818.7
2024-04-07,16664.7
2024-04-08,28984.9
2024-04-09,55919.7
2024-04-10,21174.6
2024-04-11,15481.3
2024-04-12,11153.7
2024-04-13,8954.3
2024-04-14,7906.5
2024-04-15,7515.5
2024-04-16,7563.1
2024-04-17,11202.7
2024-04-18,17095.4
2024-04-19,25533.1
2024-04-20,36221.9
2024-04-21,49120.4
2024-04-22,64773.7
2024-04-23,85019.6
2024-04-24,61130.5
2024-04-25,45779.7
2024-04-26,35860.5
2024-04-27,30663.5
2024-04-28,29973.3
2024-04-29,31726.8
2024-04-30,35662.3
2024-05-01,25370.7
2024-05-02,18275.2
2024-05-03,13436.4
2024-05-04,10419.1
2024-05-05,8650.1
2024-05-06,7791.0
2024-05-07,7548.6
2024-05-08,19390.1
2024-05-09,43119.2
2024-05-10,39548.4
2024-05-11,37354.7
2024-05-12,40003.3
2024-05-13,54979.6
2024-05-14,84530.6
2024-05-15,96220.9
2024-05-16,120399.2
2024-05-17,115621.7
2024-05-18,112887.9
2024-05-19,111927.6
2024-05-20,112649.9
2024-05-21,114890.7
2024-05-22,88821.4
2024-05-23,66646.9
2024-05-24,49133.7
2024-05-25,36347.2
2024-05-26,27596.5
2024-05-27,21819.7
2024-05-28,17883.5
2024-05-29,15190.9
2024-05-30,113555.5
2024-05-31,139432.7
2024-06-01,194937.8
2024-06-02,270271.4
2024-06-03,356049.0
2024-06-04,449513.6
2024-06-05,166330.3
2024-06-06,63734.0
2024-06-07,52572.7
2024-06-08,42285.7
2024-06-09,33027.3
2024-06-10,25309.6
2024-06-11,19529.0
2024-06-12,16320.3
2024-06-13,15699.1
2024-06-14,13994.6
2024-06-15,12570.4
2024-06-16,11404.0
2024-06-17,10533.8
2024-06-18,9990.0
2024-06-19,9694.5
2024-06-20,9513.8
2024-06-21,9499.0
2024-06-22,9704.1
2024-06-23,10195.6
2024-06-24,10987.5
2024-06-25,12691.4
2024-06-26,15520.9
2024-06-27,20302.3
2024-06-28,19455.9
2024-06-29,19503.9
2024-06-30,20616.1
2024-07-01,22701.4
2024-07-02,26358.7
2024-07-03,27047.0
2024-07-04,29057.3
2024-07-05,32062.9
2024-07-06,35784.4
2024-07-07,40101.6
2024-07-08,44900.3
2024-07-09,50075.0
2024-07-10,48883.4
2024-07-11,47732.4
2024-07-12,46625.8
2024-07-13,45568.5
2024-07-14,44568.0
2024-07-15,43632.5
2024-07-16,42764.3
2024-07-17,41973.8
2024-07-18,41269.9
2024-07-19,40676.7
2024-07-20,40209.0
2024-07-21,39888.2
2024-07-22,39728.8
2024-07-23,39726.8
2024-07-24,39881.5
2024-07-25,40203.0
2024-07-26,40718.1
2024-07-27,41445.4
2024-07-28,42361.0
2024-07-29,43463.2
2024-07-30,44745.0
2024-07-31,46202.4
2024-08-01,47834.5
2024-08-02,45108.6
2024-08-03,43668.0
2024-08-04,43914.9
2024-08-05,46230.5
2024-08-06,49829.6
2024-08-07,53554.8
2024-08-08,61332.8
2024-08-09,67452.7
2024-08-10,75078.9
2024-08-11,84824.3
2024-08-12,96978.5
2024-08-13,111412.7
2024-08-14,128120.1
2024-08-15,146342.6
2024-08-16,144467.8
2024-08-17,144432.1
2024-08-18,147146.5
2024-08-19,152882.5
2024-08-20,161967.6
2024-08-21,196003.2
2024-08-22,254850.6
2024-08-23,270471.7
2024-08-24,289884.5
2024-08-25,312967.9
2024-08-26,340944.6
2024-08-27,374117.1
2024-08-28,361301.8
2024-08-29,355644.4
2024-08-30,366910.3
2024-08-31,379285.9
2024-09-01,393228.9
2024-09-02,408965.2
2024-09-03,426665.7
2024-09-04,447004.8
2024-09-05,468629.4
2024-09-06,470090.6
2024-09-07,472210.4
2024-09-08,475126.8
2024-09-09,478815.7
2024-09-10,483430.9
2024-09-11,489351.8
2024-09-12,496829.0
2024-09-13,503474.5
2024-09-14,512556.3
2024-09-15,523412.7
2024-09-16,535410.1
2024-09-17,548322.6
2024-09-18,537283.0
2024-09-19,531129.1
2024-09-20,569225.9
2024-09-21,610669.1
2024-09-22,655748.3
2024-09-23,704490.9
2024-09-24,756805.7
2024-09-25,670537.6
2024-09-26,598834.1
2024-09-27,619418.4
2024-09-28,640996.3
2024-09-29,663853.3
2024-09-30,688040.6
2024-10-01,713357.7
2024-10-02,705976.7
2024-10-03,703505.9
2024-10-04,674383.5
2024-10-05,646552.6
2024-10-06,620046.9
2024-10-07,594857.9
2024-10-08,570876.4
2024-10-09,573883.5
2024-10-10,577330.9
2024-10-11,581140.9
2024-10-12,585300.4
2024-10-13,589824.3
2024-10-14,594739.8
2024-10-15,600020.8
2024-10-16,699266.2
2024-10-17,821546.9
2024-10-18,778499.3
2024-10-19,737836.8
2024-10-20,700125.7
2024-10-21,665423.2
2024-10-22,633519.9
2024-10-23,652689.5
2024-10-24,675670.1
2024-10-25,657577.7
2024-10-26,641237.9
2024-10-27,626435.9
2024-10-28,612725.5
2024-10-29,599872.2
2024-10-30,629604.5
2024-10-31,663827.9
2024-11-01,665504.8
2024-11-02,667581.4
2024-11-03,669968.1
2024-11-04,672750.0
2024-11-05,675974.4
2024-11-06,725216.0
2024-11-07,783699.7
2024-11-08,749541.6
2024-11-09,717652.3
2024-11-10,687698.2
2024-11-11,659152.1
2024-11-12,631602.0
2024-11-13,604949.3
2024-11-14,613212.7
2024-11-15,621731.7
2024-11-16,630481.9
2024-11-17,639464.2
2024-11-18,648722.9
2024-11-19,658296.5
2024-11-20,695497.6
2024-11-21,737696.4
2024-11-22,749466.7
2024-11-23,762194.4
2024-11-24,775938.0
2024-11-25,790686.9
2024-11-26,806302.8
2024-11-27,780230.8
2024-11-28,754960.6
2024-11-29,730686.7
2024-11-30,707227.7
2024-12-01,684502.8
2024-12-02,662411.6
2024-12-03,640935.2
2024-12-04,627980.3
2024-12-05,617388.8
2024-12-06,643888.4
2024-12-07,671398.7
2024-12-08,700012.7
2024-12-09,730177.1
2024-12-10,762404.0
2024-12-11,796145.5
2024-12-12,835942.2
2024-12-13,799266.1
2024-12-14,764085.3
2024-12-15,731086.8
2024-12-16,700241.9
2024-12-17,671185.7
2024-12-18,712172.3
2024-12-19,757335.9
2024-12-20,784769.1
2024-12-21,813461.7
2024-12-22,843026.9
2024-12-23,873342.6
2024-12-24,873625.6
2024-12-25,873968.9
2024-12-26,874373.9
2024-12-27,874848.1
2024-12-28,875408.7
2024-12-29,876085.3
2024-12-30,876928.9
2024-12-31,877930.4
2025-01-01,859841.4
2025-01-02,843872.0
2025-01-03,821361.9
2025-01-04,799301.2
2025-01-05,777825.5
2025-01-06,756949.8
2025-01-07,736732.0
2025-01-08,717243.6
2025-01-09,698405.8
2025-01-10,680213.7
2025-01-11,662665.4
2025-01-12,645717.6
2025-01-13,629299.0
2025-01-14,613332.7
2025-01-15,626429.9
2025-01-16,645248.9
2025-01-17,639063.1
2025-01-18,633043.4
2025-01-19,627191.1
2025-01-20,621489.9
2025-01-21,615949.1
2025-01-22,610577.3
2025-01-23,605370.3
2025-01-24,600329.1
2025-01-25,611313.7
2025-01-26,623706.7
2025-01-27,637700.6
2025-01-28,653648.9
2025-01-29,650498.9
2025-01-30,653934.6
2025-01-31,643580.0
2025-02-01,634292.8
2025-02-02,626087.5
2025-02-03,618606.4
2025-02-04,611698.2
2025-02-05,605340.6
2025-02-06,599551.8
2025-02-07,602001.0
2025-02-08,605525.6
2025-02-09,610119.2
2025-02-10,615458.5
2025-02-11,621561.3
2025-02-12,628367.8
2025-02-13,620032.4
2025-02-14,611868.5
2025-02-15,603850.1
2025-02-16,595963.8
2025-02-17,588217.4
2025-02-18,580610.7
2025-02-19,573147.4
2025-02-20,565841.9
2025-02-21,595499.3
2025-02-22,626719.6
2025-02-23,659940.9
2025-02-24,695589.4
2025-02-25,733757.2
2025-02-26,774411.1
2025-02-27,784379.7
2025-02-28,794989.0
2025-03-01,806309.1
2025-03-02,818411.4
2025-03-03,831285.3
2025-03-04,844915.8
2025-03-05,859197.5
2025-03-06,874128.3
2025-03-07,801215.3
2025-03-08,733436.5
2025-03-09,672030.6
2025-03-10,616924.2
2025-03-11,566755.8
2025-03-12,520167.6
2025-03-13,544400.6
2025-03-14,569887.1
2025-03-15,597042.7
2025-03-16,626547.6
2025-03-17,658963.2
2025-03-18,693897.3
2025-03-19,678402.9
2025-03-20,670957.8
2025-03-21,636977.4
2025-03-22,605570.6
2025-03-23,578593.2
2025-03-24,555439.7
2025-03-25,534829.5
2025-03-26,528077.6
2025-03-27,521917.3
2025-03-28,516269.4
2025-03-29,511110.8
2025-03-30,506354.6
2025-03-31,501956.8
2025-04-01,497884.6
2025-04-02,494110.2
2025-04-03,494110.2
2025-04-04,494110.2
2025-04-05,494110.2
2025-04-06,494110.2
2025-04-07,494110.2
2025-04-08,494110.2
2025-04-09,494110.2
2025-04-10,494110.2
