2012-01-01,0.0
2012-01-02,0.0
2012-01-03,0.0
2012-01-04,2118141.4
2012-01-05,2122633.3
2012-01-06,2127129.8
2012-01-07,2131632.4
2012-01-08,2136138.9
2012-01-09,2140648.0
2012-01-10,2145159.0
2012-01-11,2149672.2
2012-01-12,2154187.2
2012-01-13,2158704.2
2012-01-14,2163223.9
2012-01-15,2167746.4
2012-01-16,2172270.4
2012-01-17,2176796.2
2012-01-18,2181323.4
2012-01-19,2185852.4
2012-01-20,2185890.7
2012-01-21,2185937.0
2012-01-22,2185992.8
2012-01-23,2186059.5
2012-01-24,2186134.9
2012-01-25,2186217.7
2012-01-26,2186315.7
2012-01-27,2186426.1
2012-01-28,2186555.4
2012-01-29,2186698.2
2012-01-30,2186841.0
2012-01-31,2186983.8
2012-02-01,2186978.4
2012-02-02,2186973.0
2012-02-03,2186967.6
2012-02-04,2186962.2
2012-02-05,2186956.8
2012-02-06,2186951.4
2012-02-07,2186946.0
2012-02-08,2186940.6
2012-02-09,2186935.2
2012-02-10,2186929.8
2012-02-11,2186924.4
2012-02-12,2186919.0
2012-02-13,2186913.6
2012-02-14,2186908.2
2012-02-15,2186902.7
2012-02-16,2186897.3
2012-02-17,2186891.9
2012-02-18,2186886.5
2012-02-19,2186881.1
2012-02-20,2186875.7
2012-02-21,2186870.3
2012-02-22,2186864.9
2012-02-23,2186859.5
2012-02-24,2186854.1
2012-02-25,2186848.7
2012-02-26,2186843.3
2012-02-27,2186837.9
2012-02-28,2186832.5
2012-02-29,2186827.1
2012-03-01,2186821.7
2012-03-02,2186816.2
2012-03-03,2186810.8
2012-03-04,2186805.4
2012-03-05,2186800.0
2012-03-06,2186794.6
2012-03-07,2185630.4
2012-03-08,2184466.8
2012-03-09,2183304.1
2012-03-10,2182142.1
2012-03-11,2180981.0
2012-03-12,2179820.6
2012-03-13,2178661.1
2012-03-14,2177502.3
2012-03-15,2176344.4
2012-03-16,2175187.5
2012-03-17,2174031.4
2012-03-18,2172875.8
2012-03-19,2171720.9
2012-03-20,2170567.4
2012-03-21,2169414.6
2012-03-22,2168262.7
2012-03-23,2167111.7
2012-03-24,2165961.4
2012-03-25,2164811.8
2012-03-26,2161098.6
2012-03-27,2157386.9
2012-03-28,2153677.0
2012-03-29,2149969.2
2012-03-30,2146263.3
2012-03-31,2142559.0
2012-04-01,2138856.2
2012-04-02,2135155.3
2012-04-03,2131456.1
2012-04-04,2127759.1
2012-04-05,2124063.1
2012-04-06,2120368.4
2012-04-07,2116675.2
2012-04-08,2112983.1
2012-04-09,2109292.6
2012-04-10,2105603.7
2012-04-11,2101916.1
2012-04-12,2101369.8
2012-04-13,2100824.7
2012-04-14,2100280.7
2012-04-15,2099738.1
2012-04-16,2099196.9
2012-04-17,2098657.0
2012-04-18,2098118.4
2012-04-19,2097581.0
2012-04-20,2097044.9
2012-04-21,2096510.0
2012-04-22,2095977.3
2012-04-23,2095446.5
2012-04-24,2094918.0
2012-04-25,2094391.3
2012-04-26,2093866.3
2012-04-27,2093343.0
2012-04-28,2092821.5
2012-04-29,2092301.5
2012-04-30,2091783.3
2012-05-01,2091266.6
2012-05-02,2090752.1
2012-05-03,2090239.7
2012-05-04,2089729.5
2012-05-05,2089221.7
2012-05-06,2088716.3
2012-05-07,2088213.6
2012-05-08,2087713.8
2012-05-09,2087713.8
2012-05-10,2087713.8
2012-05-11,2087713.8
2012-05-12,2087713.8
2012-05-13,2087713.8
2012-05-14,2087713.8
2012-05-15,2087713.8
2012-05-16,2087713.8
2012-05-17,2087713.8
2012-05-18,2087713.8
2012-05-19,2087713.8
2012-05-20,2087713.8
2012-05-21,2087713.8
2012-05-22,2087713.8
2012-05-23,2087713.8
2012-05-24,2087713.8
2012-05-25,2087713.8
2012-05-26,2087713.8
2012-05-27,2087713.8
2012-05-28,2087713.8
2012-05-29,2087713.8
2012-05-30,2087713.8
2012-05-31,2087713.8
2012-06-01,2087713.8
2012-06-02,2087713.8
2012-06-03,2087713.8
2012-06-04,2087713.8
2012-06-05,2087713.8
2012-06-06,2047828.3
2012-06-07,2008000.6
2012-06-08,1968232.0
2012-06-09,1928527.3
2012-06-10,1888903.0
2012-06-11,1849374.4
2012-06-12,1809948.7
2012-06-13,1770632.6
2012-06-14,1731403.2
2012-06-15,1728413.3
2012-06-16,1725425.2
2012-06-17,1722438.9
2012-06-18,1719454.5
2012-06-19,1716471.9
2012-06-20,1713492.0
2012-06-21,1710514.8
2012-06-22,1707540.7
2012-06-23,1704569.7
2012-06-24,1701602.1
2012-06-25,1698638.2
2012-06-26,1695678.1
2012-06-27,1692721.7
2012-06-28,1689768.4
2012-06-29,1686818.7
2012-06-30,1683872.7
2012-07-01,1680930.6
2012-07-02,1677991.9
2012-07-03,1675056.6
2012-07-04,1672125.1
2012-07-05,1669196.7
2012-07-06,1666271.2
2012-07-07,1663348.3
2012-07-08,1660427.8
2012-07-09,1657509.8
2012-07-10,1654594.0
2012-07-11,1651680.7
2012-07-12,1648769.6
2012-07-13,1645860.9
2012-07-14,1642954.3
2012-07-15,1640049.7
2012-07-16,1637147.2
2012-07-17,1634246.8
2012-07-18,1631348.3
2012-07-19,1628452.1
2012-07-20,1625558.5
2012-07-21,1622666.9
2012-07-22,1619777.3
2012-07-23,1616889.7
2012-07-24,1614004.0
2012-07-25,1611119.8
2012-07-26,1608237.6
2012-07-27,1605357.8
2012-07-28,1602479.6
2012-07-29,1599603.0
2012-07-30,1596728.2
2012-07-31,1593855.7
2012-08-01,1590984.7
2012-08-02,1588115.4
2012-08-03,1585248.5
2012-08-04,1582383.5
2012-08-05,1579520.5
2012-08-06,1576659.4
2012-08-07,1573799.9
2012-08-08,1570942.7
2012-08-09,1568087.3
2012-08-10,1565233.6
2012-08-11,1562382.1
2012-08-12,1559532.7
2012-08-13,1556685.2
2012-08-14,1553839.6
2012-08-15,1550996.0
2012-08-16,1548154.5
2012-08-17,1545315.3
2012-08-18,1542479.1
2012-08-19,1539645.2
2012-08-20,1536813.5
2012-08-21,1533983.8
2012-08-22,1531156.3
2012-08-23,1529577.5
2012-08-24,1527999.8
2012-08-25,1526423.6
2012-08-26,1524848.6
2012-08-27,1523274.6
2012-08-28,1521702.0
2012-08-29,1520130.8
2012-08-30,1518561.0
2012-08-31,1516993.0
2012-09-01,1515426.3
2012-09-02,1513861.1
2012-09-03,1512297.2
2012-09-04,1510734.9
2012-09-05,1509174.5
2012-09-06,1507615.4
2012-09-07,1506057.5
2012-09-08,1504500.6
2012-09-09,1502945.2
2012-09-10,1501390.8
2012-09-11,1499837.8
2012-09-12,1498286.4
2012-09-13,1496735.9
2012-09-14,1495186.8
2012-09-15,1493638.8
2012-09-16,1492092.2
2012-09-17,1490546.8
2012-09-18,1489002.5
2012-09-19,1487459.2
2012-09-20,1485917.2
2012-09-21,1484376.9
2012-09-22,1482837.6
2012-09-23,1481299.8
2012-09-24,1479763.2
2012-09-25,1478228.2
2012-09-26,1478228.2
2012-09-27,1478228.2
2012-09-28,1478228.3
2012-09-29,1478228.3
2012-09-30,1478228.3
2012-10-01,1478228.3
2012-10-02,1478228.4
2012-10-03,1478228.4
2012-10-04,1478228.4
2012-10-05,1478228.4
2012-10-06,1478228.5
2012-10-07,1478228.5
2012-10-08,1478228.5
2012-10-09,1478228.5
2012-10-10,1478228.6
2012-10-11,1478228.6
2012-10-12,1478228.6
2012-10-13,1478228.6
2012-10-14,1478228.6
2012-10-15,1478228.7
2012-10-16,1478228.7
2012-10-17,1478228.7
2012-10-18,1478228.7
2012-10-19,1478228.8
2012-10-20,1478228.8
2012-10-21,1478228.8
2012-10-22,1478228.8
2012-10-23,1478228.9
2012-10-24,1478228.9
2012-10-25,1478228.9
2012-10-26,1478228.9
2012-10-27,1478229.0
2012-10-28,1478229.0
2012-10-29,1478229.0
2012-10-30,1478229.0
2012-10-31,1478229.1
2012-11-01,1478229.1
2012-11-02,1478229.1
2012-11-03,1478229.1
2012-11-04,1478229.2
2012-11-05,1478229.2
2012-11-06,1478229.2
2012-11-07,1485627.4
2012-11-08,1493026.4
2012-11-09,1500426.2
2012-11-10,1507827.2
2012-11-11,1515229.3
2012-11-12,1522631.9
2012-11-13,1530035.2
2012-11-14,1537439.1
2012-11-15,1544843.9
2012-11-16,1552249.5
2012-11-17,1559655.8
2012-11-18,1567063.0
2012-11-19,1574471.2
2012-11-20,1581879.8
2012-11-21,1589288.9
2012-11-22,1596698.8
2012-11-23,1604109.3
2012-11-24,1611520.7
2012-11-25,1618932.7
2012-11-26,1626345.5
2012-11-27,1633758.7
2012-11-28,1641172.6
2012-11-29,1648587.8
2012-11-30,1648587.8
2012-12-01,1648587.8
2012-12-02,1648587.9
2012-12-03,1648587.9
2012-12-04,1648587.9
2012-12-05,1648589.1
2012-12-06,1648590.3
2012-12-07,1648591.5
2012-12-08,1648592.8
2012-12-09,1648594.0
2012-12-10,1648595.2
2012-12-11,1648596.4
2012-12-12,1648597.6
2012-12-13,1648598.9
2012-12-14,1648600.1
2012-12-15,1648601.3
2012-12-16,1648602.5
2012-12-17,1648603.7
2012-12-18,1648605.0
2012-12-19,1648606.2
2012-12-20,1648607.4
2012-12-21,1648608.6
2012-12-22,1648609.8
2012-12-23,1648611.1
2012-12-24,1648612.3
2012-12-25,1648613.5
2012-12-26,1648614.7
2012-12-27,1648615.9
2012-12-28,1648617.2
2012-12-29,1648618.4
2012-12-30,1648619.6
2012-12-31,1648620.8
2013-01-01,1648622.0
2013-01-02,1648623.3
2013-01-03,1648624.5
2013-01-04,1648625.7
2013-01-05,1648626.9
2013-01-06,1648628.1
2013-01-07,1648629.4
2013-01-08,1648630.6
2013-01-09,1648631.8
2013-01-10,1648633.0
2013-01-11,1648634.2
2013-01-12,1648635.4
2013-01-13,1648636.7
2013-01-14,1648637.9
2013-01-15,1648639.1
2013-01-16,1648640.3
2013-01-17,1648641.5
2013-01-18,1648642.8
2013-01-19,1648644.0
2013-01-20,1648645.2
2013-01-21,1648646.4
2013-01-22,1648647.6
2013-01-23,1648648.9
2013-01-24,1648650.1
2013-01-25,1648651.3
2013-01-26,1648652.5
2013-01-27,1648653.7
2013-01-28,1648655.0
2013-01-29,1648656.2
2013-01-30,1648657.4
2013-01-31,1648658.6
2013-02-01,1648659.8
2013-02-02,1648661.1
2013-02-03,1648662.3
2013-02-04,1648663.5
2013-02-05,1648664.7
2013-02-06,1648665.9
2013-02-07,1648667.2
2013-02-08,1648668.4
2013-02-09,1648669.6
2013-02-10,1648670.8
2013-02-11,1648672.0
2013-02-12,1648673.3
2013-02-13,1648674.5
2013-02-14,1648675.7
2013-02-15,1648676.9
2013-02-16,1648678.1
2013-02-17,1648679.3
2013-02-18,1648680.6
2013-02-19,1648681.8
2013-02-20,1648683.0
2013-02-21,1648684.2
2013-02-22,1648685.4
2013-02-23,1648686.7
2013-02-24,1648687.9
2013-02-25,1648689.1
2013-02-26,1648690.3
2013-02-27,1648691.5
2013-02-28,1648692.8
2013-03-01,1648694.0
2013-03-02,1648695.2
2013-03-03,1648696.4
2013-03-04,1648697.6
2013-03-05,1648698.9
2013-03-06,1648700.1
2013-03-07,1648701.3
2013-03-08,1648702.5
2013-03-09,1648703.7
2013-03-10,1648705.0
2013-03-11,1648706.2
2013-03-12,1648707.4
2013-03-13,1648708.6
2013-03-14,1648709.8
2013-03-15,1648711.1
2013-03-16,1648712.3
2013-03-17,1648713.5
2013-03-18,1648714.7
2013-03-19,1648715.9
2013-03-20,1648717.2
2013-03-21,1648718.4
2013-03-22,1648719.6
2013-03-23,1648720.8
2013-03-24,1648722.0
2013-03-25,1648723.2
2013-03-26,1648724.5
2013-03-27,1648725.7
2013-03-28,1648726.9
2013-03-29,1648728.1
2013-03-30,1648729.3
2013-03-31,1648730.6
2013-04-01,1648731.8
2013-04-02,1648733.0
2013-04-03,1648728.6
2013-04-04,1648724.3
2013-04-05,1648719.9
2013-04-06,1648715.5
2013-04-07,1648711.1
2013-04-08,1648706.8
2013-04-09,1648702.4
2013-04-10,1648698.0
2013-04-11,1648693.6
2013-04-12,1648689.3
2013-04-13,1648684.9
2013-04-14,1648680.5
2013-04-15,1648676.2
2013-04-16,1648671.8
2013-04-17,1648667.4
2013-04-18,1648663.0
2013-04-19,1648658.7
2013-04-20,1648654.3
2013-04-21,1648649.9
2013-04-22,1648645.5
2013-04-23,1648641.2
2013-04-24,1648636.8
2013-04-25,1648632.4
2013-04-26,1648628.1
2013-04-27,1648623.7
2013-04-28,1648619.3
2013-04-29,1648614.9
2013-04-30,1648610.6
2013-05-01,1708398.4
2013-05-02,1768276.5
2013-05-03,1828239.2
2013-05-04,1888285.3
2013-05-05,1948403.2
2013-05-06,2008580.3
2013-05-07,2068818.1
2013-05-08,2044199.2
2013-05-09,2019612.7
2013-05-10,1995065.2
2013-05-11,1970565.3
2013-05-12,1946123.8
2013-05-13,1921760.0
2013-05-14,1897504.2
2013-05-15,1873421.1
2013-05-16,1876728.5
2013-05-17,1880042.9
2013-05-18,1883363.7
2013-05-19,1886691.0
2013-05-20,1890024.9
2013-05-21,1893364.9
2013-05-22,1896711.8
2013-05-23,1900064.6
2013-05-24,1903423.5
2013-05-25,1906787.3
2013-05-26,1910156.5
2013-05-27,1913530.1
2013-05-28,1916908.9
2013-05-29,1920292.1
2013-05-30,1923679.9
2013-05-31,1927071.5
2013-06-01,1930468.1
2013-06-02,1933867.8
2013-06-03,1937271.4
2013-06-04,1940678.7
2013-06-05,1944089.3
2013-06-06,1947503.6
2013-06-07,1950920.9
2013-06-08,1954341.5
2013-06-09,1957765.2
2013-06-10,1961191.5
2013-06-11,1964621.3
2013-06-12,1968053.9
2013-06-13,1971489.0
2013-06-14,1974927.0
2013-06-15,1978367.4
2013-06-16,1981810.4
2013-06-17,1985256.3
2013-06-18,1988704.9
2013-06-19,1992156.3
2013-06-20,1995610.3
2013-06-21,1999066.5
2013-06-22,2002526.0
2013-06-23,2005988.0
2013-06-24,2009452.4
2013-06-25,2012919.1
2013-06-26,2016388.0
2013-06-27,2019859.4
2013-06-28,2019900.2
2013-06-29,2019940.9
2013-06-30,2019981.7
2013-07-01,2020022.5
2013-07-02,2020063.2
2013-07-03,2020104.0
2013-07-04,2020144.8
2013-07-05,2020185.5
2013-07-06,2020226.3
2013-07-07,2020267.0
2013-07-08,2020307.8
2013-07-09,2020348.6
2013-07-10,2020333.3
2013-07-11,2020318.0
2013-07-12,2020302.7
2013-07-13,2020287.5
2013-07-14,2020272.2
2013-07-15,2020256.9
2013-07-16,2020241.6
2013-07-17,2020226.3
2013-07-18,2020211.1
2013-07-19,2020195.8
2013-07-20,2020180.5
2013-07-21,2020165.2
2013-07-22,2020149.9
2013-07-23,2020134.6
2013-07-24,2020119.4
2013-07-25,2020104.1
2013-07-26,2020088.8
2013-07-27,2020073.5
2013-07-28,2020058.2
2013-07-29,2020043.0
2013-07-30,2020027.7
2013-07-31,2020012.4
2013-08-01,2019997.1
2013-08-02,2019981.8
2013-08-03,2019966.6
2013-08-04,2019951.3
2013-08-05,2019936.0
2013-08-06,2019920.7
2013-08-07,2005001.6
2013-08-08,1990085.6
2013-08-09,1975174.0
2013-08-10,1960267.1
2013-08-11,1945365.5
2013-08-12,1930468.2
2013-08-13,1915576.3
2013-08-14,1900688.2
2013-08-15,1885805.2
2013-08-16,1870927.8
2013-08-17,1856055.4
2013-08-18,1841187.7
2013-08-19,1826325.1
2013-08-20,1811467.8
2013-08-21,1796615.2
2013-08-22,1781768.7
2013-08-23,1766928.2
2013-08-24,1752095.3
2013-08-25,1737268.9
2013-08-26,1722449.1
2013-08-27,1707635.9
2013-08-28,1692830.0
2013-08-29,1692676.7
2013-08-30,1692523.3
2013-08-31,1694033.0
2013-09-01,1695544.8
2013-09-02,1697058.3
2013-09-03,1698573.2
2013-09-04,1700089.4
2013-09-05,1701606.9
2013-09-06,1703126.0
2013-09-07,1704646.3
2013-09-08,1706167.9
2013-09-09,1707690.3
2013-09-10,1709214.1
2013-09-11,1710738.8
2013-09-12,1712264.8
2013-09-13,1713792.0
2013-09-14,1715319.8
2013-09-15,1716848.8
2013-09-16,1718379.0
2013-09-17,1719910.5
2013-09-18,1721443.3
2013-09-19,1722977.1
2013-09-20,1724512.1
2013-09-21,1726047.8
2013-09-22,1727584.1
2013-09-23,1729121.5
2013-09-24,1730660.1
2013-09-25,1732199.7
2013-09-26,1733740.3
2013-09-27,1735282.0
2013-09-28,1736824.6
2013-09-29,1738368.4
2013-09-30,1739913.2
2013-10-01,1741458.9
2013-10-02,1743005.8
2013-10-03,1744553.7
2013-10-04,1746103.1
2013-10-05,1747653.4
2013-10-06,1749205.0
2013-10-07,1750757.6
2013-10-08,1752310.8
2013-10-09,1751682.1
2013-10-10,1751053.5
2013-10-11,1750425.2
2013-10-12,1749797.2
2013-10-13,1749169.5
2013-10-14,1748542.0
2013-10-15,1747914.6
2013-10-16,1747287.7
2013-10-17,1746661.3
2013-10-18,1746035.2
2013-10-19,1745409.3
2013-10-20,1744783.7
2013-10-21,1744158.5
2013-10-22,1743533.5
2013-10-23,1742908.9
2013-10-24,1742284.6
2013-10-25,1741660.5
2013-10-26,1741036.7
2013-10-27,1740413.2
2013-10-28,1739789.9
2013-10-29,1739167.1
2013-10-30,1738544.5
2013-10-31,1737922.2
2013-11-01,1737300.2
2013-11-02,1736678.6
2013-11-03,1736057.3
2013-11-04,1735436.2
2013-11-05,1734815.4
2013-11-06,1734194.9
2013-11-07,1733574.7
2013-11-08,1732954.8
2013-11-09,1732335.3
2013-11-10,1731716.1
2013-11-11,1731097.2
2013-11-12,1730478.4
2013-11-13,1729859.8
2013-11-14,1729241.6
2013-11-15,1728623.7
2013-11-16,1728006.4
2013-11-17,1727389.3
2013-11-18,1726772.4
2013-11-19,1726155.7
2013-11-20,1725539.3
2013-11-21,1724923.4
2013-11-22,1724307.9
2013-11-23,1723692.7
2013-11-24,1723077.8
2013-11-25,1722463.1
2013-11-26,1721848.7
2013-11-27,1721234.6
2013-11-28,1720620.8
2013-11-29,1720007.3
2013-11-30,1719394.2
2013-12-01,1718781.4
2013-12-02,1718168.9
2013-12-03,1717556.6
2013-12-04,1716944.8
2013-12-05,1716333.0
2013-12-06,1715721.6
2013-12-07,1715110.5
2013-12-08,1714499.5
2013-12-09,1713888.9
2013-12-10,1713278.5
2013-12-11,1712668.4
2013-12-12,1712058.7
2013-12-13,1711449.3
2013-12-14,1710840.1
2013-12-15,1710231.4
2013-12-16,1709623.1
2013-12-17,1709015.0
2013-12-18,1708407.2
2013-12-19,1707799.9
2013-12-20,1707193.0
2013-12-21,1706586.9
2013-12-22,1705981.4
2013-12-23,1705376.5
2013-12-24,1704772.6
2013-12-25,1704169.5
2013-12-26,1703567.0
2013-12-27,1702965.2
2013-12-28,1702364.1
2013-12-29,1701763.6
2013-12-30,1701163.8
2013-12-31,1701180.9
2014-01-01,1701198.0
2014-01-02,1701215.2
2014-01-03,1701232.3
2014-01-04,1701249.4
2014-01-05,1701266.6
2014-01-06,1701283.7
2014-01-07,1701300.9
2014-01-08,1752805.0
2014-01-09,1804771.4
2014-01-10,1805486.4
2014-01-11,1806201.4
2014-01-12,1806916.5
2014-01-13,1807631.9
2014-01-14,1808347.5
2014-01-15,1809063.3
2014-01-16,1809779.2
2014-01-17,1810495.4
2014-01-18,1811211.7
2014-01-19,1811928.1
2014-01-20,1812644.8
2014-01-21,1813361.5
2014-01-22,1814078.3
2014-01-23,1814795.3
2014-01-24,1815512.5
2014-01-25,1816229.8
2014-01-26,1816947.3
2014-01-27,1817664.9
2014-01-28,1818382.7
2014-01-29,1819100.7
2014-01-30,1819818.9
2014-01-31,1820537.2
2014-02-01,1821255.6
2014-02-02,1821974.0
2014-02-03,1822692.6
2014-02-04,1823411.4
2014-02-05,1824130.4
2014-02-06,1824849.6
2014-02-07,1825569.0
2014-02-08,1826288.5
2014-02-09,1827008.2
2014-02-10,1827728.1
2014-02-11,1828448.0
2014-02-12,1829168.0
2014-02-13,1829888.2
2014-02-14,1830608.6
2014-02-15,1831329.1
2014-02-16,1832049.8
2014-02-17,1832770.4
2014-02-18,1833491.2
2014-02-19,1834212.0
2014-02-20,1834933.1
2014-02-21,1835654.4
2014-02-22,1836376.0
2014-02-23,1837097.7
2014-02-24,1837819.4
2014-02-25,1838541.2
2014-02-26,1839263.0
2014-02-27,1839985.0
2014-02-28,1840707.2
2014-03-01,1841429.6
2014-03-02,1842152.2
2014-03-03,1842874.7
2014-03-04,1843597.4
2014-03-05,1844320.3
2014-03-06,1845043.4
2014-03-07,1845766.7
2014-03-08,1846490.0
2014-03-09,1847213.5
2014-03-10,1847937.0
2014-03-11,1848660.7
2014-03-12,1849384.4
2014-03-13,1850108.3
2014-03-14,1850832.4
2014-03-15,1851556.7
2014-03-16,1852281.0
2014-03-17,1853005.6
2014-03-18,1853730.2
2014-03-19,1854455.0
2014-03-20,1855914.0
2014-03-21,1857373.7
2014-03-22,1858834.4
2014-03-23,1860296.3
2014-03-24,1861759.0
2014-03-25,1863222.7
2014-03-26,1864687.5
2014-03-27,1866153.4
2014-03-28,1867620.2
2014-03-29,1869088.3
2014-03-30,1870557.4
2014-03-31,1872027.7
2014-04-01,1873498.8
2014-04-02,1874970.8
2014-04-03,1876444.1
2014-04-04,1877918.5
2014-04-05,1879393.7
2014-04-06,1880870.0
2014-04-07,1882347.1
2014-04-08,1883825.1
2014-04-09,1885304.3
2014-04-10,1886785.1
2014-04-11,1888267.2
2014-04-12,1889750.4
2014-04-13,1891234.8
2014-04-14,1892720.6
2014-04-15,1894207.7
2014-04-16,1895697.0
2014-04-17,1897188.5
2014-04-18,1898682.0
2014-04-19,1900178.3
2014-04-20,1901676.4
2014-04-21,1903176.7
2014-04-22,1904679.5
2014-04-23,1906184.4
2014-04-24,1865127.9
2014-04-25,1863881.1
2014-04-26,1862635.1
2014-04-27,1861390.1
2014-04-28,1860145.9
2014-04-29,1858902.5
2014-04-30,1857660.3
2014-05-01,1856419.1
2014-05-02,1855179.0
2014-05-03,1853940.1
2014-05-04,1852702.3
2014-05-05,1851465.8
2014-05-06,1850230.6
2014-05-07,1848996.6
2014-05-08,1847763.9
2014-05-09,1846532.1
2014-05-10,1845301.3
2014-05-11,1844071.5
2014-05-12,1842843.5
2014-05-13,1841617.2
2014-05-14,1840391.8
2014-05-15,1839167.4
2014-05-16,1837944.0
2014-05-17,1836721.5
2014-05-18,1835500.2
2014-05-19,1834279.8
2014-05-20,1833060.6
2014-05-21,1831842.6
2014-05-22,1830626.1
2014-05-23,1829410.6
2014-05-24,1828196.3
2014-05-25,1826983.1
2014-05-26,1825771.2
2014-05-27,1824560.8
2014-05-28,1823351.6
2014-05-29,1822144.0
2014-05-30,1820937.7
2014-05-31,1819732.8
2014-06-01,1818529.2
2014-06-02,1817326.7
2014-06-03,1816125.8
2014-06-04,1814926.4
2014-06-05,1813728.9
2014-06-06,1812533.1
2014-06-07,1811339.3
2014-06-08,1810147.3
2014-06-09,1808957.0
2014-06-10,1807768.2
2014-06-11,1806581.4
2014-06-12,1805396.0
2014-06-13,1804212.1
2014-06-14,1803029.8
2014-06-15,1801848.6
2014-06-16,1800669.4
2014-06-17,1799491.8
2014-06-18,1798315.5
2014-06-19,1797140.9
2014-06-20,1795967.3
2014-06-21,1794794.9
2014-06-22,1793623.7
2014-06-23,1792454.0
2014-06-24,1791285.1
2014-06-25,1790117.2
2014-06-26,1788950.4
2014-06-27,1787784.9
2014-06-28,1786620.2
2014-06-29,1785456.5
2014-06-30,1784293.7
2014-07-01,1783132.1
2014-07-02,1781971.4
2014-07-03,1790486.2
2014-07-04,1799005.6
2014-07-05,1807529.4
2014-07-06,1816058.9
2014-07-07,1824593.2
2014-07-08,1833133.7
2014-07-09,1841681.3
2014-07-10,1850235.2
2014-07-11,1858794.8
2014-07-12,1867361.8
2014-07-13,1875934.8
2014-07-14,1884514.4
2014-07-15,1893101.3
2014-07-16,1901695.4
2014-07-17,1910294.7
2014-07-18,1918899.0
2014-07-19,1927507.2
2014-07-20,1936119.0
2014-07-21,1944735.1
2014-07-22,1953356.2
2014-07-23,1961983.3
2014-07-24,1970617.0
2014-07-25,1979257.5
2014-07-26,1987904.1
2014-07-27,1996557.3
2014-07-28,2005215.9
2014-07-29,2013880.7
2014-07-30,2022551.4
2014-07-31,2031227.0
2014-08-01,2039907.2
2014-08-02,2048591.8
2014-08-03,2057280.5
2014-08-04,2065972.8
2014-08-05,2074669.5
2014-08-06,2073070.1
2014-08-07,2071471.6
2014-08-08,2069874.1
2014-08-09,2068277.5
2014-08-10,2066681.7
2014-08-11,2065087.0
2014-08-12,2063493.1
2014-08-13,2061899.9
2014-08-14,2060307.8
2014-08-15,2058716.7
2014-08-16,2057126.9
2014-08-17,2055538.1
2014-08-18,2053950.7
2014-08-19,2052364.4
2014-08-20,2050779.5
2014-08-21,2049196.0
2014-08-22,2047613.9
2014-08-23,2046032.7
2014-08-24,2044452.6
2014-08-25,2042873.4
2014-08-26,2041295.9
2014-08-27,2039720.0
2014-08-28,2038145.2
2014-08-29,2036571.9
2014-08-30,2035000.3
2014-08-31,2033429.8
2014-09-01,2031860.8
2014-09-02,2030293.4
2014-09-03,2028727.3
2014-09-04,2027162.7
2014-09-05,2025599.8
2014-09-06,2024038.8
2014-09-07,2022479.7
2014-09-08,2020921.9
2014-09-09,2019365.8
2014-09-10,2017810.9
2014-09-11,2016257.0
2014-09-12,2014704.5
2014-09-13,2013153.5
2014-09-14,2011603.7
2014-09-15,2010055.0
2014-09-16,2008507.4
2014-09-17,2006961.4
2014-09-18,2005416.3
2014-09-19,2003872.2
2014-09-20,2002329.8
2014-09-21,2000788.5
2014-09-22,1999248.5
2014-09-23,1997709.5
2014-09-24,1996171.9
2014-09-25,1994635.6
2014-09-26,1993100.2
2014-09-27,1991565.7
2014-09-28,1990032.8
2014-09-29,1988500.8
2014-09-30,1986969.7
2014-10-01,1985439.4
2014-10-02,1983910.5
2014-10-03,1982382.9
2014-10-04,1980855.9
2014-10-05,1979330.0
2014-10-06,1977805.2
2014-10-07,1976281.6
2014-10-08,1974759.0
2014-10-09,1973237.4
2014-10-10,1971716.8
2014-10-11,1970197.8
2014-10-12,1968679.9
2014-10-13,1967162.9
2014-10-14,1965646.9
2014-10-15,1964132.6
2014-10-16,1962619.1
2014-10-17,1961106.8
2014-10-18,1959595.3
2014-10-19,1958085.1
2014-10-20,1956575.8
2014-10-21,1955067.8
2014-10-22,1952355.4
2014-10-23,1949644.2
2014-10-24,1946933.6
2014-10-25,1944223.8
2014-10-26,1941514.7
2014-10-27,1938806.5
2014-10-28,1936098.8
2014-10-29,1933391.8
2014-10-30,1930685.6
2014-10-31,1927980.2
2014-11-01,1925275.7
2014-11-02,1922571.9
2014-11-03,1919868.8
2014-11-04,1917166.6
2014-11-05,1914465.2
2014-11-06,1911764.9
2014-11-07,1909065.2
2014-11-08,1906366.4
2014-11-09,1903668.1
2014-11-10,1900970.8
2014-11-11,1898274.3
2014-11-12,1895578.9
2014-11-13,1892884.2
2014-11-14,1890190.5
2014-11-15,1887497.6
2014-11-16,1884805.5
2014-11-17,1882114.0
2014-11-18,1879423.4
2014-11-19,1876733.5
2014-11-20,1874044.3
2014-11-21,1871355.7
2014-11-22,1868667.9
2014-11-23,1865980.9
2014-11-24,1863294.8
2014-11-25,1860609.1
2014-11-26,1857924.0
2014-11-27,1855239.5
2014-11-28,1852556.1
2014-11-29,1849873.4
2014-11-30,1847191.6
2014-12-01,1844510.2
2014-12-02,1841829.6
2014-12-03,1839149.8
2014-12-04,1836471.0
2014-12-05,1833793.0
2014-12-06,1831116.0
2014-12-07,1828439.9
2014-12-08,1825764.5
2014-12-09,1823089.8
2014-12-10,1820415.9
2014-12-11,1817742.9
2014-12-12,1815070.3
2014-12-13,1812398.3
2014-12-14,1809727.2
2014-12-15,1807056.8
2014-12-16,1804387.1
2014-12-17,1801718.2
2014-12-18,1799049.7
2014-12-19,1801171.5
2014-12-20,1803294.7
2014-12-21,1805418.9
2014-12-22,1807544.3
2014-12-23,1809671.0
2014-12-24,1811799.1
2014-12-25,1813928.6
2014-12-26,1816059.3
2014-12-27,1818191.1
2014-12-28,1820324.5
2014-12-29,1822458.9
2014-12-30,1824595.0
2014-12-31,1826732.3
2015-01-01,1828870.7
2015-01-02,1831010.3
2015-01-03,1833150.9
2015-01-04,1835292.0
2015-01-05,1837433.9
2015-01-06,1839576.5
2015-01-07,1841719.6
2015-01-08,1843862.9
2015-01-09,1846006.5
2015-01-10,1848150.3
2015-01-11,1850294.5
2015-01-12,1852439.1
2015-01-13,1854583.9
2015-01-14,1856728.8
2015-01-15,1858874.1
2015-01-16,1861019.8
2015-01-17,1863165.9
2015-01-18,1865312.3
2015-01-19,1867458.9
2015-01-20,1869605.8
2015-01-21,1871753.0
2015-01-22,1876152.2
2015-01-23,1880554.1
2015-01-24,1884959.9
2015-01-25,1889369.9
2015-01-26,1893783.7
2015-01-27,1898200.7
2015-01-28,1902621.3
2015-01-29,1907045.2
2015-01-30,1911472.8
2015-01-31,1915903.7
2015-02-01,1920337.2
2015-02-02,1924773.0
2015-02-03,1929212.3
2015-02-04,1933653.9
2015-02-05,1938098.8
2015-02-06,1942546.8
2015-02-07,1946997.7
2015-02-08,1951451.1
2015-02-09,1955907.5
2015-02-10,1960366.8
2015-02-11,1964829.4
2015-02-12,1969294.9
2015-02-13,1973763.5
2015-02-14,1978234.8
2015-02-15,1982708.8
2015-02-16,1987185.9
2015-02-17,1991665.8
2015-02-18,1996148.4
2015-02-19,2000633.8
2015-02-20,2005121.8
2015-02-21,2009612.4
2015-02-22,2014106.4
2015-02-23,2018602.8
2015-02-24,2023102.1
2015-02-25,2027604.4
2015-02-26,2032108.8
2015-02-27,2036616.0
2015-02-28,2041126.1
2015-03-01,2045639.0
2015-03-02,2050155.1
2015-03-03,2054673.6
2015-03-04,2059195.5
2015-03-05,2063719.9
2015-03-06,2068247.6
2015-03-07,2072777.5
2015-03-08,2077310.3
2015-03-09,2081846.0
2015-03-10,2086385.1
2015-03-11,2090926.9
2015-03-12,2095471.1
2015-03-13,2100018.6
2015-03-14,2104568.9
2015-03-15,2109121.9
2015-03-16,2113677.8
2015-03-17,2118236.6
2015-03-18,2122798.0
2015-03-19,2127362.4
2015-03-20,2131929.8
2015-03-21,2136500.5
2015-03-22,2141073.5
2015-03-23,2145649.6
2015-03-24,2150229.4
2015-03-25,2154812.0
2015-03-26,2159397.8
2015-03-27,2163987.3
2015-03-28,2168579.8
2015-03-29,2173176.4
2015-03-30,2177778.0
2015-03-31,2182383.8
2015-04-01,2186994.3
2015-04-02,2191607.9
2015-04-03,2196224.4
2015-04-04,2200844.0
2015-04-05,2205467.1
2015-04-06,2210092.4
2015-04-07,2214720.1
2015-04-08,2219351.0
2015-04-09,2223984.5
2015-04-10,2228620.2
2015-04-11,2233258.4
2015-04-12,2237899.1
2015-04-13,2242542.0
2015-04-14,2247187.2
2015-04-15,2251835.1
2015-04-16,2256485.4
2015-04-17,2261137.9
2015-04-18,2265792.9
2015-04-19,2270450.7
2015-04-20,2275110.9
2015-04-21,2279773.1
2015-04-22,2344696.0
2015-04-23,2347361.7
2015-04-24,2350033.2
2015-04-25,2352709.3
2015-04-26,2355388.7
2015-04-27,2358071.9
2015-04-28,2360758.7
2015-04-29,2363448.2
2015-04-30,2366139.9
2015-05-01,2368834.2
2015-05-02,2371531.0
2015-05-03,2362814.5
2015-05-04,2354123.8
2015-05-05,2345459.7
2015-05-06,2336827.3
2015-05-07,2328236.7
2015-05-08,2319687.2
2015-05-09,2311186.3
2015-05-10,2302752.6
2015-05-11,2294394.0
2015-05-12,2286120.1
2015-05-13,2277901.9
2015-05-14,2269725.3
2015-05-15,2263356.4
2015-05-16,2256987.9
2015-05-17,2250619.8
2015-05-18,2244252.4
2015-05-19,2237885.7
2015-05-20,2231519.6
2015-05-21,2225154.5
2015-05-22,2218790.1
2015-05-23,2212426.5
2015-05-24,2206063.6
2015-05-25,2199701.3
2015-05-26,2193339.8
2015-05-27,2186979.4
2015-05-28,2180620.0
2015-05-29,2174262.1
2015-05-30,2167905.3
2015-05-31,2161549.6
2015-06-01,2155195.4
2015-06-02,2148842.7
2015-06-03,2142491.6
2015-06-04,2136142.5
2015-06-05,2129795.4
2015-06-06,2123450.3
2015-06-07,2117107.4
2015-06-08,2110766.5
2015-06-09,2104427.6
2015-06-10,2098090.7
2015-06-11,2091755.7
2015-06-12,2085422.4
2015-06-13,2079091.2
2015-06-14,2072762.0
2015-06-15,2066434.6
2015-06-16,2060108.8
2015-06-17,2053784.9
2015-06-18,2047462.4
2015-06-19,2041141.2
2015-06-20,2034821.5
2015-06-21,2028503.9
2015-06-22,2022187.8
2015-06-23,2015872.7
2015-06-24,2009559.5
2015-06-25,2003247.6
2015-06-26,1996936.9
2015-06-27,1990627.7
2015-06-28,1984319.7
2015-06-29,1978013.2
2015-06-30,1971707.9
2015-07-01,1965403.9
2015-07-02,1959101.4
2015-07-03,1952800.1
2015-07-04,1946499.9
2015-07-05,1940200.8
2015-07-06,1933903.2
2015-07-07,1927608.3
2015-07-08,1921317.1
2015-07-09,1915038.3
2015-07-10,1908771.9
2015-07-11,1902520.2
2015-07-12,1896291.3
2015-07-13,1890093.0
2015-07-14,1883941.6
2015-07-15,1869948.7
2015-07-16,1856089.6
2015-07-17,1842304.2
2015-07-18,1828558.1
2015-07-19,1814823.6
2015-07-20,1801100.4
2015-07-21,1787385.4
2015-07-22,1773680.3
2015-07-23,1759985.5
2015-07-24,1746300.4
2015-07-25,1732624.3
2015-07-26,1718957.7
2015-07-27,1705298.9
2015-07-28,1691649.0
2015-07-29,1692227.1
2015-07-30,1692805.5
2015-07-31,1693384.0
2015-08-01,1693962.6
2015-08-02,1694541.4
2015-08-03,1695120.2
2015-08-04,1695699.1
2015-08-05,1696278.0
2015-08-06,1696857.0
2015-08-07,1697436.1
2015-08-08,1698015.3
2015-08-09,1698594.5
2015-08-10,1699173.8
2015-08-11,1699753.2
2015-08-12,1700332.7
2015-08-13,1700912.3
2015-08-14,1701492.0
2015-08-15,1702071.7
2015-08-16,1702651.5
2015-08-17,1703231.4
2015-08-18,1703811.3
2015-08-19,1704391.3
2015-08-20,1704971.5
2015-08-21,1705551.7
2015-08-22,1706132.1
2015-08-23,1706712.5
2015-08-24,1707293.0
2015-08-25,1707873.6
2015-08-26,1708454.2
2015-08-27,1709035.0
2015-08-28,1709615.8
2015-08-29,1710196.7
2015-08-30,1710777.7
2015-08-31,1711358.8
2015-09-01,1711940.1
2015-09-02,1712521.4
2015-09-03,1713102.8
2015-09-04,1713684.3
2015-09-05,1714265.8
2015-09-06,1714847.4
2015-09-07,1715429.2
2015-09-08,1716011.1
2015-09-09,1716593.2
2015-09-10,1717175.5
2015-09-11,1717757.8
2015-09-12,1718340.2
2015-09-13,1718922.7
2015-09-14,1719505.3
2015-09-15,1720088.0
2015-09-16,1720670.7
2015-09-17,1721253.6
2015-09-18,1721836.7
2015-09-19,1722419.8
2015-09-20,1723003.1
2015-09-21,1723586.5
2015-09-22,1724170.0
2015-09-23,1724753.7
2015-09-24,1725337.5
2015-09-25,1725921.4
2015-09-26,1726505.3
2015-09-27,1727089.4
2015-09-28,1727673.6
2015-09-29,1728258.0
2015-09-30,1728842.6
2015-10-01,1729427.2
2015-10-02,1730012.0
2015-10-03,1730597.0
2015-10-04,1731182.0
2015-10-05,1731767.1
2015-10-06,1732352.3
2015-10-07,1732937.8
2015-10-08,1733523.4
2015-10-09,1734109.1
2015-10-10,1734694.9
2015-10-11,1735280.8
2015-10-12,1735866.8
2015-10-13,1736452.9
2015-10-14,1737039.0
2015-10-15,1737625.3
2015-10-16,1738211.7
2015-10-17,1738798.3
2015-10-18,1739384.9
2015-10-19,1739971.7
2015-10-20,1740558.7
2015-10-21,1741145.8
2015-10-22,1741733.0
2015-10-23,1742320.4
2015-10-24,1742907.8
2015-10-25,1743495.3
2015-10-26,1744083.0
2015-10-27,1744670.8
2015-10-28,1745258.9
2015-10-29,1745847.0
2015-10-30,1746435.3
2015-10-31,1747023.6
2015-11-01,1747612.1
2015-11-02,1748200.7
2015-11-03,1748789.5
2015-11-04,1749378.4
2015-11-05,1752065.1
2015-11-06,1754754.8
2015-11-07,1757447.9
2015-11-08,1760144.0
2015-11-09,1762843.1
2015-11-10,1765546.1
2015-11-11,1768252.0
2015-11-12,1770961.5
2015-11-13,1773674.4
2015-11-14,1776390.2
2015-11-15,1779109.0
2015-11-16,1781830.7
2015-11-17,1784555.2
2015-11-18,1787281.9
2015-11-19,1790010.1
2015-11-20,1792740.3
2015-11-21,1795472.4
2015-11-22,1798206.0
2015-11-23,1800941.4
2015-11-24,1803679.3
2015-11-25,1806418.9
2015-11-26,1809160.6
2015-11-27,1811903.8
2015-11-28,1814648.5
2015-11-29,1817394.5
2015-11-30,1820141.8
2015-12-01,1822891.3
2015-12-02,1825642.1
2015-12-03,1828394.5
2015-12-04,1831148.6
2015-12-05,1833904.5
2015-12-06,1836662.4
2015-12-07,1839421.9
2015-12-08,1842183.4
2015-12-09,1844946.7
2015-12-10,1847711.8
2015-12-11,1850478.8
2015-12-12,1853246.8
2015-12-13,1856016.1
2015-12-14,1858786.8
2015-12-15,1861559.2
2015-12-16,1869606.5
2015-12-17,1877657.6
2015-12-18,1885712.3
2015-12-19,1893770.8
2015-12-20,1901834.2
2015-12-21,1909901.9
2015-12-22,1917973.8
2015-12-23,1926049.9
2015-12-24,1934132.1
2015-12-25,1942218.8
2015-12-26,1950309.8
2015-12-27,1958405.6
2015-12-28,1966505.4
2015-12-29,1974610.0
2015-12-30,1982719.6
2015-12-31,1990834.0
2016-01-01,1998953.6
2016-01-02,2007078.4
2016-01-03,2015207.7
2016-01-04,2023342.6
2016-01-05,2031484.8
2016-01-06,2039633.0
2016-01-07,2047785.7
2016-01-08,2055942.9
2016-01-09,2064105.4
2016-01-10,2072271.9
2016-01-11,2080443.4
2016-01-12,2088619.7
2016-01-13,2096800.5
2016-01-14,2104985.8
2016-01-15,2113174.9
2016-01-16,2121368.6
2016-01-17,2129567.3
2016-01-18,2137770.0
2016-01-19,2145977.3
2016-01-20,2154188.5
2016-01-21,2162403.5
2016-01-22,2170622.2
2016-01-23,2178844.6
2016-01-24,2187070.4
2016-01-25,2195299.3
2016-01-26,2203531.6
2016-01-27,2211767.4
2016-01-28,2220005.9
2016-01-29,2228247.0
2016-01-30,2236490.6
2016-01-31,2244736.7
2016-02-01,2252985.4
2016-02-02,2261235.8
2016-02-03,2269488.3
2016-02-04,2277742.2
2016-02-05,2285997.6
2016-02-06,2294254.5
2016-02-07,2296303.8
2016-02-08,2298377.6
2016-02-09,2300475.1
2016-02-10,2302594.0
2016-02-11,2304733.7
2016-02-12,2306891.9
2016-02-13,2309068.3
2016-02-14,2311259.6
2016-02-15,2313462.8
2016-02-16,2315676.0
2016-02-17,2317896.9
2016-02-18,2320119.8
2016-02-19,2314304.0
2016-02-20,2308488.4
2016-02-21,2302673.2
2016-02-22,2296858.6
2016-02-23,2291045.3
2016-02-24,2285234.1
2016-02-25,2279424.7
2016-02-26,2273616.5
2016-02-27,2267810.0
2016-02-28,2262005.1
2016-02-29,2256202.6
2016-03-01,2250402.2
2016-03-02,2244603.7
2016-03-03,2238808.9
2016-03-04,2233017.0
2016-03-05,2227228.2
2016-03-06,2221443.0
2016-03-07,2215661.1
2016-03-08,2209881.9
2016-03-09,2204105.5
2016-03-10,2198332.4
2016-03-11,2192563.1
2016-03-12,2186797.6
2016-03-13,2181035.0
2016-03-14,2175276.4
2016-03-15,2169521.9
2016-03-16,2163771.4
2016-03-17,2158025.2
2016-03-18,2152283.3
2016-03-19,2146545.4
2016-03-20,2140812.2
2016-03-21,2135084.3
2016-03-22,2129362.1
2016-03-23,2129237.6
2016-03-24,2129114.3
2016-03-25,2128992.4
2016-03-26,2128871.9
2016-03-27,2128752.9
2016-03-28,2128635.6
2016-03-29,2128520.5
2016-03-30,2128408.6
2016-03-31,2128300.3
2016-04-01,2128196.7
2016-04-02,2128098.4
2016-04-03,2128006.0
2016-04-04,2127920.2
2016-04-05,2127841.3
2016-04-06,2124157.9
2016-04-07,2120474.8
2016-04-08,2116791.9
2016-04-09,2113109.3
2016-04-10,2109427.0
2016-04-11,2105745.2
2016-04-12,2102063.7
2016-04-13,2098382.6
2016-04-14,2094701.9
2016-04-15,2091021.4
2016-04-16,2087341.3
2016-04-17,2083661.3
2016-04-18,2079981.6
2016-04-19,2076302.6
2016-04-20,2072624.1
2016-04-21,2068946.0
2016-04-22,2065268.3
2016-04-23,2061591.1
2016-04-24,2057914.4
2016-04-25,2054238.2
2016-04-26,2050562.5
2016-04-27,2046887.4
2016-04-28,2043212.7
2016-04-29,2039538.5
2016-04-30,2035864.6
2016-05-01,2032191.1
2016-05-02,2028517.9
2016-05-03,2024845.1
2016-05-04,2021172.7
2016-05-05,2017500.8
2016-05-06,2013829.1
2016-05-07,2010157.7
2016-05-08,2006486.7
2016-05-09,2002815.9
2016-05-10,1999145.4
2016-05-11,1995475.4
2016-05-12,1991805.6
2016-05-13,1988136.1
2016-05-14,1984466.7
2016-05-15,1980797.6
2016-05-16,1977128.9
2016-05-17,1973460.4
2016-05-18,1969792.1
2016-05-19,1966124.1
2016-05-20,1962456.2
2016-05-21,1958788.5
2016-05-22,1955121.2
2016-05-23,1951454.2
2016-05-24,1947787.4
2016-05-25,1944120.8
2016-05-26,1940454.5
2016-05-27,1936788.3
2016-05-28,1933122.4
2016-05-29,1929456.6
2016-05-30,1925790.9
2016-05-31,1922125.3
2016-06-01,1918459.8
2016-06-02,1914794.5
2016-06-03,1911129.3
2016-06-04,1907464.4
2016-06-05,1903799.7
2016-06-06,1900135.1
2016-06-07,1896470.6
2016-06-08,1892806.4
2016-06-09,1889142.4
2016-06-10,1891296.1
2016-06-11,1893450.6
2016-06-12,1895606.0
2016-06-13,1897762.1
2016-06-14,1899918.6
2016-06-15,1902075.7
2016-06-16,1904233.4
2016-06-17,1906392.1
2016-06-18,1908550.9
2016-06-19,1910710.4
2016-06-20,1912871.7
2016-06-21,1915034.7
2016-06-22,1917198.7
2016-06-23,1919363.6
2016-06-24,1921529.0
2016-06-25,1923695.1
2016-06-26,1925861.7
2016-06-27,1928028.7
2016-06-28,1930196.0
2016-06-29,1932363.8
2016-06-30,1934532.0
2016-07-01,1936926.1
2016-07-02,1939320.9
2016-07-03,1941716.3
2016-07-04,1944112.3
2016-07-05,1946509.5
2016-07-06,1948908.0
2016-07-07,1951307.9
2016-07-08,1953709.8
2016-07-09,1956113.5
2016-07-10,1958518.3
2016-07-11,1960923.5
2016-07-12,1963329.5
2016-07-13,1965736.0
2016-07-14,1968143.2
2016-07-15,1970551.1
2016-07-16,1972959.9
2016-07-17,1975369.4
2016-07-18,1977780.2
2016-07-19,1980192.4
2016-07-20,1982606.2
2016-07-21,1985022.0
2016-07-22,1987439.6
2016-07-23,1989858.4
2016-07-24,1992278.9
2016-07-25,1994700.8
2016-07-26,1997123.8
2016-07-27,1999547.9
2016-07-28,2001973.2
2016-07-29,2004399.3
2016-07-30,2006826.4
2016-07-31,2009254.2
2016-08-01,2011683.0
2016-08-02,2014112.4
2016-08-03,2015690.4
2016-08-04,2017272.4
2016-08-05,2018859.1
2016-08-06,2020450.7
2016-08-07,2022046.7
2016-08-08,2023645.6
2016-08-09,2025248.2
2016-08-10,2026854.1
2016-08-11,2028463.9
2016-08-12,2030078.1
2016-08-13,2031696.3
2016-08-14,2033319.1
2016-08-15,2034947.3
2016-08-16,2036580.9
2016-08-17,2038220.5
2016-08-18,2039868.6
2016-08-19,2041525.7
2016-08-20,2043189.7
2016-08-21,2044860.5
2016-08-22,2046537.7
2016-08-23,2048220.3
2016-08-24,2049907.6
2016-08-25,2050854.2
2016-08-26,2051800.8
2016-08-27,2052747.4
2016-08-28,2053694.0
2016-08-29,2054640.6
2016-08-30,2055587.2
2016-08-31,2057858.3
2016-09-01,2060161.3
2016-09-02,2062491.3
2016-09-03,2064851.9
2016-09-04,2067245.3
2016-09-05,2069672.5
2016-09-06,2072126.0
2016-09-07,2074604.0
2016-09-08,2077103.7
2016-09-09,2079624.8
2016-09-10,2082168.9
2016-09-11,2084731.5
2016-09-12,2087315.8
2016-09-13,2089925.3
2016-09-14,2092556.1
2016-09-15,2095197.8
2016-09-16,2096461.3
2016-09-17,2097724.8
2016-09-18,2098988.4
2016-09-19,2100251.9
2016-09-20,2101515.4
2016-09-21,2102778.9
2016-09-22,2104042.4
2016-09-23,2105305.9
2016-09-24,2106569.4
2016-09-25,2107832.9
2016-09-26,2109096.4
2016-09-27,2110359.9
2016-09-28,2111623.4
2016-09-29,2112886.9
2016-09-30,2114150.4
2016-10-01,2115413.9
2016-10-02,2116677.4
2016-10-03,2117940.9
2016-10-04,2119180.4
2016-10-05,2120419.9
2016-10-06,2121659.4
2016-10-07,2122898.9
2016-10-08,2124138.4
2016-10-09,2125377.9
2016-10-10,2126617.4
2016-10-11,2127856.9
2016-10-12,2129096.4
2016-10-13,2130335.9
2016-10-14,2131575.4
2016-10-15,2132814.9
2016-10-16,2134054.4
2016-10-17,2135293.9
2016-10-18,2136533.4
2016-10-19,2137772.9
2016-10-20,2139012.4
2016-10-21,2140251.9
2016-10-22,2141491.4
2016-10-23,2142730.9
2016-10-24,2143970.4
2016-10-25,2145209.9
2016-10-26,2146449.4
2016-10-27,2147688.9
2016-10-28,2148928.4
2016-10-29,2150167.9
2016-10-30,2151407.4
2016-10-31,2152646.9
2016-11-01,2153886.4
2016-11-02,2155125.7
2016-11-03,2156365.0
2016-11-04,2157604.4
2016-11-05,2158843.7
2016-11-06,2160083.0
2016-11-07,2161322.3
2016-11-08,2162561.7
2016-11-09,2163801.0
2016-11-10,2165040.3
2016-11-11,2166279.7
2016-11-12,2167519.0
2016-11-13,2168758.3
2016-11-14,2169997.6
2016-11-15,2171237.0
2016-11-16,2172476.3
2016-11-17,2173715.6
2016-11-18,2174955.0
2016-11-19,2176194.3
2016-11-20,2177433.6
2016-11-21,2178672.9
2016-11-22,2179912.3
2016-11-23,2181151.6
2016-11-24,2182390.9
2016-11-25,2183630.3
2016-11-26,2184869.6
2016-11-27,2186108.9
2016-11-28,2187348.2
2016-11-29,2188587.6
2016-11-30,2189826.9
2016-12-01,2191066.2
2016-12-02,2192804.8
2016-12-03,2194551.9
2016-12-04,2196310.1
2016-12-05,2198081.9
2016-12-06,2199866.4
2016-12-07,2201665.3
2016-12-08,2203476.5
2016-12-09,2205298.5
2016-12-10,2207131.4
2016-12-11,2208975.2
2016-12-12,2210829.3
2016-12-13,2212694.8
2016-12-14,2214571.3
2016-12-15,2216458.1
2016-12-16,2218358.9
2016-12-17,2220267.8
2016-12-18,2222189.7
2016-12-19,2224127.1
2016-12-20,2226080.6
2016-12-21,2228049.4
2016-12-22,2210465.2
2016-12-23,2192880.9
2016-12-24,2175296.7
2016-12-25,2157712.5
2016-12-26,2140128.2
2016-12-27,2122544.0
2016-12-28,2104959.7
2016-12-29,2087375.5
2016-12-30,2069791.3
2016-12-31,2052207.0
2017-01-01,2034622.8
2017-01-02,2017038.5
2017-01-03,1999454.3
2017-01-04,1981870.1
2017-01-05,1964285.8
2017-01-06,1946701.6
2017-01-07,1929117.3
2017-01-08,1911533.1
2017-01-09,1893948.9
2017-01-10,1876364.6
2017-01-11,1851809.5
2017-01-12,1827284.8
2017-01-13,1802796.0
2017-01-14,1778359.7
2017-01-15,1753990.3
2017-01-16,1729685.8
2017-01-17,1705450.0
2017-01-18,1681287.5
2017-01-19,1657193.0
2017-01-20,1633165.9
2017-01-21,1609192.2
2017-01-22,1585267.2
2017-01-23,1561399.1
2017-01-24,1537592.7
2017-01-25,1513847.3
2017-01-26,1490165.7
2017-01-27,1484127.3
2017-01-28,1478557.6
2017-01-29,1473264.0
2017-01-30,1468229.6
2017-01-31,1463498.2
2017-02-01,1448085.5
2017-02-02,1433296.3
2017-02-03,1420605.0
2017-02-04,1407913.6
2017-02-05,1395222.2
2017-02-06,1382530.8
2017-02-07,1369839.4
2017-02-08,1354771.2
2017-02-09,1339705.0
2017-02-10,1324641.1
2017-02-11,1309579.2
2017-02-12,1294519.3
2017-02-13,1279461.9
2017-02-14,1264406.2
2017-02-15,1249353.7
2017-02-16,1234303.7
2017-02-17,1219256.9
2017-02-18,1204211.4
2017-02-19,1189168.3
2017-02-20,1174126.9
2017-02-21,1159088.4
2017-02-22,1144052.1
2017-02-23,1129019.0
2017-02-24,1113992.2
2017-02-25,1098972.1
2017-02-26,1083957.5
2017-02-27,1068949.2
2017-02-28,1053948.2
2017-03-01,1038954.7
2017-03-02,1023970.8
2017-03-03,1008996.2
2017-03-04,994033.2
2017-03-05,979085.4
2017-03-06,964159.7
2017-03-07,949257.9
2017-03-08,934387.3
2017-03-09,919564.7
2017-03-10,904807.3
2017-03-11,890140.9
2017-03-12,875577.7
2017-03-13,861132.7
2017-03-14,846826.4
2017-03-15,832661.9
2017-03-16,818672.3
2017-03-17,804875.7
2017-03-18,791250.4
2017-03-19,777795.5
2017-03-20,764506.6
2017-03-21,751403.7
2017-03-22,750042.8
2017-03-23,748709.0
2017-03-24,747401.2
2017-03-25,746117.1
2017-03-26,744857.6
2017-03-27,743625.0
2017-03-28,742422.6
2017-03-29,741252.6
2017-03-30,740118.1
2017-03-31,739018.5
2017-04-01,737955.2
2017-04-02,736931.0
2017-04-03,735942.9
2017-04-04,734989.3
2017-04-05,733154.7
2017-04-06,731356.7
2017-04-07,729597.1
2017-04-08,727876.1
2017-04-09,726188.5
2017-04-10,724530.5
2017-04-11,722901.6
2017-04-12,721294.1
2017-04-13,719702.7
2017-04-14,718127.6
2017-04-15,716564.4
2017-04-16,715017.0
2017-04-17,713483.5
2017-04-18,711963.5
2017-04-19,710458.5
2017-04-20,708969.3
2017-04-21,707490.0
2017-04-22,706018.4
2017-04-23,704554.0
2017-04-24,703097.1
2017-04-25,701649.9
2017-04-26,700210.1
2017-04-27,698777.9
2017-04-28,697353.9
2017-04-29,695938.0
2017-04-30,694531.3
2017-05-01,693134.6
2017-05-02,691745.8
2017-05-03,690363.8
2017-05-04,688988.7
2017-05-05,687620.3
2017-05-06,686261.0
2017-05-07,684910.3
2017-05-08,683569.5
2017-05-09,682239.2
2017-05-10,686878.1
2017-05-11,691578.1
2017-05-12,696340.3
2017-05-13,701164.2
2017-05-14,706050.5
2017-05-15,711004.6
2017-05-16,716034.2
2017-05-17,721135.5
2017-05-18,726313.1
2017-05-19,731573.7
2017-05-20,736938.0
2017-05-21,742405.0
2017-05-22,747982.0
2017-05-23,753662.1
2017-05-24,759444.6
2017-05-25,765327.4
2017-05-26,771328.0
2017-05-27,777473.2
2017-05-28,783740.7
2017-05-29,790120.1
2017-05-30,796604.0
2017-05-31,803187.1
2017-06-01,809862.8
2017-06-02,816634.2
2017-06-03,823509.1
2017-06-04,830485.0
2017-06-05,837552.4
2017-06-06,844705.6
2017-06-07,851939.2
2017-06-08,873416.3
2017-06-09,896020.9
2017-06-10,919716.3
2017-06-11,944254.6
2017-06-12,969355.3
2017-06-13,994906.6
2017-06-14,1020815.5
2017-06-15,1047012.1
2017-06-16,1073548.5
2017-06-17,1061933.6
2017-06-18,1051058.9
2017-06-19,1040812.4
2017-06-20,1031157.3
2017-06-21,1022224.2
2017-06-22,1014159.3
2017-06-23,1006911.2
2017-06-24,999909.9
2017-06-25,992949.6
2017-06-26,986034.5
2017-06-27,1180847.8
2017-06-28,1171365.8
2017-06-29,1161896.9
2017-06-30,1152439.0
2017-07-01,1142990.0
2017-07-02,1133549.8
2017-07-03,1124123.3
2017-07-04,1114750.1
2017-07-05,1105457.7
2017-07-06,1096246.8
2017-07-07,1087115.2
2017-07-08,1013978.7
2017-07-09,941152.8
2017-07-10,869985.6
2017-07-11,802498.1
2017-07-12,741670.4
2017-07-13,751115.2
2017-07-14,760906.7
2017-07-15,771074.4
2017-07-16,781644.1
2017-07-17,792645.6
2017-07-18,804119.3
2017-07-19,816045.2
2017-07-20,828250.6
2017-07-21,840601.0
2017-07-22,852996.4
2017-07-23,865417.6
2017-07-24,877864.8
2017-07-25,890335.7
2017-07-26,902831.2
2017-07-27,915347.9
2017-07-28,906272.4
2017-07-29,897220.7
2017-07-30,888198.4
2017-07-31,879205.2
2017-08-01,870243.3
2017-08-02,861308.7
2017-08-03,852400.4
2017-08-04,843521.2
2017-08-05,834673.1
2017-08-06,825849.5
2017-08-07,817057.8
2017-08-08,808303.5
2017-08-09,799581.3
2017-08-10,790895.0
2017-08-11,782252.9
2017-08-12,773662.8
2017-08-13,765137.6
2017-08-14,756687.4
2017-08-15,748340.4
2017-08-16,740092.2
2017-08-17,731962.7
2017-08-18,723954.5
2017-08-19,716118.7
2017-08-20,708479.3
2017-08-21,701122.2
2017-08-22,694061.7
2017-08-23,721494.8
2017-08-24,749984.7
2017-08-25,779272.4
2017-08-26,809212.4
2017-08-27,839842.9
2017-08-28,871004.3
2017-08-29,902250.9
2017-08-30,933533.2
2017-08-31,964847.8
2017-09-01,996187.4
2017-09-02,1026810.0
2017-09-03,1041222.8
2017-09-04,1056790.2
2017-09-05,1072479.5
2017-09-06,1088244.9
2017-09-07,1070407.5
2017-09-08,1052587.1
2017-09-09,1034782.7
2017-09-10,1016992.7
2017-09-11,999216.8
2017-09-12,981456.0
2017-09-13,963710.5
2017-09-14,945977.7
2017-09-15,927731.4
2017-09-16,909507.7
2017-09-17,891306.2
2017-09-18,873131.4
2017-09-19,854987.6
2017-09-20,836883.6
2017-09-21,818902.9
2017-09-22,801127.6
2017-09-23,783611.7
2017-09-24,766398.7
2017-09-25,749471.5
2017-09-26,732813.6
2017-09-27,716413.0
2017-09-28,700259.6
2017-09-29,704672.2
2017-09-30,709182.6
2017-10-01,713796.3
2017-10-02,718517.0
2017-10-03,723391.8
2017-10-04,728500.3
2017-10-05,734025.0
2017-10-06,739925.9
2017-10-07,746071.6
2017-10-08,752362.0
2017-10-09,758748.5
2017-10-10,765217.3
2017-10-11,888893.2
2017-10-12,866959.9
2017-10-13,845056.5
2017-10-14,823184.4
2017-10-15,801344.3
2017-10-16,779638.1
2017-10-17,758267.8
2017-10-18,766132.4
2017-10-19,774030.0
2017-10-20,781967.2
2017-10-21,789952.3
2017-10-22,797971.1
2017-10-23,806009.6
2017-10-24,814065.6
2017-10-25,822130.1
2017-10-26,830198.6
2017-10-27,838270.0
2017-10-28,846344.3
2017-10-29,854421.2
2017-10-30,862500.8
2017-10-31,870583.4
2017-11-01,878668.4
2017-11-02,886755.8
2017-11-03,894844.9
2017-11-04,902936.5
2017-11-05,911030.4
2017-11-06,919126.1
2017-11-07,927224.2
2017-11-08,920577.7
2017-11-09,913936.6
2017-11-10,907299.6
2017-11-11,900667.3
2017-11-12,894039.5
2017-11-13,887416.6
2017-11-14,880799.5
2017-11-15,874187.1
2017-11-16,867580.8
2017-11-17,860979.2
2017-11-18,854384.2
2017-11-19,847794.3
2017-11-20,841211.9
2017-11-21,834644.3
2017-11-22,828088.3
2017-11-23,821552.6
2017-11-24,815039.8
2017-11-25,808543.3
2017-11-26,802065.5
2017-11-27,795608.6
2017-11-28,789173.4
2017-11-29,782757.7
2017-11-30,776362.5
2017-12-01,778307.8
2017-12-02,780255.5
2017-12-03,782205.9
2017-12-04,784158.4
2017-12-05,786113.8
2017-12-06,788072.8
2017-12-07,790035.0
2017-12-08,792000.4
2017-12-09,793968.9
2017-12-10,795940.6
2017-12-11,797915.8
2017-12-12,799893.5
2017-12-13,801873.6
2017-12-14,803855.8
2017-12-15,805840.7
2017-12-16,807828.8
2017-12-17,809821.9
2017-12-18,811819.6
2017-12-19,813819.9
2017-12-20,815821.8
2017-12-21,817825.1
2017-12-22,819829.8
2017-12-23,821836.6
2017-12-24,823846.2
2017-12-25,825856.4
2017-12-26,827867.2
2017-12-27,829878.9
2017-12-28,831891.1
2017-12-29,833904.2
2017-12-30,835918.1
2017-12-31,837932.9
2018-01-01,839948.4
2018-01-02,841964.4
2018-01-03,843981.2
2018-01-04,845998.4
2018-01-05,848016.6
2018-01-06,850035.7
2018-01-07,852055.5
2018-01-08,854076.2
2018-01-09,856097.5
2018-01-10,858119.6
2018-01-11,860142.3
2018-01-12,862165.9
2018-01-13,864189.8
2018-01-14,866214.3
2018-01-15,868239.9
2018-01-16,870266.1
2018-01-17,872293.1
2018-01-18,874320.5
2018-01-19,876348.8
2018-01-20,878377.5
2018-01-21,880406.8
2018-01-22,882437.1
2018-01-23,884468.0
2018-01-24,886499.6
2018-01-25,888531.9
2018-01-26,890564.9
2018-01-27,892598.7
2018-01-28,894633.0
2018-01-29,896668.1
2018-01-30,898703.7
2018-01-31,900740.0
2018-02-01,902777.0
2018-02-02,904814.6
2018-02-03,906852.9
2018-02-04,908892.2
2018-02-05,910932.4
2018-02-06,912973.0
2018-02-07,915014.2
2018-02-08,917055.6
2018-02-09,920247.4
2018-02-10,923444.0
2018-02-11,926645.3
2018-02-12,929851.2
2018-02-13,933062.4
2018-02-14,936279.6
2018-02-15,939502.7
2018-02-16,942731.7
2018-02-17,945966.0
2018-02-18,949206.3
2018-02-19,952453.1
2018-02-20,955707.5
2018-02-21,958969.7
2018-02-22,962239.2
2018-02-23,965517.3
2018-02-24,968803.1
2018-02-25,972098.9
2018-02-26,975405.0
2018-02-27,978721.2
2018-02-28,982048.8
2018-03-01,985386.9
2018-03-02,988735.9
2018-03-03,992540.7
2018-03-04,996370.8
2018-03-05,1000225.6
2018-03-06,1004106.2
2018-03-07,1008012.9
2018-03-08,1011941.5
2018-03-09,1015890.6
2018-03-10,1019860.3
2018-03-11,1023849.8
2018-03-12,1027860.5
2018-03-13,1031889.0
2018-03-14,1035936.1
2018-03-15,1040000.3
2018-03-16,1044080.6
2018-03-17,1048177.9
2018-03-18,1052290.1
2018-03-19,1056418.4
2018-03-20,1060562.7
2018-03-21,1064721.3
2018-03-22,1068894.7
2018-03-23,1073082.8
2018-03-24,1071163.4
2018-03-25,1069268.6
2018-03-26,1067399.1
2018-03-27,1065557.2
2018-03-28,1063741.4
2018-03-29,1061953.4
2018-03-30,1060193.2
2018-03-31,1058463.9
2018-04-01,1056765.5
2018-04-02,1055100.0
2018-04-03,1053467.1
2018-04-04,1051869.1
2018-04-05,1050307.0
2018-04-06,1060017.8
2018-04-07,1069738.1
2018-04-08,1079468.2
2018-04-09,1089207.1
2018-04-10,1098955.3
2018-04-11,1108712.7
2018-04-12,1118478.4
2018-04-13,1128253.3
2018-04-14,1138037.9
2018-04-15,1147831.9
2018-04-16,1157634.1
2018-04-17,1167444.9
2018-04-18,1177264.3
2018-04-19,1187091.6
2018-04-20,1196927.6
2018-04-21,1206773.0
2018-04-22,1216627.1
2018-04-23,1226489.2
2018-04-24,1236359.7
2018-04-25,1250291.0
2018-04-26,1264330.2
2018-04-27,1278480.2
2018-04-28,1292740.4
2018-04-29,1285899.1
2018-04-30,1279075.2
2018-05-01,1272267.5
2018-05-02,1265476.6
2018-05-03,1258702.2
2018-05-04,1251943.1
2018-05-05,1245200.5
2018-05-06,1238473.1
2018-05-07,1231760.1
2018-05-08,1225062.5
2018-05-09,1218380.8
2018-05-10,1211715.4
2018-05-11,1205067.6
2018-05-12,1198437.6
2018-05-13,1191826.3
2018-05-14,1185228.6
2018-05-15,1178644.5
2018-05-16,1172074.8
2018-05-17,1165520.5
2018-05-18,1158979.9
2018-05-19,1152451.7
2018-05-20,1145937.5
2018-05-21,1139437.2
2018-05-22,1131270.8
2018-05-23,1123129.8
2018-05-24,1115009.7
2018-05-25,1106906.9
2018-05-26,1098822.8
2018-05-27,1090758.8
2018-05-28,1082713.0
2018-05-29,1074685.7
2018-05-30,1066676.7
2018-05-31,1058687.2
2018-06-01,1050719.7
2018-06-02,1043826.6
2018-06-03,1036993.4
2018-06-04,1030252.2
2018-06-05,1023661.8
2018-06-06,1017203.3
2018-06-07,1010860.1
2018-06-08,1004614.7
2018-06-09,998459.8
2018-06-10,1002549.1
2018-06-11,1006653.1
2018-06-12,1010769.5
2018-06-13,1014897.1
2018-06-14,1019034.9
2018-06-15,1023183.7
2018-06-16,1027342.7
2018-06-17,1031511.4
2018-06-18,1035689.9
2018-06-19,1039877.3
2018-06-20,1044072.5
2018-06-21,1048275.6
2018-06-22,1052487.1
2018-06-23,1056707.8
2018-06-24,1060937.7
2018-06-25,1065177.3
2018-06-26,1069426.4
2018-06-27,1073683.0
2018-06-28,1077950.4
2018-06-29,1082226.2
2018-06-30,1086511.0
2018-07-01,1090805.3
2018-07-02,1095109.0
2018-07-03,1099422.3
2018-07-04,1103746.1
2018-07-05,1108080.0
2018-07-06,1107763.6
2018-07-07,1107459.1
2018-07-08,1107166.7
2018-07-09,1106884.8
2018-07-10,1106615.5
2018-07-11,1106356.2
2018-07-12,1106107.6
2018-07-13,1105872.1
2018-07-14,1105647.0
2018-07-15,1105432.7
2018-07-16,1105229.6
2018-07-17,1105038.8
2018-07-18,1104858.2
2018-07-19,1104690.6
2018-07-20,1104534.7
2018-07-21,1104388.8
2018-07-22,1104252.0
2018-07-23,1104125.6
2018-07-24,1104008.9
2018-07-25,1103901.1
2018-07-26,1103801.5
2018-07-27,1101077.5
2018-07-28,1098358.0
2018-07-29,1095643.2
2018-07-30,1092932.9
2018-07-31,1090225.9
2018-08-01,1087523.7
2018-08-02,1084826.9
2018-08-03,1082134.4
2018-08-04,1079446.9
2018-08-05,1076763.6
2018-08-06,1074085.4
2018-08-07,1071412.0
2018-08-08,1068743.2
2018-08-09,1066079.9
2018-08-10,1063421.4
2018-08-11,1060767.3
2018-08-12,1058118.3
2018-08-13,1055474.0
2018-08-14,1052835.5
2018-08-15,1050201.9
2018-08-16,1047573.9
2018-08-17,1044951.6
2018-08-18,1042335.9
2018-08-19,1039727.2
2018-08-20,1037124.6
2018-08-21,1034528.7
2018-08-22,1031941.3
2018-08-23,1029360.8
2018-08-24,1031035.5
2018-08-25,1032715.4
2018-08-26,1034399.4
2018-08-27,1036085.0
2018-08-28,1037772.2
2018-08-29,1039461.5
2018-08-30,1041152.5
2018-08-31,1042896.1
2018-09-01,1044642.2
2018-09-02,1046390.1
2018-09-03,1048140.5
2018-09-04,1049893.5
2018-09-05,1051648.7
2018-09-06,1053406.2
2018-09-07,1055166.2
2018-09-08,1056928.3
2018-09-09,1058693.1
2018-09-10,1060460.1
2018-09-11,1062229.5
2018-09-12,1064000.8
2018-09-13,1065774.3
2018-09-14,1067550.1
2018-09-15,1069328.6
2018-09-16,1071109.3
2018-09-17,1072892.1
2018-09-18,1074677.0
2018-09-19,1076464.3
2018-09-20,1078253.9
2018-09-21,1080045.8
2018-09-22,1081839.6
2018-09-23,1083635.5
2018-09-24,1085433.7
2018-09-25,1087234.8
2018-09-26,1089038.1
2018-09-27,1090843.6
2018-09-28,1092651.7
2018-09-29,1094461.6
2018-09-30,1096273.2
2018-10-01,1098086.7
2018-10-02,1099903.1
2018-10-03,1099207.1
2018-10-04,1098516.1
2018-10-05,1097830.8
2018-10-06,1097150.1
2018-10-07,1096474.5
2018-10-08,1095804.2
2018-10-09,1095139.3
2018-10-10,1094479.8
2018-10-11,1093826.2
2018-10-12,1093178.0
2018-10-13,1092535.1
2018-10-14,1091897.1
2018-10-15,1091264.2
2018-10-16,1090636.2
2018-10-17,1090012.8
2018-10-18,1089394.0
2018-10-19,1088780.2
2018-10-20,1088171.2
2018-10-21,1087566.3
2018-10-22,1086965.6
2018-10-23,1086369.1
2018-10-24,1085776.3
2018-10-25,1085187.1
2018-10-26,1084601.3
2018-10-27,1084018.4
2018-10-28,1083438.6
2018-10-29,1082861.5
2018-10-30,1082287.7
2018-10-31,1081716.9
2018-11-01,1081149.5
2018-11-02,1080585.1
2018-11-03,1080024.3
2018-11-04,1079467.1
2018-11-05,1078913.1
2018-11-06,1078362.6
2018-11-07,1077815.5
2018-11-08,1077271.7
2018-11-09,1077063.8
2018-11-10,1076858.0
2018-11-11,1076654.8
2018-11-12,1076454.4
2018-11-13,1076256.1
2018-11-14,1076060.7
2018-11-15,1075867.6
2018-11-16,1075678.8
2018-11-17,1075495.5
2018-11-18,1075319.4
2018-11-19,1075150.2
2018-11-20,1074988.0
2018-11-21,1074832.8
2018-11-22,1074684.5
2018-11-23,1074543.1
2018-11-24,1074408.2
2018-11-25,1074280.2
2018-11-26,1074158.3
2018-11-27,1074043.0
2018-11-28,1073933.7
2018-11-29,1078493.0
2018-11-30,1083052.7
2018-12-01,1087612.8
2018-12-02,1092172.9
2018-12-03,1096733.4
2018-12-04,1101739.1
2018-12-05,1106747.4
2018-12-06,1111758.0
2018-12-07,1116771.4
2018-12-08,1121787.8
2018-12-09,1126807.6
2018-12-10,1131830.0
2018-12-11,1136854.4
2018-12-12,1141880.6
2018-12-13,1146908.9
2018-12-14,1151939.5
2018-12-15,1156971.7
2018-12-16,1162006.2
2018-12-17,1167042.9
2018-12-18,1172082.1
2018-12-19,1177123.0
2018-12-20,1182166.4
2018-12-21,1187212.2
2018-12-22,1192259.9
2018-12-23,1197309.6
2018-12-24,1202360.9
2018-12-25,1207413.3
2018-12-26,1212466.8
2018-12-27,1217521.8
2018-12-28,1222578.3
2018-12-29,1227635.7
2018-12-30,1232695.0
2018-12-31,1237755.2
2019-01-01,1242816.7
2019-01-02,1247879.4
2019-01-03,1252943.2
2019-01-04,1258008.0
2019-01-05,1263073.7
2019-01-06,1268140.6
2019-01-07,1297821.8
2019-01-08,1327632.6
2019-01-09,1357575.8
2019-01-10,1387647.6
2019-01-11,1417857.9
2019-01-12,1448196.5
2019-01-13,1478685.4
2019-01-14,1509309.4
2019-01-15,1540095.2
2019-01-16,1571044.4
2019-01-17,1602182.5
2019-01-18,1596883.5
2019-01-19,1591698.0
2019-01-20,1586614.7
2019-01-21,1581620.2
2019-01-22,1576712.4
2019-01-23,1571887.2
2019-01-24,1567139.5
2019-01-25,1562468.1
2019-01-26,1449089.6
2019-01-27,1336807.2
2019-01-28,1383032.9
2019-01-29,1377876.7
2019-01-30,1372722.2
2019-01-31,1367569.1
2019-02-01,1362417.3
2019-02-02,1357266.6
2019-02-03,1352117.4
2019-02-04,1346969.7
2019-02-05,1341823.2
2019-02-06,1336677.8
2019-02-07,1331534.2
2019-02-08,1326392.1
2019-02-09,1321251.0
2019-02-10,1316111.3
2019-02-11,1310973.6
2019-02-12,1305837.6
2019-02-13,1300702.9
2019-02-14,1295569.4
2019-02-15,1290437.5
2019-02-16,1285307.9
2019-02-17,1280179.8
2019-02-18,1275052.8
2019-02-19,1269928.0
2019-02-20,1264804.9
2019-02-21,1259683.1
2019-02-22,1254562.9
2019-02-23,1249444.3
2019-02-24,1244327.4
2019-02-25,1239212.1
2019-02-26,1234098.4
2019-02-27,1228986.3
2019-02-28,1223875.4
2019-03-01,1218766.2
2019-03-02,1213658.5
2019-03-03,1208551.9
2019-03-04,1203446.6
2019-03-05,1198343.1
2019-03-06,1193240.9
2019-03-07,1188140.1
2019-03-08,1161515.1
2019-03-09,1134897.4
2019-03-10,1108287.5
2019-03-11,1081687.2
2019-03-12,1055096.8
2019-03-13,1028514.5
2019-03-14,1001939.2
2019-03-15,975371.8
2019-03-16,948813.3
2019-03-17,922327.3
2019-03-18,896012.7
2019-03-19,869908.6
2019-03-20,844005.4
2019-03-21,818359.2
2019-03-22,792959.7
2019-03-23,767860.2
2019-03-24,743260.2
2019-03-25,744557.4
2019-03-26,745886.3
2019-03-27,747244.1
2019-03-28,748626.6
2019-03-29,750032.8
2019-03-30,751459.9
2019-03-31,752906.0
2019-04-01,754369.3
2019-04-02,755847.9
2019-04-03,757342.0
2019-04-04,758850.2
2019-04-05,760370.8
2019-04-06,761904.5
2019-04-07,763450.6
2019-04-08,765008.8
2019-04-09,766579.3
2019-04-10,768161.7
2019-04-11,769755.4
2019-04-12,771360.3
2019-04-13,772975.2
2019-04-14,774599.4
2019-04-15,776232.5
2019-04-16,777874.2
2019-04-17,779525.1
2019-04-18,781185.7
2019-04-19,782857.0
2019-04-20,784538.0
2019-04-21,786227.0
2019-04-22,787924.7
2019-04-23,789631.7
2019-04-24,791347.8
2019-04-25,793071.6
2019-04-26,794805.0
2019-04-27,796545.1
2019-04-28,798289.6
2019-04-29,800039.8
2019-04-30,801800.4
2019-05-01,803565.9
2019-05-02,805335.4
2019-05-03,807107.1
2019-05-04,808879.3
2019-05-05,810652.0
2019-05-06,812425.1
2019-05-07,814198.7
2019-05-08,815972.9
2019-05-09,817747.4
2019-05-10,819522.4
2019-05-11,821297.8
2019-05-12,823073.8
2019-05-13,824850.4
2019-05-14,826627.6
2019-05-15,828405.1
2019-05-16,830183.2
2019-05-17,831961.8
2019-05-18,833740.7
2019-05-19,835520.1
2019-05-20,837300.0
2019-05-21,839080.6
2019-05-22,840861.6
2019-05-23,842643.4
2019-05-24,844425.7
2019-05-25,842418.2
2019-05-26,840412.5
2019-05-27,838408.7
2019-05-28,836406.7
2019-05-29,834406.6
2019-05-30,832408.3
2019-05-31,830411.8
2019-06-01,828417.4
2019-06-02,826425.0
2019-06-03,824434.6
2019-06-04,822446.2
2019-06-05,820459.6
2019-06-06,818475.3
2019-06-07,816493.1
2019-06-08,814512.6
2019-06-09,812533.9
2019-06-10,810557.8
2019-06-11,808583.7
2019-06-12,806611.8
2019-06-13,804642.6
2019-06-14,802675.6
2019-06-15,800710.9
2019-06-16,798748.9
2019-06-17,796789.0
2019-06-18,794832.2
2019-06-19,792878.2
2019-06-20,790926.4
2019-06-21,788977.1
2019-06-22,787030.2
2019-06-23,785085.5
2019-06-24,783143.8
2019-06-25,781204.5
2019-06-26,779269.6
2019-06-27,777341.5
2019-06-28,778540.9
2019-06-29,779750.9
2019-06-30,780961.2
2019-07-01,782171.4
2019-07-02,783381.8
2019-07-03,784592.1
2019-07-04,785802.5
2019-07-05,787012.9
2019-07-06,788223.3
2019-07-07,789433.9
2019-07-08,790644.5
2019-07-09,791855.1
2019-07-10,794339.3
2019-07-11,796934.2
2019-07-12,799653.0
2019-07-13,802498.6
2019-07-14,805463.4
2019-07-15,808549.1
2019-07-16,811734.0
2019-07-17,815004.2
2019-07-18,823548.6
2019-07-19,832109.8
2019-07-20,840685.7
2019-07-21,849275.2
2019-07-22,857878.5
2019-07-23,866494.7
2019-07-24,875126.3
2019-07-25,883772.9
2019-07-26,892434.4
2019-07-27,901113.5
2019-07-28,909809.0
2019-07-29,918521.1
2019-07-30,927249.4
2019-07-31,912839.2
2019-08-01,895807.5
2019-08-02,878818.6
2019-08-03,861863.0
2019-08-04,844941.0
2019-08-05,828056.8
2019-08-06,811212.6
2019-08-07,814373.3
2019-08-08,817534.8
2019-08-09,820697.2
2019-08-10,823860.8
2019-08-11,827025.2
2019-08-12,830190.2
2019-08-13,833355.8
2019-08-14,836522.2
2019-08-15,839689.3
2019-08-16,842857.2
2019-08-17,846026.0
2019-08-18,849195.8
2019-08-19,852366.4
2019-08-20,855537.8
2019-08-21,858710.0
2019-08-22,861883.0
2019-08-23,865057.0
2019-08-24,868232.0
2019-08-25,871408.0
2019-08-26,874585.3
2019-08-27,877763.9
2019-08-28,880943.4
2019-08-29,884123.9
2019-08-30,887305.2
2019-08-31,890487.4
2019-09-01,893670.5
2019-09-02,896854.6
2019-09-03,900039.8
2019-09-04,903226.1
2019-09-05,897251.6
2019-09-06,891245.1
2019-09-07,885242.4
2019-09-08,879243.3
2019-09-09,873247.8
2019-09-10,867256.2
2019-09-11,861268.6
2019-09-12,855284.5
2019-09-13,849303.6
2019-09-14,843325.5
2019-09-15,837351.3
2019-09-16,831380.8
2019-09-17,825414.0
2019-09-18,819450.7
2019-09-19,813491.1
2019-09-20,807535.9
2019-09-21,801584.8
2019-09-22,795637.3
2019-09-23,789693.8
2019-09-24,783755.6
2019-09-25,777821.9
2019-09-26,771892.7
2019-09-27,765969.2
2019-09-28,760053.1
2019-09-29,754149.5
2019-09-30,748261.9
2019-10-01,742397.8
2019-10-02,745098.7
2019-10-03,747814.8
2019-10-04,750539.9
2019-10-05,753273.4
2019-10-06,756013.2
2019-10-07,758758.1
2019-10-08,761506.5
2019-10-09,764257.4
2019-10-10,767010.6
2019-10-11,769766.1
2019-10-12,772523.8
2019-10-13,775283.9
2019-10-14,778045.8
2019-10-15,780809.5
2019-10-16,783574.6
2019-10-17,786341.4
2019-10-18,789109.7
2019-10-19,791879.6
2019-10-20,794651.0
2019-10-21,797424.2
2019-10-22,800198.9
2019-10-23,802974.7
2019-10-24,805752.0
2019-10-25,808531.0
2019-10-26,811311.4
2019-10-27,814093.3
2019-10-28,816876.3
2019-10-29,819660.8
2019-10-30,822446.8
2019-10-31,825234.1
2019-11-01,828022.7
2019-11-02,830812.7
2019-11-03,833604.2
2019-11-04,836396.8
2019-11-05,839190.9
2019-11-06,841978.5
2019-11-07,844771.6
2019-11-08,847569.8
2019-11-09,850372.9
2019-11-10,853181.1
2019-11-11,855992.8
2019-11-12,858807.6
2019-11-13,861623.9
2019-11-14,864441.6
2019-11-15,867260.7
2019-11-16,870081.2
2019-11-17,872903.2
2019-11-18,875726.5
2019-11-19,878550.9
2019-11-20,881376.5
2019-11-21,884203.2
2019-11-22,887030.8
2019-11-23,889859.6
2019-11-24,892690.9
2019-11-25,895525.5
2019-11-26,898361.2
2019-11-27,901197.9
2019-11-28,904035.3
2019-11-29,906873.8
2019-11-30,909714.8
2019-12-01,912557.8
2019-12-02,915402.3
2019-12-03,918248.7
2019-12-04,921147.3
2019-12-05,924046.7
2019-12-06,926946.8
2019-12-07,929848.0
2019-12-08,932750.0
2019-12-09,935652.6
2019-12-10,938556.1
2019-12-11,941460.5
2019-12-12,944365.6
2019-12-13,947271.5
2019-12-14,950178.4
2019-12-15,953086.1
2019-12-16,955994.8
2019-12-17,958904.2
2019-12-18,961814.4
2019-12-19,964725.3
2019-12-20,967636.9
2019-12-21,970549.1
2019-12-22,973462.1
2019-12-23,976375.8
2019-12-24,979290.1
2019-12-25,982205.0
2019-12-26,985120.7
2019-12-27,988037.5
2019-12-28,990954.9
2019-12-29,993873.0
2019-12-30,996791.8
2019-12-31,999711.1
2020-01-01,995835.9
2020-01-02,991982.1
2020-01-03,988151.9
2020-01-04,984348.9
2020-01-05,980577.7
2020-01-06,976843.3
2020-01-07,973148.5
2020-01-08,977456.7
2020-01-09,981772.1
2020-01-10,986095.8
2020-01-11,990427.0
2020-01-12,994765.2
2020-01-13,999110.2
2020-01-14,1003461.6
2020-01-15,1007821.2
2020-01-16,1012186.3
2020-01-17,1016557.2
2020-01-18,1020934.0
2020-01-19,1025317.6
2020-01-20,1029706.9
2020-01-21,1034101.9
2020-01-22,1038501.8
2020-01-23,1042907.1
2020-01-24,1047318.5
2020-01-25,1051734.9
2020-01-26,1056156.4
2020-01-27,1060583.3
2020-01-28,1065015.1
2020-01-29,1067262.6
2020-01-30,1069512.8
2020-01-31,1071766.0
2020-02-01,1074022.3
2020-02-02,1076281.8
2020-02-03,1078544.4
2020-02-04,1080810.5
2020-02-05,1083079.8
2020-02-06,1085351.8
2020-02-07,1087627.4
2020-02-08,1089906.0
2020-02-09,1092188.6
2020-02-10,1094474.5
2020-02-11,1096764.2
2020-02-12,1099056.8
2020-02-13,1101353.5
2020-02-14,1103653.6
2020-02-15,1105956.8
2020-02-16,1108263.6
2020-02-17,1110573.7
2020-02-18,1112887.3
2020-02-19,1115204.5
2020-02-20,1117525.2
2020-02-21,1119849.3
2020-02-22,1122177.7
2020-02-23,1124509.3
2020-02-24,1126844.2
2020-02-25,1129182.9
2020-02-26,1131526.1
2020-02-27,1099702.5
2020-02-28,1105481.9
2020-02-29,1111281.5
2020-03-01,1117102.3
2020-03-02,1122943.9
2020-03-03,1128804.3
2020-03-04,1134682.0
2020-03-05,1140574.7
2020-03-06,1146480.3
2020-03-07,1152400.4
2020-03-08,1158334.3
2020-03-09,1164283.5
2020-03-10,1170248.2
2020-03-11,1176227.3
2020-03-12,1182223.4
2020-03-13,1188232.8
2020-03-14,1194257.7
2020-03-15,1200302.1
2020-03-16,1206367.9
2020-03-17,1212453.2
2020-03-18,1218561.6
2020-03-19,1209931.1
2020-03-20,1201351.8
2020-03-21,1192815.7
2020-03-22,1184325.3
2020-03-23,1175884.6
2020-03-24,1167485.4
2020-03-25,1159141.3
2020-03-26,1150903.4
2020-03-27,1142732.0
2020-03-28,1134605.1
2020-03-29,1126523.3
2020-03-30,1118482.4
2020-03-31,1110475.9
2020-04-01,1102499.0
2020-04-02,1094553.0
2020-04-03,1095971.6
2020-04-04,1097390.6
2020-04-05,1098810.2
2020-04-06,1100230.2
2020-04-07,1101650.9
2020-04-08,1103071.9
2020-04-09,1104493.4
2020-04-10,1105915.4
2020-04-11,1107337.7
2020-04-12,1108760.5
2020-04-13,1110183.6
2020-04-14,1111607.1
2020-04-15,1113031.1
2020-04-16,1114455.9
2020-04-17,1115881.5
2020-04-18,1117307.6
2020-04-19,1118734.1
2020-04-20,1120161.1
2020-04-21,1121588.7
2020-04-22,1123016.7
2020-04-23,1124445.1
2020-04-24,1125874.2
2020-04-25,1127303.7
2020-04-26,1128733.9
2020-04-27,1130164.9
2020-04-28,1131596.4
2020-04-29,1133028.4
2020-04-30,1134460.9
2020-05-01,1135893.9
2020-05-02,1135668.4
2020-05-03,1135444.0
2020-05-04,1135221.3
2020-05-05,1135000.0
2020-05-06,1134780.1
2020-05-07,1134561.4
2020-05-08,1134344.0
2020-05-09,1134127.8
2020-05-10,1133913.0
2020-05-11,1133699.7
2020-05-12,1133487.6
2020-05-13,1133276.8
2020-05-14,1133067.2
2020-05-15,1132859.0
2020-05-16,1132652.0
2020-05-17,1132446.3
2020-05-18,1132242.0
2020-05-19,1132038.7
2020-05-20,1131836.8
2020-05-21,1131636.0
2020-05-22,1131436.6
2020-05-23,1131238.3
2020-05-24,1131041.3
2020-05-25,1130845.6
2020-05-26,1130651.0
2020-05-27,1130457.3
2020-05-28,1130265.3
2020-05-29,1130074.3
2020-05-30,1129884.3
2020-05-31,1129696.1
2020-06-01,1129508.9
2020-06-02,1129323.0
2020-06-03,1126964.8
2020-06-04,1124609.5
2020-06-05,1122257.1
2020-06-06,1119907.9
2020-06-07,1117562.0
2020-06-08,1115219.5
2020-06-09,1112880.5
2020-06-10,1110545.1
2020-06-11,1108213.7
2020-06-12,1105886.2
2020-06-13,1103562.9
2020-06-14,1101244.1
2020-06-15,1098929.3
2020-06-16,1096619.1
2020-06-17,1094313.4
2020-06-18,1092012.1
2020-06-19,1096460.2
2020-06-20,1100918.5
2020-06-21,1105386.2
2020-06-22,1109860.7
2020-06-23,1114341.9
2020-06-24,1118829.2
2020-06-25,1123321.7
2020-06-26,1127818.8
2020-06-27,1132320.8
2020-06-28,1136827.0
2020-06-29,1141337.2
2020-06-30,1145850.8
2020-07-01,1148144.3
2020-07-02,1150438.6
2020-07-03,1152733.5
2020-07-04,1155029.4
2020-07-05,1157326.1
2020-07-06,1159623.7
2020-07-07,1161922.2
2020-07-08,1164221.5
2020-07-09,1166521.7
2020-07-10,1168822.8
2020-07-11,1171124.8
2020-07-12,1173428.1
2020-07-13,1175732.5
2020-07-14,1178037.9
2020-07-15,1180344.5
2020-07-16,1182652.4
2020-07-17,1184961.5
2020-07-18,1187272.0
2020-07-19,1189584.1
2020-07-20,1191897.3
2020-07-21,1194211.9
2020-07-22,1196509.9
2020-07-23,1198809.6
2020-07-24,1201111.7
2020-07-25,1203416.2
2020-07-26,1205724.1
2020-07-27,1208034.8
2020-07-28,1210348.3
2020-07-29,1212664.1
2020-07-30,1214982.8
2020-07-31,1161700.5
2020-08-01,1108734.0
2020-08-02,1056085.3
2020-08-03,1003709.2
2020-08-04,951608.2
2020-08-05,953397.5
2020-08-06,955192.5
2020-08-07,956993.6
2020-08-08,958800.7
2020-08-09,960613.7
2020-08-10,962431.6
2020-08-11,964252.5
2020-08-12,966076.4
2020-08-13,967903.5
2020-08-14,969733.6
2020-08-15,971566.7
2020-08-16,973403.1
2020-08-17,975242.3
2020-08-18,977084.8
2020-08-19,978930.7
2020-08-20,980779.7
2020-08-21,982631.9
2020-08-22,984487.2
2020-08-23,986347.2
2020-08-24,988212.2
2020-08-25,990083.3
2020-08-26,991958.6
2020-08-27,993837.9
2020-08-28,995722.0
2020-08-29,997610.3
2020-08-30,999502.0
2020-08-31,1001396.8
2020-09-01,1003295.7
2020-09-02,1005198.2
2020-09-03,1007104.2
2020-09-04,1011658.5
2020-09-05,1016218.1
2020-09-06,1020783.1
2020-09-07,1025353.4
2020-09-08,1029929.0
2020-09-09,1034510.3
2020-09-10,1039097.3
2020-09-11,1043690.9
2020-09-12,1048290.5
2020-09-13,1052896.0
2020-09-14,1057506.8
2020-09-15,1062123.2
2020-09-16,1066745.2
2020-09-17,1071372.5
2020-09-18,1076005.0
2020-09-19,1080643.7
2020-09-20,1085286.6
2020-09-21,1089933.0
2020-09-22,1094582.7
2020-09-23,1099236.2
2020-09-24,1103893.6
2020-09-25,1108563.3
2020-09-26,1113236.8
2020-09-27,1117914.2
2020-09-28,1122595.4
2020-09-29,1127280.8
2020-09-30,1131971.8
2020-10-01,1136669.8
2020-10-02,1141374.2
2020-10-03,1146083.0
2020-10-04,1150795.5
2020-10-05,1155512.7
2020-10-06,1160235.9
2020-10-07,1164967.1
2020-10-08,1169704.7
2020-10-09,1174446.4
2020-10-10,1179192.9
2020-10-11,1183946.8
2020-10-12,1188709.1
2020-10-13,1193475.9
2020-10-14,1198251.3
2020-10-15,1203036.8
2020-10-16,1207830.1
2020-10-17,1212629.2
2020-10-18,1217433.0
2020-10-19,1222240.8
2020-10-20,1227052.7
2020-10-21,1231868.0
2020-10-22,1236687.0
2020-10-23,1241509.1
2020-10-24,1246334.6
2020-10-25,1251163.2
2020-10-26,1255994.4
2020-10-27,1260828.3
2020-10-28,1265665.4
2020-10-29,1270505.3
2020-10-30,1275347.6
2020-10-31,1280192.3
2020-11-01,1285038.9
2020-11-02,1289887.6
2020-11-03,1294739.1
2020-11-04,1283204.8
2020-11-05,1271683.9
2020-11-06,1260178.1
2020-11-07,1248687.4
2020-11-08,1237215.7
2020-11-09,1225763.2
2020-11-10,1214330.6
2020-11-11,1202920.5
2020-11-12,1191532.2
2020-11-13,1180162.6
2020-11-14,1168815.5
2020-11-15,1157492.4
2020-11-16,1146191.7
2020-11-17,1134914.3
2020-11-18,1123661.0
2020-11-19,1112435.3
2020-11-20,1101232.2
2020-11-21,1090050.5
2020-11-22,1078895.4
2020-11-23,1067767.3
2020-11-24,1056667.3
2020-11-25,1060943.5
2020-11-26,1065220.3
2020-11-27,1069497.8
2020-11-28,1073776.1
2020-11-29,1078054.9
2020-11-30,1082334.1
2020-12-01,1086613.8
2020-12-02,1090893.9
2020-12-03,1095174.2
2020-12-04,1099454.9
2020-12-05,1103736.1
2020-12-06,1108017.7
2020-12-07,1112299.5
2020-12-08,1116581.6
2020-12-09,1120864.0
2020-12-10,1125146.6
2020-12-11,1129429.3
2020-12-12,1133712.4
2020-12-13,1137996.1
2020-12-14,1142280.1
2020-12-15,1146564.5
2020-12-16,1150849.2
2020-12-17,1155134.2
2020-12-18,1159419.6
2020-12-19,1163705.4
2020-12-20,1167991.6
2020-12-21,1172278.1
2020-12-22,1176565.1
2020-12-23,1180852.9
2020-12-24,1185141.3
2020-12-25,1189430.3
2020-12-26,1193719.7
2020-12-27,1198009.9
2020-12-28,1202300.5
2020-12-29,1206591.7
2020-12-30,1210883.4
2020-12-31,1215175.7
2021-01-01,1219468.6
2021-01-02,1223762.2
2021-01-03,1228056.5
2021-01-04,1232351.7
2021-01-05,1236647.6
2021-01-06,1243515.4
2021-01-07,1250388.5
2021-01-08,1257266.4
2021-01-09,1264149.0
2021-01-10,1271036.1
2021-01-11,1277926.7
2021-01-12,1284820.6
2021-01-13,1291717.7
2021-01-14,1298618.2
2021-01-15,1292155.3
2021-01-16,1285694.8
2021-01-17,1279237.6
2021-01-18,1272783.0
2021-01-19,1266331.1
2021-01-20,1259882.3
2021-01-21,1253436.6
2021-01-22,1246994.7
2021-01-23,1240558.8
2021-01-24,1234126.3
2021-01-25,1227697.5
2021-01-26,1221272.1
2021-01-27,1214850.2
2021-01-28,1208432.0
2021-01-29,1208385.9
2021-01-30,1208340.5
2021-01-31,1208295.6
2021-02-01,1208251.3
2021-02-02,1208207.6
2021-02-03,1208164.4
2021-02-04,1208122.0
2021-02-05,1208080.1
2021-02-06,1208039.0
2021-02-07,1207998.4
2021-02-08,1207958.4
2021-02-09,1207918.8
2021-02-10,1207879.8
2021-02-11,1207841.0
2021-02-12,1207803.0
2021-02-13,1207765.8
2021-02-14,1207729.4
2021-02-15,1207693.5
2021-02-16,1207658.1
2021-02-17,1207623.3
2021-02-18,1207589.2
2021-02-19,1207555.7
2021-02-20,1207522.9
2021-02-21,1207491.1
2021-02-22,1207460.0
2021-02-23,1207430.0
2021-02-24,1207400.7
2021-02-25,1207372.2
2021-02-26,1207344.3
2021-02-27,1207317.3
2021-02-28,1207290.7
2021-03-01,1207264.9
2021-03-02,1207239.8
2021-03-03,1207215.2
2021-03-04,1207191.2
2021-03-05,1207373.0
2021-03-06,1207557.5
2021-03-07,1207744.5
2021-03-08,1207933.5
2021-03-09,1208125.0
2021-03-10,1208319.8
2021-03-11,1208517.2
2021-03-12,1208716.6
2021-03-13,1208918.4
2021-03-14,1209122.3
2021-03-15,1209329.0
2021-03-16,1209538.1
2021-03-17,1209750.0
2021-03-18,1209963.9
2021-03-19,1210179.9
2021-03-20,1210398.3
2021-03-21,1210618.9
2021-03-22,1210842.7
2021-03-23,1211068.6
2021-03-24,1211297.3
2021-03-25,1211529.0
2021-03-26,1211763.1
2021-03-27,1211999.8
2021-03-28,1212239.4
2021-03-29,1212482.1
2021-03-30,1212727.0
2021-03-31,1172144.4
2021-04-01,1131834.3
2021-04-02,1091812.8
2021-04-03,1052110.8
2021-04-04,1012738.4
2021-04-05,973566.2
2021-04-06,934515.3
2021-04-07,848920.0
2021-04-08,763517.0
2021-04-09,678292.2
2021-04-10,593276.7
2021-04-11,509909.9
2021-04-12,431122.8
2021-04-13,720724.6
2021-04-14,705850.2
2021-04-15,691052.5
2021-04-16,676329.5
2021-04-17,661658.0
2021-04-18,647041.6
2021-04-19,632499.6
2021-04-20,618088.4
2021-04-21,603853.0
2021-04-22,632877.9
2021-04-23,662162.9
2021-04-24,691606.0
2021-04-25,721144.2
2021-04-26,750754.0
2021-04-27,780434.1
2021-04-28,768440.9
2021-04-29,756456.1
2021-04-30,744478.8
2021-05-01,732509.8
2021-05-02,720550.2
2021-05-03,708599.6
2021-05-04,696658.5
2021-05-05,684727.5
2021-05-06,672807.4
2021-05-07,660898.4
2021-05-08,649002.5
2021-05-09,637121.9
2021-05-10,625263.3
2021-05-11,613430.4
2021-05-12,601623.0
2021-05-13,589840.6
2021-05-14,578087.1
2021-05-15,566371.5
2021-05-16,554705.2
2021-05-17,543103.0
2021-05-18,531579.0
2021-05-19,520147.1
2021-05-20,508831.1
2021-05-21,497637.0
2021-05-22,486579.0
2021-05-23,475664.6
2021-05-24,464919.5
2021-05-25,454357.9
2021-05-26,457004.3
2021-05-27,459846.2
2021-05-28,462871.0
2021-05-29,466035.9
2021-05-30,469336.4
2021-05-31,472735.8
2021-06-01,476211.5
2021-06-02,479754.5
2021-06-03,483357.9
2021-06-04,487010.0
2021-06-05,490701.5
2021-06-06,494426.7
2021-06-07,498188.5
2021-06-08,501991.6
2021-06-09,505841.5
2021-06-10,509742.9
2021-06-11,510943.0
2021-06-12,512190.8
2021-06-13,513488.9
2021-06-14,514855.1
2021-06-15,516267.7
2021-06-16,517714.3
2021-06-17,519180.4
2021-06-18,520654.4
2021-06-19,522131.8
2021-06-20,523612.3
2021-06-21,525095.6
2021-06-22,526581.2
2021-06-23,528069.3
2021-06-24,529559.9
2021-06-25,531053.4
2021-06-26,532548.9
2021-06-27,534046.5
2021-06-28,535547.0
2021-06-29,537052.0
2021-06-30,538564.1
2021-07-01,540084.1
2021-07-02,543249.4
2021-07-03,546426.3
2021-07-04,549610.1
2021-07-05,552798.9
2021-07-06,555990.1
2021-07-07,559183.5
2021-07-08,562379.4
2021-07-09,565576.9
2021-07-10,568776.6
2021-07-11,571978.3
2021-07-12,575181.5
2021-07-13,578386.6
2021-07-14,581593.4
2021-07-15,584801.9
2021-07-16,588012.4
2021-07-17,591224.7
2021-07-18,594439.2
2021-07-19,597655.3
2021-07-20,600873.7
2021-07-21,604094.5
2021-07-22,607318.2
2021-07-23,610543.6
2021-07-24,613770.4
2021-07-25,616998.6
2021-07-26,620228.3
2021-07-27,623459.9
2021-07-28,596224.7
2021-07-29,569092.8
2021-07-30,542043.4
2021-07-31,515081.5
2021-08-01,488241.2
2021-08-02,461530.7
2021-08-03,434982.0
2021-08-04,408645.1
2021-08-05,382552.3
2021-08-06,356924.4
2021-08-07,332293.7
2021-08-08,308911.6
2021-08-09,287186.8
2021-08-10,267349.5
2021-08-11,249393.7
2021-08-12,232996.4
2021-08-13,245323.9
2021-08-14,259102.1
2021-08-15,274348.1
2021-08-16,290938.9
2021-08-17,308717.3
2021-08-18,327379.1
2021-08-19,346700.7
2021-08-20,343266.5
2021-08-21,339874.8
2021-08-22,336528.6
2021-08-23,333229.9
2021-08-24,329977.4
2021-08-25,326774.6
2021-08-26,323627.4
2021-08-27,320538.9
2021-08-28,317512.6
2021-08-29,314551.7
2021-08-30,311659.1
2021-08-31,308834.9
2021-09-01,306080.6
2021-09-02,303398.7
2021-09-03,300798.3
2021-09-04,298291.7
2021-09-05,295883.6
2021-09-06,293563.9
2021-09-07,291343.5
2021-09-08,289251.3
2021-09-09,287276.5
2021-09-10,285417.4
2021-09-11,279790.1
2021-09-12,274270.2
2021-09-13,268914.5
2021-09-14,263781.3
2021-09-15,258837.2
2021-09-16,254106.7
2021-09-17,249575.8
2021-09-18,245223.3
2021-09-19,241022.2
2021-09-20,236972.3
2021-09-21,233092.7
2021-09-22,229363.8
2021-09-23,225767.4
2021-09-24,222287.0
2021-09-25,218936.9
2021-09-26,215736.5
2021-09-27,212674.9
2021-09-28,209746.0
2021-09-29,211495.1
2021-09-30,213281.7
2021-10-01,215107.2
2021-10-02,216979.7
2021-10-03,218904.9
2021-10-04,220880.7
2021-10-05,222912.6
2021-10-06,224990.1
2021-10-07,227112.2
2021-10-08,229279.6
2021-10-09,231490.2
2021-10-10,233746.4
2021-10-11,236045.7
2021-10-12,238395.7
2021-10-13,240802.4
2021-10-14,243264.7
2021-10-15,245780.0
2021-10-16,248355.0
2021-10-17,250981.5
2021-10-18,253656.3
2021-10-19,256383.8
2021-10-20,259164.3
2021-10-21,261992.9
2021-10-22,264865.5
2021-10-23,267781.3
2021-10-24,270733.5
2021-10-25,273717.7
2021-10-26,276729.1
2021-10-27,280199.2
2021-10-28,283743.8
2021-10-29,287366.8
2021-10-30,291062.0
2021-10-31,294819.5
2021-11-01,298640.3
2021-11-02,302531.9
2021-11-03,306494.5
2021-11-04,310534.6
2021-11-05,314655.9
2021-11-06,318866.6
2021-11-07,323170.5
2021-11-08,327565.6
2021-11-09,332055.2
2021-11-10,336646.3
2021-11-11,341347.0
2021-11-12,346153.1
2021-11-13,351042.5
2021-11-14,356004.6
2021-11-15,361026.0
2021-11-16,366092.5
2021-11-17,371194.5
2021-11-18,376324.0
2021-11-19,381476.7
2021-11-20,386645.5
2021-11-21,391825.2
2021-11-22,397012.6
2021-11-23,402205.7
2021-11-24,407401.5
2021-11-25,412598.7
2021-11-26,417796.7
2021-11-27,422995.0
2021-11-28,428193.8
2021-11-29,433392.9
2021-11-30,438592.5
2021-12-01,443792.4
2021-12-02,448992.7
2021-12-03,454193.4
2021-12-04,459394.5
2021-12-05,464596.1
2021-12-06,469797.8
2021-12-07,475000.2
2021-12-08,480202.9
2021-12-09,485406.0
2021-12-10,490609.5
2021-12-11,495813.3
2021-12-12,501017.5
2021-12-13,506222.1
2021-12-14,511427.0
2021-12-15,516632.3
2021-12-16,521837.9
2021-12-17,527043.9
2021-12-18,532250.3
2021-12-19,537457.1
2021-12-20,542664.2
2021-12-21,547871.7
2021-12-22,553079.7
2021-12-23,558287.9
2021-12-24,563496.5
2021-12-25,568705.4
2021-12-26,573914.8
2021-12-27,579124.4
2021-12-28,584334.3
2021-12-29,589544.8
2021-12-30,594755.8
2021-12-31,599967.0
2022-01-01,605178.4
2022-01-02,610390.3
2022-01-03,615602.4
2022-01-04,620814.8
2022-01-05,611763.7
2022-01-06,602724.2
2022-01-07,593695.9
2022-01-08,584676.4
2022-01-09,575667.5
2022-01-10,566668.5
2022-01-11,557679.4
2022-01-12,548700.4
2022-01-13,539731.2
2022-01-14,530772.3
2022-01-15,521823.9
2022-01-16,512886.3
2022-01-17,503959.6
2022-01-18,495046.3
2022-01-19,486148.1
2022-01-20,477265.4
2022-01-21,468402.5
2022-01-22,459560.0
2022-01-23,450738.0
2022-01-24,441935.4
2022-01-25,433148.7
2022-01-26,424378.8
2022-01-27,415626.0
2022-01-28,406889.7
2022-01-29,398171.2
2022-01-30,389475.6
2022-01-31,380803.8
2022-02-01,372157.3
2022-02-02,363536.3
2022-02-03,354941.1
2022-02-04,346375.2
2022-02-05,337848.3
2022-02-06,329379.3
2022-02-07,321020.3
2022-02-08,312796.2
2022-02-09,304712.2
2022-02-10,296809.0
2022-02-11,323429.5
2022-02-12,350928.0
2022-02-13,378949.9
2022-02-14,407205.4
2022-02-15,435634.7
2022-02-16,464188.8
2022-02-17,492853.9
2022-02-18,521623.8
2022-02-19,550489.4
2022-02-20,579444.5
2022-02-21,608482.2
2022-02-22,637599.2
2022-02-23,666790.2
2022-02-24,696053.2
2022-02-25,725387.1
2022-02-26,754793.0
2022-02-27,784270.6
2022-02-28,813818.6
2022-03-01,843433.5
2022-03-02,873114.4
2022-03-03,860775.8
2022-03-04,848443.3
2022-03-05,836117.2
2022-03-06,823797.3
2022-03-07,811484.2
2022-03-08,799178.3
2022-03-09,786879.8
2022-03-10,774588.6
2022-03-11,762304.6
2022-03-12,750029.1
2022-03-13,737762.5
2022-03-14,725504.4
2022-03-15,713255.1
2022-03-16,701015.9
2022-03-17,688786.4
2022-03-18,676568.9
2022-03-19,664378.7
2022-03-20,652251.0
2022-03-21,640219.5
2022-03-22,628330.5
2022-03-23,616675.0
2022-03-24,605321.0
2022-03-25,594313.2
2022-03-26,583706.7
2022-03-27,573509.8
2022-03-28,563718.8
2022-03-29,554326.5
2022-03-30,548937.5
2022-03-31,543565.4
2022-04-01,538210.9
2022-04-02,532879.5
2022-04-03,527572.0
2022-04-04,522278.2
2022-04-05,516995.0
2022-04-06,511725.6
2022-04-07,506469.5
2022-04-08,501227.9
2022-04-09,495999.6
2022-04-10,490782.0
2022-04-11,485576.6
2022-04-12,480387.9
2022-04-13,475212.5
2022-04-14,470050.2
2022-04-15,464903.7
2022-04-16,459776.7
2022-04-17,454668.2
2022-04-18,449576.4
2022-04-19,444504.0
2022-04-20,439454.5
2022-04-21,434422.8
2022-04-22,429407.9
2022-04-23,424410.3
2022-04-24,419434.9
2022-04-25,414481.8
2022-04-26,409547.0
2022-04-27,404628.6
2022-04-28,399725.2
2022-04-29,394837.2
2022-04-30,389972.7
2022-05-01,385128.3
2022-05-02,380310.4
2022-05-03,375528.0
2022-05-04,370787.1
2022-05-05,373164.2
2022-05-06,375676.4
2022-05-07,378301.0
2022-05-08,381047.9
2022-05-09,383947.3
2022-05-10,386967.0
2022-05-11,390096.7
2022-05-12,393329.2
2022-05-13,396693.6
2022-05-14,400182.9
2022-05-15,403794.1
2022-05-16,407522.8
2022-05-17,411339.9
2022-05-18,415244.3
2022-05-19,407110.1
2022-05-20,399058.1
2022-05-21,391085.8
2022-05-22,383191.9
2022-05-23,375376.7
2022-05-24,367644.6
2022-05-25,359978.7
2022-05-26,352365.5
2022-05-27,344808.7
2022-05-28,337315.3
2022-05-29,329903.2
2022-05-30,322594.7
2022-05-31,315403.0
2022-06-01,308315.9
2022-06-02,301334.8
2022-06-03,294462.5
2022-06-04,287721.7
2022-06-05,281181.0
2022-06-06,274908.9
2022-06-07,268945.0
2022-06-08,273767.0
2022-06-09,279177.4
2022-06-10,284952.6
2022-06-11,290974.2
2022-06-12,297247.5
2022-06-13,303793.5
2022-06-14,310614.0
2022-06-15,317634.8
2022-06-16,324860.7
2022-06-17,327042.9
2022-06-18,329266.3
2022-06-19,331528.1
2022-06-20,333836.8
2022-06-21,336181.9
2022-06-22,338553.0
2022-06-23,340950.0
2022-06-24,343374.2
2022-06-25,345825.6
2022-06-26,348319.5
2022-06-27,350854.8
2022-06-28,353424.2
2022-06-29,356023.8
2022-06-30,358650.9
2022-07-01,361305.6
2022-07-02,363987.3
2022-07-03,366704.3
2022-07-04,369455.6
2022-07-05,372237.3
2022-07-06,375048.8
2022-07-07,377894.1
2022-07-08,380770.0
2022-07-09,383673.5
2022-07-10,386604.2
2022-07-11,389561.3
2022-07-12,392548.9
2022-07-13,395567.0
2022-07-14,398611.1
2022-07-15,401677.6
2022-07-16,404770.3
2022-07-17,407889.6
2022-07-18,411032.1
2022-07-19,414198.4
2022-07-20,417388.2
2022-07-21,420601.8
2022-07-22,423838.8
2022-07-23,427100.8
2022-07-24,430383.8
2022-07-25,433686.7
2022-07-26,437007.2
2022-07-27,440343.2
2022-07-28,443696.3
2022-07-29,442623.0
2022-07-30,441576.9
2022-07-31,440559.9
2022-08-01,439574.5
2022-08-02,438630.8
2022-08-03,437725.9
2022-08-04,436856.9
2022-08-05,436023.6
2022-08-06,435219.6
2022-08-07,434445.1
2022-08-08,433701.2
2022-08-09,432982.2
2022-08-10,432286.0
2022-08-11,431609.9
2022-08-12,430954.3
2022-08-13,430324.1
2022-08-14,429716.7
2022-08-15,429128.3
2022-08-16,428566.6
2022-08-17,428037.4
2022-08-18,427532.8
2022-08-19,427049.9
2022-08-20,426587.1
2022-08-21,426139.2
2022-08-22,425704.9
2022-08-23,425283.1
2022-08-24,422493.7
2022-08-25,419906.1
2022-08-26,417477.7
2022-08-27,415184.7
2022-08-28,413024.8
2022-08-29,410988.3
2022-08-30,409067.4
2022-08-31,407297.1
2022-09-01,405707.9
2022-09-02,403792.2
2022-09-03,401887.9
2022-09-04,399994.6
2022-09-05,398110.8
2022-09-06,396238.2
2022-09-07,394379.0
2022-09-08,392532.7
2022-09-09,390701.0
2022-09-10,388883.1
2022-09-11,387077.8
2022-09-12,385287.9
2022-09-13,383510.9
2022-09-14,381746.1
2022-09-15,379994.9
2022-09-16,378258.4
2022-09-17,376541.1
2022-09-18,374840.3
2022-09-19,373154.5
2022-09-20,371483.2
2022-09-21,369828.2
2022-09-22,368195.1
2022-09-23,366586.7
2022-09-24,364996.5
2022-09-25,363423.5
2022-09-26,361868.1
2022-09-27,360333.8
2022-09-28,358819.3
2022-09-29,357323.0
2022-09-30,355844.6
2022-10-01,354384.0
2022-10-02,352940.1
2022-10-03,351512.6
2022-10-04,350102.4
2022-10-05,352902.4
2022-10-06,355724.3
2022-10-07,358567.4
2022-10-08,361434.4
2022-10-09,364327.5
2022-10-10,367240.6
2022-10-11,370174.3
2022-10-12,373131.4
2022-10-13,376129.4
2022-10-14,379183.3
2022-10-15,382285.5
2022-10-16,385433.0
2022-10-17,388618.7
2022-10-18,391841.1
2022-10-19,395092.8
2022-10-20,398370.4
2022-10-21,401669.2
2022-10-22,404985.4
2022-10-23,408322.5
2022-10-24,411678.5
2022-10-25,415047.2
2022-10-26,418429.6
2022-10-27,421824.4
2022-10-28,425235.6
2022-10-29,428663.4
2022-10-30,432102.0
2022-10-31,435548.6
2022-11-01,439002.5
2022-11-02,430662.1
2022-11-03,422371.5
2022-11-04,414133.6
2022-11-05,405953.9
2022-11-06,397832.5
2022-11-07,389763.0
2022-11-08,381746.6
2022-11-09,373784.8
2022-11-10,365977.1
2022-11-11,358225.9
2022-11-12,350540.5
2022-11-13,342913.5
2022-11-14,335345.4
2022-11-15,327845.0
2022-11-16,320417.7
2022-11-17,313061.0
2022-11-18,305775.0
2022-11-19,298566.2
2022-11-20,291434.3
2022-11-21,284382.0
2022-11-22,277417.9
2022-11-23,270551.1
2022-11-24,263788.0
2022-11-25,257126.6
2022-11-26,250572.1
2022-11-27,244151.3
2022-11-28,237884.0
2022-11-29,231784.1
2022-11-30,225875.6
2022-12-01,220183.1
2022-12-02,214705.6
2022-12-03,209432.5
2022-12-04,204356.7
2022-12-05,199469.8
2022-12-06,194771.4
2022-12-07,190239.6
2022-12-08,185863.5
2022-12-09,181638.6
2022-12-10,177551.7
2022-12-11,173596.7
2022-12-12,169773.8
2022-12-13,166075.0
2022-12-14,168302.1
2022-12-15,170611.1
2022-12-16,173007.3
2022-12-17,175508.3
2022-12-18,178111.1
2022-12-19,180825.5
2022-12-20,183681.0
2022-12-21,186665.9
2022-12-22,189771.2
2022-12-23,193000.3
2022-12-24,196336.7
2022-12-25,199770.8
2022-12-26,203309.4
2022-12-27,206942.0
2022-12-28,210663.6
2022-12-29,214474.0
2022-12-30,218370.6
2022-12-31,222352.2
2023-01-01,226430.2
2023-01-02,230611.2
2023-01-03,234899.8
2023-01-04,239304.1
2023-01-05,243829.0
2023-01-06,244681.7
2023-01-07,245549.2
2023-01-08,246433.2
2023-01-09,247335.3
2023-01-10,248255.2
2023-01-11,249193.3
2023-01-12,250150.5
2023-01-13,251126.1
2023-01-14,252121.1
2023-01-15,253135.8
2023-01-16,254171.3
2023-01-17,255230.9
2023-01-18,256315.4
2023-01-19,257419.7
2023-01-20,258542.8
2023-01-21,259685.7
2023-01-22,260846.4
2023-01-23,262024.5
2023-01-24,263220.2
2023-01-25,264433.5
2023-01-26,265664.4
2023-01-27,266914.4
2023-01-28,268182.0
2023-01-29,269465.3
2023-01-30,270764.9
2023-01-31,272081.6
2023-02-01,273416.0
2023-02-02,274766.8
2023-02-03,276133.2
2023-02-04,277515.2
2023-02-05,278913.9
2023-02-06,280329.8
2023-02-07,281764.4
2023-02-08,283214.2
2023-02-09,284678.4
2023-02-10,286155.6
2023-02-11,287644.6
2023-02-12,289145.0
2023-02-13,290655.5
2023-02-14,292176.6
2023-02-15,293707.9
2023-02-16,295249.1
2023-02-17,296800.5
2023-02-18,298360.6
2023-02-19,299929.6
2023-02-20,301514.7
2023-02-21,303110.6
2023-02-22,304714.8
2023-02-23,306327.4
2023-02-24,307948.8
2023-02-25,309578.0
2023-02-26,311215.3
2023-02-27,312860.7
2023-02-28,314514.5
2023-03-01,316175.9
2023-03-02,317843.8
2023-03-03,319517.5
2023-03-04,321196.4
2023-03-05,322879.4
2023-03-06,324566.4
2023-03-07,326260.1
2023-03-08,327958.7
2023-03-09,329661.2
2023-03-10,331368.1
2023-03-11,333079.2
2023-03-12,334794.4
2023-03-13,336514.2
2023-03-14,338237.9
2023-03-15,339965.1
2023-03-16,341696.5
2023-03-17,343431.5
2023-03-18,345169.4
2023-03-19,346909.7
2023-03-20,348653.3
2023-03-21,350400.3
2023-03-22,352150.6
2023-03-23,353906.3
2023-03-24,355665.4
2023-03-25,357427.2
2023-03-26,359192.4
2023-03-27,360961.5
2023-03-28,362734.9
2023-03-29,364511.5
2023-03-30,366291.2
2023-03-31,385923.2
2023-04-01,405949.1
2023-04-02,426335.5
2023-04-03,447109.1
2023-04-04,468244.7
2023-04-05,489716.5
2023-04-06,511453.4
2023-04-07,533343.5
2023-04-08,555356.9
2023-04-09,577452.0
2023-04-10,599621.0
2023-04-11,621856.8
2023-04-12,644153.6
2023-04-13,666512.7
2023-04-14,688933.3
2023-04-15,711407.4
2023-04-16,733930.4
2023-04-17,756498.5
2023-04-18,779106.4
2023-04-19,575146.0
2023-04-20,575119.1
2023-04-21,575137.6
2023-04-22,575212.3
2023-04-23,575341.7
2023-04-24,575518.0
2023-04-25,575732.8
2023-04-26,575991.5
2023-04-27,576298.1
2023-04-28,576665.1
2023-04-29,577085.3
2023-04-30,577557.4
2023-05-01,578083.6
2023-05-02,578660.2
2023-05-03,512845.1
2023-05-04,514892.4
2023-05-05,516950.1
2023-05-06,519017.4
2023-05-07,521092.8
2023-05-08,523176.8
2023-05-09,525266.1
2023-05-10,527360.0
2023-05-11,529458.4
2023-05-12,531560.6
2023-05-13,533666.7
2023-05-14,535775.9
2023-05-15,537888.4
2023-05-16,540004.3
2023-05-17,542123.0
2023-05-18,544244.2
2023-05-19,546368.2
2023-05-20,548494.6
2023-05-21,550624.6
2023-05-22,552757.7
2023-05-23,554893.7
2023-05-24,557032.4
2023-05-25,559174.7
2023-05-26,561319.8
2023-05-27,563467.7
2023-05-28,565617.8
2023-05-29,567770.6
2023-05-30,569925.8
2023-05-31,572083.5
2023-06-01,574244.0
2023-06-02,576407.1
2023-06-03,578572.9
2023-06-04,580741.5
2023-06-05,582912.7
2023-06-06,585086.2
2023-06-07,587262.2
2023-06-08,589440.5
2023-06-09,588462.9
2023-06-10,587492.1
2023-06-11,586527.0
2023-06-12,585568.7
2023-06-13,584616.2
2023-06-14,583669.3
2023-06-15,582726.1
2023-06-16,581787.5
2023-06-17,580853.8
2023-06-18,579925.8
2023-06-19,579005.4
2023-06-20,578093.3
2023-06-21,577190.2
2023-06-22,576297.8
2023-06-23,575416.1
2023-06-24,574545.9
2023-06-25,573690.0
2023-06-26,572846.2
2023-06-27,572014.0
2023-06-28,571195.3
2023-06-29,570389.5
2023-06-30,569595.2
2023-07-01,568814.5
2023-07-02,568046.6
2023-07-03,567291.1
2023-07-04,566550.4
2023-07-05,565827.2
2023-07-06,565450.2
2023-07-07,565127.8
2023-07-08,564853.2
2023-07-09,564617.1
2023-07-10,564418.1
2023-07-11,564252.5
2023-07-12,564111.9
2023-07-13,563986.5
2023-07-14,563873.8
2023-07-15,563774.0
2023-07-16,563688.2
2023-07-17,563616.5
2023-07-18,563558.6
2023-07-19,563512.8
2023-07-20,560563.4
2023-07-21,557617.4
2023-07-22,554674.4
2023-07-23,551734.2
2023-07-24,548797.0
2023-07-25,545862.8
2023-07-26,542932.7
2023-07-27,540005.9
2023-07-28,537081.7
2023-07-29,534160.3
2023-07-30,531242.3
2023-07-31,528331.1
2023-08-01,525422.9
2023-08-02,522519.4
2023-08-03,519622.2
2023-08-04,516732.0
2023-08-05,513854.1
2023-08-06,510996.1
2023-08-07,508154.7
2023-08-08,505328.3
2023-08-09,502516.1
2023-08-10,499715.4
2023-08-11,496925.3
2023-08-12,494147.1
2023-08-13,491388.7
2023-08-14,488650.8
2023-08-15,485933.2
2023-08-16,491127.8
2023-08-17,496548.3
2023-08-18,502132.6
2023-08-19,507817.8
2023-08-20,513518.5
2023-08-21,519223.3
2023-08-22,524932.5
2023-08-23,530646.2
2023-08-24,536365.0
2023-08-25,542088.7
2023-08-26,547817.8
2023-08-27,553552.8
2023-08-28,559294.9
2023-08-29,565044.9
2023-08-30,570804.0
2023-08-31,576573.1
2023-09-01,570003.6
2023-09-02,563480.6
2023-09-03,557001.9
2023-09-04,550591.0
2023-09-05,544252.1
2023-09-06,537976.7
2023-09-07,531766.9
2023-09-08,525631.7
2023-09-09,519644.9
2023-09-10,513913.0
2023-09-11,508601.6
2023-09-12,503886.6
2023-09-13,499583.6
2023-09-14,495285.7
2023-09-15,490993.9
2023-09-16,486709.1
2023-09-17,482431.3
2023-09-18,478160.5
2023-09-19,473897.4
2023-09-20,469641.2
2023-09-21,465392.1
2023-09-22,461152.0
2023-09-23,456920.2
2023-09-24,452696.2
2023-09-25,448478.9
2023-09-26,444271.1
2023-09-27,440071.5
2023-09-28,435879.6
2023-09-29,431696.5
2023-09-30,427522.3
2023-10-01,423357.8
2023-10-02,419201.4
2023-10-03,415053.9
2023-10-04,410915.1
2023-10-05,406785.0
2023-10-06,402663.6
2023-10-07,398552.6
2023-10-08,394452.0
2023-10-09,390361.5
2023-10-10,386280.9
2023-10-11,382210.3
2023-10-12,378151.5
2023-10-13,374105.0
2023-10-14,370069.6
2023-10-15,366045.3
2023-10-16,362032.7
2023-10-17,358033.9
2023-10-18,354052.3
2023-10-19,350089.7
2023-10-20,346144.2
2023-10-21,342215.2
2023-10-22,338306.2
2023-10-23,334420.2
2023-10-24,330557.2
2023-10-25,326721.1
2023-10-26,322910.4
2023-10-27,319130.3
2023-10-28,315383.8
2023-10-29,311682.5
2023-10-30,308028.7
2023-10-31,304431.6
2023-11-01,300900.3
2023-11-02,297438.4
2023-11-03,294055.5
2023-11-04,290741.9
2023-11-05,287485.9
2023-11-06,284283.1
2023-11-07,281138.0
2023-11-08,278056.2
2023-11-09,283544.5
2023-11-10,289244.2
2023-11-11,295151.6
2023-11-12,301284.6
2023-11-13,307581.0
2023-11-14,314000.1
2023-11-15,320525.6
2023-11-16,327130.6
2023-11-17,333818.1
2023-11-18,340582.1
2023-11-19,347401.0
2023-11-20,354270.3
2023-11-21,361187.9
2023-11-22,368156.6
2023-11-23,375181.3
2023-11-24,382260.5
2023-11-25,389383.9
2023-11-26,396544.7
2023-11-27,403741.0
2023-11-28,410973.9
2023-11-29,418238.0
2023-11-30,425535.2
2023-12-01,419577.3
2023-12-02,413645.4
2023-12-03,407738.6
2023-12-04,401859.9
2023-12-05,396009.9
2023-12-06,390188.1
2023-12-07,384393.3
2023-12-08,378629.1
2023-12-09,372895.1
2023-12-10,367186.2
2023-12-11,361500.3
2023-12-12,355842.2
2023-12-13,350214.3
2023-12-14,344622.8
2023-12-15,339079.1
2023-12-16,333596.3
2023-12-17,328180.5
2023-12-18,322843.1
2023-12-19,317581.1
2023-12-20,312405.8
2023-12-21,307325.9
2023-12-22,302342.4
2023-12-23,297465.5
2023-12-24,292727.6
2023-12-25,288131.7
2023-12-26,283677.0
2023-12-27,279362.2
2023-12-28,292340.4
2023-12-29,306217.8
2023-12-30,320873.3
2023-12-31,336113.5
2024-01-01,351864.0
2024-01-02,368002.6
2024-01-03,384421.0
2024-01-04,401036.8
2024-01-05,417864.0
2024-01-06,434863.8
2024-01-07,451967.1
2024-01-08,469130.2
2024-01-09,486363.1
2024-01-10,503669.1
2024-01-11,521059.9
2024-01-12,525081.0
2024-01-13,529132.2
2024-01-14,533215.2
2024-01-15,537325.5
2024-01-16,541462.3
2024-01-17,545619.9
2024-01-18,549802.5
2024-01-19,554007.7
2024-01-20,558239.8
2024-01-21,562494.4
2024-01-22,566771.0
2024-01-23,571071.0
2024-01-24,575397.2
2024-01-25,579750.7
2024-01-26,584132.2
2024-01-27,588540.0
2024-01-28,592973.2
2024-01-29,597431.0
2024-01-30,601917.3
2024-01-31,600197.5
2024-02-01,598486.6
2024-02-02,596784.8
2024-02-03,595091.5
2024-02-04,593406.8
2024-02-05,591731.5
2024-02-06,590066.7
2024-02-07,588413.7
2024-02-08,586773.3
2024-02-09,585148.1
2024-02-10,583538.0
2024-02-11,581943.6
2024-02-12,580363.8
2024-02-13,578797.2
2024-02-14,577243.6
2024-02-15,575702.8
2024-02-16,574174.1
2024-02-17,572657.1
2024-02-18,571152.1
2024-02-19,569658.5
2024-02-20,568176.4
2024-02-21,566704.9
2024-02-22,557787.3
2024-02-23,548903.7
2024-02-24,540055.4
2024-02-25,531240.2
2024-02-26,522453.1
2024-02-27,513696.4
2024-02-28,504969.3
2024-02-29,496272.5
2024-03-01,487607.2
2024-03-02,478977.3
2024-03-03,470382.4
2024-03-04,461821.7
2024-03-05,453296.2
2024-03-06,444806.3
2024-03-07,436356.1
2024-03-08,427950.4
2024-03-09,419596.7
2024-03-10,411306.8
2024-03-11,403085.3
2024-03-12,394936.0
2024-03-13,396324.2
2024-03-14,397721.5
2024-03-15,399127.2
2024-03-16,400539.7
2024-03-17,401958.9
2024-03-18,403385.7
2024-03-19,404819.2
2024-03-20,406260.2
2024-03-21,407709.8
2024-03-22,409167.9
2024-03-23,410634.3
2024-03-24,412107.3
2024-03-25,413586.6
2024-03-26,415073.8
2024-03-27,416569.7
2024-03-28,418074.2
2024-03-29,419587.5
2024-03-30,421108.1
2024-03-31,422635.7
2024-04-01,424169.3
2024-04-02,425709.6
2024-04-03,427257.6
2024-04-04,428813.9
2024-04-05,430378.5
2024-04-06,431953.4
2024-04-07,433537.9
2024-04-08,435129.5
2024-04-09,436730.1
2024-04-10,438339.4
2024-04-11,439959.2
2024-04-12,441587.9
2024-04-13,443225.7
2024-04-14,444871.9
2024-04-15,446529.2
2024-04-16,448195.4
2024-04-17,449870.2
2024-04-18,451553.9
2024-04-19,453247.1
2024-04-20,454949.2
2024-04-21,456660.5
2024-04-22,458382.1
2024-04-23,460113.8
2024-04-24,462826.8
2024-04-25,465562.2
2024-04-26,468318.1
2024-04-27,471091.3
2024-04-28,473879.4
2024-04-29,476680.9
2024-04-30,479494.6
2024-05-01,482323.1
2024-05-02,485164.2
2024-05-03,488019.5
2024-05-04,490893.9
2024-05-05,493783.4
2024-05-06,496684.0
2024-05-07,499593.4
2024-05-08,502513.1
2024-05-09,505443.5
2024-05-10,508383.9
2024-05-11,511333.1
2024-05-12,514290.8
2024-05-13,517257.4
2024-05-14,520231.5
2024-05-15,523214.7
2024-05-16,526206.6
2024-05-17,529205.9
2024-05-18,532212.0
2024-05-19,535224.6
2024-05-20,538242.4
2024-05-21,541265.6
2024-05-22,544293.7
2024-05-23,547327.1
2024-05-24,550365.5
2024-05-25,553408.1
2024-05-26,556455.2
2024-05-27,559507.0
2024-05-28,562563.0
2024-05-29,565624.5
2024-05-30,458906.4
2024-05-31,445569.6
2024-06-01,432414.2
2024-06-02,419459.5
2024-06-03,406740.1
2024-06-04,394306.4
2024-06-05,382346.7
2024-06-06,371037.7
2024-06-07,360345.0
2024-06-08,350241.5
2024-06-09,340771.4
2024-06-10,332014.9
2024-06-11,323985.6
2024-06-12,316631.7
2024-06-13,309848.0
2024-06-14,313198.2
2024-06-15,316674.6
2024-06-16,320297.4
2024-06-17,324083.1
2024-06-18,328049.7
2024-06-19,332206.6
2024-06-20,336541.2
2024-06-21,341041.5
2024-06-22,345694.6
2024-06-23,350480.4
2024-06-24,355415.3
2024-06-25,360491.3
2024-06-26,365703.2
2024-06-27,371039.7
2024-06-28,376482.3
2024-06-29,382019.3
2024-06-30,387653.2
2024-07-01,393374.3
2024-07-02,399174.3
2024-07-03,405052.3
2024-07-04,411014.7
2024-07-05,417045.6
2024-07-06,423134.7
2024-07-07,429271.9
2024-07-08,435447.2
2024-07-09,441655.1
2024-07-10,447891.9
2024-07-11,454154.2
2024-07-12,460442.4
2024-07-13,466760.1
2024-07-14,473109.0
2024-07-15,479488.4
2024-07-16,485899.9
2024-07-17,492346.2
2024-07-18,498820.0
2024-07-19,495460.4
2024-07-20,492118.5
2024-07-21,488794.6
2024-07-22,485486.6
2024-07-23,482193.8
2024-07-24,478915.6
2024-07-25,475650.7
2024-07-26,472399.8
2024-07-27,469161.0
2024-07-28,465936.7
2024-07-29,462732.4
2024-07-30,459551.3
2024-07-31,456393.7
2024-08-01,453259.6
2024-08-02,450141.7
2024-08-03,447040.0
2024-08-04,443954.7
2024-08-05,440889.7
2024-08-06,437847.3
2024-08-07,434820.8
2024-08-08,431806.5
2024-08-09,428807.9
2024-08-10,425826.7
2024-08-11,422867.7
2024-08-12,419945.5
2024-08-13,417064.8
2024-08-14,414476.6
2024-08-15,411893.2
2024-08-16,409316.1
2024-08-17,406745.3
2024-08-18,404181.8
2024-08-19,401626.7
2024-08-20,399079.5
2024-08-21,396539.5
2024-08-22,394007.6
2024-08-23,391484.3
2024-08-24,388969.5
2024-08-25,386464.6
2024-08-26,383972.0
2024-08-27,381490.8
2024-08-28,379022.7
2024-08-29,376574.5
2024-08-30,374148.4
2024-08-31,371745.2
2024-09-01,369366.4
2024-09-02,367019.9
2024-09-03,364708.9
2024-09-04,362427.1
2024-09-05,360179.3
2024-09-06,357969.6
2024-09-07,355805.4
2024-09-08,353690.4
2024-09-09,351632.8
2024-09-10,349636.2
2024-09-11,347706.4
2024-09-12,345851.6
2024-09-13,344091.5
2024-09-14,342415.9
2024-09-15,340806.5
2024-09-16,339247.2
2024-09-17,337738.0
2024-09-18,330481.8
2024-09-19,323461.0
2024-09-20,316742.8
2024-09-21,310400.5
2024-09-22,304489.5
2024-09-23,298919.1
2024-09-24,293609.3
2024-09-25,288555.6
2024-09-26,283833.5
2024-09-27,279494.6
2024-09-28,275493.3
2024-09-29,271784.7
2024-09-30,268360.9
2024-10-01,265235.6
2024-10-02,265625.3
2024-10-03,266080.1
2024-10-04,266609.5
2024-10-05,267208.8
2024-10-06,267879.8
2024-10-07,268628.4
2024-10-08,269458.8
2024-10-09,270408.8
2024-10-10,271453.1
2024-10-11,272600.4
2024-10-12,273841.0
2024-10-13,275159.1
2024-10-14,276553.9
2024-10-15,278009.4
2024-10-16,279538.0
2024-10-17,281134.7
2024-10-18,282799.9
2024-10-19,284539.0
2024-10-20,286338.2
2024-10-21,288198.0
2024-10-22,290111.3
2024-10-23,292079.5
2024-10-24,294096.8
2024-10-25,295780.5
2024-10-26,297493.8
2024-10-27,299234.1
2024-10-28,300998.2
2024-10-29,302785.1
2024-10-30,304594.0
2024-10-31,306422.0
2024-11-01,308268.4
2024-11-02,310132.5
2024-11-03,312012.0
2024-11-04,313908.9
2024-11-05,315823.1
2024-11-06,317756.5
2024-11-07,319703.4
2024-11-08,321661.6
2024-11-09,323631.1
2024-11-10,325613.1
2024-11-11,327606.4
2024-11-12,329613.2
2024-11-13,331634.7
2024-11-14,333671.9
2024-11-15,335726.4
2024-11-16,337799.2
2024-11-17,339887.1
2024-11-18,341989.8
2024-11-19,344105.8
2024-11-20,346234.0
2024-11-21,348373.9
2024-11-22,350523.4
2024-11-23,352682.9
2024-11-24,354853.7
2024-11-25,357035.7
2024-11-26,359228.9
2024-11-27,361432.5
2024-11-28,363647.3
2024-11-29,365873.9
2024-11-30,368111.2
2024-12-01,370359.4
2024-12-02,372618.5
2024-12-03,374888.6
2024-12-04,377169.6
2024-12-05,379461.4
2024-12-06,381763.7
2024-12-07,384076.5
2024-12-08,386400.0
2024-12-09,388734.6
2024-12-10,391080.2
2024-12-11,393436.7
2024-12-12,395803.4
2024-12-13,398180.9
2024-12-14,400568.5
2024-12-15,402966.2
2024-12-16,405373.3
2024-12-17,407790.4
2024-12-18,406671.4
2024-12-19,405582.1
2024-12-20,404522.0
2024-12-21,403490.6
2024-12-22,402486.1
2024-12-23,401506.5
2024-12-24,400550.9
2024-12-25,399618.0
2024-12-26,398707.7
2024-12-27,397821.0
2024-12-28,396957.3
2024-12-29,396115.0
2024-12-30,395294.2
2024-12-31,394495.6
2025-01-01,393717.5
2025-01-02,392958.6
2025-01-03,392218.9
2025-01-04,391496.7
2025-01-05,390791.0
2025-01-06,390101.6
2025-01-07,389426.4
2025-01-08,388765.2
2025-01-09,388116.7
2025-01-10,387480.1
2025-01-11,386854.9
2025-01-12,386239.9
2025-01-13,385634.6
2025-01-14,385038.6
2025-01-15,384451.0
2025-01-16,383871.1
2025-01-17,383300.1
2025-01-18,382736.7
2025-01-19,382180.0
2025-01-20,381630.0
2025-01-21,381086.6
2025-01-22,380549.1
2025-01-23,380017.2
2025-01-24,379491.3
2025-01-25,378970.6
2025-01-26,378455.0
2025-01-27,377943.9
2025-01-28,377437.1
2025-01-29,376934.6
2025-01-30,376875.2
2025-01-31,376831.0
2025-02-01,376803.9
2025-02-02,376793.3
2025-02-03,376797.8
2025-02-04,376819.9
2025-02-05,376859.4
2025-02-06,376920.9
2025-02-07,377012.2
2025-02-08,377135.4
2025-02-09,377295.5
2025-02-10,377489.3
2025-02-11,377717.5
2025-02-12,377986.5
2025-02-13,378297.8
2025-02-14,378658.0
2025-02-15,379065.2
2025-02-16,379513.4
2025-02-17,380007.4
2025-02-18,380551.9
2025-02-19,381154.3
2025-02-20,381821.8
2025-02-21,382553.7
2025-02-22,383354.9
2025-02-23,384222.7
2025-02-24,385160.1
2025-02-25,386160.4
2025-02-26,387215.2
2025-02-27,389619.7
2025-02-28,392175.6
2025-03-01,394865.7
2025-03-02,397684.3
2025-03-03,400630.1
2025-03-04,403691.0
2025-03-05,406883.3
2025-03-06,410208.5
2025-03-07,413649.2
2025-03-08,417188.1
2025-03-09,420819.1
2025-03-10,424533.0
2025-03-11,428315.7
2025-03-12,432160.4
2025-03-13,436094.5
2025-03-14,440114.4
2025-03-15,444207.4
2025-03-16,448368.9
2025-03-17,452584.4
2025-03-18,456841.6
2025-03-19,456841.6
2025-03-20,456841.6
2025-03-21,456841.6
2025-03-22,456841.6
2025-03-23,456841.6
2025-03-24,456841.6
2025-03-25,456841.6
2025-03-26,456841.6
2025-03-27,456841.6
2025-03-28,456841.6
2025-03-29,456841.6
2025-03-30,456841.6
2025-03-31,456841.6
2025-04-01,456841.6
2025-04-02,456841.6
2025-04-03,456841.6
2025-04-04,456841.6
2025-04-05,456841.6
2025-04-06,456841.6
2025-04-07,456841.6
2025-04-08,456841.6
2025-04-09,456841.6
2025-04-10,456841.6
